ISO-10303-21;
HEADER;
/* Generated by software containing ST-Developer
 * from STEP Tools, Inc. (www.steptools.com) 
 */
/* OPTION: using custom renumber hook */

FILE_DESCRIPTION(
/* description */ ('STEP AP242 Edition 2',
'CAx-IF Rec.Pracs.---Representation and Presentation of Product Manufa
cturing Information (PMI)---4.0---2014-10-13',
'CAx-IF Rec.Pracs.---3D Tessellated Geometry---0.4---2014-09-14','2;1',
'CAx-IF Rec.Pracs.---User Defined Attributes---1.5---2016-08-15'),
/* implementation_level */ '2;1');

FILE_NAME(
/* name */ 'Part Studio 1 Copy 1',
/* time_stamp */ '2026-08-02T18:38:31Z',
/* author */ (''),
/* organization */ (''),
/* preprocessor_version */ 'ST-DEVELOPER v20',
/* originating_system */ 'ONSHAPE BY PTC INC, 1.218',
/* authorisation */ '  ');

FILE_SCHEMA (('AP242_MANAGED_MODEL_BASED_3D_ENGINEERING_MIM_LF { 1 0 10303 442 3 1 4 }'));
ENDSEC;

DATA;
#10=SHAPE_REPRESENTATION_RELATIONSHIP('','',#6796,#11);
#11=ADVANCED_BREP_SHAPE_REPRESENTATION('',(#6794),#10642);
#12=TOROIDAL_SURFACE('',#7136,0.00424264,0.003);
#13=TOROIDAL_SURFACE('',#7138,0.00424264,0.003);
#14=TOROIDAL_SURFACE('',#7144,0.00424264,0.003);
#15=TOROIDAL_SURFACE('',#7146,0.00424264,0.003);
#16=B_SPLINE_CURVE_WITH_KNOTS('',3,(#10606,#10607,#10608,#10609),
 .UNSPECIFIED.,.F.,.F.,(4,4),(0.,0.00321685962777824),.UNSPECIFIED.);
#17=B_SPLINE_CURVE_WITH_KNOTS('',3,(#10613,#10614,#10615,#10616),
 .UNSPECIFIED.,.F.,.F.,(4,4),(0.,0.00321595542720932),.UNSPECIFIED.);
#18=CYLINDRICAL_SURFACE('',#6994,0.0035);
#19=CYLINDRICAL_SURFACE('',#6997,0.0035);
#20=CYLINDRICAL_SURFACE('',#7000,0.0035);
#21=CYLINDRICAL_SURFACE('',#7004,0.0035);
#22=CYLINDRICAL_SURFACE('',#7123,0.001);
#23=CYLINDRICAL_SURFACE('',#7124,0.001);
#24=CYLINDRICAL_SURFACE('',#7125,0.00724264);
#25=CYLINDRICAL_SURFACE('',#7127,0.00724264);
#26=CYLINDRICAL_SURFACE('',#7129,0.00724264);
#27=CYLINDRICAL_SURFACE('',#7131,0.00724264);
#28=CYLINDRICAL_SURFACE('',#7133,0.003);
#29=CYLINDRICAL_SURFACE('',#7140,0.003);
#30=CYLINDRICAL_SURFACE('',#7142,0.003);
#31=CYLINDRICAL_SURFACE('',#7148,0.003);
#32=CYLINDRICAL_SURFACE('',#7151,0.0026556349186104);
#33=CYLINDRICAL_SURFACE('',#7153,0.0026556349186104);
#34=CIRCLE('',#6801,0.001);
#35=CIRCLE('',#6802,0.001);
#36=CIRCLE('',#6803,0.00724264);
#37=CIRCLE('',#6804,0.00724264);
#38=CIRCLE('',#6805,0.00724264);
#39=CIRCLE('',#6806,0.00724264);
#40=CIRCLE('',#6807,0.0035);
#41=CIRCLE('',#6808,0.0035);
#42=CIRCLE('',#6809,0.0035);
#43=CIRCLE('',#6810,0.0035);
#44=CIRCLE('',#6825,0.00424264);
#45=CIRCLE('',#6826,0.00424264);
#46=CIRCLE('',#6827,0.00424264);
#47=CIRCLE('',#6828,0.00424264);
#48=CIRCLE('',#6995,0.0035);
#49=CIRCLE('',#6998,0.0035);
#50=CIRCLE('',#7001,0.0035);
#51=CIRCLE('',#7005,0.0035);
#52=CIRCLE('',#7121,0.001);
#53=CIRCLE('',#7122,0.001);
#54=CIRCLE('',#7126,0.00724264);
#55=CIRCLE('',#7128,0.00724264);
#56=CIRCLE('',#7130,0.00724264);
#57=CIRCLE('',#7132,0.00724264);
#58=CIRCLE('',#7134,0.003);
#59=CIRCLE('',#7135,0.003);
#60=CIRCLE('',#7137,0.003);
#61=CIRCLE('',#7139,0.003);
#62=CIRCLE('',#7141,0.003);
#63=CIRCLE('',#7143,0.003);
#64=CIRCLE('',#7145,0.003);
#65=CIRCLE('',#7147,0.003);
#66=ELLIPSE('',#6799,0.00266056960140773,0.0026556349186104);
#67=ELLIPSE('',#6812,0.00266056960140773,0.0026556349186104);
#68=ELLIPSE('',#6814,0.00266056960140773,0.0026556349186104);
#69=ELLIPSE('',#6820,0.00266056960140773,0.0026556349186104);
#70=ELLIPSE('',#6821,0.00266056960140773,0.0026556349186104);
#71=ELLIPSE('',#7003,0.00266056960140773,0.0026556349186104);
#72=ELLIPSE('',#7119,0.0436226991846811,0.0026556349186104);
#73=ELLIPSE('',#7120,0.0436226991846812,0.0026556349186104);
#74=ORIENTED_EDGE('',*,*,#1944,.F.);
#75=ORIENTED_EDGE('',*,*,#1945,.T.);
#76=ORIENTED_EDGE('',*,*,#1946,.T.);
#77=ORIENTED_EDGE('',*,*,#1947,.T.);
#78=ORIENTED_EDGE('',*,*,#1948,.T.);
#79=ORIENTED_EDGE('',*,*,#1949,.T.);
#80=ORIENTED_EDGE('',*,*,#1950,.T.);
#81=ORIENTED_EDGE('',*,*,#1951,.F.);
#82=ORIENTED_EDGE('',*,*,#1952,.F.);
#83=ORIENTED_EDGE('',*,*,#1953,.T.);
#84=ORIENTED_EDGE('',*,*,#1954,.T.);
#85=ORIENTED_EDGE('',*,*,#1955,.F.);
#86=ORIENTED_EDGE('',*,*,#1956,.F.);
#87=ORIENTED_EDGE('',*,*,#1957,.T.);
#88=ORIENTED_EDGE('',*,*,#1958,.T.);
#89=ORIENTED_EDGE('',*,*,#1959,.F.);
#90=ORIENTED_EDGE('',*,*,#1960,.F.);
#91=ORIENTED_EDGE('',*,*,#1961,.T.);
#92=ORIENTED_EDGE('',*,*,#1962,.T.);
#93=ORIENTED_EDGE('',*,*,#1963,.F.);
#94=ORIENTED_EDGE('',*,*,#1964,.F.);
#95=ORIENTED_EDGE('',*,*,#1965,.T.);
#96=ORIENTED_EDGE('',*,*,#1966,.T.);
#97=ORIENTED_EDGE('',*,*,#1967,.F.);
#98=ORIENTED_EDGE('',*,*,#1968,.F.);
#99=ORIENTED_EDGE('',*,*,#1969,.T.);
#100=ORIENTED_EDGE('',*,*,#1970,.T.);
#101=ORIENTED_EDGE('',*,*,#1971,.F.);
#102=ORIENTED_EDGE('',*,*,#1972,.F.);
#103=ORIENTED_EDGE('',*,*,#1973,.T.);
#104=ORIENTED_EDGE('',*,*,#1974,.T.);
#105=ORIENTED_EDGE('',*,*,#1975,.F.);
#106=ORIENTED_EDGE('',*,*,#1976,.F.);
#107=ORIENTED_EDGE('',*,*,#1977,.T.);
#108=ORIENTED_EDGE('',*,*,#1978,.T.);
#109=ORIENTED_EDGE('',*,*,#1979,.F.);
#110=ORIENTED_EDGE('',*,*,#1980,.F.);
#111=ORIENTED_EDGE('',*,*,#1981,.T.);
#112=ORIENTED_EDGE('',*,*,#1982,.T.);
#113=ORIENTED_EDGE('',*,*,#1983,.F.);
#114=ORIENTED_EDGE('',*,*,#1984,.F.);
#115=ORIENTED_EDGE('',*,*,#1985,.T.);
#116=ORIENTED_EDGE('',*,*,#1986,.T.);
#117=ORIENTED_EDGE('',*,*,#1987,.F.);
#118=ORIENTED_EDGE('',*,*,#1988,.F.);
#119=ORIENTED_EDGE('',*,*,#1989,.T.);
#120=ORIENTED_EDGE('',*,*,#1990,.T.);
#121=ORIENTED_EDGE('',*,*,#1991,.F.);
#122=ORIENTED_EDGE('',*,*,#1992,.F.);
#123=ORIENTED_EDGE('',*,*,#1993,.T.);
#124=ORIENTED_EDGE('',*,*,#1994,.T.);
#125=ORIENTED_EDGE('',*,*,#1995,.F.);
#126=ORIENTED_EDGE('',*,*,#1996,.F.);
#127=ORIENTED_EDGE('',*,*,#1997,.T.);
#128=ORIENTED_EDGE('',*,*,#1998,.T.);
#129=ORIENTED_EDGE('',*,*,#1999,.F.);
#130=ORIENTED_EDGE('',*,*,#2000,.F.);
#131=ORIENTED_EDGE('',*,*,#2001,.T.);
#132=ORIENTED_EDGE('',*,*,#2002,.T.);
#133=ORIENTED_EDGE('',*,*,#2003,.F.);
#134=ORIENTED_EDGE('',*,*,#2004,.F.);
#135=ORIENTED_EDGE('',*,*,#2005,.T.);
#136=ORIENTED_EDGE('',*,*,#2006,.T.);
#137=ORIENTED_EDGE('',*,*,#2007,.F.);
#138=ORIENTED_EDGE('',*,*,#2008,.F.);
#139=ORIENTED_EDGE('',*,*,#2009,.T.);
#140=ORIENTED_EDGE('',*,*,#2010,.T.);
#141=ORIENTED_EDGE('',*,*,#2011,.F.);
#142=ORIENTED_EDGE('',*,*,#2012,.F.);
#143=ORIENTED_EDGE('',*,*,#2013,.T.);
#144=ORIENTED_EDGE('',*,*,#2014,.T.);
#145=ORIENTED_EDGE('',*,*,#2015,.F.);
#146=ORIENTED_EDGE('',*,*,#2016,.F.);
#147=ORIENTED_EDGE('',*,*,#2017,.T.);
#148=ORIENTED_EDGE('',*,*,#2018,.T.);
#149=ORIENTED_EDGE('',*,*,#2019,.F.);
#150=ORIENTED_EDGE('',*,*,#2020,.F.);
#151=ORIENTED_EDGE('',*,*,#2021,.T.);
#152=ORIENTED_EDGE('',*,*,#2022,.T.);
#153=ORIENTED_EDGE('',*,*,#2023,.F.);
#154=ORIENTED_EDGE('',*,*,#2024,.F.);
#155=ORIENTED_EDGE('',*,*,#2025,.T.);
#156=ORIENTED_EDGE('',*,*,#2026,.T.);
#157=ORIENTED_EDGE('',*,*,#2027,.F.);
#158=ORIENTED_EDGE('',*,*,#2028,.F.);
#159=ORIENTED_EDGE('',*,*,#2029,.T.);
#160=ORIENTED_EDGE('',*,*,#2030,.T.);
#161=ORIENTED_EDGE('',*,*,#2031,.F.);
#162=ORIENTED_EDGE('',*,*,#2032,.F.);
#163=ORIENTED_EDGE('',*,*,#2033,.T.);
#164=ORIENTED_EDGE('',*,*,#2034,.T.);
#165=ORIENTED_EDGE('',*,*,#2035,.F.);
#166=ORIENTED_EDGE('',*,*,#2036,.F.);
#167=ORIENTED_EDGE('',*,*,#2037,.T.);
#168=ORIENTED_EDGE('',*,*,#2038,.T.);
#169=ORIENTED_EDGE('',*,*,#2039,.F.);
#170=ORIENTED_EDGE('',*,*,#2040,.F.);
#171=ORIENTED_EDGE('',*,*,#2041,.T.);
#172=ORIENTED_EDGE('',*,*,#2042,.T.);
#173=ORIENTED_EDGE('',*,*,#2043,.F.);
#174=ORIENTED_EDGE('',*,*,#2044,.F.);
#175=ORIENTED_EDGE('',*,*,#2045,.T.);
#176=ORIENTED_EDGE('',*,*,#2046,.T.);
#177=ORIENTED_EDGE('',*,*,#2047,.F.);
#178=ORIENTED_EDGE('',*,*,#2048,.F.);
#179=ORIENTED_EDGE('',*,*,#2049,.T.);
#180=ORIENTED_EDGE('',*,*,#2050,.T.);
#181=ORIENTED_EDGE('',*,*,#2051,.F.);
#182=ORIENTED_EDGE('',*,*,#2052,.F.);
#183=ORIENTED_EDGE('',*,*,#2053,.T.);
#184=ORIENTED_EDGE('',*,*,#2054,.T.);
#185=ORIENTED_EDGE('',*,*,#2055,.F.);
#186=ORIENTED_EDGE('',*,*,#2056,.F.);
#187=ORIENTED_EDGE('',*,*,#2057,.T.);
#188=ORIENTED_EDGE('',*,*,#2058,.T.);
#189=ORIENTED_EDGE('',*,*,#2059,.F.);
#190=ORIENTED_EDGE('',*,*,#2060,.F.);
#191=ORIENTED_EDGE('',*,*,#2061,.T.);
#192=ORIENTED_EDGE('',*,*,#2062,.T.);
#193=ORIENTED_EDGE('',*,*,#2063,.F.);
#194=ORIENTED_EDGE('',*,*,#2064,.F.);
#195=ORIENTED_EDGE('',*,*,#2065,.T.);
#196=ORIENTED_EDGE('',*,*,#2066,.T.);
#197=ORIENTED_EDGE('',*,*,#2067,.F.);
#198=ORIENTED_EDGE('',*,*,#2068,.F.);
#199=ORIENTED_EDGE('',*,*,#2069,.T.);
#200=ORIENTED_EDGE('',*,*,#2070,.T.);
#201=ORIENTED_EDGE('',*,*,#2071,.F.);
#202=ORIENTED_EDGE('',*,*,#2072,.F.);
#203=ORIENTED_EDGE('',*,*,#2073,.T.);
#204=ORIENTED_EDGE('',*,*,#2074,.T.);
#205=ORIENTED_EDGE('',*,*,#2075,.F.);
#206=ORIENTED_EDGE('',*,*,#2076,.F.);
#207=ORIENTED_EDGE('',*,*,#2077,.T.);
#208=ORIENTED_EDGE('',*,*,#2078,.T.);
#209=ORIENTED_EDGE('',*,*,#2079,.F.);
#210=ORIENTED_EDGE('',*,*,#2080,.F.);
#211=ORIENTED_EDGE('',*,*,#2081,.T.);
#212=ORIENTED_EDGE('',*,*,#2082,.T.);
#213=ORIENTED_EDGE('',*,*,#2083,.F.);
#214=ORIENTED_EDGE('',*,*,#2084,.F.);
#215=ORIENTED_EDGE('',*,*,#2085,.T.);
#216=ORIENTED_EDGE('',*,*,#2086,.T.);
#217=ORIENTED_EDGE('',*,*,#2087,.F.);
#218=ORIENTED_EDGE('',*,*,#2088,.F.);
#219=ORIENTED_EDGE('',*,*,#2089,.T.);
#220=ORIENTED_EDGE('',*,*,#2090,.T.);
#221=ORIENTED_EDGE('',*,*,#2091,.F.);
#222=ORIENTED_EDGE('',*,*,#2092,.F.);
#223=ORIENTED_EDGE('',*,*,#2093,.T.);
#224=ORIENTED_EDGE('',*,*,#2094,.T.);
#225=ORIENTED_EDGE('',*,*,#2095,.F.);
#226=ORIENTED_EDGE('',*,*,#2096,.F.);
#227=ORIENTED_EDGE('',*,*,#2097,.T.);
#228=ORIENTED_EDGE('',*,*,#2098,.T.);
#229=ORIENTED_EDGE('',*,*,#2099,.F.);
#230=ORIENTED_EDGE('',*,*,#2100,.F.);
#231=ORIENTED_EDGE('',*,*,#2101,.T.);
#232=ORIENTED_EDGE('',*,*,#2102,.T.);
#233=ORIENTED_EDGE('',*,*,#2103,.F.);
#234=ORIENTED_EDGE('',*,*,#2104,.F.);
#235=ORIENTED_EDGE('',*,*,#2105,.T.);
#236=ORIENTED_EDGE('',*,*,#2106,.T.);
#237=ORIENTED_EDGE('',*,*,#2107,.F.);
#238=ORIENTED_EDGE('',*,*,#2108,.F.);
#239=ORIENTED_EDGE('',*,*,#2109,.T.);
#240=ORIENTED_EDGE('',*,*,#2110,.T.);
#241=ORIENTED_EDGE('',*,*,#2111,.F.);
#242=ORIENTED_EDGE('',*,*,#2112,.F.);
#243=ORIENTED_EDGE('',*,*,#2113,.T.);
#244=ORIENTED_EDGE('',*,*,#2114,.T.);
#245=ORIENTED_EDGE('',*,*,#2115,.F.);
#246=ORIENTED_EDGE('',*,*,#2116,.F.);
#247=ORIENTED_EDGE('',*,*,#2117,.T.);
#248=ORIENTED_EDGE('',*,*,#2118,.T.);
#249=ORIENTED_EDGE('',*,*,#2119,.F.);
#250=ORIENTED_EDGE('',*,*,#2120,.F.);
#251=ORIENTED_EDGE('',*,*,#2121,.T.);
#252=ORIENTED_EDGE('',*,*,#2122,.T.);
#253=ORIENTED_EDGE('',*,*,#2123,.F.);
#254=ORIENTED_EDGE('',*,*,#2124,.F.);
#255=ORIENTED_EDGE('',*,*,#2125,.T.);
#256=ORIENTED_EDGE('',*,*,#2126,.T.);
#257=ORIENTED_EDGE('',*,*,#2127,.F.);
#258=ORIENTED_EDGE('',*,*,#2128,.F.);
#259=ORIENTED_EDGE('',*,*,#2129,.T.);
#260=ORIENTED_EDGE('',*,*,#2130,.T.);
#261=ORIENTED_EDGE('',*,*,#2131,.F.);
#262=ORIENTED_EDGE('',*,*,#2132,.F.);
#263=ORIENTED_EDGE('',*,*,#2133,.T.);
#264=ORIENTED_EDGE('',*,*,#2134,.T.);
#265=ORIENTED_EDGE('',*,*,#2135,.F.);
#266=ORIENTED_EDGE('',*,*,#2136,.F.);
#267=ORIENTED_EDGE('',*,*,#2137,.T.);
#268=ORIENTED_EDGE('',*,*,#2138,.T.);
#269=ORIENTED_EDGE('',*,*,#2139,.F.);
#270=ORIENTED_EDGE('',*,*,#2140,.F.);
#271=ORIENTED_EDGE('',*,*,#2141,.T.);
#272=ORIENTED_EDGE('',*,*,#2142,.T.);
#273=ORIENTED_EDGE('',*,*,#2143,.F.);
#274=ORIENTED_EDGE('',*,*,#2144,.F.);
#275=ORIENTED_EDGE('',*,*,#2145,.T.);
#276=ORIENTED_EDGE('',*,*,#2146,.T.);
#277=ORIENTED_EDGE('',*,*,#2147,.F.);
#278=ORIENTED_EDGE('',*,*,#2148,.F.);
#279=ORIENTED_EDGE('',*,*,#2149,.T.);
#280=ORIENTED_EDGE('',*,*,#2150,.T.);
#281=ORIENTED_EDGE('',*,*,#2151,.F.);
#282=ORIENTED_EDGE('',*,*,#2152,.F.);
#283=ORIENTED_EDGE('',*,*,#2153,.T.);
#284=ORIENTED_EDGE('',*,*,#2154,.T.);
#285=ORIENTED_EDGE('',*,*,#2155,.F.);
#286=ORIENTED_EDGE('',*,*,#2156,.F.);
#287=ORIENTED_EDGE('',*,*,#2157,.T.);
#288=ORIENTED_EDGE('',*,*,#2158,.T.);
#289=ORIENTED_EDGE('',*,*,#2159,.F.);
#290=ORIENTED_EDGE('',*,*,#2160,.F.);
#291=ORIENTED_EDGE('',*,*,#2161,.T.);
#292=ORIENTED_EDGE('',*,*,#2162,.T.);
#293=ORIENTED_EDGE('',*,*,#2163,.F.);
#294=ORIENTED_EDGE('',*,*,#2164,.F.);
#295=ORIENTED_EDGE('',*,*,#2165,.T.);
#296=ORIENTED_EDGE('',*,*,#2166,.T.);
#297=ORIENTED_EDGE('',*,*,#2167,.F.);
#298=ORIENTED_EDGE('',*,*,#2168,.F.);
#299=ORIENTED_EDGE('',*,*,#2169,.T.);
#300=ORIENTED_EDGE('',*,*,#2170,.T.);
#301=ORIENTED_EDGE('',*,*,#2171,.F.);
#302=ORIENTED_EDGE('',*,*,#2172,.F.);
#303=ORIENTED_EDGE('',*,*,#2173,.T.);
#304=ORIENTED_EDGE('',*,*,#2174,.T.);
#305=ORIENTED_EDGE('',*,*,#2175,.F.);
#306=ORIENTED_EDGE('',*,*,#2176,.T.);
#307=ORIENTED_EDGE('',*,*,#2177,.T.);
#308=ORIENTED_EDGE('',*,*,#2178,.T.);
#309=ORIENTED_EDGE('',*,*,#2179,.F.);
#310=ORIENTED_EDGE('',*,*,#2180,.F.);
#311=ORIENTED_EDGE('',*,*,#2181,.T.);
#312=ORIENTED_EDGE('',*,*,#2182,.T.);
#313=ORIENTED_EDGE('',*,*,#2183,.F.);
#314=ORIENTED_EDGE('',*,*,#2184,.F.);
#315=ORIENTED_EDGE('',*,*,#2185,.T.);
#316=ORIENTED_EDGE('',*,*,#2186,.F.);
#317=ORIENTED_EDGE('',*,*,#2187,.T.);
#318=ORIENTED_EDGE('',*,*,#2188,.T.);
#319=ORIENTED_EDGE('',*,*,#2189,.F.);
#320=ORIENTED_EDGE('',*,*,#2190,.F.);
#321=ORIENTED_EDGE('',*,*,#2191,.T.);
#322=ORIENTED_EDGE('',*,*,#2192,.T.);
#323=ORIENTED_EDGE('',*,*,#2193,.F.);
#324=ORIENTED_EDGE('',*,*,#2194,.T.);
#325=ORIENTED_EDGE('',*,*,#2195,.F.);
#326=ORIENTED_EDGE('',*,*,#2196,.F.);
#327=ORIENTED_EDGE('',*,*,#2197,.T.);
#328=ORIENTED_EDGE('',*,*,#2198,.T.);
#329=ORIENTED_EDGE('',*,*,#2199,.F.);
#330=ORIENTED_EDGE('',*,*,#2200,.F.);
#331=ORIENTED_EDGE('',*,*,#2201,.T.);
#332=ORIENTED_EDGE('',*,*,#2202,.T.);
#333=ORIENTED_EDGE('',*,*,#2203,.F.);
#334=ORIENTED_EDGE('',*,*,#2204,.F.);
#335=ORIENTED_EDGE('',*,*,#2205,.T.);
#336=ORIENTED_EDGE('',*,*,#2206,.T.);
#337=ORIENTED_EDGE('',*,*,#2207,.F.);
#338=ORIENTED_EDGE('',*,*,#2208,.F.);
#339=ORIENTED_EDGE('',*,*,#2209,.T.);
#340=ORIENTED_EDGE('',*,*,#2210,.T.);
#341=ORIENTED_EDGE('',*,*,#2211,.F.);
#342=ORIENTED_EDGE('',*,*,#2212,.F.);
#343=ORIENTED_EDGE('',*,*,#2213,.T.);
#344=ORIENTED_EDGE('',*,*,#2214,.T.);
#345=ORIENTED_EDGE('',*,*,#2215,.F.);
#346=ORIENTED_EDGE('',*,*,#2216,.F.);
#347=ORIENTED_EDGE('',*,*,#2217,.T.);
#348=ORIENTED_EDGE('',*,*,#2218,.T.);
#349=ORIENTED_EDGE('',*,*,#2219,.F.);
#350=ORIENTED_EDGE('',*,*,#2220,.F.);
#351=ORIENTED_EDGE('',*,*,#2221,.T.);
#352=ORIENTED_EDGE('',*,*,#2222,.T.);
#353=ORIENTED_EDGE('',*,*,#2223,.F.);
#354=ORIENTED_EDGE('',*,*,#2224,.F.);
#355=ORIENTED_EDGE('',*,*,#2225,.F.);
#356=ORIENTED_EDGE('',*,*,#2226,.F.);
#357=ORIENTED_EDGE('',*,*,#2227,.F.);
#358=ORIENTED_EDGE('',*,*,#1948,.F.);
#359=ORIENTED_EDGE('',*,*,#2228,.T.);
#360=ORIENTED_EDGE('',*,*,#2229,.F.);
#361=ORIENTED_EDGE('',*,*,#2230,.T.);
#362=ORIENTED_EDGE('',*,*,#2231,.F.);
#363=ORIENTED_EDGE('',*,*,#2232,.T.);
#364=ORIENTED_EDGE('',*,*,#2233,.F.);
#365=ORIENTED_EDGE('',*,*,#2234,.T.);
#366=ORIENTED_EDGE('',*,*,#2235,.F.);
#367=ORIENTED_EDGE('',*,*,#2236,.T.);
#368=ORIENTED_EDGE('',*,*,#2237,.T.);
#369=ORIENTED_EDGE('',*,*,#2238,.T.);
#370=ORIENTED_EDGE('',*,*,#2239,.F.);
#371=ORIENTED_EDGE('',*,*,#2240,.T.);
#372=ORIENTED_EDGE('',*,*,#2241,.F.);
#373=ORIENTED_EDGE('',*,*,#2242,.T.);
#374=ORIENTED_EDGE('',*,*,#2243,.T.);
#375=ORIENTED_EDGE('',*,*,#2244,.T.);
#376=ORIENTED_EDGE('',*,*,#2245,.T.);
#377=ORIENTED_EDGE('',*,*,#2246,.F.);
#378=ORIENTED_EDGE('',*,*,#2247,.T.);
#379=ORIENTED_EDGE('',*,*,#2245,.F.);
#380=ORIENTED_EDGE('',*,*,#2248,.F.);
#381=ORIENTED_EDGE('',*,*,#2249,.T.);
#382=ORIENTED_EDGE('',*,*,#2250,.T.);
#383=ORIENTED_EDGE('',*,*,#2251,.T.);
#384=ORIENTED_EDGE('',*,*,#2235,.T.);
#385=ORIENTED_EDGE('',*,*,#2252,.T.);
#386=ORIENTED_EDGE('',*,*,#2253,.T.);
#387=ORIENTED_EDGE('',*,*,#2254,.T.);
#388=ORIENTED_EDGE('',*,*,#2255,.T.);
#389=ORIENTED_EDGE('',*,*,#2256,.T.);
#390=ORIENTED_EDGE('',*,*,#2233,.T.);
#391=ORIENTED_EDGE('',*,*,#2257,.T.);
#392=ORIENTED_EDGE('',*,*,#2258,.T.);
#393=ORIENTED_EDGE('',*,*,#2259,.T.);
#394=ORIENTED_EDGE('',*,*,#2231,.T.);
#395=ORIENTED_EDGE('',*,*,#2260,.F.);
#396=ORIENTED_EDGE('',*,*,#2261,.F.);
#397=ORIENTED_EDGE('',*,*,#2262,.T.);
#398=ORIENTED_EDGE('',*,*,#2263,.T.);
#399=ORIENTED_EDGE('',*,*,#2261,.T.);
#400=ORIENTED_EDGE('',*,*,#2264,.T.);
#401=ORIENTED_EDGE('',*,*,#2265,.F.);
#402=ORIENTED_EDGE('',*,*,#2266,.F.);
#403=ORIENTED_EDGE('',*,*,#2267,.T.);
#404=ORIENTED_EDGE('',*,*,#2268,.T.);
#405=ORIENTED_EDGE('',*,*,#2269,.T.);
#406=ORIENTED_EDGE('',*,*,#2270,.T.);
#407=ORIENTED_EDGE('',*,*,#2271,.T.);
#408=ORIENTED_EDGE('',*,*,#2272,.F.);
#409=ORIENTED_EDGE('',*,*,#2273,.F.);
#410=ORIENTED_EDGE('',*,*,#2265,.T.);
#411=ORIENTED_EDGE('',*,*,#2274,.F.);
#412=ORIENTED_EDGE('',*,*,#2263,.F.);
#413=ORIENTED_EDGE('',*,*,#2275,.T.);
#414=ORIENTED_EDGE('',*,*,#2272,.T.);
#415=ORIENTED_EDGE('',*,*,#2276,.T.);
#416=ORIENTED_EDGE('',*,*,#2277,.T.);
#417=ORIENTED_EDGE('',*,*,#2278,.T.);
#418=ORIENTED_EDGE('',*,*,#2229,.T.);
#419=ORIENTED_EDGE('',*,*,#2279,.T.);
#420=ORIENTED_EDGE('',*,*,#2280,.T.);
#421=ORIENTED_EDGE('',*,*,#2281,.T.);
#422=ORIENTED_EDGE('',*,*,#2282,.T.);
#423=ORIENTED_EDGE('',*,*,#2283,.T.);
#424=ORIENTED_EDGE('',*,*,#2284,.T.);
#425=ORIENTED_EDGE('',*,*,#2285,.T.);
#426=ORIENTED_EDGE('',*,*,#2286,.T.);
#427=ORIENTED_EDGE('',*,*,#2262,.F.);
#428=ORIENTED_EDGE('',*,*,#2266,.T.);
#429=ORIENTED_EDGE('',*,*,#2273,.T.);
#430=ORIENTED_EDGE('',*,*,#2275,.F.);
#431=ORIENTED_EDGE('',*,*,#1949,.F.);
#432=ORIENTED_EDGE('',*,*,#2287,.F.);
#433=ORIENTED_EDGE('',*,*,#2288,.T.);
#434=ORIENTED_EDGE('',*,*,#2289,.T.);
#435=ORIENTED_EDGE('',*,*,#1952,.T.);
#436=ORIENTED_EDGE('',*,*,#2290,.F.);
#437=ORIENTED_EDGE('',*,*,#2291,.F.);
#438=ORIENTED_EDGE('',*,*,#2287,.T.);
#439=ORIENTED_EDGE('',*,*,#1951,.T.);
#440=ORIENTED_EDGE('',*,*,#2292,.F.);
#441=ORIENTED_EDGE('',*,*,#2293,.F.);
#442=ORIENTED_EDGE('',*,*,#2290,.T.);
#443=ORIENTED_EDGE('',*,*,#1953,.F.);
#444=ORIENTED_EDGE('',*,*,#2294,.F.);
#445=ORIENTED_EDGE('',*,*,#2295,.T.);
#446=ORIENTED_EDGE('',*,*,#2296,.T.);
#447=ORIENTED_EDGE('',*,*,#1956,.T.);
#448=ORIENTED_EDGE('',*,*,#2297,.F.);
#449=ORIENTED_EDGE('',*,*,#2298,.F.);
#450=ORIENTED_EDGE('',*,*,#2294,.T.);
#451=ORIENTED_EDGE('',*,*,#1955,.T.);
#452=ORIENTED_EDGE('',*,*,#2299,.F.);
#453=ORIENTED_EDGE('',*,*,#2300,.F.);
#454=ORIENTED_EDGE('',*,*,#2297,.T.);
#455=ORIENTED_EDGE('',*,*,#1957,.F.);
#456=ORIENTED_EDGE('',*,*,#2301,.F.);
#457=ORIENTED_EDGE('',*,*,#2302,.T.);
#458=ORIENTED_EDGE('',*,*,#2303,.T.);
#459=ORIENTED_EDGE('',*,*,#1960,.T.);
#460=ORIENTED_EDGE('',*,*,#2304,.F.);
#461=ORIENTED_EDGE('',*,*,#2305,.F.);
#462=ORIENTED_EDGE('',*,*,#2301,.T.);
#463=ORIENTED_EDGE('',*,*,#1959,.T.);
#464=ORIENTED_EDGE('',*,*,#2306,.F.);
#465=ORIENTED_EDGE('',*,*,#2307,.F.);
#466=ORIENTED_EDGE('',*,*,#2304,.T.);
#467=ORIENTED_EDGE('',*,*,#1961,.F.);
#468=ORIENTED_EDGE('',*,*,#2308,.F.);
#469=ORIENTED_EDGE('',*,*,#2309,.T.);
#470=ORIENTED_EDGE('',*,*,#2310,.T.);
#471=ORIENTED_EDGE('',*,*,#1964,.T.);
#472=ORIENTED_EDGE('',*,*,#2311,.F.);
#473=ORIENTED_EDGE('',*,*,#2312,.F.);
#474=ORIENTED_EDGE('',*,*,#2308,.T.);
#475=ORIENTED_EDGE('',*,*,#1963,.T.);
#476=ORIENTED_EDGE('',*,*,#2313,.F.);
#477=ORIENTED_EDGE('',*,*,#2314,.F.);
#478=ORIENTED_EDGE('',*,*,#2311,.T.);
#479=ORIENTED_EDGE('',*,*,#1965,.F.);
#480=ORIENTED_EDGE('',*,*,#2315,.F.);
#481=ORIENTED_EDGE('',*,*,#2316,.T.);
#482=ORIENTED_EDGE('',*,*,#2317,.T.);
#483=ORIENTED_EDGE('',*,*,#1968,.T.);
#484=ORIENTED_EDGE('',*,*,#2318,.F.);
#485=ORIENTED_EDGE('',*,*,#2319,.F.);
#486=ORIENTED_EDGE('',*,*,#2315,.T.);
#487=ORIENTED_EDGE('',*,*,#1967,.T.);
#488=ORIENTED_EDGE('',*,*,#2320,.F.);
#489=ORIENTED_EDGE('',*,*,#2321,.F.);
#490=ORIENTED_EDGE('',*,*,#2318,.T.);
#491=ORIENTED_EDGE('',*,*,#1969,.F.);
#492=ORIENTED_EDGE('',*,*,#2322,.F.);
#493=ORIENTED_EDGE('',*,*,#2323,.T.);
#494=ORIENTED_EDGE('',*,*,#2324,.T.);
#495=ORIENTED_EDGE('',*,*,#1972,.T.);
#496=ORIENTED_EDGE('',*,*,#2325,.F.);
#497=ORIENTED_EDGE('',*,*,#2326,.F.);
#498=ORIENTED_EDGE('',*,*,#2322,.T.);
#499=ORIENTED_EDGE('',*,*,#1971,.T.);
#500=ORIENTED_EDGE('',*,*,#2327,.F.);
#501=ORIENTED_EDGE('',*,*,#2328,.F.);
#502=ORIENTED_EDGE('',*,*,#2325,.T.);
#503=ORIENTED_EDGE('',*,*,#1973,.F.);
#504=ORIENTED_EDGE('',*,*,#2329,.F.);
#505=ORIENTED_EDGE('',*,*,#2330,.T.);
#506=ORIENTED_EDGE('',*,*,#2331,.T.);
#507=ORIENTED_EDGE('',*,*,#1976,.T.);
#508=ORIENTED_EDGE('',*,*,#2332,.F.);
#509=ORIENTED_EDGE('',*,*,#2333,.F.);
#510=ORIENTED_EDGE('',*,*,#2329,.T.);
#511=ORIENTED_EDGE('',*,*,#1975,.T.);
#512=ORIENTED_EDGE('',*,*,#2334,.F.);
#513=ORIENTED_EDGE('',*,*,#2335,.F.);
#514=ORIENTED_EDGE('',*,*,#2332,.T.);
#515=ORIENTED_EDGE('',*,*,#1977,.F.);
#516=ORIENTED_EDGE('',*,*,#2336,.F.);
#517=ORIENTED_EDGE('',*,*,#2337,.T.);
#518=ORIENTED_EDGE('',*,*,#2338,.T.);
#519=ORIENTED_EDGE('',*,*,#1980,.T.);
#520=ORIENTED_EDGE('',*,*,#2339,.F.);
#521=ORIENTED_EDGE('',*,*,#2340,.F.);
#522=ORIENTED_EDGE('',*,*,#2336,.T.);
#523=ORIENTED_EDGE('',*,*,#1979,.T.);
#524=ORIENTED_EDGE('',*,*,#2341,.F.);
#525=ORIENTED_EDGE('',*,*,#2342,.F.);
#526=ORIENTED_EDGE('',*,*,#2339,.T.);
#527=ORIENTED_EDGE('',*,*,#1981,.F.);
#528=ORIENTED_EDGE('',*,*,#2343,.F.);
#529=ORIENTED_EDGE('',*,*,#2344,.T.);
#530=ORIENTED_EDGE('',*,*,#2345,.T.);
#531=ORIENTED_EDGE('',*,*,#1984,.T.);
#532=ORIENTED_EDGE('',*,*,#2346,.F.);
#533=ORIENTED_EDGE('',*,*,#2347,.F.);
#534=ORIENTED_EDGE('',*,*,#2343,.T.);
#535=ORIENTED_EDGE('',*,*,#1983,.T.);
#536=ORIENTED_EDGE('',*,*,#2348,.F.);
#537=ORIENTED_EDGE('',*,*,#2349,.F.);
#538=ORIENTED_EDGE('',*,*,#2346,.T.);
#539=ORIENTED_EDGE('',*,*,#1985,.F.);
#540=ORIENTED_EDGE('',*,*,#2350,.F.);
#541=ORIENTED_EDGE('',*,*,#2351,.T.);
#542=ORIENTED_EDGE('',*,*,#2352,.T.);
#543=ORIENTED_EDGE('',*,*,#1988,.T.);
#544=ORIENTED_EDGE('',*,*,#2353,.F.);
#545=ORIENTED_EDGE('',*,*,#2354,.F.);
#546=ORIENTED_EDGE('',*,*,#2350,.T.);
#547=ORIENTED_EDGE('',*,*,#1987,.T.);
#548=ORIENTED_EDGE('',*,*,#2355,.F.);
#549=ORIENTED_EDGE('',*,*,#2356,.F.);
#550=ORIENTED_EDGE('',*,*,#2353,.T.);
#551=ORIENTED_EDGE('',*,*,#1989,.F.);
#552=ORIENTED_EDGE('',*,*,#2357,.F.);
#553=ORIENTED_EDGE('',*,*,#2358,.T.);
#554=ORIENTED_EDGE('',*,*,#2359,.T.);
#555=ORIENTED_EDGE('',*,*,#1992,.T.);
#556=ORIENTED_EDGE('',*,*,#2360,.F.);
#557=ORIENTED_EDGE('',*,*,#2361,.F.);
#558=ORIENTED_EDGE('',*,*,#2357,.T.);
#559=ORIENTED_EDGE('',*,*,#1991,.T.);
#560=ORIENTED_EDGE('',*,*,#2362,.F.);
#561=ORIENTED_EDGE('',*,*,#2363,.F.);
#562=ORIENTED_EDGE('',*,*,#2360,.T.);
#563=ORIENTED_EDGE('',*,*,#1993,.F.);
#564=ORIENTED_EDGE('',*,*,#2364,.F.);
#565=ORIENTED_EDGE('',*,*,#2365,.T.);
#566=ORIENTED_EDGE('',*,*,#2366,.T.);
#567=ORIENTED_EDGE('',*,*,#1996,.T.);
#568=ORIENTED_EDGE('',*,*,#2367,.F.);
#569=ORIENTED_EDGE('',*,*,#2368,.F.);
#570=ORIENTED_EDGE('',*,*,#2364,.T.);
#571=ORIENTED_EDGE('',*,*,#1995,.T.);
#572=ORIENTED_EDGE('',*,*,#2369,.F.);
#573=ORIENTED_EDGE('',*,*,#2370,.F.);
#574=ORIENTED_EDGE('',*,*,#2367,.T.);
#575=ORIENTED_EDGE('',*,*,#1997,.F.);
#576=ORIENTED_EDGE('',*,*,#2371,.F.);
#577=ORIENTED_EDGE('',*,*,#2372,.T.);
#578=ORIENTED_EDGE('',*,*,#2373,.T.);
#579=ORIENTED_EDGE('',*,*,#2000,.T.);
#580=ORIENTED_EDGE('',*,*,#2374,.F.);
#581=ORIENTED_EDGE('',*,*,#2375,.F.);
#582=ORIENTED_EDGE('',*,*,#2371,.T.);
#583=ORIENTED_EDGE('',*,*,#1999,.T.);
#584=ORIENTED_EDGE('',*,*,#2376,.F.);
#585=ORIENTED_EDGE('',*,*,#2377,.F.);
#586=ORIENTED_EDGE('',*,*,#2374,.T.);
#587=ORIENTED_EDGE('',*,*,#2001,.F.);
#588=ORIENTED_EDGE('',*,*,#2378,.F.);
#589=ORIENTED_EDGE('',*,*,#2379,.T.);
#590=ORIENTED_EDGE('',*,*,#2380,.T.);
#591=ORIENTED_EDGE('',*,*,#2004,.T.);
#592=ORIENTED_EDGE('',*,*,#2381,.F.);
#593=ORIENTED_EDGE('',*,*,#2382,.F.);
#594=ORIENTED_EDGE('',*,*,#2378,.T.);
#595=ORIENTED_EDGE('',*,*,#2003,.T.);
#596=ORIENTED_EDGE('',*,*,#2383,.F.);
#597=ORIENTED_EDGE('',*,*,#2384,.F.);
#598=ORIENTED_EDGE('',*,*,#2381,.T.);
#599=ORIENTED_EDGE('',*,*,#2005,.F.);
#600=ORIENTED_EDGE('',*,*,#2385,.F.);
#601=ORIENTED_EDGE('',*,*,#2386,.T.);
#602=ORIENTED_EDGE('',*,*,#2387,.T.);
#603=ORIENTED_EDGE('',*,*,#2008,.T.);
#604=ORIENTED_EDGE('',*,*,#2388,.F.);
#605=ORIENTED_EDGE('',*,*,#2389,.F.);
#606=ORIENTED_EDGE('',*,*,#2385,.T.);
#607=ORIENTED_EDGE('',*,*,#2007,.T.);
#608=ORIENTED_EDGE('',*,*,#2390,.F.);
#609=ORIENTED_EDGE('',*,*,#2391,.F.);
#610=ORIENTED_EDGE('',*,*,#2388,.T.);
#611=ORIENTED_EDGE('',*,*,#2009,.F.);
#612=ORIENTED_EDGE('',*,*,#2392,.F.);
#613=ORIENTED_EDGE('',*,*,#2393,.T.);
#614=ORIENTED_EDGE('',*,*,#2394,.T.);
#615=ORIENTED_EDGE('',*,*,#2012,.T.);
#616=ORIENTED_EDGE('',*,*,#2395,.F.);
#617=ORIENTED_EDGE('',*,*,#2396,.F.);
#618=ORIENTED_EDGE('',*,*,#2392,.T.);
#619=ORIENTED_EDGE('',*,*,#2011,.T.);
#620=ORIENTED_EDGE('',*,*,#2397,.F.);
#621=ORIENTED_EDGE('',*,*,#2398,.F.);
#622=ORIENTED_EDGE('',*,*,#2395,.T.);
#623=ORIENTED_EDGE('',*,*,#2013,.F.);
#624=ORIENTED_EDGE('',*,*,#2399,.F.);
#625=ORIENTED_EDGE('',*,*,#2400,.T.);
#626=ORIENTED_EDGE('',*,*,#2401,.T.);
#627=ORIENTED_EDGE('',*,*,#2016,.T.);
#628=ORIENTED_EDGE('',*,*,#2402,.F.);
#629=ORIENTED_EDGE('',*,*,#2403,.F.);
#630=ORIENTED_EDGE('',*,*,#2399,.T.);
#631=ORIENTED_EDGE('',*,*,#2015,.T.);
#632=ORIENTED_EDGE('',*,*,#2404,.F.);
#633=ORIENTED_EDGE('',*,*,#2405,.F.);
#634=ORIENTED_EDGE('',*,*,#2402,.T.);
#635=ORIENTED_EDGE('',*,*,#2017,.F.);
#636=ORIENTED_EDGE('',*,*,#2406,.F.);
#637=ORIENTED_EDGE('',*,*,#2407,.T.);
#638=ORIENTED_EDGE('',*,*,#2408,.T.);
#639=ORIENTED_EDGE('',*,*,#2020,.T.);
#640=ORIENTED_EDGE('',*,*,#2409,.F.);
#641=ORIENTED_EDGE('',*,*,#2410,.F.);
#642=ORIENTED_EDGE('',*,*,#2406,.T.);
#643=ORIENTED_EDGE('',*,*,#2019,.T.);
#644=ORIENTED_EDGE('',*,*,#2411,.F.);
#645=ORIENTED_EDGE('',*,*,#2412,.F.);
#646=ORIENTED_EDGE('',*,*,#2409,.T.);
#647=ORIENTED_EDGE('',*,*,#2021,.F.);
#648=ORIENTED_EDGE('',*,*,#2413,.F.);
#649=ORIENTED_EDGE('',*,*,#2414,.T.);
#650=ORIENTED_EDGE('',*,*,#2415,.T.);
#651=ORIENTED_EDGE('',*,*,#2024,.T.);
#652=ORIENTED_EDGE('',*,*,#2416,.F.);
#653=ORIENTED_EDGE('',*,*,#2417,.F.);
#654=ORIENTED_EDGE('',*,*,#2413,.T.);
#655=ORIENTED_EDGE('',*,*,#2023,.T.);
#656=ORIENTED_EDGE('',*,*,#2418,.F.);
#657=ORIENTED_EDGE('',*,*,#2419,.F.);
#658=ORIENTED_EDGE('',*,*,#2416,.T.);
#659=ORIENTED_EDGE('',*,*,#2025,.F.);
#660=ORIENTED_EDGE('',*,*,#2420,.F.);
#661=ORIENTED_EDGE('',*,*,#2421,.T.);
#662=ORIENTED_EDGE('',*,*,#2422,.T.);
#663=ORIENTED_EDGE('',*,*,#2028,.T.);
#664=ORIENTED_EDGE('',*,*,#2423,.F.);
#665=ORIENTED_EDGE('',*,*,#2424,.F.);
#666=ORIENTED_EDGE('',*,*,#2420,.T.);
#667=ORIENTED_EDGE('',*,*,#2027,.T.);
#668=ORIENTED_EDGE('',*,*,#2425,.F.);
#669=ORIENTED_EDGE('',*,*,#2426,.F.);
#670=ORIENTED_EDGE('',*,*,#2423,.T.);
#671=ORIENTED_EDGE('',*,*,#2029,.F.);
#672=ORIENTED_EDGE('',*,*,#2427,.F.);
#673=ORIENTED_EDGE('',*,*,#2428,.T.);
#674=ORIENTED_EDGE('',*,*,#2429,.T.);
#675=ORIENTED_EDGE('',*,*,#2032,.T.);
#676=ORIENTED_EDGE('',*,*,#2430,.F.);
#677=ORIENTED_EDGE('',*,*,#2431,.F.);
#678=ORIENTED_EDGE('',*,*,#2427,.T.);
#679=ORIENTED_EDGE('',*,*,#2031,.T.);
#680=ORIENTED_EDGE('',*,*,#2432,.F.);
#681=ORIENTED_EDGE('',*,*,#2433,.F.);
#682=ORIENTED_EDGE('',*,*,#2430,.T.);
#683=ORIENTED_EDGE('',*,*,#2033,.F.);
#684=ORIENTED_EDGE('',*,*,#2434,.F.);
#685=ORIENTED_EDGE('',*,*,#2435,.T.);
#686=ORIENTED_EDGE('',*,*,#2436,.T.);
#687=ORIENTED_EDGE('',*,*,#2036,.T.);
#688=ORIENTED_EDGE('',*,*,#2437,.F.);
#689=ORIENTED_EDGE('',*,*,#2438,.F.);
#690=ORIENTED_EDGE('',*,*,#2434,.T.);
#691=ORIENTED_EDGE('',*,*,#2035,.T.);
#692=ORIENTED_EDGE('',*,*,#2439,.F.);
#693=ORIENTED_EDGE('',*,*,#2440,.F.);
#694=ORIENTED_EDGE('',*,*,#2437,.T.);
#695=ORIENTED_EDGE('',*,*,#2037,.F.);
#696=ORIENTED_EDGE('',*,*,#2441,.F.);
#697=ORIENTED_EDGE('',*,*,#2442,.T.);
#698=ORIENTED_EDGE('',*,*,#2443,.T.);
#699=ORIENTED_EDGE('',*,*,#2040,.T.);
#700=ORIENTED_EDGE('',*,*,#2444,.F.);
#701=ORIENTED_EDGE('',*,*,#2445,.F.);
#702=ORIENTED_EDGE('',*,*,#2441,.T.);
#703=ORIENTED_EDGE('',*,*,#2039,.T.);
#704=ORIENTED_EDGE('',*,*,#2446,.F.);
#705=ORIENTED_EDGE('',*,*,#2447,.F.);
#706=ORIENTED_EDGE('',*,*,#2444,.T.);
#707=ORIENTED_EDGE('',*,*,#2041,.F.);
#708=ORIENTED_EDGE('',*,*,#2448,.F.);
#709=ORIENTED_EDGE('',*,*,#2449,.T.);
#710=ORIENTED_EDGE('',*,*,#2450,.T.);
#711=ORIENTED_EDGE('',*,*,#2044,.T.);
#712=ORIENTED_EDGE('',*,*,#2451,.F.);
#713=ORIENTED_EDGE('',*,*,#2452,.F.);
#714=ORIENTED_EDGE('',*,*,#2448,.T.);
#715=ORIENTED_EDGE('',*,*,#2043,.T.);
#716=ORIENTED_EDGE('',*,*,#2453,.F.);
#717=ORIENTED_EDGE('',*,*,#2454,.F.);
#718=ORIENTED_EDGE('',*,*,#2451,.T.);
#719=ORIENTED_EDGE('',*,*,#2045,.F.);
#720=ORIENTED_EDGE('',*,*,#2455,.F.);
#721=ORIENTED_EDGE('',*,*,#2456,.T.);
#722=ORIENTED_EDGE('',*,*,#2457,.T.);
#723=ORIENTED_EDGE('',*,*,#2048,.T.);
#724=ORIENTED_EDGE('',*,*,#2458,.F.);
#725=ORIENTED_EDGE('',*,*,#2459,.F.);
#726=ORIENTED_EDGE('',*,*,#2455,.T.);
#727=ORIENTED_EDGE('',*,*,#2047,.T.);
#728=ORIENTED_EDGE('',*,*,#2460,.F.);
#729=ORIENTED_EDGE('',*,*,#2461,.F.);
#730=ORIENTED_EDGE('',*,*,#2458,.T.);
#731=ORIENTED_EDGE('',*,*,#2049,.F.);
#732=ORIENTED_EDGE('',*,*,#2462,.F.);
#733=ORIENTED_EDGE('',*,*,#2463,.T.);
#734=ORIENTED_EDGE('',*,*,#2464,.T.);
#735=ORIENTED_EDGE('',*,*,#2052,.T.);
#736=ORIENTED_EDGE('',*,*,#2465,.F.);
#737=ORIENTED_EDGE('',*,*,#2466,.F.);
#738=ORIENTED_EDGE('',*,*,#2462,.T.);
#739=ORIENTED_EDGE('',*,*,#2051,.T.);
#740=ORIENTED_EDGE('',*,*,#2467,.F.);
#741=ORIENTED_EDGE('',*,*,#2468,.F.);
#742=ORIENTED_EDGE('',*,*,#2465,.T.);
#743=ORIENTED_EDGE('',*,*,#2053,.F.);
#744=ORIENTED_EDGE('',*,*,#2469,.F.);
#745=ORIENTED_EDGE('',*,*,#2470,.T.);
#746=ORIENTED_EDGE('',*,*,#2471,.T.);
#747=ORIENTED_EDGE('',*,*,#2056,.T.);
#748=ORIENTED_EDGE('',*,*,#2472,.F.);
#749=ORIENTED_EDGE('',*,*,#2473,.F.);
#750=ORIENTED_EDGE('',*,*,#2469,.T.);
#751=ORIENTED_EDGE('',*,*,#2055,.T.);
#752=ORIENTED_EDGE('',*,*,#2474,.F.);
#753=ORIENTED_EDGE('',*,*,#2475,.F.);
#754=ORIENTED_EDGE('',*,*,#2472,.T.);
#755=ORIENTED_EDGE('',*,*,#2057,.F.);
#756=ORIENTED_EDGE('',*,*,#2476,.F.);
#757=ORIENTED_EDGE('',*,*,#2477,.T.);
#758=ORIENTED_EDGE('',*,*,#2478,.T.);
#759=ORIENTED_EDGE('',*,*,#2060,.T.);
#760=ORIENTED_EDGE('',*,*,#2479,.F.);
#761=ORIENTED_EDGE('',*,*,#2480,.F.);
#762=ORIENTED_EDGE('',*,*,#2476,.T.);
#763=ORIENTED_EDGE('',*,*,#2059,.T.);
#764=ORIENTED_EDGE('',*,*,#2481,.F.);
#765=ORIENTED_EDGE('',*,*,#2482,.F.);
#766=ORIENTED_EDGE('',*,*,#2479,.T.);
#767=ORIENTED_EDGE('',*,*,#2061,.F.);
#768=ORIENTED_EDGE('',*,*,#2483,.F.);
#769=ORIENTED_EDGE('',*,*,#2484,.T.);
#770=ORIENTED_EDGE('',*,*,#2485,.T.);
#771=ORIENTED_EDGE('',*,*,#2064,.T.);
#772=ORIENTED_EDGE('',*,*,#2486,.F.);
#773=ORIENTED_EDGE('',*,*,#2487,.F.);
#774=ORIENTED_EDGE('',*,*,#2483,.T.);
#775=ORIENTED_EDGE('',*,*,#2063,.T.);
#776=ORIENTED_EDGE('',*,*,#2488,.F.);
#777=ORIENTED_EDGE('',*,*,#2489,.F.);
#778=ORIENTED_EDGE('',*,*,#2486,.T.);
#779=ORIENTED_EDGE('',*,*,#2065,.F.);
#780=ORIENTED_EDGE('',*,*,#2490,.F.);
#781=ORIENTED_EDGE('',*,*,#2491,.T.);
#782=ORIENTED_EDGE('',*,*,#2492,.T.);
#783=ORIENTED_EDGE('',*,*,#2068,.T.);
#784=ORIENTED_EDGE('',*,*,#2493,.F.);
#785=ORIENTED_EDGE('',*,*,#2494,.F.);
#786=ORIENTED_EDGE('',*,*,#2490,.T.);
#787=ORIENTED_EDGE('',*,*,#2067,.T.);
#788=ORIENTED_EDGE('',*,*,#2495,.F.);
#789=ORIENTED_EDGE('',*,*,#2496,.F.);
#790=ORIENTED_EDGE('',*,*,#2493,.T.);
#791=ORIENTED_EDGE('',*,*,#2069,.F.);
#792=ORIENTED_EDGE('',*,*,#2497,.F.);
#793=ORIENTED_EDGE('',*,*,#2498,.T.);
#794=ORIENTED_EDGE('',*,*,#2499,.T.);
#795=ORIENTED_EDGE('',*,*,#2072,.T.);
#796=ORIENTED_EDGE('',*,*,#2500,.F.);
#797=ORIENTED_EDGE('',*,*,#2501,.F.);
#798=ORIENTED_EDGE('',*,*,#2497,.T.);
#799=ORIENTED_EDGE('',*,*,#2071,.T.);
#800=ORIENTED_EDGE('',*,*,#2502,.F.);
#801=ORIENTED_EDGE('',*,*,#2503,.F.);
#802=ORIENTED_EDGE('',*,*,#2500,.T.);
#803=ORIENTED_EDGE('',*,*,#2073,.F.);
#804=ORIENTED_EDGE('',*,*,#2504,.F.);
#805=ORIENTED_EDGE('',*,*,#2505,.T.);
#806=ORIENTED_EDGE('',*,*,#2506,.T.);
#807=ORIENTED_EDGE('',*,*,#2076,.T.);
#808=ORIENTED_EDGE('',*,*,#2507,.F.);
#809=ORIENTED_EDGE('',*,*,#2508,.F.);
#810=ORIENTED_EDGE('',*,*,#2504,.T.);
#811=ORIENTED_EDGE('',*,*,#2075,.T.);
#812=ORIENTED_EDGE('',*,*,#2509,.F.);
#813=ORIENTED_EDGE('',*,*,#2510,.F.);
#814=ORIENTED_EDGE('',*,*,#2507,.T.);
#815=ORIENTED_EDGE('',*,*,#2077,.F.);
#816=ORIENTED_EDGE('',*,*,#2511,.F.);
#817=ORIENTED_EDGE('',*,*,#2512,.T.);
#818=ORIENTED_EDGE('',*,*,#2513,.T.);
#819=ORIENTED_EDGE('',*,*,#2080,.T.);
#820=ORIENTED_EDGE('',*,*,#2514,.F.);
#821=ORIENTED_EDGE('',*,*,#2515,.F.);
#822=ORIENTED_EDGE('',*,*,#2511,.T.);
#823=ORIENTED_EDGE('',*,*,#2079,.T.);
#824=ORIENTED_EDGE('',*,*,#2516,.F.);
#825=ORIENTED_EDGE('',*,*,#2517,.F.);
#826=ORIENTED_EDGE('',*,*,#2514,.T.);
#827=ORIENTED_EDGE('',*,*,#2081,.F.);
#828=ORIENTED_EDGE('',*,*,#2518,.F.);
#829=ORIENTED_EDGE('',*,*,#2519,.T.);
#830=ORIENTED_EDGE('',*,*,#2520,.T.);
#831=ORIENTED_EDGE('',*,*,#2084,.T.);
#832=ORIENTED_EDGE('',*,*,#2521,.F.);
#833=ORIENTED_EDGE('',*,*,#2522,.F.);
#834=ORIENTED_EDGE('',*,*,#2518,.T.);
#835=ORIENTED_EDGE('',*,*,#2083,.T.);
#836=ORIENTED_EDGE('',*,*,#2523,.F.);
#837=ORIENTED_EDGE('',*,*,#2524,.F.);
#838=ORIENTED_EDGE('',*,*,#2521,.T.);
#839=ORIENTED_EDGE('',*,*,#2085,.F.);
#840=ORIENTED_EDGE('',*,*,#2525,.F.);
#841=ORIENTED_EDGE('',*,*,#2526,.T.);
#842=ORIENTED_EDGE('',*,*,#2527,.T.);
#843=ORIENTED_EDGE('',*,*,#2088,.T.);
#844=ORIENTED_EDGE('',*,*,#2528,.F.);
#845=ORIENTED_EDGE('',*,*,#2529,.F.);
#846=ORIENTED_EDGE('',*,*,#2525,.T.);
#847=ORIENTED_EDGE('',*,*,#2087,.T.);
#848=ORIENTED_EDGE('',*,*,#2530,.F.);
#849=ORIENTED_EDGE('',*,*,#2531,.F.);
#850=ORIENTED_EDGE('',*,*,#2528,.T.);
#851=ORIENTED_EDGE('',*,*,#2089,.F.);
#852=ORIENTED_EDGE('',*,*,#2532,.F.);
#853=ORIENTED_EDGE('',*,*,#2533,.T.);
#854=ORIENTED_EDGE('',*,*,#2534,.T.);
#855=ORIENTED_EDGE('',*,*,#2092,.T.);
#856=ORIENTED_EDGE('',*,*,#2535,.F.);
#857=ORIENTED_EDGE('',*,*,#2536,.F.);
#858=ORIENTED_EDGE('',*,*,#2532,.T.);
#859=ORIENTED_EDGE('',*,*,#2091,.T.);
#860=ORIENTED_EDGE('',*,*,#2537,.F.);
#861=ORIENTED_EDGE('',*,*,#2538,.F.);
#862=ORIENTED_EDGE('',*,*,#2535,.T.);
#863=ORIENTED_EDGE('',*,*,#2093,.F.);
#864=ORIENTED_EDGE('',*,*,#2539,.F.);
#865=ORIENTED_EDGE('',*,*,#2540,.T.);
#866=ORIENTED_EDGE('',*,*,#2541,.T.);
#867=ORIENTED_EDGE('',*,*,#2096,.T.);
#868=ORIENTED_EDGE('',*,*,#2542,.F.);
#869=ORIENTED_EDGE('',*,*,#2543,.F.);
#870=ORIENTED_EDGE('',*,*,#2539,.T.);
#871=ORIENTED_EDGE('',*,*,#2095,.T.);
#872=ORIENTED_EDGE('',*,*,#2544,.F.);
#873=ORIENTED_EDGE('',*,*,#2545,.F.);
#874=ORIENTED_EDGE('',*,*,#2542,.T.);
#875=ORIENTED_EDGE('',*,*,#2097,.F.);
#876=ORIENTED_EDGE('',*,*,#2546,.F.);
#877=ORIENTED_EDGE('',*,*,#2547,.T.);
#878=ORIENTED_EDGE('',*,*,#2548,.T.);
#879=ORIENTED_EDGE('',*,*,#2100,.T.);
#880=ORIENTED_EDGE('',*,*,#2549,.F.);
#881=ORIENTED_EDGE('',*,*,#2550,.F.);
#882=ORIENTED_EDGE('',*,*,#2546,.T.);
#883=ORIENTED_EDGE('',*,*,#2099,.T.);
#884=ORIENTED_EDGE('',*,*,#2551,.F.);
#885=ORIENTED_EDGE('',*,*,#2552,.F.);
#886=ORIENTED_EDGE('',*,*,#2549,.T.);
#887=ORIENTED_EDGE('',*,*,#2101,.F.);
#888=ORIENTED_EDGE('',*,*,#2553,.F.);
#889=ORIENTED_EDGE('',*,*,#2554,.T.);
#890=ORIENTED_EDGE('',*,*,#2555,.T.);
#891=ORIENTED_EDGE('',*,*,#2104,.T.);
#892=ORIENTED_EDGE('',*,*,#2556,.F.);
#893=ORIENTED_EDGE('',*,*,#2557,.F.);
#894=ORIENTED_EDGE('',*,*,#2553,.T.);
#895=ORIENTED_EDGE('',*,*,#2103,.T.);
#896=ORIENTED_EDGE('',*,*,#2558,.F.);
#897=ORIENTED_EDGE('',*,*,#2559,.F.);
#898=ORIENTED_EDGE('',*,*,#2556,.T.);
#899=ORIENTED_EDGE('',*,*,#2105,.F.);
#900=ORIENTED_EDGE('',*,*,#2560,.F.);
#901=ORIENTED_EDGE('',*,*,#2561,.T.);
#902=ORIENTED_EDGE('',*,*,#2562,.T.);
#903=ORIENTED_EDGE('',*,*,#2108,.T.);
#904=ORIENTED_EDGE('',*,*,#2563,.F.);
#905=ORIENTED_EDGE('',*,*,#2564,.F.);
#906=ORIENTED_EDGE('',*,*,#2560,.T.);
#907=ORIENTED_EDGE('',*,*,#2107,.T.);
#908=ORIENTED_EDGE('',*,*,#2565,.F.);
#909=ORIENTED_EDGE('',*,*,#2566,.F.);
#910=ORIENTED_EDGE('',*,*,#2563,.T.);
#911=ORIENTED_EDGE('',*,*,#2109,.F.);
#912=ORIENTED_EDGE('',*,*,#2567,.F.);
#913=ORIENTED_EDGE('',*,*,#2568,.T.);
#914=ORIENTED_EDGE('',*,*,#2569,.T.);
#915=ORIENTED_EDGE('',*,*,#2112,.T.);
#916=ORIENTED_EDGE('',*,*,#2570,.F.);
#917=ORIENTED_EDGE('',*,*,#2571,.F.);
#918=ORIENTED_EDGE('',*,*,#2567,.T.);
#919=ORIENTED_EDGE('',*,*,#2111,.T.);
#920=ORIENTED_EDGE('',*,*,#2572,.F.);
#921=ORIENTED_EDGE('',*,*,#2573,.F.);
#922=ORIENTED_EDGE('',*,*,#2570,.T.);
#923=ORIENTED_EDGE('',*,*,#2113,.F.);
#924=ORIENTED_EDGE('',*,*,#2574,.F.);
#925=ORIENTED_EDGE('',*,*,#2575,.T.);
#926=ORIENTED_EDGE('',*,*,#2576,.T.);
#927=ORIENTED_EDGE('',*,*,#2116,.T.);
#928=ORIENTED_EDGE('',*,*,#2577,.F.);
#929=ORIENTED_EDGE('',*,*,#2578,.F.);
#930=ORIENTED_EDGE('',*,*,#2574,.T.);
#931=ORIENTED_EDGE('',*,*,#2115,.T.);
#932=ORIENTED_EDGE('',*,*,#2579,.F.);
#933=ORIENTED_EDGE('',*,*,#2580,.F.);
#934=ORIENTED_EDGE('',*,*,#2577,.T.);
#935=ORIENTED_EDGE('',*,*,#2117,.F.);
#936=ORIENTED_EDGE('',*,*,#2581,.F.);
#937=ORIENTED_EDGE('',*,*,#2582,.T.);
#938=ORIENTED_EDGE('',*,*,#2583,.T.);
#939=ORIENTED_EDGE('',*,*,#2120,.T.);
#940=ORIENTED_EDGE('',*,*,#2584,.F.);
#941=ORIENTED_EDGE('',*,*,#2585,.F.);
#942=ORIENTED_EDGE('',*,*,#2581,.T.);
#943=ORIENTED_EDGE('',*,*,#2119,.T.);
#944=ORIENTED_EDGE('',*,*,#2586,.F.);
#945=ORIENTED_EDGE('',*,*,#2587,.F.);
#946=ORIENTED_EDGE('',*,*,#2584,.T.);
#947=ORIENTED_EDGE('',*,*,#2121,.F.);
#948=ORIENTED_EDGE('',*,*,#2588,.F.);
#949=ORIENTED_EDGE('',*,*,#2589,.T.);
#950=ORIENTED_EDGE('',*,*,#2590,.T.);
#951=ORIENTED_EDGE('',*,*,#2124,.T.);
#952=ORIENTED_EDGE('',*,*,#2591,.F.);
#953=ORIENTED_EDGE('',*,*,#2592,.F.);
#954=ORIENTED_EDGE('',*,*,#2588,.T.);
#955=ORIENTED_EDGE('',*,*,#2123,.T.);
#956=ORIENTED_EDGE('',*,*,#2593,.F.);
#957=ORIENTED_EDGE('',*,*,#2594,.F.);
#958=ORIENTED_EDGE('',*,*,#2591,.T.);
#959=ORIENTED_EDGE('',*,*,#2125,.F.);
#960=ORIENTED_EDGE('',*,*,#2595,.F.);
#961=ORIENTED_EDGE('',*,*,#2596,.T.);
#962=ORIENTED_EDGE('',*,*,#2597,.T.);
#963=ORIENTED_EDGE('',*,*,#2128,.T.);
#964=ORIENTED_EDGE('',*,*,#2598,.F.);
#965=ORIENTED_EDGE('',*,*,#2599,.F.);
#966=ORIENTED_EDGE('',*,*,#2595,.T.);
#967=ORIENTED_EDGE('',*,*,#2127,.T.);
#968=ORIENTED_EDGE('',*,*,#2600,.F.);
#969=ORIENTED_EDGE('',*,*,#2601,.F.);
#970=ORIENTED_EDGE('',*,*,#2598,.T.);
#971=ORIENTED_EDGE('',*,*,#2129,.F.);
#972=ORIENTED_EDGE('',*,*,#2602,.F.);
#973=ORIENTED_EDGE('',*,*,#2603,.T.);
#974=ORIENTED_EDGE('',*,*,#2604,.T.);
#975=ORIENTED_EDGE('',*,*,#2132,.T.);
#976=ORIENTED_EDGE('',*,*,#2605,.F.);
#977=ORIENTED_EDGE('',*,*,#2606,.F.);
#978=ORIENTED_EDGE('',*,*,#2602,.T.);
#979=ORIENTED_EDGE('',*,*,#2131,.T.);
#980=ORIENTED_EDGE('',*,*,#2607,.F.);
#981=ORIENTED_EDGE('',*,*,#2608,.F.);
#982=ORIENTED_EDGE('',*,*,#2605,.T.);
#983=ORIENTED_EDGE('',*,*,#2133,.F.);
#984=ORIENTED_EDGE('',*,*,#2609,.F.);
#985=ORIENTED_EDGE('',*,*,#2610,.T.);
#986=ORIENTED_EDGE('',*,*,#2611,.T.);
#987=ORIENTED_EDGE('',*,*,#2136,.T.);
#988=ORIENTED_EDGE('',*,*,#2612,.F.);
#989=ORIENTED_EDGE('',*,*,#2613,.F.);
#990=ORIENTED_EDGE('',*,*,#2609,.T.);
#991=ORIENTED_EDGE('',*,*,#2135,.T.);
#992=ORIENTED_EDGE('',*,*,#2614,.F.);
#993=ORIENTED_EDGE('',*,*,#2615,.F.);
#994=ORIENTED_EDGE('',*,*,#2612,.T.);
#995=ORIENTED_EDGE('',*,*,#2137,.F.);
#996=ORIENTED_EDGE('',*,*,#2616,.F.);
#997=ORIENTED_EDGE('',*,*,#2617,.T.);
#998=ORIENTED_EDGE('',*,*,#2618,.T.);
#999=ORIENTED_EDGE('',*,*,#2140,.T.);
#1000=ORIENTED_EDGE('',*,*,#2619,.F.);
#1001=ORIENTED_EDGE('',*,*,#2620,.F.);
#1002=ORIENTED_EDGE('',*,*,#2616,.T.);
#1003=ORIENTED_EDGE('',*,*,#2139,.T.);
#1004=ORIENTED_EDGE('',*,*,#2621,.F.);
#1005=ORIENTED_EDGE('',*,*,#2622,.F.);
#1006=ORIENTED_EDGE('',*,*,#2619,.T.);
#1007=ORIENTED_EDGE('',*,*,#2141,.F.);
#1008=ORIENTED_EDGE('',*,*,#2623,.F.);
#1009=ORIENTED_EDGE('',*,*,#2624,.T.);
#1010=ORIENTED_EDGE('',*,*,#2625,.T.);
#1011=ORIENTED_EDGE('',*,*,#2144,.T.);
#1012=ORIENTED_EDGE('',*,*,#2626,.F.);
#1013=ORIENTED_EDGE('',*,*,#2627,.F.);
#1014=ORIENTED_EDGE('',*,*,#2623,.T.);
#1015=ORIENTED_EDGE('',*,*,#2143,.T.);
#1016=ORIENTED_EDGE('',*,*,#2628,.F.);
#1017=ORIENTED_EDGE('',*,*,#2629,.F.);
#1018=ORIENTED_EDGE('',*,*,#2626,.T.);
#1019=ORIENTED_EDGE('',*,*,#2145,.F.);
#1020=ORIENTED_EDGE('',*,*,#2630,.F.);
#1021=ORIENTED_EDGE('',*,*,#2631,.T.);
#1022=ORIENTED_EDGE('',*,*,#2632,.T.);
#1023=ORIENTED_EDGE('',*,*,#2148,.T.);
#1024=ORIENTED_EDGE('',*,*,#2633,.F.);
#1025=ORIENTED_EDGE('',*,*,#2634,.F.);
#1026=ORIENTED_EDGE('',*,*,#2630,.T.);
#1027=ORIENTED_EDGE('',*,*,#2147,.T.);
#1028=ORIENTED_EDGE('',*,*,#2635,.F.);
#1029=ORIENTED_EDGE('',*,*,#2636,.F.);
#1030=ORIENTED_EDGE('',*,*,#2633,.T.);
#1031=ORIENTED_EDGE('',*,*,#2149,.F.);
#1032=ORIENTED_EDGE('',*,*,#2637,.F.);
#1033=ORIENTED_EDGE('',*,*,#2638,.T.);
#1034=ORIENTED_EDGE('',*,*,#2639,.T.);
#1035=ORIENTED_EDGE('',*,*,#2152,.T.);
#1036=ORIENTED_EDGE('',*,*,#2640,.F.);
#1037=ORIENTED_EDGE('',*,*,#2641,.F.);
#1038=ORIENTED_EDGE('',*,*,#2637,.T.);
#1039=ORIENTED_EDGE('',*,*,#2151,.T.);
#1040=ORIENTED_EDGE('',*,*,#2642,.F.);
#1041=ORIENTED_EDGE('',*,*,#2643,.F.);
#1042=ORIENTED_EDGE('',*,*,#2640,.T.);
#1043=ORIENTED_EDGE('',*,*,#2153,.F.);
#1044=ORIENTED_EDGE('',*,*,#2644,.F.);
#1045=ORIENTED_EDGE('',*,*,#2645,.T.);
#1046=ORIENTED_EDGE('',*,*,#2646,.T.);
#1047=ORIENTED_EDGE('',*,*,#2156,.T.);
#1048=ORIENTED_EDGE('',*,*,#2647,.F.);
#1049=ORIENTED_EDGE('',*,*,#2648,.F.);
#1050=ORIENTED_EDGE('',*,*,#2644,.T.);
#1051=ORIENTED_EDGE('',*,*,#2155,.T.);
#1052=ORIENTED_EDGE('',*,*,#2649,.F.);
#1053=ORIENTED_EDGE('',*,*,#2650,.F.);
#1054=ORIENTED_EDGE('',*,*,#2647,.T.);
#1055=ORIENTED_EDGE('',*,*,#2157,.F.);
#1056=ORIENTED_EDGE('',*,*,#2651,.F.);
#1057=ORIENTED_EDGE('',*,*,#2652,.T.);
#1058=ORIENTED_EDGE('',*,*,#2653,.T.);
#1059=ORIENTED_EDGE('',*,*,#2160,.T.);
#1060=ORIENTED_EDGE('',*,*,#2654,.F.);
#1061=ORIENTED_EDGE('',*,*,#2655,.F.);
#1062=ORIENTED_EDGE('',*,*,#2651,.T.);
#1063=ORIENTED_EDGE('',*,*,#2159,.T.);
#1064=ORIENTED_EDGE('',*,*,#2656,.F.);
#1065=ORIENTED_EDGE('',*,*,#2657,.F.);
#1066=ORIENTED_EDGE('',*,*,#2654,.T.);
#1067=ORIENTED_EDGE('',*,*,#2161,.F.);
#1068=ORIENTED_EDGE('',*,*,#2658,.F.);
#1069=ORIENTED_EDGE('',*,*,#2659,.T.);
#1070=ORIENTED_EDGE('',*,*,#2660,.T.);
#1071=ORIENTED_EDGE('',*,*,#2164,.T.);
#1072=ORIENTED_EDGE('',*,*,#2661,.F.);
#1073=ORIENTED_EDGE('',*,*,#2662,.F.);
#1074=ORIENTED_EDGE('',*,*,#2658,.T.);
#1075=ORIENTED_EDGE('',*,*,#2163,.T.);
#1076=ORIENTED_EDGE('',*,*,#2663,.F.);
#1077=ORIENTED_EDGE('',*,*,#2664,.F.);
#1078=ORIENTED_EDGE('',*,*,#2661,.T.);
#1079=ORIENTED_EDGE('',*,*,#2165,.F.);
#1080=ORIENTED_EDGE('',*,*,#2665,.F.);
#1081=ORIENTED_EDGE('',*,*,#2666,.T.);
#1082=ORIENTED_EDGE('',*,*,#2667,.T.);
#1083=ORIENTED_EDGE('',*,*,#2168,.T.);
#1084=ORIENTED_EDGE('',*,*,#2668,.F.);
#1085=ORIENTED_EDGE('',*,*,#2669,.F.);
#1086=ORIENTED_EDGE('',*,*,#2665,.T.);
#1087=ORIENTED_EDGE('',*,*,#2167,.T.);
#1088=ORIENTED_EDGE('',*,*,#2670,.F.);
#1089=ORIENTED_EDGE('',*,*,#2671,.F.);
#1090=ORIENTED_EDGE('',*,*,#2668,.T.);
#1091=ORIENTED_EDGE('',*,*,#2242,.F.);
#1092=ORIENTED_EDGE('',*,*,#2672,.F.);
#1093=ORIENTED_EDGE('',*,*,#2673,.T.);
#1094=ORIENTED_EDGE('',*,*,#2674,.T.);
#1095=ORIENTED_EDGE('',*,*,#2241,.T.);
#1096=ORIENTED_EDGE('',*,*,#2675,.F.);
#1097=ORIENTED_EDGE('',*,*,#2676,.F.);
#1098=ORIENTED_EDGE('',*,*,#2672,.T.);
#1099=ORIENTED_EDGE('',*,*,#2240,.F.);
#1100=ORIENTED_EDGE('',*,*,#2677,.F.);
#1101=ORIENTED_EDGE('',*,*,#2678,.T.);
#1102=ORIENTED_EDGE('',*,*,#2675,.T.);
#1103=ORIENTED_EDGE('',*,*,#2239,.T.);
#1104=ORIENTED_EDGE('',*,*,#2679,.F.);
#1105=ORIENTED_EDGE('',*,*,#2680,.F.);
#1106=ORIENTED_EDGE('',*,*,#2677,.T.);
#1107=ORIENTED_EDGE('',*,*,#2238,.F.);
#1108=ORIENTED_EDGE('',*,*,#2681,.F.);
#1109=ORIENTED_EDGE('',*,*,#2682,.T.);
#1110=ORIENTED_EDGE('',*,*,#2679,.T.);
#1111=ORIENTED_EDGE('',*,*,#2683,.F.);
#1112=ORIENTED_EDGE('',*,*,#2684,.F.);
#1113=ORIENTED_EDGE('',*,*,#2685,.T.);
#1114=ORIENTED_EDGE('',*,*,#2681,.T.);
#1115=ORIENTED_EDGE('',*,*,#2237,.F.);
#1116=ORIENTED_EDGE('',*,*,#2244,.F.);
#1117=ORIENTED_EDGE('',*,*,#2686,.F.);
#1118=ORIENTED_EDGE('',*,*,#2687,.T.);
#1119=ORIENTED_EDGE('',*,*,#2248,.T.);
#1120=ORIENTED_EDGE('',*,*,#2169,.F.);
#1121=ORIENTED_EDGE('',*,*,#2688,.F.);
#1122=ORIENTED_EDGE('',*,*,#2689,.T.);
#1123=ORIENTED_EDGE('',*,*,#2690,.T.);
#1124=ORIENTED_EDGE('',*,*,#2180,.T.);
#1125=ORIENTED_EDGE('',*,*,#2691,.F.);
#1126=ORIENTED_EDGE('',*,*,#2692,.F.);
#1127=ORIENTED_EDGE('',*,*,#2688,.T.);
#1128=ORIENTED_EDGE('',*,*,#2179,.T.);
#1129=ORIENTED_EDGE('',*,*,#2693,.F.);
#1130=ORIENTED_EDGE('',*,*,#2694,.F.);
#1131=ORIENTED_EDGE('',*,*,#2691,.T.);
#1132=ORIENTED_EDGE('',*,*,#2178,.F.);
#1133=ORIENTED_EDGE('',*,*,#2695,.F.);
#1134=ORIENTED_EDGE('',*,*,#2696,.T.);
#1135=ORIENTED_EDGE('',*,*,#2693,.T.);
#1136=ORIENTED_EDGE('',*,*,#2177,.F.);
#1137=ORIENTED_EDGE('',*,*,#2697,.F.);
#1138=ORIENTED_EDGE('',*,*,#2698,.T.);
#1139=ORIENTED_EDGE('',*,*,#2695,.T.);
#1140=ORIENTED_EDGE('',*,*,#2176,.F.);
#1141=ORIENTED_EDGE('',*,*,#2699,.F.);
#1142=ORIENTED_EDGE('',*,*,#2700,.T.);
#1143=ORIENTED_EDGE('',*,*,#2697,.T.);
#1144=ORIENTED_EDGE('',*,*,#2175,.T.);
#1145=ORIENTED_EDGE('',*,*,#2701,.F.);
#1146=ORIENTED_EDGE('',*,*,#2702,.F.);
#1147=ORIENTED_EDGE('',*,*,#2699,.T.);
#1148=ORIENTED_EDGE('',*,*,#2174,.F.);
#1149=ORIENTED_EDGE('',*,*,#2703,.F.);
#1150=ORIENTED_EDGE('',*,*,#2704,.T.);
#1151=ORIENTED_EDGE('',*,*,#2701,.T.);
#1152=ORIENTED_EDGE('',*,*,#2173,.F.);
#1153=ORIENTED_EDGE('',*,*,#2705,.F.);
#1154=ORIENTED_EDGE('',*,*,#2706,.T.);
#1155=ORIENTED_EDGE('',*,*,#2703,.T.);
#1156=ORIENTED_EDGE('',*,*,#2172,.T.);
#1157=ORIENTED_EDGE('',*,*,#2707,.F.);
#1158=ORIENTED_EDGE('',*,*,#2708,.F.);
#1159=ORIENTED_EDGE('',*,*,#2705,.T.);
#1160=ORIENTED_EDGE('',*,*,#2171,.T.);
#1161=ORIENTED_EDGE('',*,*,#2709,.F.);
#1162=ORIENTED_EDGE('',*,*,#2710,.F.);
#1163=ORIENTED_EDGE('',*,*,#2707,.T.);
#1164=ORIENTED_EDGE('',*,*,#2181,.F.);
#1165=ORIENTED_EDGE('',*,*,#2711,.F.);
#1166=ORIENTED_EDGE('',*,*,#2712,.T.);
#1167=ORIENTED_EDGE('',*,*,#2713,.T.);
#1168=ORIENTED_EDGE('',*,*,#2196,.T.);
#1169=ORIENTED_EDGE('',*,*,#2714,.F.);
#1170=ORIENTED_EDGE('',*,*,#2715,.F.);
#1171=ORIENTED_EDGE('',*,*,#2711,.T.);
#1172=ORIENTED_EDGE('',*,*,#2195,.T.);
#1173=ORIENTED_EDGE('',*,*,#2716,.F.);
#1174=ORIENTED_EDGE('',*,*,#2717,.F.);
#1175=ORIENTED_EDGE('',*,*,#2714,.T.);
#1176=ORIENTED_EDGE('',*,*,#2194,.F.);
#1177=ORIENTED_EDGE('',*,*,#2718,.F.);
#1178=ORIENTED_EDGE('',*,*,#2719,.T.);
#1179=ORIENTED_EDGE('',*,*,#2716,.T.);
#1180=ORIENTED_EDGE('',*,*,#2193,.T.);
#1181=ORIENTED_EDGE('',*,*,#2720,.F.);
#1182=ORIENTED_EDGE('',*,*,#2721,.F.);
#1183=ORIENTED_EDGE('',*,*,#2718,.T.);
#1184=ORIENTED_EDGE('',*,*,#2192,.F.);
#1185=ORIENTED_EDGE('',*,*,#2722,.F.);
#1186=ORIENTED_EDGE('',*,*,#2723,.T.);
#1187=ORIENTED_EDGE('',*,*,#2720,.T.);
#1188=ORIENTED_EDGE('',*,*,#2191,.F.);
#1189=ORIENTED_EDGE('',*,*,#2724,.F.);
#1190=ORIENTED_EDGE('',*,*,#2725,.T.);
#1191=ORIENTED_EDGE('',*,*,#2722,.T.);
#1192=ORIENTED_EDGE('',*,*,#2190,.T.);
#1193=ORIENTED_EDGE('',*,*,#2726,.F.);
#1194=ORIENTED_EDGE('',*,*,#2727,.F.);
#1195=ORIENTED_EDGE('',*,*,#2724,.T.);
#1196=ORIENTED_EDGE('',*,*,#2189,.T.);
#1197=ORIENTED_EDGE('',*,*,#2728,.F.);
#1198=ORIENTED_EDGE('',*,*,#2729,.F.);
#1199=ORIENTED_EDGE('',*,*,#2726,.T.);
#1200=ORIENTED_EDGE('',*,*,#2188,.F.);
#1201=ORIENTED_EDGE('',*,*,#2730,.F.);
#1202=ORIENTED_EDGE('',*,*,#2731,.T.);
#1203=ORIENTED_EDGE('',*,*,#2728,.T.);
#1204=ORIENTED_EDGE('',*,*,#2187,.F.);
#1205=ORIENTED_EDGE('',*,*,#2732,.F.);
#1206=ORIENTED_EDGE('',*,*,#2733,.T.);
#1207=ORIENTED_EDGE('',*,*,#2730,.T.);
#1208=ORIENTED_EDGE('',*,*,#2186,.T.);
#1209=ORIENTED_EDGE('',*,*,#2734,.F.);
#1210=ORIENTED_EDGE('',*,*,#2735,.F.);
#1211=ORIENTED_EDGE('',*,*,#2732,.T.);
#1212=ORIENTED_EDGE('',*,*,#2185,.F.);
#1213=ORIENTED_EDGE('',*,*,#2736,.F.);
#1214=ORIENTED_EDGE('',*,*,#2737,.T.);
#1215=ORIENTED_EDGE('',*,*,#2734,.T.);
#1216=ORIENTED_EDGE('',*,*,#2184,.T.);
#1217=ORIENTED_EDGE('',*,*,#2738,.F.);
#1218=ORIENTED_EDGE('',*,*,#2739,.F.);
#1219=ORIENTED_EDGE('',*,*,#2736,.T.);
#1220=ORIENTED_EDGE('',*,*,#2183,.T.);
#1221=ORIENTED_EDGE('',*,*,#2740,.F.);
#1222=ORIENTED_EDGE('',*,*,#2741,.F.);
#1223=ORIENTED_EDGE('',*,*,#2738,.T.);
#1224=ORIENTED_EDGE('',*,*,#2197,.F.);
#1225=ORIENTED_EDGE('',*,*,#2742,.F.);
#1226=ORIENTED_EDGE('',*,*,#2743,.T.);
#1227=ORIENTED_EDGE('',*,*,#2744,.T.);
#1228=ORIENTED_EDGE('',*,*,#2208,.T.);
#1229=ORIENTED_EDGE('',*,*,#2745,.F.);
#1230=ORIENTED_EDGE('',*,*,#2746,.F.);
#1231=ORIENTED_EDGE('',*,*,#2742,.T.);
#1232=ORIENTED_EDGE('',*,*,#2207,.T.);
#1233=ORIENTED_EDGE('',*,*,#2747,.F.);
#1234=ORIENTED_EDGE('',*,*,#2748,.F.);
#1235=ORIENTED_EDGE('',*,*,#2745,.T.);
#1236=ORIENTED_EDGE('',*,*,#2206,.F.);
#1237=ORIENTED_EDGE('',*,*,#2749,.F.);
#1238=ORIENTED_EDGE('',*,*,#2750,.T.);
#1239=ORIENTED_EDGE('',*,*,#2747,.T.);
#1240=ORIENTED_EDGE('',*,*,#2205,.F.);
#1241=ORIENTED_EDGE('',*,*,#2751,.F.);
#1242=ORIENTED_EDGE('',*,*,#2752,.T.);
#1243=ORIENTED_EDGE('',*,*,#2749,.T.);
#1244=ORIENTED_EDGE('',*,*,#2204,.T.);
#1245=ORIENTED_EDGE('',*,*,#2753,.F.);
#1246=ORIENTED_EDGE('',*,*,#2754,.F.);
#1247=ORIENTED_EDGE('',*,*,#2751,.T.);
#1248=ORIENTED_EDGE('',*,*,#2203,.T.);
#1249=ORIENTED_EDGE('',*,*,#2755,.F.);
#1250=ORIENTED_EDGE('',*,*,#2756,.F.);
#1251=ORIENTED_EDGE('',*,*,#2753,.T.);
#1252=ORIENTED_EDGE('',*,*,#2202,.F.);
#1253=ORIENTED_EDGE('',*,*,#2757,.F.);
#1254=ORIENTED_EDGE('',*,*,#2758,.T.);
#1255=ORIENTED_EDGE('',*,*,#2755,.T.);
#1256=ORIENTED_EDGE('',*,*,#2201,.F.);
#1257=ORIENTED_EDGE('',*,*,#2759,.F.);
#1258=ORIENTED_EDGE('',*,*,#2760,.T.);
#1259=ORIENTED_EDGE('',*,*,#2757,.T.);
#1260=ORIENTED_EDGE('',*,*,#2200,.T.);
#1261=ORIENTED_EDGE('',*,*,#2761,.F.);
#1262=ORIENTED_EDGE('',*,*,#2762,.F.);
#1263=ORIENTED_EDGE('',*,*,#2759,.T.);
#1264=ORIENTED_EDGE('',*,*,#2199,.T.);
#1265=ORIENTED_EDGE('',*,*,#2763,.F.);
#1266=ORIENTED_EDGE('',*,*,#2764,.F.);
#1267=ORIENTED_EDGE('',*,*,#2761,.T.);
#1268=ORIENTED_EDGE('',*,*,#2209,.F.);
#1269=ORIENTED_EDGE('',*,*,#2765,.F.);
#1270=ORIENTED_EDGE('',*,*,#2766,.T.);
#1271=ORIENTED_EDGE('',*,*,#2767,.T.);
#1272=ORIENTED_EDGE('',*,*,#2212,.T.);
#1273=ORIENTED_EDGE('',*,*,#2768,.F.);
#1274=ORIENTED_EDGE('',*,*,#2769,.F.);
#1275=ORIENTED_EDGE('',*,*,#2765,.T.);
#1276=ORIENTED_EDGE('',*,*,#2211,.T.);
#1277=ORIENTED_EDGE('',*,*,#2770,.F.);
#1278=ORIENTED_EDGE('',*,*,#2771,.F.);
#1279=ORIENTED_EDGE('',*,*,#2768,.T.);
#1280=ORIENTED_EDGE('',*,*,#2213,.F.);
#1281=ORIENTED_EDGE('',*,*,#2772,.F.);
#1282=ORIENTED_EDGE('',*,*,#2773,.T.);
#1283=ORIENTED_EDGE('',*,*,#2774,.T.);
#1284=ORIENTED_EDGE('',*,*,#2224,.T.);
#1285=ORIENTED_EDGE('',*,*,#2775,.F.);
#1286=ORIENTED_EDGE('',*,*,#2776,.F.);
#1287=ORIENTED_EDGE('',*,*,#2772,.T.);
#1288=ORIENTED_EDGE('',*,*,#2223,.T.);
#1289=ORIENTED_EDGE('',*,*,#2777,.F.);
#1290=ORIENTED_EDGE('',*,*,#2778,.F.);
#1291=ORIENTED_EDGE('',*,*,#2775,.T.);
#1292=ORIENTED_EDGE('',*,*,#2222,.F.);
#1293=ORIENTED_EDGE('',*,*,#2779,.F.);
#1294=ORIENTED_EDGE('',*,*,#2780,.T.);
#1295=ORIENTED_EDGE('',*,*,#2777,.T.);
#1296=ORIENTED_EDGE('',*,*,#2221,.F.);
#1297=ORIENTED_EDGE('',*,*,#2781,.F.);
#1298=ORIENTED_EDGE('',*,*,#2782,.T.);
#1299=ORIENTED_EDGE('',*,*,#2779,.T.);
#1300=ORIENTED_EDGE('',*,*,#2220,.T.);
#1301=ORIENTED_EDGE('',*,*,#2783,.F.);
#1302=ORIENTED_EDGE('',*,*,#2784,.F.);
#1303=ORIENTED_EDGE('',*,*,#2781,.T.);
#1304=ORIENTED_EDGE('',*,*,#2219,.T.);
#1305=ORIENTED_EDGE('',*,*,#2785,.F.);
#1306=ORIENTED_EDGE('',*,*,#2786,.F.);
#1307=ORIENTED_EDGE('',*,*,#2783,.T.);
#1308=ORIENTED_EDGE('',*,*,#2218,.F.);
#1309=ORIENTED_EDGE('',*,*,#2787,.F.);
#1310=ORIENTED_EDGE('',*,*,#2788,.T.);
#1311=ORIENTED_EDGE('',*,*,#2785,.T.);
#1312=ORIENTED_EDGE('',*,*,#2217,.F.);
#1313=ORIENTED_EDGE('',*,*,#2789,.F.);
#1314=ORIENTED_EDGE('',*,*,#2790,.T.);
#1315=ORIENTED_EDGE('',*,*,#2787,.T.);
#1316=ORIENTED_EDGE('',*,*,#2216,.T.);
#1317=ORIENTED_EDGE('',*,*,#2791,.F.);
#1318=ORIENTED_EDGE('',*,*,#2792,.F.);
#1319=ORIENTED_EDGE('',*,*,#2789,.T.);
#1320=ORIENTED_EDGE('',*,*,#2215,.T.);
#1321=ORIENTED_EDGE('',*,*,#2793,.F.);
#1322=ORIENTED_EDGE('',*,*,#2794,.F.);
#1323=ORIENTED_EDGE('',*,*,#2791,.T.);
#1324=ORIENTED_EDGE('',*,*,#1954,.F.);
#1325=ORIENTED_EDGE('',*,*,#2296,.F.);
#1326=ORIENTED_EDGE('',*,*,#2795,.T.);
#1327=ORIENTED_EDGE('',*,*,#2299,.T.);
#1328=ORIENTED_EDGE('',*,*,#1958,.F.);
#1329=ORIENTED_EDGE('',*,*,#2303,.F.);
#1330=ORIENTED_EDGE('',*,*,#2796,.T.);
#1331=ORIENTED_EDGE('',*,*,#2306,.T.);
#1332=ORIENTED_EDGE('',*,*,#1962,.F.);
#1333=ORIENTED_EDGE('',*,*,#2310,.F.);
#1334=ORIENTED_EDGE('',*,*,#2797,.T.);
#1335=ORIENTED_EDGE('',*,*,#2313,.T.);
#1336=ORIENTED_EDGE('',*,*,#1966,.F.);
#1337=ORIENTED_EDGE('',*,*,#2317,.F.);
#1338=ORIENTED_EDGE('',*,*,#2798,.T.);
#1339=ORIENTED_EDGE('',*,*,#2320,.T.);
#1340=ORIENTED_EDGE('',*,*,#1970,.F.);
#1341=ORIENTED_EDGE('',*,*,#2324,.F.);
#1342=ORIENTED_EDGE('',*,*,#2799,.T.);
#1343=ORIENTED_EDGE('',*,*,#2327,.T.);
#1344=ORIENTED_EDGE('',*,*,#1974,.F.);
#1345=ORIENTED_EDGE('',*,*,#2331,.F.);
#1346=ORIENTED_EDGE('',*,*,#2800,.T.);
#1347=ORIENTED_EDGE('',*,*,#2334,.T.);
#1348=ORIENTED_EDGE('',*,*,#1978,.F.);
#1349=ORIENTED_EDGE('',*,*,#2338,.F.);
#1350=ORIENTED_EDGE('',*,*,#2801,.T.);
#1351=ORIENTED_EDGE('',*,*,#2341,.T.);
#1352=ORIENTED_EDGE('',*,*,#1982,.F.);
#1353=ORIENTED_EDGE('',*,*,#2345,.F.);
#1354=ORIENTED_EDGE('',*,*,#2802,.T.);
#1355=ORIENTED_EDGE('',*,*,#2348,.T.);
#1356=ORIENTED_EDGE('',*,*,#1986,.F.);
#1357=ORIENTED_EDGE('',*,*,#2352,.F.);
#1358=ORIENTED_EDGE('',*,*,#2803,.T.);
#1359=ORIENTED_EDGE('',*,*,#2355,.T.);
#1360=ORIENTED_EDGE('',*,*,#1990,.F.);
#1361=ORIENTED_EDGE('',*,*,#2359,.F.);
#1362=ORIENTED_EDGE('',*,*,#2804,.T.);
#1363=ORIENTED_EDGE('',*,*,#2362,.T.);
#1364=ORIENTED_EDGE('',*,*,#1994,.F.);
#1365=ORIENTED_EDGE('',*,*,#2366,.F.);
#1366=ORIENTED_EDGE('',*,*,#2805,.T.);
#1367=ORIENTED_EDGE('',*,*,#2369,.T.);
#1368=ORIENTED_EDGE('',*,*,#1998,.F.);
#1369=ORIENTED_EDGE('',*,*,#2373,.F.);
#1370=ORIENTED_EDGE('',*,*,#2806,.T.);
#1371=ORIENTED_EDGE('',*,*,#2376,.T.);
#1372=ORIENTED_EDGE('',*,*,#2002,.F.);
#1373=ORIENTED_EDGE('',*,*,#2380,.F.);
#1374=ORIENTED_EDGE('',*,*,#2807,.T.);
#1375=ORIENTED_EDGE('',*,*,#2383,.T.);
#1376=ORIENTED_EDGE('',*,*,#2006,.F.);
#1377=ORIENTED_EDGE('',*,*,#2387,.F.);
#1378=ORIENTED_EDGE('',*,*,#2808,.T.);
#1379=ORIENTED_EDGE('',*,*,#2390,.T.);
#1380=ORIENTED_EDGE('',*,*,#2010,.F.);
#1381=ORIENTED_EDGE('',*,*,#2394,.F.);
#1382=ORIENTED_EDGE('',*,*,#2809,.T.);
#1383=ORIENTED_EDGE('',*,*,#2397,.T.);
#1384=ORIENTED_EDGE('',*,*,#2014,.F.);
#1385=ORIENTED_EDGE('',*,*,#2401,.F.);
#1386=ORIENTED_EDGE('',*,*,#2810,.T.);
#1387=ORIENTED_EDGE('',*,*,#2404,.T.);
#1388=ORIENTED_EDGE('',*,*,#2018,.F.);
#1389=ORIENTED_EDGE('',*,*,#2408,.F.);
#1390=ORIENTED_EDGE('',*,*,#2811,.T.);
#1391=ORIENTED_EDGE('',*,*,#2411,.T.);
#1392=ORIENTED_EDGE('',*,*,#2022,.F.);
#1393=ORIENTED_EDGE('',*,*,#2415,.F.);
#1394=ORIENTED_EDGE('',*,*,#2812,.T.);
#1395=ORIENTED_EDGE('',*,*,#2418,.T.);
#1396=ORIENTED_EDGE('',*,*,#2026,.F.);
#1397=ORIENTED_EDGE('',*,*,#2422,.F.);
#1398=ORIENTED_EDGE('',*,*,#2813,.T.);
#1399=ORIENTED_EDGE('',*,*,#2425,.T.);
#1400=ORIENTED_EDGE('',*,*,#2030,.F.);
#1401=ORIENTED_EDGE('',*,*,#2429,.F.);
#1402=ORIENTED_EDGE('',*,*,#2814,.T.);
#1403=ORIENTED_EDGE('',*,*,#2432,.T.);
#1404=ORIENTED_EDGE('',*,*,#2034,.F.);
#1405=ORIENTED_EDGE('',*,*,#2436,.F.);
#1406=ORIENTED_EDGE('',*,*,#2815,.T.);
#1407=ORIENTED_EDGE('',*,*,#2439,.T.);
#1408=ORIENTED_EDGE('',*,*,#2038,.F.);
#1409=ORIENTED_EDGE('',*,*,#2443,.F.);
#1410=ORIENTED_EDGE('',*,*,#2816,.T.);
#1411=ORIENTED_EDGE('',*,*,#2446,.T.);
#1412=ORIENTED_EDGE('',*,*,#2042,.F.);
#1413=ORIENTED_EDGE('',*,*,#2450,.F.);
#1414=ORIENTED_EDGE('',*,*,#2817,.T.);
#1415=ORIENTED_EDGE('',*,*,#2453,.T.);
#1416=ORIENTED_EDGE('',*,*,#2046,.F.);
#1417=ORIENTED_EDGE('',*,*,#2457,.F.);
#1418=ORIENTED_EDGE('',*,*,#2818,.T.);
#1419=ORIENTED_EDGE('',*,*,#2460,.T.);
#1420=ORIENTED_EDGE('',*,*,#2050,.F.);
#1421=ORIENTED_EDGE('',*,*,#2464,.F.);
#1422=ORIENTED_EDGE('',*,*,#2819,.T.);
#1423=ORIENTED_EDGE('',*,*,#2467,.T.);
#1424=ORIENTED_EDGE('',*,*,#2054,.F.);
#1425=ORIENTED_EDGE('',*,*,#2471,.F.);
#1426=ORIENTED_EDGE('',*,*,#2820,.T.);
#1427=ORIENTED_EDGE('',*,*,#2474,.T.);
#1428=ORIENTED_EDGE('',*,*,#2058,.F.);
#1429=ORIENTED_EDGE('',*,*,#2478,.F.);
#1430=ORIENTED_EDGE('',*,*,#2821,.T.);
#1431=ORIENTED_EDGE('',*,*,#2481,.T.);
#1432=ORIENTED_EDGE('',*,*,#2062,.F.);
#1433=ORIENTED_EDGE('',*,*,#2485,.F.);
#1434=ORIENTED_EDGE('',*,*,#2822,.T.);
#1435=ORIENTED_EDGE('',*,*,#2488,.T.);
#1436=ORIENTED_EDGE('',*,*,#2066,.F.);
#1437=ORIENTED_EDGE('',*,*,#2492,.F.);
#1438=ORIENTED_EDGE('',*,*,#2823,.T.);
#1439=ORIENTED_EDGE('',*,*,#2495,.T.);
#1440=ORIENTED_EDGE('',*,*,#2070,.F.);
#1441=ORIENTED_EDGE('',*,*,#2499,.F.);
#1442=ORIENTED_EDGE('',*,*,#2824,.T.);
#1443=ORIENTED_EDGE('',*,*,#2502,.T.);
#1444=ORIENTED_EDGE('',*,*,#2074,.F.);
#1445=ORIENTED_EDGE('',*,*,#2506,.F.);
#1446=ORIENTED_EDGE('',*,*,#2825,.T.);
#1447=ORIENTED_EDGE('',*,*,#2509,.T.);
#1448=ORIENTED_EDGE('',*,*,#2078,.F.);
#1449=ORIENTED_EDGE('',*,*,#2513,.F.);
#1450=ORIENTED_EDGE('',*,*,#2826,.T.);
#1451=ORIENTED_EDGE('',*,*,#2516,.T.);
#1452=ORIENTED_EDGE('',*,*,#2082,.F.);
#1453=ORIENTED_EDGE('',*,*,#2520,.F.);
#1454=ORIENTED_EDGE('',*,*,#2827,.T.);
#1455=ORIENTED_EDGE('',*,*,#2523,.T.);
#1456=ORIENTED_EDGE('',*,*,#2086,.F.);
#1457=ORIENTED_EDGE('',*,*,#2527,.F.);
#1458=ORIENTED_EDGE('',*,*,#2828,.T.);
#1459=ORIENTED_EDGE('',*,*,#2530,.T.);
#1460=ORIENTED_EDGE('',*,*,#2090,.F.);
#1461=ORIENTED_EDGE('',*,*,#2534,.F.);
#1462=ORIENTED_EDGE('',*,*,#2829,.T.);
#1463=ORIENTED_EDGE('',*,*,#2537,.T.);
#1464=ORIENTED_EDGE('',*,*,#2094,.F.);
#1465=ORIENTED_EDGE('',*,*,#2541,.F.);
#1466=ORIENTED_EDGE('',*,*,#2830,.T.);
#1467=ORIENTED_EDGE('',*,*,#2544,.T.);
#1468=ORIENTED_EDGE('',*,*,#2098,.F.);
#1469=ORIENTED_EDGE('',*,*,#2548,.F.);
#1470=ORIENTED_EDGE('',*,*,#2831,.T.);
#1471=ORIENTED_EDGE('',*,*,#2551,.T.);
#1472=ORIENTED_EDGE('',*,*,#2102,.F.);
#1473=ORIENTED_EDGE('',*,*,#2555,.F.);
#1474=ORIENTED_EDGE('',*,*,#2832,.T.);
#1475=ORIENTED_EDGE('',*,*,#2558,.T.);
#1476=ORIENTED_EDGE('',*,*,#2106,.F.);
#1477=ORIENTED_EDGE('',*,*,#2562,.F.);
#1478=ORIENTED_EDGE('',*,*,#2833,.T.);
#1479=ORIENTED_EDGE('',*,*,#2565,.T.);
#1480=ORIENTED_EDGE('',*,*,#2110,.F.);
#1481=ORIENTED_EDGE('',*,*,#2569,.F.);
#1482=ORIENTED_EDGE('',*,*,#2834,.T.);
#1483=ORIENTED_EDGE('',*,*,#2572,.T.);
#1484=ORIENTED_EDGE('',*,*,#2114,.F.);
#1485=ORIENTED_EDGE('',*,*,#2576,.F.);
#1486=ORIENTED_EDGE('',*,*,#2835,.T.);
#1487=ORIENTED_EDGE('',*,*,#2579,.T.);
#1488=ORIENTED_EDGE('',*,*,#2118,.F.);
#1489=ORIENTED_EDGE('',*,*,#2583,.F.);
#1490=ORIENTED_EDGE('',*,*,#2836,.T.);
#1491=ORIENTED_EDGE('',*,*,#2586,.T.);
#1492=ORIENTED_EDGE('',*,*,#2122,.F.);
#1493=ORIENTED_EDGE('',*,*,#2590,.F.);
#1494=ORIENTED_EDGE('',*,*,#2837,.T.);
#1495=ORIENTED_EDGE('',*,*,#2593,.T.);
#1496=ORIENTED_EDGE('',*,*,#2126,.F.);
#1497=ORIENTED_EDGE('',*,*,#2597,.F.);
#1498=ORIENTED_EDGE('',*,*,#2838,.T.);
#1499=ORIENTED_EDGE('',*,*,#2600,.T.);
#1500=ORIENTED_EDGE('',*,*,#2130,.F.);
#1501=ORIENTED_EDGE('',*,*,#2604,.F.);
#1502=ORIENTED_EDGE('',*,*,#2839,.T.);
#1503=ORIENTED_EDGE('',*,*,#2607,.T.);
#1504=ORIENTED_EDGE('',*,*,#2134,.F.);
#1505=ORIENTED_EDGE('',*,*,#2611,.F.);
#1506=ORIENTED_EDGE('',*,*,#2840,.T.);
#1507=ORIENTED_EDGE('',*,*,#2614,.T.);
#1508=ORIENTED_EDGE('',*,*,#2138,.F.);
#1509=ORIENTED_EDGE('',*,*,#2618,.F.);
#1510=ORIENTED_EDGE('',*,*,#2841,.T.);
#1511=ORIENTED_EDGE('',*,*,#2621,.T.);
#1512=ORIENTED_EDGE('',*,*,#2142,.F.);
#1513=ORIENTED_EDGE('',*,*,#2625,.F.);
#1514=ORIENTED_EDGE('',*,*,#2842,.T.);
#1515=ORIENTED_EDGE('',*,*,#2628,.T.);
#1516=ORIENTED_EDGE('',*,*,#2146,.F.);
#1517=ORIENTED_EDGE('',*,*,#2632,.F.);
#1518=ORIENTED_EDGE('',*,*,#2843,.T.);
#1519=ORIENTED_EDGE('',*,*,#2635,.T.);
#1520=ORIENTED_EDGE('',*,*,#2150,.F.);
#1521=ORIENTED_EDGE('',*,*,#2639,.F.);
#1522=ORIENTED_EDGE('',*,*,#2844,.T.);
#1523=ORIENTED_EDGE('',*,*,#2642,.T.);
#1524=ORIENTED_EDGE('',*,*,#2154,.F.);
#1525=ORIENTED_EDGE('',*,*,#2646,.F.);
#1526=ORIENTED_EDGE('',*,*,#2845,.T.);
#1527=ORIENTED_EDGE('',*,*,#2649,.T.);
#1528=ORIENTED_EDGE('',*,*,#2158,.F.);
#1529=ORIENTED_EDGE('',*,*,#2653,.F.);
#1530=ORIENTED_EDGE('',*,*,#2846,.T.);
#1531=ORIENTED_EDGE('',*,*,#2656,.T.);
#1532=ORIENTED_EDGE('',*,*,#2162,.F.);
#1533=ORIENTED_EDGE('',*,*,#2660,.F.);
#1534=ORIENTED_EDGE('',*,*,#2847,.T.);
#1535=ORIENTED_EDGE('',*,*,#2663,.T.);
#1536=ORIENTED_EDGE('',*,*,#2166,.F.);
#1537=ORIENTED_EDGE('',*,*,#2667,.F.);
#1538=ORIENTED_EDGE('',*,*,#2848,.T.);
#1539=ORIENTED_EDGE('',*,*,#2670,.T.);
#1540=ORIENTED_EDGE('',*,*,#2243,.F.);
#1541=ORIENTED_EDGE('',*,*,#2674,.F.);
#1542=ORIENTED_EDGE('',*,*,#2849,.T.);
#1543=ORIENTED_EDGE('',*,*,#2686,.T.);
#1544=ORIENTED_EDGE('',*,*,#2170,.F.);
#1545=ORIENTED_EDGE('',*,*,#2690,.F.);
#1546=ORIENTED_EDGE('',*,*,#2850,.T.);
#1547=ORIENTED_EDGE('',*,*,#2709,.T.);
#1548=ORIENTED_EDGE('',*,*,#2182,.F.);
#1549=ORIENTED_EDGE('',*,*,#2713,.F.);
#1550=ORIENTED_EDGE('',*,*,#2851,.T.);
#1551=ORIENTED_EDGE('',*,*,#2740,.T.);
#1552=ORIENTED_EDGE('',*,*,#2198,.F.);
#1553=ORIENTED_EDGE('',*,*,#2744,.F.);
#1554=ORIENTED_EDGE('',*,*,#2852,.T.);
#1555=ORIENTED_EDGE('',*,*,#2763,.T.);
#1556=ORIENTED_EDGE('',*,*,#2210,.F.);
#1557=ORIENTED_EDGE('',*,*,#2767,.F.);
#1558=ORIENTED_EDGE('',*,*,#2853,.T.);
#1559=ORIENTED_EDGE('',*,*,#2770,.T.);
#1560=ORIENTED_EDGE('',*,*,#2214,.F.);
#1561=ORIENTED_EDGE('',*,*,#2774,.F.);
#1562=ORIENTED_EDGE('',*,*,#2854,.T.);
#1563=ORIENTED_EDGE('',*,*,#2793,.T.);
#1564=ORIENTED_EDGE('',*,*,#1950,.F.);
#1565=ORIENTED_EDGE('',*,*,#2289,.F.);
#1566=ORIENTED_EDGE('',*,*,#2855,.T.);
#1567=ORIENTED_EDGE('',*,*,#2292,.T.);
#1568=ORIENTED_EDGE('',*,*,#2856,.F.);
#1569=ORIENTED_EDGE('',*,*,#2267,.F.);
#1570=ORIENTED_EDGE('',*,*,#2264,.F.);
#1571=ORIENTED_EDGE('',*,*,#2260,.T.);
#1572=ORIENTED_EDGE('',*,*,#2274,.T.);
#1573=ORIENTED_EDGE('',*,*,#2271,.F.);
#1574=ORIENTED_EDGE('',*,*,#2857,.F.);
#1575=ORIENTED_EDGE('',*,*,#2249,.F.);
#1576=ORIENTED_EDGE('',*,*,#2687,.F.);
#1577=ORIENTED_EDGE('',*,*,#2849,.F.);
#1578=ORIENTED_EDGE('',*,*,#2673,.F.);
#1579=ORIENTED_EDGE('',*,*,#2676,.T.);
#1580=ORIENTED_EDGE('',*,*,#2678,.F.);
#1581=ORIENTED_EDGE('',*,*,#2680,.T.);
#1582=ORIENTED_EDGE('',*,*,#2682,.F.);
#1583=ORIENTED_EDGE('',*,*,#2685,.F.);
#1584=ORIENTED_EDGE('',*,*,#2858,.T.);
#1585=ORIENTED_EDGE('',*,*,#2859,.T.);
#1586=ORIENTED_EDGE('',*,*,#2773,.F.);
#1587=ORIENTED_EDGE('',*,*,#2776,.T.);
#1588=ORIENTED_EDGE('',*,*,#2778,.T.);
#1589=ORIENTED_EDGE('',*,*,#2780,.F.);
#1590=ORIENTED_EDGE('',*,*,#2782,.F.);
#1591=ORIENTED_EDGE('',*,*,#2784,.T.);
#1592=ORIENTED_EDGE('',*,*,#2786,.T.);
#1593=ORIENTED_EDGE('',*,*,#2788,.F.);
#1594=ORIENTED_EDGE('',*,*,#2790,.F.);
#1595=ORIENTED_EDGE('',*,*,#2792,.T.);
#1596=ORIENTED_EDGE('',*,*,#2794,.T.);
#1597=ORIENTED_EDGE('',*,*,#2854,.F.);
#1598=ORIENTED_EDGE('',*,*,#2766,.F.);
#1599=ORIENTED_EDGE('',*,*,#2769,.T.);
#1600=ORIENTED_EDGE('',*,*,#2771,.T.);
#1601=ORIENTED_EDGE('',*,*,#2853,.F.);
#1602=ORIENTED_EDGE('',*,*,#2743,.F.);
#1603=ORIENTED_EDGE('',*,*,#2746,.T.);
#1604=ORIENTED_EDGE('',*,*,#2748,.T.);
#1605=ORIENTED_EDGE('',*,*,#2750,.F.);
#1606=ORIENTED_EDGE('',*,*,#2752,.F.);
#1607=ORIENTED_EDGE('',*,*,#2754,.T.);
#1608=ORIENTED_EDGE('',*,*,#2756,.T.);
#1609=ORIENTED_EDGE('',*,*,#2758,.F.);
#1610=ORIENTED_EDGE('',*,*,#2760,.F.);
#1611=ORIENTED_EDGE('',*,*,#2762,.T.);
#1612=ORIENTED_EDGE('',*,*,#2764,.T.);
#1613=ORIENTED_EDGE('',*,*,#2852,.F.);
#1614=ORIENTED_EDGE('',*,*,#2712,.F.);
#1615=ORIENTED_EDGE('',*,*,#2715,.T.);
#1616=ORIENTED_EDGE('',*,*,#2717,.T.);
#1617=ORIENTED_EDGE('',*,*,#2719,.F.);
#1618=ORIENTED_EDGE('',*,*,#2721,.T.);
#1619=ORIENTED_EDGE('',*,*,#2723,.F.);
#1620=ORIENTED_EDGE('',*,*,#2725,.F.);
#1621=ORIENTED_EDGE('',*,*,#2727,.T.);
#1622=ORIENTED_EDGE('',*,*,#2729,.T.);
#1623=ORIENTED_EDGE('',*,*,#2731,.F.);
#1624=ORIENTED_EDGE('',*,*,#2733,.F.);
#1625=ORIENTED_EDGE('',*,*,#2735,.T.);
#1626=ORIENTED_EDGE('',*,*,#2737,.F.);
#1627=ORIENTED_EDGE('',*,*,#2739,.T.);
#1628=ORIENTED_EDGE('',*,*,#2741,.T.);
#1629=ORIENTED_EDGE('',*,*,#2851,.F.);
#1630=ORIENTED_EDGE('',*,*,#2689,.F.);
#1631=ORIENTED_EDGE('',*,*,#2692,.T.);
#1632=ORIENTED_EDGE('',*,*,#2694,.T.);
#1633=ORIENTED_EDGE('',*,*,#2696,.F.);
#1634=ORIENTED_EDGE('',*,*,#2698,.F.);
#1635=ORIENTED_EDGE('',*,*,#2700,.F.);
#1636=ORIENTED_EDGE('',*,*,#2702,.T.);
#1637=ORIENTED_EDGE('',*,*,#2704,.F.);
#1638=ORIENTED_EDGE('',*,*,#2706,.F.);
#1639=ORIENTED_EDGE('',*,*,#2708,.T.);
#1640=ORIENTED_EDGE('',*,*,#2710,.T.);
#1641=ORIENTED_EDGE('',*,*,#2850,.F.);
#1642=ORIENTED_EDGE('',*,*,#2666,.F.);
#1643=ORIENTED_EDGE('',*,*,#2669,.T.);
#1644=ORIENTED_EDGE('',*,*,#2671,.T.);
#1645=ORIENTED_EDGE('',*,*,#2848,.F.);
#1646=ORIENTED_EDGE('',*,*,#2659,.F.);
#1647=ORIENTED_EDGE('',*,*,#2662,.T.);
#1648=ORIENTED_EDGE('',*,*,#2664,.T.);
#1649=ORIENTED_EDGE('',*,*,#2847,.F.);
#1650=ORIENTED_EDGE('',*,*,#2652,.F.);
#1651=ORIENTED_EDGE('',*,*,#2655,.T.);
#1652=ORIENTED_EDGE('',*,*,#2657,.T.);
#1653=ORIENTED_EDGE('',*,*,#2846,.F.);
#1654=ORIENTED_EDGE('',*,*,#2645,.F.);
#1655=ORIENTED_EDGE('',*,*,#2648,.T.);
#1656=ORIENTED_EDGE('',*,*,#2650,.T.);
#1657=ORIENTED_EDGE('',*,*,#2845,.F.);
#1658=ORIENTED_EDGE('',*,*,#2638,.F.);
#1659=ORIENTED_EDGE('',*,*,#2641,.T.);
#1660=ORIENTED_EDGE('',*,*,#2643,.T.);
#1661=ORIENTED_EDGE('',*,*,#2844,.F.);
#1662=ORIENTED_EDGE('',*,*,#2631,.F.);
#1663=ORIENTED_EDGE('',*,*,#2634,.T.);
#1664=ORIENTED_EDGE('',*,*,#2636,.T.);
#1665=ORIENTED_EDGE('',*,*,#2843,.F.);
#1666=ORIENTED_EDGE('',*,*,#2624,.F.);
#1667=ORIENTED_EDGE('',*,*,#2627,.T.);
#1668=ORIENTED_EDGE('',*,*,#2629,.T.);
#1669=ORIENTED_EDGE('',*,*,#2842,.F.);
#1670=ORIENTED_EDGE('',*,*,#2617,.F.);
#1671=ORIENTED_EDGE('',*,*,#2620,.T.);
#1672=ORIENTED_EDGE('',*,*,#2622,.T.);
#1673=ORIENTED_EDGE('',*,*,#2841,.F.);
#1674=ORIENTED_EDGE('',*,*,#2610,.F.);
#1675=ORIENTED_EDGE('',*,*,#2613,.T.);
#1676=ORIENTED_EDGE('',*,*,#2615,.T.);
#1677=ORIENTED_EDGE('',*,*,#2840,.F.);
#1678=ORIENTED_EDGE('',*,*,#2603,.F.);
#1679=ORIENTED_EDGE('',*,*,#2606,.T.);
#1680=ORIENTED_EDGE('',*,*,#2608,.T.);
#1681=ORIENTED_EDGE('',*,*,#2839,.F.);
#1682=ORIENTED_EDGE('',*,*,#2596,.F.);
#1683=ORIENTED_EDGE('',*,*,#2599,.T.);
#1684=ORIENTED_EDGE('',*,*,#2601,.T.);
#1685=ORIENTED_EDGE('',*,*,#2838,.F.);
#1686=ORIENTED_EDGE('',*,*,#2589,.F.);
#1687=ORIENTED_EDGE('',*,*,#2592,.T.);
#1688=ORIENTED_EDGE('',*,*,#2594,.T.);
#1689=ORIENTED_EDGE('',*,*,#2837,.F.);
#1690=ORIENTED_EDGE('',*,*,#2582,.F.);
#1691=ORIENTED_EDGE('',*,*,#2585,.T.);
#1692=ORIENTED_EDGE('',*,*,#2587,.T.);
#1693=ORIENTED_EDGE('',*,*,#2836,.F.);
#1694=ORIENTED_EDGE('',*,*,#2575,.F.);
#1695=ORIENTED_EDGE('',*,*,#2578,.T.);
#1696=ORIENTED_EDGE('',*,*,#2580,.T.);
#1697=ORIENTED_EDGE('',*,*,#2835,.F.);
#1698=ORIENTED_EDGE('',*,*,#2568,.F.);
#1699=ORIENTED_EDGE('',*,*,#2571,.T.);
#1700=ORIENTED_EDGE('',*,*,#2573,.T.);
#1701=ORIENTED_EDGE('',*,*,#2834,.F.);
#1702=ORIENTED_EDGE('',*,*,#2561,.F.);
#1703=ORIENTED_EDGE('',*,*,#2564,.T.);
#1704=ORIENTED_EDGE('',*,*,#2566,.T.);
#1705=ORIENTED_EDGE('',*,*,#2833,.F.);
#1706=ORIENTED_EDGE('',*,*,#2554,.F.);
#1707=ORIENTED_EDGE('',*,*,#2557,.T.);
#1708=ORIENTED_EDGE('',*,*,#2559,.T.);
#1709=ORIENTED_EDGE('',*,*,#2832,.F.);
#1710=ORIENTED_EDGE('',*,*,#2547,.F.);
#1711=ORIENTED_EDGE('',*,*,#2550,.T.);
#1712=ORIENTED_EDGE('',*,*,#2552,.T.);
#1713=ORIENTED_EDGE('',*,*,#2831,.F.);
#1714=ORIENTED_EDGE('',*,*,#2540,.F.);
#1715=ORIENTED_EDGE('',*,*,#2543,.T.);
#1716=ORIENTED_EDGE('',*,*,#2545,.T.);
#1717=ORIENTED_EDGE('',*,*,#2830,.F.);
#1718=ORIENTED_EDGE('',*,*,#2533,.F.);
#1719=ORIENTED_EDGE('',*,*,#2536,.T.);
#1720=ORIENTED_EDGE('',*,*,#2538,.T.);
#1721=ORIENTED_EDGE('',*,*,#2829,.F.);
#1722=ORIENTED_EDGE('',*,*,#2526,.F.);
#1723=ORIENTED_EDGE('',*,*,#2529,.T.);
#1724=ORIENTED_EDGE('',*,*,#2531,.T.);
#1725=ORIENTED_EDGE('',*,*,#2828,.F.);
#1726=ORIENTED_EDGE('',*,*,#2519,.F.);
#1727=ORIENTED_EDGE('',*,*,#2522,.T.);
#1728=ORIENTED_EDGE('',*,*,#2524,.T.);
#1729=ORIENTED_EDGE('',*,*,#2827,.F.);
#1730=ORIENTED_EDGE('',*,*,#2512,.F.);
#1731=ORIENTED_EDGE('',*,*,#2515,.T.);
#1732=ORIENTED_EDGE('',*,*,#2517,.T.);
#1733=ORIENTED_EDGE('',*,*,#2826,.F.);
#1734=ORIENTED_EDGE('',*,*,#2505,.F.);
#1735=ORIENTED_EDGE('',*,*,#2508,.T.);
#1736=ORIENTED_EDGE('',*,*,#2510,.T.);
#1737=ORIENTED_EDGE('',*,*,#2825,.F.);
#1738=ORIENTED_EDGE('',*,*,#2498,.F.);
#1739=ORIENTED_EDGE('',*,*,#2501,.T.);
#1740=ORIENTED_EDGE('',*,*,#2503,.T.);
#1741=ORIENTED_EDGE('',*,*,#2824,.F.);
#1742=ORIENTED_EDGE('',*,*,#2491,.F.);
#1743=ORIENTED_EDGE('',*,*,#2494,.T.);
#1744=ORIENTED_EDGE('',*,*,#2496,.T.);
#1745=ORIENTED_EDGE('',*,*,#2823,.F.);
#1746=ORIENTED_EDGE('',*,*,#2484,.F.);
#1747=ORIENTED_EDGE('',*,*,#2487,.T.);
#1748=ORIENTED_EDGE('',*,*,#2489,.T.);
#1749=ORIENTED_EDGE('',*,*,#2822,.F.);
#1750=ORIENTED_EDGE('',*,*,#2477,.F.);
#1751=ORIENTED_EDGE('',*,*,#2480,.T.);
#1752=ORIENTED_EDGE('',*,*,#2482,.T.);
#1753=ORIENTED_EDGE('',*,*,#2821,.F.);
#1754=ORIENTED_EDGE('',*,*,#2470,.F.);
#1755=ORIENTED_EDGE('',*,*,#2473,.T.);
#1756=ORIENTED_EDGE('',*,*,#2475,.T.);
#1757=ORIENTED_EDGE('',*,*,#2820,.F.);
#1758=ORIENTED_EDGE('',*,*,#2463,.F.);
#1759=ORIENTED_EDGE('',*,*,#2466,.T.);
#1760=ORIENTED_EDGE('',*,*,#2468,.T.);
#1761=ORIENTED_EDGE('',*,*,#2819,.F.);
#1762=ORIENTED_EDGE('',*,*,#2456,.F.);
#1763=ORIENTED_EDGE('',*,*,#2459,.T.);
#1764=ORIENTED_EDGE('',*,*,#2461,.T.);
#1765=ORIENTED_EDGE('',*,*,#2818,.F.);
#1766=ORIENTED_EDGE('',*,*,#2449,.F.);
#1767=ORIENTED_EDGE('',*,*,#2452,.T.);
#1768=ORIENTED_EDGE('',*,*,#2454,.T.);
#1769=ORIENTED_EDGE('',*,*,#2817,.F.);
#1770=ORIENTED_EDGE('',*,*,#2442,.F.);
#1771=ORIENTED_EDGE('',*,*,#2445,.T.);
#1772=ORIENTED_EDGE('',*,*,#2447,.T.);
#1773=ORIENTED_EDGE('',*,*,#2816,.F.);
#1774=ORIENTED_EDGE('',*,*,#2435,.F.);
#1775=ORIENTED_EDGE('',*,*,#2438,.T.);
#1776=ORIENTED_EDGE('',*,*,#2440,.T.);
#1777=ORIENTED_EDGE('',*,*,#2815,.F.);
#1778=ORIENTED_EDGE('',*,*,#2428,.F.);
#1779=ORIENTED_EDGE('',*,*,#2431,.T.);
#1780=ORIENTED_EDGE('',*,*,#2433,.T.);
#1781=ORIENTED_EDGE('',*,*,#2814,.F.);
#1782=ORIENTED_EDGE('',*,*,#2421,.F.);
#1783=ORIENTED_EDGE('',*,*,#2424,.T.);
#1784=ORIENTED_EDGE('',*,*,#2426,.T.);
#1785=ORIENTED_EDGE('',*,*,#2813,.F.);
#1786=ORIENTED_EDGE('',*,*,#2414,.F.);
#1787=ORIENTED_EDGE('',*,*,#2417,.T.);
#1788=ORIENTED_EDGE('',*,*,#2419,.T.);
#1789=ORIENTED_EDGE('',*,*,#2812,.F.);
#1790=ORIENTED_EDGE('',*,*,#2407,.F.);
#1791=ORIENTED_EDGE('',*,*,#2410,.T.);
#1792=ORIENTED_EDGE('',*,*,#2412,.T.);
#1793=ORIENTED_EDGE('',*,*,#2811,.F.);
#1794=ORIENTED_EDGE('',*,*,#2400,.F.);
#1795=ORIENTED_EDGE('',*,*,#2403,.T.);
#1796=ORIENTED_EDGE('',*,*,#2405,.T.);
#1797=ORIENTED_EDGE('',*,*,#2810,.F.);
#1798=ORIENTED_EDGE('',*,*,#2393,.F.);
#1799=ORIENTED_EDGE('',*,*,#2396,.T.);
#1800=ORIENTED_EDGE('',*,*,#2398,.T.);
#1801=ORIENTED_EDGE('',*,*,#2809,.F.);
#1802=ORIENTED_EDGE('',*,*,#2386,.F.);
#1803=ORIENTED_EDGE('',*,*,#2389,.T.);
#1804=ORIENTED_EDGE('',*,*,#2391,.T.);
#1805=ORIENTED_EDGE('',*,*,#2808,.F.);
#1806=ORIENTED_EDGE('',*,*,#2379,.F.);
#1807=ORIENTED_EDGE('',*,*,#2382,.T.);
#1808=ORIENTED_EDGE('',*,*,#2384,.T.);
#1809=ORIENTED_EDGE('',*,*,#2807,.F.);
#1810=ORIENTED_EDGE('',*,*,#2372,.F.);
#1811=ORIENTED_EDGE('',*,*,#2375,.T.);
#1812=ORIENTED_EDGE('',*,*,#2377,.T.);
#1813=ORIENTED_EDGE('',*,*,#2806,.F.);
#1814=ORIENTED_EDGE('',*,*,#2365,.F.);
#1815=ORIENTED_EDGE('',*,*,#2368,.T.);
#1816=ORIENTED_EDGE('',*,*,#2370,.T.);
#1817=ORIENTED_EDGE('',*,*,#2805,.F.);
#1818=ORIENTED_EDGE('',*,*,#2358,.F.);
#1819=ORIENTED_EDGE('',*,*,#2361,.T.);
#1820=ORIENTED_EDGE('',*,*,#2363,.T.);
#1821=ORIENTED_EDGE('',*,*,#2804,.F.);
#1822=ORIENTED_EDGE('',*,*,#2351,.F.);
#1823=ORIENTED_EDGE('',*,*,#2354,.T.);
#1824=ORIENTED_EDGE('',*,*,#2356,.T.);
#1825=ORIENTED_EDGE('',*,*,#2803,.F.);
#1826=ORIENTED_EDGE('',*,*,#2344,.F.);
#1827=ORIENTED_EDGE('',*,*,#2347,.T.);
#1828=ORIENTED_EDGE('',*,*,#2349,.T.);
#1829=ORIENTED_EDGE('',*,*,#2802,.F.);
#1830=ORIENTED_EDGE('',*,*,#2337,.F.);
#1831=ORIENTED_EDGE('',*,*,#2340,.T.);
#1832=ORIENTED_EDGE('',*,*,#2342,.T.);
#1833=ORIENTED_EDGE('',*,*,#2801,.F.);
#1834=ORIENTED_EDGE('',*,*,#2330,.F.);
#1835=ORIENTED_EDGE('',*,*,#2333,.T.);
#1836=ORIENTED_EDGE('',*,*,#2335,.T.);
#1837=ORIENTED_EDGE('',*,*,#2800,.F.);
#1838=ORIENTED_EDGE('',*,*,#2323,.F.);
#1839=ORIENTED_EDGE('',*,*,#2326,.T.);
#1840=ORIENTED_EDGE('',*,*,#2328,.T.);
#1841=ORIENTED_EDGE('',*,*,#2799,.F.);
#1842=ORIENTED_EDGE('',*,*,#2316,.F.);
#1843=ORIENTED_EDGE('',*,*,#2319,.T.);
#1844=ORIENTED_EDGE('',*,*,#2321,.T.);
#1845=ORIENTED_EDGE('',*,*,#2798,.F.);
#1846=ORIENTED_EDGE('',*,*,#2309,.F.);
#1847=ORIENTED_EDGE('',*,*,#2312,.T.);
#1848=ORIENTED_EDGE('',*,*,#2314,.T.);
#1849=ORIENTED_EDGE('',*,*,#2797,.F.);
#1850=ORIENTED_EDGE('',*,*,#2302,.F.);
#1851=ORIENTED_EDGE('',*,*,#2305,.T.);
#1852=ORIENTED_EDGE('',*,*,#2307,.T.);
#1853=ORIENTED_EDGE('',*,*,#2796,.F.);
#1854=ORIENTED_EDGE('',*,*,#2295,.F.);
#1855=ORIENTED_EDGE('',*,*,#2298,.T.);
#1856=ORIENTED_EDGE('',*,*,#2300,.T.);
#1857=ORIENTED_EDGE('',*,*,#2795,.F.);
#1858=ORIENTED_EDGE('',*,*,#2288,.F.);
#1859=ORIENTED_EDGE('',*,*,#2291,.T.);
#1860=ORIENTED_EDGE('',*,*,#2293,.T.);
#1861=ORIENTED_EDGE('',*,*,#2855,.F.);
#1862=ORIENTED_EDGE('',*,*,#2859,.F.);
#1863=ORIENTED_EDGE('',*,*,#2225,.T.);
#1864=ORIENTED_EDGE('',*,*,#2858,.F.);
#1865=ORIENTED_EDGE('',*,*,#2226,.T.);
#1866=ORIENTED_EDGE('',*,*,#2259,.F.);
#1867=ORIENTED_EDGE('',*,*,#2860,.T.);
#1868=ORIENTED_EDGE('',*,*,#2254,.F.);
#1869=ORIENTED_EDGE('',*,*,#2232,.F.);
#1870=ORIENTED_EDGE('',*,*,#2256,.F.);
#1871=ORIENTED_EDGE('',*,*,#2861,.T.);
#1872=ORIENTED_EDGE('',*,*,#2252,.F.);
#1873=ORIENTED_EDGE('',*,*,#2234,.F.);
#1874=ORIENTED_EDGE('',*,*,#1947,.F.);
#1875=ORIENTED_EDGE('',*,*,#2862,.T.);
#1876=ORIENTED_EDGE('',*,*,#2276,.F.);
#1877=ORIENTED_EDGE('',*,*,#2228,.F.);
#1878=ORIENTED_EDGE('',*,*,#2278,.F.);
#1879=ORIENTED_EDGE('',*,*,#2863,.T.);
#1880=ORIENTED_EDGE('',*,*,#2257,.F.);
#1881=ORIENTED_EDGE('',*,*,#2230,.F.);
#1882=ORIENTED_EDGE('',*,*,#2864,.F.);
#1883=ORIENTED_EDGE('',*,*,#2253,.F.);
#1884=ORIENTED_EDGE('',*,*,#2865,.F.);
#1885=ORIENTED_EDGE('',*,*,#2284,.F.);
#1886=ORIENTED_EDGE('',*,*,#2866,.F.);
#1887=ORIENTED_EDGE('',*,*,#1946,.F.);
#1888=ORIENTED_EDGE('',*,*,#2867,.F.);
#1889=ORIENTED_EDGE('',*,*,#2868,.F.);
#1890=ORIENTED_EDGE('',*,*,#2865,.T.);
#1891=ORIENTED_EDGE('',*,*,#2861,.F.);
#1892=ORIENTED_EDGE('',*,*,#2869,.F.);
#1893=ORIENTED_EDGE('',*,*,#2285,.F.);
#1894=ORIENTED_EDGE('',*,*,#2866,.T.);
#1895=ORIENTED_EDGE('',*,*,#2283,.F.);
#1896=ORIENTED_EDGE('',*,*,#2870,.F.);
#1897=ORIENTED_EDGE('',*,*,#2862,.F.);
#1898=ORIENTED_EDGE('',*,*,#2869,.T.);
#1899=ORIENTED_EDGE('',*,*,#2255,.F.);
#1900=ORIENTED_EDGE('',*,*,#2871,.F.);
#1901=ORIENTED_EDGE('',*,*,#2286,.F.);
#1902=ORIENTED_EDGE('',*,*,#2870,.T.);
#1903=ORIENTED_EDGE('',*,*,#2282,.F.);
#1904=ORIENTED_EDGE('',*,*,#2872,.F.);
#1905=ORIENTED_EDGE('',*,*,#2277,.F.);
#1906=ORIENTED_EDGE('',*,*,#2871,.T.);
#1907=ORIENTED_EDGE('',*,*,#2860,.F.);
#1908=ORIENTED_EDGE('',*,*,#2873,.F.);
#1909=ORIENTED_EDGE('',*,*,#2279,.F.);
#1910=ORIENTED_EDGE('',*,*,#2872,.T.);
#1911=ORIENTED_EDGE('',*,*,#2281,.F.);
#1912=ORIENTED_EDGE('',*,*,#2874,.F.);
#1913=ORIENTED_EDGE('',*,*,#2863,.F.);
#1914=ORIENTED_EDGE('',*,*,#2873,.T.);
#1915=ORIENTED_EDGE('',*,*,#2258,.F.);
#1916=ORIENTED_EDGE('',*,*,#2874,.T.);
#1917=ORIENTED_EDGE('',*,*,#2280,.F.);
#1918=ORIENTED_EDGE('',*,*,#1944,.T.);
#1919=ORIENTED_EDGE('',*,*,#2227,.T.);
#1920=ORIENTED_EDGE('',*,*,#2247,.F.);
#1921=ORIENTED_EDGE('',*,*,#2875,.T.);
#1922=ORIENTED_EDGE('',*,*,#2876,.F.);
#1923=ORIENTED_EDGE('',*,*,#2683,.T.);
#1924=ORIENTED_EDGE('',*,*,#2236,.F.);
#1925=ORIENTED_EDGE('',*,*,#2251,.F.);
#1926=ORIENTED_EDGE('',*,*,#2856,.T.);
#1927=ORIENTED_EDGE('',*,*,#2684,.T.);
#1928=ORIENTED_EDGE('',*,*,#2876,.T.);
#1929=ORIENTED_EDGE('',*,*,#2250,.F.);
#1930=ORIENTED_EDGE('',*,*,#2864,.T.);
#1931=ORIENTED_EDGE('',*,*,#2877,.F.);
#1932=ORIENTED_EDGE('',*,*,#2268,.F.);
#1933=ORIENTED_EDGE('',*,*,#2877,.T.);
#1934=ORIENTED_EDGE('',*,*,#2868,.T.);
#1935=ORIENTED_EDGE('',*,*,#2878,.F.);
#1936=ORIENTED_EDGE('',*,*,#2269,.F.);
#1937=ORIENTED_EDGE('',*,*,#2878,.T.);
#1938=ORIENTED_EDGE('',*,*,#2867,.T.);
#1939=ORIENTED_EDGE('',*,*,#1945,.F.);
#1940=ORIENTED_EDGE('',*,*,#2875,.F.);
#1941=ORIENTED_EDGE('',*,*,#2246,.T.);
#1942=ORIENTED_EDGE('',*,*,#2857,.T.);
#1943=ORIENTED_EDGE('',*,*,#2270,.F.);
#1944=EDGE_CURVE('',#2879,#2880,#3501,.T.);
#1945=EDGE_CURVE('',#2879,#2881,#66,.T.);
#1946=EDGE_CURVE('',#2881,#2882,#3502,.F.);
#1947=EDGE_CURVE('',#2882,#2883,#3503,.T.);
#1948=EDGE_CURVE('',#2883,#2880,#3504,.T.);
#1949=EDGE_CURVE('',#2884,#2885,#3505,.T.);
#1950=EDGE_CURVE('',#2885,#2886,#3506,.T.);
#1951=EDGE_CURVE('',#2887,#2886,#3507,.T.);
#1952=EDGE_CURVE('',#2884,#2887,#3508,.T.);
#1953=EDGE_CURVE('',#2888,#2889,#3509,.T.);
#1954=EDGE_CURVE('',#2889,#2890,#3510,.T.);
#1955=EDGE_CURVE('',#2891,#2890,#3511,.T.);
#1956=EDGE_CURVE('',#2888,#2891,#3512,.T.);
#1957=EDGE_CURVE('',#2892,#2893,#3513,.T.);
#1958=EDGE_CURVE('',#2893,#2894,#3514,.T.);
#1959=EDGE_CURVE('',#2895,#2894,#3515,.T.);
#1960=EDGE_CURVE('',#2892,#2895,#3516,.T.);
#1961=EDGE_CURVE('',#2896,#2897,#3517,.T.);
#1962=EDGE_CURVE('',#2897,#2898,#3518,.T.);
#1963=EDGE_CURVE('',#2899,#2898,#3519,.T.);
#1964=EDGE_CURVE('',#2896,#2899,#3520,.T.);
#1965=EDGE_CURVE('',#2900,#2901,#3521,.T.);
#1966=EDGE_CURVE('',#2901,#2902,#3522,.T.);
#1967=EDGE_CURVE('',#2903,#2902,#3523,.T.);
#1968=EDGE_CURVE('',#2900,#2903,#3524,.T.);
#1969=EDGE_CURVE('',#2904,#2905,#3525,.T.);
#1970=EDGE_CURVE('',#2905,#2906,#3526,.T.);
#1971=EDGE_CURVE('',#2907,#2906,#3527,.T.);
#1972=EDGE_CURVE('',#2904,#2907,#3528,.T.);
#1973=EDGE_CURVE('',#2908,#2909,#3529,.T.);
#1974=EDGE_CURVE('',#2909,#2910,#3530,.T.);
#1975=EDGE_CURVE('',#2911,#2910,#3531,.T.);
#1976=EDGE_CURVE('',#2908,#2911,#3532,.T.);
#1977=EDGE_CURVE('',#2912,#2913,#3533,.T.);
#1978=EDGE_CURVE('',#2913,#2914,#3534,.T.);
#1979=EDGE_CURVE('',#2915,#2914,#3535,.T.);
#1980=EDGE_CURVE('',#2912,#2915,#3536,.T.);
#1981=EDGE_CURVE('',#2916,#2917,#3537,.T.);
#1982=EDGE_CURVE('',#2917,#2918,#3538,.T.);
#1983=EDGE_CURVE('',#2919,#2918,#3539,.T.);
#1984=EDGE_CURVE('',#2916,#2919,#3540,.T.);
#1985=EDGE_CURVE('',#2920,#2921,#3541,.T.);
#1986=EDGE_CURVE('',#2921,#2922,#3542,.T.);
#1987=EDGE_CURVE('',#2923,#2922,#3543,.T.);
#1988=EDGE_CURVE('',#2920,#2923,#3544,.T.);
#1989=EDGE_CURVE('',#2924,#2925,#3545,.T.);
#1990=EDGE_CURVE('',#2925,#2926,#3546,.T.);
#1991=EDGE_CURVE('',#2927,#2926,#3547,.T.);
#1992=EDGE_CURVE('',#2924,#2927,#3548,.T.);
#1993=EDGE_CURVE('',#2928,#2929,#3549,.T.);
#1994=EDGE_CURVE('',#2929,#2930,#3550,.T.);
#1995=EDGE_CURVE('',#2931,#2930,#3551,.T.);
#1996=EDGE_CURVE('',#2928,#2931,#3552,.T.);
#1997=EDGE_CURVE('',#2932,#2933,#3553,.T.);
#1998=EDGE_CURVE('',#2933,#2934,#3554,.T.);
#1999=EDGE_CURVE('',#2935,#2934,#3555,.T.);
#2000=EDGE_CURVE('',#2932,#2935,#3556,.T.);
#2001=EDGE_CURVE('',#2936,#2937,#3557,.T.);
#2002=EDGE_CURVE('',#2937,#2938,#3558,.T.);
#2003=EDGE_CURVE('',#2939,#2938,#3559,.T.);
#2004=EDGE_CURVE('',#2936,#2939,#3560,.T.);
#2005=EDGE_CURVE('',#2940,#2941,#3561,.T.);
#2006=EDGE_CURVE('',#2941,#2942,#3562,.T.);
#2007=EDGE_CURVE('',#2943,#2942,#3563,.T.);
#2008=EDGE_CURVE('',#2940,#2943,#3564,.T.);
#2009=EDGE_CURVE('',#2944,#2945,#3565,.T.);
#2010=EDGE_CURVE('',#2945,#2946,#3566,.T.);
#2011=EDGE_CURVE('',#2947,#2946,#3567,.T.);
#2012=EDGE_CURVE('',#2944,#2947,#3568,.T.);
#2013=EDGE_CURVE('',#2948,#2949,#3569,.T.);
#2014=EDGE_CURVE('',#2949,#2950,#3570,.T.);
#2015=EDGE_CURVE('',#2951,#2950,#3571,.T.);
#2016=EDGE_CURVE('',#2948,#2951,#3572,.T.);
#2017=EDGE_CURVE('',#2952,#2953,#3573,.T.);
#2018=EDGE_CURVE('',#2953,#2954,#3574,.T.);
#2019=EDGE_CURVE('',#2955,#2954,#3575,.T.);
#2020=EDGE_CURVE('',#2952,#2955,#3576,.T.);
#2021=EDGE_CURVE('',#2956,#2957,#3577,.T.);
#2022=EDGE_CURVE('',#2957,#2958,#3578,.T.);
#2023=EDGE_CURVE('',#2959,#2958,#3579,.T.);
#2024=EDGE_CURVE('',#2956,#2959,#3580,.T.);
#2025=EDGE_CURVE('',#2960,#2961,#3581,.T.);
#2026=EDGE_CURVE('',#2961,#2962,#3582,.T.);
#2027=EDGE_CURVE('',#2963,#2962,#3583,.T.);
#2028=EDGE_CURVE('',#2960,#2963,#3584,.T.);
#2029=EDGE_CURVE('',#2964,#2965,#3585,.T.);
#2030=EDGE_CURVE('',#2965,#2966,#3586,.T.);
#2031=EDGE_CURVE('',#2967,#2966,#3587,.T.);
#2032=EDGE_CURVE('',#2964,#2967,#3588,.T.);
#2033=EDGE_CURVE('',#2968,#2969,#3589,.T.);
#2034=EDGE_CURVE('',#2969,#2970,#3590,.T.);
#2035=EDGE_CURVE('',#2971,#2970,#3591,.T.);
#2036=EDGE_CURVE('',#2968,#2971,#3592,.T.);
#2037=EDGE_CURVE('',#2972,#2973,#3593,.T.);
#2038=EDGE_CURVE('',#2973,#2974,#3594,.T.);
#2039=EDGE_CURVE('',#2975,#2974,#3595,.T.);
#2040=EDGE_CURVE('',#2972,#2975,#3596,.T.);
#2041=EDGE_CURVE('',#2976,#2977,#3597,.T.);
#2042=EDGE_CURVE('',#2977,#2978,#3598,.T.);
#2043=EDGE_CURVE('',#2979,#2978,#3599,.T.);
#2044=EDGE_CURVE('',#2976,#2979,#3600,.T.);
#2045=EDGE_CURVE('',#2980,#2981,#3601,.T.);
#2046=EDGE_CURVE('',#2981,#2982,#3602,.T.);
#2047=EDGE_CURVE('',#2983,#2982,#3603,.T.);
#2048=EDGE_CURVE('',#2980,#2983,#3604,.T.);
#2049=EDGE_CURVE('',#2984,#2985,#3605,.T.);
#2050=EDGE_CURVE('',#2985,#2986,#3606,.T.);
#2051=EDGE_CURVE('',#2987,#2986,#3607,.T.);
#2052=EDGE_CURVE('',#2984,#2987,#3608,.T.);
#2053=EDGE_CURVE('',#2988,#2989,#3609,.T.);
#2054=EDGE_CURVE('',#2989,#2990,#3610,.T.);
#2055=EDGE_CURVE('',#2991,#2990,#3611,.T.);
#2056=EDGE_CURVE('',#2988,#2991,#3612,.T.);
#2057=EDGE_CURVE('',#2992,#2993,#3613,.T.);
#2058=EDGE_CURVE('',#2993,#2994,#3614,.T.);
#2059=EDGE_CURVE('',#2995,#2994,#3615,.T.);
#2060=EDGE_CURVE('',#2992,#2995,#3616,.T.);
#2061=EDGE_CURVE('',#2996,#2997,#3617,.T.);
#2062=EDGE_CURVE('',#2997,#2998,#3618,.T.);
#2063=EDGE_CURVE('',#2999,#2998,#3619,.T.);
#2064=EDGE_CURVE('',#2996,#2999,#3620,.T.);
#2065=EDGE_CURVE('',#3000,#3001,#3621,.T.);
#2066=EDGE_CURVE('',#3001,#3002,#3622,.T.);
#2067=EDGE_CURVE('',#3003,#3002,#3623,.T.);
#2068=EDGE_CURVE('',#3000,#3003,#3624,.T.);
#2069=EDGE_CURVE('',#3004,#3005,#3625,.T.);
#2070=EDGE_CURVE('',#3005,#3006,#3626,.T.);
#2071=EDGE_CURVE('',#3007,#3006,#3627,.T.);
#2072=EDGE_CURVE('',#3004,#3007,#3628,.T.);
#2073=EDGE_CURVE('',#3008,#3009,#3629,.T.);
#2074=EDGE_CURVE('',#3009,#3010,#3630,.T.);
#2075=EDGE_CURVE('',#3011,#3010,#3631,.T.);
#2076=EDGE_CURVE('',#3008,#3011,#3632,.T.);
#2077=EDGE_CURVE('',#3012,#3013,#3633,.T.);
#2078=EDGE_CURVE('',#3013,#3014,#3634,.T.);
#2079=EDGE_CURVE('',#3015,#3014,#3635,.T.);
#2080=EDGE_CURVE('',#3012,#3015,#3636,.T.);
#2081=EDGE_CURVE('',#3016,#3017,#3637,.T.);
#2082=EDGE_CURVE('',#3017,#3018,#3638,.T.);
#2083=EDGE_CURVE('',#3019,#3018,#3639,.T.);
#2084=EDGE_CURVE('',#3016,#3019,#3640,.T.);
#2085=EDGE_CURVE('',#3020,#3021,#3641,.T.);
#2086=EDGE_CURVE('',#3021,#3022,#3642,.T.);
#2087=EDGE_CURVE('',#3023,#3022,#3643,.T.);
#2088=EDGE_CURVE('',#3020,#3023,#3644,.T.);
#2089=EDGE_CURVE('',#3024,#3025,#3645,.T.);
#2090=EDGE_CURVE('',#3025,#3026,#3646,.T.);
#2091=EDGE_CURVE('',#3027,#3026,#3647,.T.);
#2092=EDGE_CURVE('',#3024,#3027,#3648,.T.);
#2093=EDGE_CURVE('',#3028,#3029,#3649,.T.);
#2094=EDGE_CURVE('',#3029,#3030,#3650,.T.);
#2095=EDGE_CURVE('',#3031,#3030,#3651,.T.);
#2096=EDGE_CURVE('',#3028,#3031,#3652,.T.);
#2097=EDGE_CURVE('',#3032,#3033,#3653,.T.);
#2098=EDGE_CURVE('',#3033,#3034,#3654,.T.);
#2099=EDGE_CURVE('',#3035,#3034,#3655,.T.);
#2100=EDGE_CURVE('',#3032,#3035,#3656,.T.);
#2101=EDGE_CURVE('',#3036,#3037,#3657,.T.);
#2102=EDGE_CURVE('',#3037,#3038,#3658,.T.);
#2103=EDGE_CURVE('',#3039,#3038,#3659,.T.);
#2104=EDGE_CURVE('',#3036,#3039,#3660,.T.);
#2105=EDGE_CURVE('',#3040,#3041,#3661,.T.);
#2106=EDGE_CURVE('',#3041,#3042,#3662,.T.);
#2107=EDGE_CURVE('',#3043,#3042,#3663,.T.);
#2108=EDGE_CURVE('',#3040,#3043,#3664,.T.);
#2109=EDGE_CURVE('',#3044,#3045,#3665,.T.);
#2110=EDGE_CURVE('',#3045,#3046,#3666,.T.);
#2111=EDGE_CURVE('',#3047,#3046,#3667,.T.);
#2112=EDGE_CURVE('',#3044,#3047,#3668,.T.);
#2113=EDGE_CURVE('',#3048,#3049,#3669,.T.);
#2114=EDGE_CURVE('',#3049,#3050,#3670,.T.);
#2115=EDGE_CURVE('',#3051,#3050,#3671,.T.);
#2116=EDGE_CURVE('',#3048,#3051,#3672,.T.);
#2117=EDGE_CURVE('',#3052,#3053,#3673,.T.);
#2118=EDGE_CURVE('',#3053,#3054,#3674,.T.);
#2119=EDGE_CURVE('',#3055,#3054,#3675,.T.);
#2120=EDGE_CURVE('',#3052,#3055,#3676,.T.);
#2121=EDGE_CURVE('',#3056,#3057,#3677,.T.);
#2122=EDGE_CURVE('',#3057,#3058,#3678,.T.);
#2123=EDGE_CURVE('',#3059,#3058,#3679,.T.);
#2124=EDGE_CURVE('',#3056,#3059,#3680,.T.);
#2125=EDGE_CURVE('',#3060,#3061,#3681,.T.);
#2126=EDGE_CURVE('',#3061,#3062,#3682,.T.);
#2127=EDGE_CURVE('',#3063,#3062,#3683,.T.);
#2128=EDGE_CURVE('',#3060,#3063,#3684,.T.);
#2129=EDGE_CURVE('',#3064,#3065,#3685,.T.);
#2130=EDGE_CURVE('',#3065,#3066,#3686,.T.);
#2131=EDGE_CURVE('',#3067,#3066,#3687,.T.);
#2132=EDGE_CURVE('',#3064,#3067,#3688,.T.);
#2133=EDGE_CURVE('',#3068,#3069,#3689,.T.);
#2134=EDGE_CURVE('',#3069,#3070,#3690,.T.);
#2135=EDGE_CURVE('',#3071,#3070,#3691,.T.);
#2136=EDGE_CURVE('',#3068,#3071,#3692,.T.);
#2137=EDGE_CURVE('',#3072,#3073,#3693,.T.);
#2138=EDGE_CURVE('',#3073,#3074,#3694,.T.);
#2139=EDGE_CURVE('',#3075,#3074,#3695,.T.);
#2140=EDGE_CURVE('',#3072,#3075,#3696,.T.);
#2141=EDGE_CURVE('',#3076,#3077,#3697,.T.);
#2142=EDGE_CURVE('',#3077,#3078,#3698,.T.);
#2143=EDGE_CURVE('',#3079,#3078,#3699,.T.);
#2144=EDGE_CURVE('',#3076,#3079,#3700,.T.);
#2145=EDGE_CURVE('',#3080,#3081,#3701,.T.);
#2146=EDGE_CURVE('',#3081,#3082,#3702,.T.);
#2147=EDGE_CURVE('',#3083,#3082,#3703,.T.);
#2148=EDGE_CURVE('',#3080,#3083,#3704,.T.);
#2149=EDGE_CURVE('',#3084,#3085,#3705,.T.);
#2150=EDGE_CURVE('',#3085,#3086,#3706,.T.);
#2151=EDGE_CURVE('',#3087,#3086,#3707,.T.);
#2152=EDGE_CURVE('',#3084,#3087,#3708,.T.);
#2153=EDGE_CURVE('',#3088,#3089,#3709,.T.);
#2154=EDGE_CURVE('',#3089,#3090,#3710,.T.);
#2155=EDGE_CURVE('',#3091,#3090,#3711,.T.);
#2156=EDGE_CURVE('',#3088,#3091,#3712,.T.);
#2157=EDGE_CURVE('',#3092,#3093,#3713,.T.);
#2158=EDGE_CURVE('',#3093,#3094,#3714,.T.);
#2159=EDGE_CURVE('',#3095,#3094,#3715,.T.);
#2160=EDGE_CURVE('',#3092,#3095,#3716,.T.);
#2161=EDGE_CURVE('',#3096,#3097,#3717,.T.);
#2162=EDGE_CURVE('',#3097,#3098,#3718,.T.);
#2163=EDGE_CURVE('',#3099,#3098,#3719,.T.);
#2164=EDGE_CURVE('',#3096,#3099,#3720,.T.);
#2165=EDGE_CURVE('',#3100,#3101,#3721,.T.);
#2166=EDGE_CURVE('',#3101,#3102,#3722,.T.);
#2167=EDGE_CURVE('',#3103,#3102,#3723,.T.);
#2168=EDGE_CURVE('',#3100,#3103,#3724,.T.);
#2169=EDGE_CURVE('',#3104,#3105,#3725,.T.);
#2170=EDGE_CURVE('',#3105,#3106,#3726,.T.);
#2171=EDGE_CURVE('',#3107,#3106,#3727,.T.);
#2172=EDGE_CURVE('',#3108,#3107,#3728,.T.);
#2173=EDGE_CURVE('',#3108,#3109,#3729,.T.);
#2174=EDGE_CURVE('',#3109,#3110,#3730,.T.);
#2175=EDGE_CURVE('',#3111,#3110,#3731,.T.);
#2176=EDGE_CURVE('',#3111,#3112,#3732,.T.);
#2177=EDGE_CURVE('',#3112,#3113,#3733,.T.);
#2178=EDGE_CURVE('',#3113,#3114,#3734,.T.);
#2179=EDGE_CURVE('',#3115,#3114,#3735,.T.);
#2180=EDGE_CURVE('',#3104,#3115,#3736,.T.);
#2181=EDGE_CURVE('',#3116,#3117,#3737,.T.);
#2182=EDGE_CURVE('',#3117,#3118,#3738,.T.);
#2183=EDGE_CURVE('',#3119,#3118,#3739,.T.);
#2184=EDGE_CURVE('',#3120,#3119,#3740,.T.);
#2185=EDGE_CURVE('',#3120,#3121,#3741,.T.);
#2186=EDGE_CURVE('',#3122,#3121,#3742,.T.);
#2187=EDGE_CURVE('',#3122,#3123,#3743,.T.);
#2188=EDGE_CURVE('',#3123,#3124,#3744,.T.);
#2189=EDGE_CURVE('',#3125,#3124,#3745,.T.);
#2190=EDGE_CURVE('',#3126,#3125,#3746,.T.);
#2191=EDGE_CURVE('',#3126,#3127,#3747,.T.);
#2192=EDGE_CURVE('',#3127,#3128,#3748,.T.);
#2193=EDGE_CURVE('',#3129,#3128,#3749,.T.);
#2194=EDGE_CURVE('',#3129,#3130,#3750,.T.);
#2195=EDGE_CURVE('',#3131,#3130,#3751,.T.);
#2196=EDGE_CURVE('',#3116,#3131,#3752,.T.);
#2197=EDGE_CURVE('',#3132,#3133,#3753,.T.);
#2198=EDGE_CURVE('',#3133,#3134,#3754,.T.);
#2199=EDGE_CURVE('',#3135,#3134,#3755,.T.);
#2200=EDGE_CURVE('',#3136,#3135,#3756,.T.);
#2201=EDGE_CURVE('',#3136,#3137,#3757,.T.);
#2202=EDGE_CURVE('',#3137,#3138,#3758,.T.);
#2203=EDGE_CURVE('',#3139,#3138,#3759,.T.);
#2204=EDGE_CURVE('',#3140,#3139,#3760,.T.);
#2205=EDGE_CURVE('',#3140,#3141,#3761,.T.);
#2206=EDGE_CURVE('',#3141,#3142,#3762,.T.);
#2207=EDGE_CURVE('',#3143,#3142,#3763,.T.);
#2208=EDGE_CURVE('',#3132,#3143,#3764,.T.);
#2209=EDGE_CURVE('',#3144,#3145,#3765,.T.);
#2210=EDGE_CURVE('',#3145,#3146,#3766,.T.);
#2211=EDGE_CURVE('',#3147,#3146,#3767,.T.);
#2212=EDGE_CURVE('',#3144,#3147,#3768,.T.);
#2213=EDGE_CURVE('',#3148,#3149,#3769,.T.);
#2214=EDGE_CURVE('',#3149,#3150,#3770,.T.);
#2215=EDGE_CURVE('',#3151,#3150,#3771,.T.);
#2216=EDGE_CURVE('',#3152,#3151,#3772,.T.);
#2217=EDGE_CURVE('',#3152,#3153,#3773,.T.);
#2218=EDGE_CURVE('',#3153,#3154,#3774,.T.);
#2219=EDGE_CURVE('',#3155,#3154,#3775,.T.);
#2220=EDGE_CURVE('',#3156,#3155,#3776,.T.);
#2221=EDGE_CURVE('',#3156,#3157,#3777,.T.);
#2222=EDGE_CURVE('',#3157,#3158,#3778,.T.);
#2223=EDGE_CURVE('',#3159,#3158,#3779,.T.);
#2224=EDGE_CURVE('',#3148,#3159,#3780,.T.);
#2225=EDGE_CURVE('',#3160,#3160,#34,.F.);
#2226=EDGE_CURVE('',#3161,#3161,#35,.F.);
#2227=EDGE_CURVE('',#2880,#3162,#3781,.T.);
#2228=EDGE_CURVE('',#2883,#3163,#36,.F.);
#2229=EDGE_CURVE('',#3164,#3163,#3782,.T.);
#2230=EDGE_CURVE('',#3164,#3165,#37,.F.);
#2231=EDGE_CURVE('',#3166,#3165,#3783,.T.);
#2232=EDGE_CURVE('',#3166,#3167,#38,.F.);
#2233=EDGE_CURVE('',#3168,#3167,#3784,.T.);
#2234=EDGE_CURVE('',#3168,#3169,#39,.F.);
#2235=EDGE_CURVE('',#3170,#3169,#3785,.T.);
#2236=EDGE_CURVE('',#3170,#3171,#3786,.T.);
#2237=EDGE_CURVE('',#3171,#3172,#3787,.T.);
#2238=EDGE_CURVE('',#3172,#3173,#40,.T.);
#2239=EDGE_CURVE('',#3174,#3173,#3788,.T.);
#2240=EDGE_CURVE('',#3174,#3175,#41,.T.);
#2241=EDGE_CURVE('',#3176,#3175,#3789,.T.);
#2242=EDGE_CURVE('',#3176,#3177,#42,.T.);
#2243=EDGE_CURVE('',#3177,#3178,#3790,.T.);
#2244=EDGE_CURVE('',#3178,#3179,#43,.T.);
#2245=EDGE_CURVE('',#3179,#3162,#3791,.T.);
#2246=EDGE_CURVE('',#3180,#3181,#67,.T.);
#2247=EDGE_CURVE('',#3180,#3162,#3792,.T.);
#2248=EDGE_CURVE('',#3182,#3179,#3793,.T.);
#2249=EDGE_CURVE('',#3182,#3181,#3794,.T.);
#2250=EDGE_CURVE('',#3183,#3184,#68,.T.);
#2251=EDGE_CURVE('',#3184,#3170,#3795,.T.);
#2252=EDGE_CURVE('',#3169,#3185,#3796,.F.);
#2253=EDGE_CURVE('',#3185,#3183,#3797,.F.);
#2254=EDGE_CURVE('',#3167,#3186,#3798,.F.);
#2255=EDGE_CURVE('',#3186,#3187,#3799,.F.);
#2256=EDGE_CURVE('',#3187,#3168,#3800,.T.);
#2257=EDGE_CURVE('',#3165,#3188,#3801,.F.);
#2258=EDGE_CURVE('',#3188,#3189,#3802,.F.);
#2259=EDGE_CURVE('',#3189,#3166,#3803,.T.);
#2260=EDGE_CURVE('',#3190,#3191,#3804,.T.);
#2261=EDGE_CURVE('',#3192,#3190,#3805,.T.);
#2262=EDGE_CURVE('',#3192,#3193,#3806,.T.);
#2263=EDGE_CURVE('',#3193,#3191,#3807,.T.);
#2264=EDGE_CURVE('',#3190,#3194,#3808,.T.);
#2265=EDGE_CURVE('',#3195,#3194,#3809,.T.);
#2266=EDGE_CURVE('',#3192,#3195,#3810,.T.);
#2267=EDGE_CURVE('',#3194,#3196,#3811,.T.);
#2268=EDGE_CURVE('',#3196,#3197,#69,.T.);
#2269=EDGE_CURVE('',#3197,#3198,#3812,.T.);
#2270=EDGE_CURVE('',#3198,#3199,#70,.T.);
#2271=EDGE_CURVE('',#3199,#3200,#3813,.T.);
#2272=EDGE_CURVE('',#3201,#3200,#3814,.T.);
#2273=EDGE_CURVE('',#3195,#3201,#3815,.T.);
#2274=EDGE_CURVE('',#3191,#3200,#3816,.T.);
#2275=EDGE_CURVE('',#3193,#3201,#3817,.T.);
#2276=EDGE_CURVE('',#3163,#3202,#3818,.F.);
#2277=EDGE_CURVE('',#3202,#3203,#3819,.F.);
#2278=EDGE_CURVE('',#3203,#3164,#3820,.T.);
#2279=EDGE_CURVE('',#3204,#3205,#44,.T.);
#2280=EDGE_CURVE('',#3205,#3206,#3821,.T.);
#2281=EDGE_CURVE('',#3206,#3207,#45,.T.);
#2282=EDGE_CURVE('',#3207,#3208,#3822,.T.);
#2283=EDGE_CURVE('',#3208,#3209,#46,.T.);
#2284=EDGE_CURVE('',#3209,#3210,#3823,.T.);
#2285=EDGE_CURVE('',#3210,#3211,#47,.T.);
#2286=EDGE_CURVE('',#3211,#3204,#3824,.T.);
#2287=EDGE_CURVE('',#3212,#2884,#3825,.T.);
#2288=EDGE_CURVE('',#3212,#3213,#3826,.T.);
#2289=EDGE_CURVE('',#3213,#2885,#3827,.T.);
#2290=EDGE_CURVE('',#3214,#2887,#3828,.T.);
#2291=EDGE_CURVE('',#3212,#3214,#3829,.T.);
#2292=EDGE_CURVE('',#3215,#2886,#3830,.T.);
#2293=EDGE_CURVE('',#3214,#3215,#3831,.T.);
#2294=EDGE_CURVE('',#3216,#2888,#3832,.T.);
#2295=EDGE_CURVE('',#3216,#3217,#3833,.T.);
#2296=EDGE_CURVE('',#3217,#2889,#3834,.T.);
#2297=EDGE_CURVE('',#3218,#2891,#3835,.T.);
#2298=EDGE_CURVE('',#3216,#3218,#3836,.T.);
#2299=EDGE_CURVE('',#3219,#2890,#3837,.T.);
#2300=EDGE_CURVE('',#3218,#3219,#3838,.T.);
#2301=EDGE_CURVE('',#3220,#2892,#3839,.T.);
#2302=EDGE_CURVE('',#3220,#3221,#3840,.T.);
#2303=EDGE_CURVE('',#3221,#2893,#3841,.T.);
#2304=EDGE_CURVE('',#3222,#2895,#3842,.T.);
#2305=EDGE_CURVE('',#3220,#3222,#3843,.T.);
#2306=EDGE_CURVE('',#3223,#2894,#3844,.T.);
#2307=EDGE_CURVE('',#3222,#3223,#3845,.T.);
#2308=EDGE_CURVE('',#3224,#2896,#3846,.T.);
#2309=EDGE_CURVE('',#3224,#3225,#3847,.T.);
#2310=EDGE_CURVE('',#3225,#2897,#3848,.T.);
#2311=EDGE_CURVE('',#3226,#2899,#3849,.T.);
#2312=EDGE_CURVE('',#3224,#3226,#3850,.T.);
#2313=EDGE_CURVE('',#3227,#2898,#3851,.T.);
#2314=EDGE_CURVE('',#3226,#3227,#3852,.T.);
#2315=EDGE_CURVE('',#3228,#2900,#3853,.T.);
#2316=EDGE_CURVE('',#3228,#3229,#3854,.T.);
#2317=EDGE_CURVE('',#3229,#2901,#3855,.T.);
#2318=EDGE_CURVE('',#3230,#2903,#3856,.T.);
#2319=EDGE_CURVE('',#3228,#3230,#3857,.T.);
#2320=EDGE_CURVE('',#3231,#2902,#3858,.T.);
#2321=EDGE_CURVE('',#3230,#3231,#3859,.T.);
#2322=EDGE_CURVE('',#3232,#2904,#3860,.T.);
#2323=EDGE_CURVE('',#3232,#3233,#3861,.T.);
#2324=EDGE_CURVE('',#3233,#2905,#3862,.T.);
#2325=EDGE_CURVE('',#3234,#2907,#3863,.T.);
#2326=EDGE_CURVE('',#3232,#3234,#3864,.T.);
#2327=EDGE_CURVE('',#3235,#2906,#3865,.T.);
#2328=EDGE_CURVE('',#3234,#3235,#3866,.T.);
#2329=EDGE_CURVE('',#3236,#2908,#3867,.T.);
#2330=EDGE_CURVE('',#3236,#3237,#3868,.T.);
#2331=EDGE_CURVE('',#3237,#2909,#3869,.T.);
#2332=EDGE_CURVE('',#3238,#2911,#3870,.T.);
#2333=EDGE_CURVE('',#3236,#3238,#3871,.T.);
#2334=EDGE_CURVE('',#3239,#2910,#3872,.T.);
#2335=EDGE_CURVE('',#3238,#3239,#3873,.T.);
#2336=EDGE_CURVE('',#3240,#2912,#3874,.T.);
#2337=EDGE_CURVE('',#3240,#3241,#3875,.T.);
#2338=EDGE_CURVE('',#3241,#2913,#3876,.T.);
#2339=EDGE_CURVE('',#3242,#2915,#3877,.T.);
#2340=EDGE_CURVE('',#3240,#3242,#3878,.T.);
#2341=EDGE_CURVE('',#3243,#2914,#3879,.T.);
#2342=EDGE_CURVE('',#3242,#3243,#3880,.T.);
#2343=EDGE_CURVE('',#3244,#2916,#3881,.T.);
#2344=EDGE_CURVE('',#3244,#3245,#3882,.T.);
#2345=EDGE_CURVE('',#3245,#2917,#3883,.T.);
#2346=EDGE_CURVE('',#3246,#2919,#3884,.T.);
#2347=EDGE_CURVE('',#3244,#3246,#3885,.T.);
#2348=EDGE_CURVE('',#3247,#2918,#3886,.T.);
#2349=EDGE_CURVE('',#3246,#3247,#3887,.T.);
#2350=EDGE_CURVE('',#3248,#2920,#3888,.T.);
#2351=EDGE_CURVE('',#3248,#3249,#3889,.T.);
#2352=EDGE_CURVE('',#3249,#2921,#3890,.T.);
#2353=EDGE_CURVE('',#3250,#2923,#3891,.T.);
#2354=EDGE_CURVE('',#3248,#3250,#3892,.T.);
#2355=EDGE_CURVE('',#3251,#2922,#3893,.T.);
#2356=EDGE_CURVE('',#3250,#3251,#3894,.T.);
#2357=EDGE_CURVE('',#3252,#2924,#3895,.T.);
#2358=EDGE_CURVE('',#3252,#3253,#3896,.T.);
#2359=EDGE_CURVE('',#3253,#2925,#3897,.T.);
#2360=EDGE_CURVE('',#3254,#2927,#3898,.T.);
#2361=EDGE_CURVE('',#3252,#3254,#3899,.T.);
#2362=EDGE_CURVE('',#3255,#2926,#3900,.T.);
#2363=EDGE_CURVE('',#3254,#3255,#3901,.T.);
#2364=EDGE_CURVE('',#3256,#2928,#3902,.T.);
#2365=EDGE_CURVE('',#3256,#3257,#3903,.T.);
#2366=EDGE_CURVE('',#3257,#2929,#3904,.T.);
#2367=EDGE_CURVE('',#3258,#2931,#3905,.T.);
#2368=EDGE_CURVE('',#3256,#3258,#3906,.T.);
#2369=EDGE_CURVE('',#3259,#2930,#3907,.T.);
#2370=EDGE_CURVE('',#3258,#3259,#3908,.T.);
#2371=EDGE_CURVE('',#3260,#2932,#3909,.T.);
#2372=EDGE_CURVE('',#3260,#3261,#3910,.T.);
#2373=EDGE_CURVE('',#3261,#2933,#3911,.T.);
#2374=EDGE_CURVE('',#3262,#2935,#3912,.T.);
#2375=EDGE_CURVE('',#3260,#3262,#3913,.T.);
#2376=EDGE_CURVE('',#3263,#2934,#3914,.T.);
#2377=EDGE_CURVE('',#3262,#3263,#3915,.T.);
#2378=EDGE_CURVE('',#3264,#2936,#3916,.T.);
#2379=EDGE_CURVE('',#3264,#3265,#3917,.T.);
#2380=EDGE_CURVE('',#3265,#2937,#3918,.T.);
#2381=EDGE_CURVE('',#3266,#2939,#3919,.T.);
#2382=EDGE_CURVE('',#3264,#3266,#3920,.T.);
#2383=EDGE_CURVE('',#3267,#2938,#3921,.T.);
#2384=EDGE_CURVE('',#3266,#3267,#3922,.T.);
#2385=EDGE_CURVE('',#3268,#2940,#3923,.T.);
#2386=EDGE_CURVE('',#3268,#3269,#3924,.T.);
#2387=EDGE_CURVE('',#3269,#2941,#3925,.T.);
#2388=EDGE_CURVE('',#3270,#2943,#3926,.T.);
#2389=EDGE_CURVE('',#3268,#3270,#3927,.T.);
#2390=EDGE_CURVE('',#3271,#2942,#3928,.T.);
#2391=EDGE_CURVE('',#3270,#3271,#3929,.T.);
#2392=EDGE_CURVE('',#3272,#2944,#3930,.T.);
#2393=EDGE_CURVE('',#3272,#3273,#3931,.T.);
#2394=EDGE_CURVE('',#3273,#2945,#3932,.T.);
#2395=EDGE_CURVE('',#3274,#2947,#3933,.T.);
#2396=EDGE_CURVE('',#3272,#3274,#3934,.T.);
#2397=EDGE_CURVE('',#3275,#2946,#3935,.T.);
#2398=EDGE_CURVE('',#3274,#3275,#3936,.T.);
#2399=EDGE_CURVE('',#3276,#2948,#3937,.T.);
#2400=EDGE_CURVE('',#3276,#3277,#3938,.T.);
#2401=EDGE_CURVE('',#3277,#2949,#3939,.T.);
#2402=EDGE_CURVE('',#3278,#2951,#3940,.T.);
#2403=EDGE_CURVE('',#3276,#3278,#3941,.T.);
#2404=EDGE_CURVE('',#3279,#2950,#3942,.T.);
#2405=EDGE_CURVE('',#3278,#3279,#3943,.T.);
#2406=EDGE_CURVE('',#3280,#2952,#3944,.T.);
#2407=EDGE_CURVE('',#3280,#3281,#3945,.T.);
#2408=EDGE_CURVE('',#3281,#2953,#3946,.T.);
#2409=EDGE_CURVE('',#3282,#2955,#3947,.T.);
#2410=EDGE_CURVE('',#3280,#3282,#3948,.T.);
#2411=EDGE_CURVE('',#3283,#2954,#3949,.T.);
#2412=EDGE_CURVE('',#3282,#3283,#3950,.T.);
#2413=EDGE_CURVE('',#3284,#2956,#3951,.T.);
#2414=EDGE_CURVE('',#3284,#3285,#3952,.T.);
#2415=EDGE_CURVE('',#3285,#2957,#3953,.T.);
#2416=EDGE_CURVE('',#3286,#2959,#3954,.T.);
#2417=EDGE_CURVE('',#3284,#3286,#3955,.T.);
#2418=EDGE_CURVE('',#3287,#2958,#3956,.T.);
#2419=EDGE_CURVE('',#3286,#3287,#3957,.T.);
#2420=EDGE_CURVE('',#3288,#2960,#3958,.T.);
#2421=EDGE_CURVE('',#3288,#3289,#3959,.T.);
#2422=EDGE_CURVE('',#3289,#2961,#3960,.T.);
#2423=EDGE_CURVE('',#3290,#2963,#3961,.T.);
#2424=EDGE_CURVE('',#3288,#3290,#3962,.T.);
#2425=EDGE_CURVE('',#3291,#2962,#3963,.T.);
#2426=EDGE_CURVE('',#3290,#3291,#3964,.T.);
#2427=EDGE_CURVE('',#3292,#2964,#3965,.T.);
#2428=EDGE_CURVE('',#3292,#3293,#3966,.T.);
#2429=EDGE_CURVE('',#3293,#2965,#3967,.T.);
#2430=EDGE_CURVE('',#3294,#2967,#3968,.T.);
#2431=EDGE_CURVE('',#3292,#3294,#3969,.T.);
#2432=EDGE_CURVE('',#3295,#2966,#3970,.T.);
#2433=EDGE_CURVE('',#3294,#3295,#3971,.T.);
#2434=EDGE_CURVE('',#3296,#2968,#3972,.T.);
#2435=EDGE_CURVE('',#3296,#3297,#3973,.T.);
#2436=EDGE_CURVE('',#3297,#2969,#3974,.T.);
#2437=EDGE_CURVE('',#3298,#2971,#3975,.T.);
#2438=EDGE_CURVE('',#3296,#3298,#3976,.T.);
#2439=EDGE_CURVE('',#3299,#2970,#3977,.T.);
#2440=EDGE_CURVE('',#3298,#3299,#3978,.T.);
#2441=EDGE_CURVE('',#3300,#2972,#3979,.T.);
#2442=EDGE_CURVE('',#3300,#3301,#3980,.T.);
#2443=EDGE_CURVE('',#3301,#2973,#3981,.T.);
#2444=EDGE_CURVE('',#3302,#2975,#3982,.T.);
#2445=EDGE_CURVE('',#3300,#3302,#3983,.T.);
#2446=EDGE_CURVE('',#3303,#2974,#3984,.T.);
#2447=EDGE_CURVE('',#3302,#3303,#3985,.T.);
#2448=EDGE_CURVE('',#3304,#2976,#3986,.T.);
#2449=EDGE_CURVE('',#3304,#3305,#3987,.T.);
#2450=EDGE_CURVE('',#3305,#2977,#3988,.T.);
#2451=EDGE_CURVE('',#3306,#2979,#3989,.T.);
#2452=EDGE_CURVE('',#3304,#3306,#3990,.T.);
#2453=EDGE_CURVE('',#3307,#2978,#3991,.T.);
#2454=EDGE_CURVE('',#3306,#3307,#3992,.T.);
#2455=EDGE_CURVE('',#3308,#2980,#3993,.T.);
#2456=EDGE_CURVE('',#3308,#3309,#3994,.T.);
#2457=EDGE_CURVE('',#3309,#2981,#3995,.T.);
#2458=EDGE_CURVE('',#3310,#2983,#3996,.T.);
#2459=EDGE_CURVE('',#3308,#3310,#3997,.T.);
#2460=EDGE_CURVE('',#3311,#2982,#3998,.T.);
#2461=EDGE_CURVE('',#3310,#3311,#3999,.T.);
#2462=EDGE_CURVE('',#3312,#2984,#4000,.T.);
#2463=EDGE_CURVE('',#3312,#3313,#4001,.T.);
#2464=EDGE_CURVE('',#3313,#2985,#4002,.T.);
#2465=EDGE_CURVE('',#3314,#2987,#4003,.T.);
#2466=EDGE_CURVE('',#3312,#3314,#4004,.T.);
#2467=EDGE_CURVE('',#3315,#2986,#4005,.T.);
#2468=EDGE_CURVE('',#3314,#3315,#4006,.T.);
#2469=EDGE_CURVE('',#3316,#2988,#4007,.T.);
#2470=EDGE_CURVE('',#3316,#3317,#4008,.T.);
#2471=EDGE_CURVE('',#3317,#2989,#4009,.T.);
#2472=EDGE_CURVE('',#3318,#2991,#4010,.T.);
#2473=EDGE_CURVE('',#3316,#3318,#4011,.T.);
#2474=EDGE_CURVE('',#3319,#2990,#4012,.T.);
#2475=EDGE_CURVE('',#3318,#3319,#4013,.T.);
#2476=EDGE_CURVE('',#3320,#2992,#4014,.T.);
#2477=EDGE_CURVE('',#3320,#3321,#4015,.T.);
#2478=EDGE_CURVE('',#3321,#2993,#4016,.T.);
#2479=EDGE_CURVE('',#3322,#2995,#4017,.T.);
#2480=EDGE_CURVE('',#3320,#3322,#4018,.T.);
#2481=EDGE_CURVE('',#3323,#2994,#4019,.T.);
#2482=EDGE_CURVE('',#3322,#3323,#4020,.T.);
#2483=EDGE_CURVE('',#3324,#2996,#4021,.T.);
#2484=EDGE_CURVE('',#3324,#3325,#4022,.T.);
#2485=EDGE_CURVE('',#3325,#2997,#4023,.T.);
#2486=EDGE_CURVE('',#3326,#2999,#4024,.T.);
#2487=EDGE_CURVE('',#3324,#3326,#4025,.T.);
#2488=EDGE_CURVE('',#3327,#2998,#4026,.T.);
#2489=EDGE_CURVE('',#3326,#3327,#4027,.T.);
#2490=EDGE_CURVE('',#3328,#3000,#4028,.T.);
#2491=EDGE_CURVE('',#3328,#3329,#4029,.T.);
#2492=EDGE_CURVE('',#3329,#3001,#4030,.T.);
#2493=EDGE_CURVE('',#3330,#3003,#4031,.T.);
#2494=EDGE_CURVE('',#3328,#3330,#4032,.T.);
#2495=EDGE_CURVE('',#3331,#3002,#4033,.T.);
#2496=EDGE_CURVE('',#3330,#3331,#4034,.T.);
#2497=EDGE_CURVE('',#3332,#3004,#4035,.T.);
#2498=EDGE_CURVE('',#3332,#3333,#4036,.T.);
#2499=EDGE_CURVE('',#3333,#3005,#4037,.T.);
#2500=EDGE_CURVE('',#3334,#3007,#4038,.T.);
#2501=EDGE_CURVE('',#3332,#3334,#4039,.T.);
#2502=EDGE_CURVE('',#3335,#3006,#4040,.T.);
#2503=EDGE_CURVE('',#3334,#3335,#4041,.T.);
#2504=EDGE_CURVE('',#3336,#3008,#4042,.T.);
#2505=EDGE_CURVE('',#3336,#3337,#4043,.T.);
#2506=EDGE_CURVE('',#3337,#3009,#4044,.T.);
#2507=EDGE_CURVE('',#3338,#3011,#4045,.T.);
#2508=EDGE_CURVE('',#3336,#3338,#4046,.T.);
#2509=EDGE_CURVE('',#3339,#3010,#4047,.T.);
#2510=EDGE_CURVE('',#3338,#3339,#4048,.T.);
#2511=EDGE_CURVE('',#3340,#3012,#4049,.T.);
#2512=EDGE_CURVE('',#3340,#3341,#4050,.T.);
#2513=EDGE_CURVE('',#3341,#3013,#4051,.T.);
#2514=EDGE_CURVE('',#3342,#3015,#4052,.T.);
#2515=EDGE_CURVE('',#3340,#3342,#4053,.T.);
#2516=EDGE_CURVE('',#3343,#3014,#4054,.T.);
#2517=EDGE_CURVE('',#3342,#3343,#4055,.T.);
#2518=EDGE_CURVE('',#3344,#3016,#4056,.T.);
#2519=EDGE_CURVE('',#3344,#3345,#4057,.T.);
#2520=EDGE_CURVE('',#3345,#3017,#4058,.T.);
#2521=EDGE_CURVE('',#3346,#3019,#4059,.T.);
#2522=EDGE_CURVE('',#3344,#3346,#4060,.T.);
#2523=EDGE_CURVE('',#3347,#3018,#4061,.T.);
#2524=EDGE_CURVE('',#3346,#3347,#4062,.T.);
#2525=EDGE_CURVE('',#3348,#3020,#4063,.T.);
#2526=EDGE_CURVE('',#3348,#3349,#4064,.T.);
#2527=EDGE_CURVE('',#3349,#3021,#4065,.T.);
#2528=EDGE_CURVE('',#3350,#3023,#4066,.T.);
#2529=EDGE_CURVE('',#3348,#3350,#4067,.T.);
#2530=EDGE_CURVE('',#3351,#3022,#4068,.T.);
#2531=EDGE_CURVE('',#3350,#3351,#4069,.T.);
#2532=EDGE_CURVE('',#3352,#3024,#4070,.T.);
#2533=EDGE_CURVE('',#3352,#3353,#4071,.T.);
#2534=EDGE_CURVE('',#3353,#3025,#4072,.T.);
#2535=EDGE_CURVE('',#3354,#3027,#4073,.T.);
#2536=EDGE_CURVE('',#3352,#3354,#4074,.T.);
#2537=EDGE_CURVE('',#3355,#3026,#4075,.T.);
#2538=EDGE_CURVE('',#3354,#3355,#4076,.T.);
#2539=EDGE_CURVE('',#3356,#3028,#4077,.T.);
#2540=EDGE_CURVE('',#3356,#3357,#4078,.T.);
#2541=EDGE_CURVE('',#3357,#3029,#4079,.T.);
#2542=EDGE_CURVE('',#3358,#3031,#4080,.T.);
#2543=EDGE_CURVE('',#3356,#3358,#4081,.T.);
#2544=EDGE_CURVE('',#3359,#3030,#4082,.T.);
#2545=EDGE_CURVE('',#3358,#3359,#4083,.T.);
#2546=EDGE_CURVE('',#3360,#3032,#4084,.T.);
#2547=EDGE_CURVE('',#3360,#3361,#4085,.T.);
#2548=EDGE_CURVE('',#3361,#3033,#4086,.T.);
#2549=EDGE_CURVE('',#3362,#3035,#4087,.T.);
#2550=EDGE_CURVE('',#3360,#3362,#4088,.T.);
#2551=EDGE_CURVE('',#3363,#3034,#4089,.T.);
#2552=EDGE_CURVE('',#3362,#3363,#4090,.T.);
#2553=EDGE_CURVE('',#3364,#3036,#4091,.T.);
#2554=EDGE_CURVE('',#3364,#3365,#4092,.T.);
#2555=EDGE_CURVE('',#3365,#3037,#4093,.T.);
#2556=EDGE_CURVE('',#3366,#3039,#4094,.T.);
#2557=EDGE_CURVE('',#3364,#3366,#4095,.T.);
#2558=EDGE_CURVE('',#3367,#3038,#4096,.T.);
#2559=EDGE_CURVE('',#3366,#3367,#4097,.T.);
#2560=EDGE_CURVE('',#3368,#3040,#4098,.T.);
#2561=EDGE_CURVE('',#3368,#3369,#4099,.T.);
#2562=EDGE_CURVE('',#3369,#3041,#4100,.T.);
#2563=EDGE_CURVE('',#3370,#3043,#4101,.T.);
#2564=EDGE_CURVE('',#3368,#3370,#4102,.T.);
#2565=EDGE_CURVE('',#3371,#3042,#4103,.T.);
#2566=EDGE_CURVE('',#3370,#3371,#4104,.T.);
#2567=EDGE_CURVE('',#3372,#3044,#4105,.T.);
#2568=EDGE_CURVE('',#3372,#3373,#4106,.T.);
#2569=EDGE_CURVE('',#3373,#3045,#4107,.T.);
#2570=EDGE_CURVE('',#3374,#3047,#4108,.T.);
#2571=EDGE_CURVE('',#3372,#3374,#4109,.T.);
#2572=EDGE_CURVE('',#3375,#3046,#4110,.T.);
#2573=EDGE_CURVE('',#3374,#3375,#4111,.T.);
#2574=EDGE_CURVE('',#3376,#3048,#4112,.T.);
#2575=EDGE_CURVE('',#3376,#3377,#4113,.T.);
#2576=EDGE_CURVE('',#3377,#3049,#4114,.T.);
#2577=EDGE_CURVE('',#3378,#3051,#4115,.T.);
#2578=EDGE_CURVE('',#3376,#3378,#4116,.T.);
#2579=EDGE_CURVE('',#3379,#3050,#4117,.T.);
#2580=EDGE_CURVE('',#3378,#3379,#4118,.T.);
#2581=EDGE_CURVE('',#3380,#3052,#4119,.T.);
#2582=EDGE_CURVE('',#3380,#3381,#4120,.T.);
#2583=EDGE_CURVE('',#3381,#3053,#4121,.T.);
#2584=EDGE_CURVE('',#3382,#3055,#4122,.T.);
#2585=EDGE_CURVE('',#3380,#3382,#4123,.T.);
#2586=EDGE_CURVE('',#3383,#3054,#4124,.T.);
#2587=EDGE_CURVE('',#3382,#3383,#4125,.T.);
#2588=EDGE_CURVE('',#3384,#3056,#4126,.T.);
#2589=EDGE_CURVE('',#3384,#3385,#4127,.T.);
#2590=EDGE_CURVE('',#3385,#3057,#4128,.T.);
#2591=EDGE_CURVE('',#3386,#3059,#4129,.T.);
#2592=EDGE_CURVE('',#3384,#3386,#4130,.T.);
#2593=EDGE_CURVE('',#3387,#3058,#4131,.T.);
#2594=EDGE_CURVE('',#3386,#3387,#4132,.T.);
#2595=EDGE_CURVE('',#3388,#3060,#4133,.T.);
#2596=EDGE_CURVE('',#3388,#3389,#4134,.T.);
#2597=EDGE_CURVE('',#3389,#3061,#4135,.T.);
#2598=EDGE_CURVE('',#3390,#3063,#4136,.T.);
#2599=EDGE_CURVE('',#3388,#3390,#4137,.T.);
#2600=EDGE_CURVE('',#3391,#3062,#4138,.T.);
#2601=EDGE_CURVE('',#3390,#3391,#4139,.T.);
#2602=EDGE_CURVE('',#3392,#3064,#4140,.T.);
#2603=EDGE_CURVE('',#3392,#3393,#4141,.T.);
#2604=EDGE_CURVE('',#3393,#3065,#4142,.T.);
#2605=EDGE_CURVE('',#3394,#3067,#4143,.T.);
#2606=EDGE_CURVE('',#3392,#3394,#4144,.T.);
#2607=EDGE_CURVE('',#3395,#3066,#4145,.T.);
#2608=EDGE_CURVE('',#3394,#3395,#4146,.T.);
#2609=EDGE_CURVE('',#3396,#3068,#4147,.T.);
#2610=EDGE_CURVE('',#3396,#3397,#4148,.T.);
#2611=EDGE_CURVE('',#3397,#3069,#4149,.T.);
#2612=EDGE_CURVE('',#3398,#3071,#4150,.T.);
#2613=EDGE_CURVE('',#3396,#3398,#4151,.T.);
#2614=EDGE_CURVE('',#3399,#3070,#4152,.T.);
#2615=EDGE_CURVE('',#3398,#3399,#4153,.T.);
#2616=EDGE_CURVE('',#3400,#3072,#4154,.T.);
#2617=EDGE_CURVE('',#3400,#3401,#4155,.T.);
#2618=EDGE_CURVE('',#3401,#3073,#4156,.T.);
#2619=EDGE_CURVE('',#3402,#3075,#4157,.T.);
#2620=EDGE_CURVE('',#3400,#3402,#4158,.T.);
#2621=EDGE_CURVE('',#3403,#3074,#4159,.T.);
#2622=EDGE_CURVE('',#3402,#3403,#4160,.T.);
#2623=EDGE_CURVE('',#3404,#3076,#4161,.T.);
#2624=EDGE_CURVE('',#3404,#3405,#4162,.T.);
#2625=EDGE_CURVE('',#3405,#3077,#4163,.T.);
#2626=EDGE_CURVE('',#3406,#3079,#4164,.T.);
#2627=EDGE_CURVE('',#3404,#3406,#4165,.T.);
#2628=EDGE_CURVE('',#3407,#3078,#4166,.T.);
#2629=EDGE_CURVE('',#3406,#3407,#4167,.T.);
#2630=EDGE_CURVE('',#3408,#3080,#4168,.T.);
#2631=EDGE_CURVE('',#3408,#3409,#4169,.T.);
#2632=EDGE_CURVE('',#3409,#3081,#4170,.T.);
#2633=EDGE_CURVE('',#3410,#3083,#4171,.T.);
#2634=EDGE_CURVE('',#3408,#3410,#4172,.T.);
#2635=EDGE_CURVE('',#3411,#3082,#4173,.T.);
#2636=EDGE_CURVE('',#3410,#3411,#4174,.T.);
#2637=EDGE_CURVE('',#3412,#3084,#4175,.T.);
#2638=EDGE_CURVE('',#3412,#3413,#4176,.T.);
#2639=EDGE_CURVE('',#3413,#3085,#4177,.T.);
#2640=EDGE_CURVE('',#3414,#3087,#4178,.T.);
#2641=EDGE_CURVE('',#3412,#3414,#4179,.T.);
#2642=EDGE_CURVE('',#3415,#3086,#4180,.T.);
#2643=EDGE_CURVE('',#3414,#3415,#4181,.T.);
#2644=EDGE_CURVE('',#3416,#3088,#4182,.T.);
#2645=EDGE_CURVE('',#3416,#3417,#4183,.T.);
#2646=EDGE_CURVE('',#3417,#3089,#4184,.T.);
#2647=EDGE_CURVE('',#3418,#3091,#4185,.T.);
#2648=EDGE_CURVE('',#3416,#3418,#4186,.T.);
#2649=EDGE_CURVE('',#3419,#3090,#4187,.T.);
#2650=EDGE_CURVE('',#3418,#3419,#4188,.T.);
#2651=EDGE_CURVE('',#3420,#3092,#4189,.T.);
#2652=EDGE_CURVE('',#3420,#3421,#4190,.T.);
#2653=EDGE_CURVE('',#3421,#3093,#4191,.T.);
#2654=EDGE_CURVE('',#3422,#3095,#4192,.T.);
#2655=EDGE_CURVE('',#3420,#3422,#4193,.T.);
#2656=EDGE_CURVE('',#3423,#3094,#4194,.T.);
#2657=EDGE_CURVE('',#3422,#3423,#4195,.T.);
#2658=EDGE_CURVE('',#3424,#3096,#4196,.T.);
#2659=EDGE_CURVE('',#3424,#3425,#4197,.T.);
#2660=EDGE_CURVE('',#3425,#3097,#4198,.T.);
#2661=EDGE_CURVE('',#3426,#3099,#4199,.T.);
#2662=EDGE_CURVE('',#3424,#3426,#4200,.T.);
#2663=EDGE_CURVE('',#3427,#3098,#4201,.T.);
#2664=EDGE_CURVE('',#3426,#3427,#4202,.T.);
#2665=EDGE_CURVE('',#3428,#3100,#4203,.T.);
#2666=EDGE_CURVE('',#3428,#3429,#4204,.T.);
#2667=EDGE_CURVE('',#3429,#3101,#4205,.T.);
#2668=EDGE_CURVE('',#3430,#3103,#4206,.T.);
#2669=EDGE_CURVE('',#3428,#3430,#4207,.T.);
#2670=EDGE_CURVE('',#3431,#3102,#4208,.T.);
#2671=EDGE_CURVE('',#3430,#3431,#4209,.T.);
#2672=EDGE_CURVE('',#3432,#3176,#4210,.T.);
#2673=EDGE_CURVE('',#3432,#3433,#48,.T.);
#2674=EDGE_CURVE('',#3433,#3177,#4211,.T.);
#2675=EDGE_CURVE('',#3434,#3175,#4212,.T.);
#2676=EDGE_CURVE('',#3432,#3434,#4213,.T.);
#2677=EDGE_CURVE('',#3435,#3174,#4214,.T.);
#2678=EDGE_CURVE('',#3435,#3434,#49,.T.);
#2679=EDGE_CURVE('',#3436,#3173,#4215,.T.);
#2680=EDGE_CURVE('',#3435,#3436,#4216,.T.);
#2681=EDGE_CURVE('',#3437,#3172,#4217,.T.);
#2682=EDGE_CURVE('',#3437,#3436,#50,.T.);
#2683=EDGE_CURVE('',#3438,#3171,#4218,.T.);
#2684=EDGE_CURVE('',#3439,#3438,#71,.T.);
#2685=EDGE_CURVE('',#3439,#3437,#4219,.T.);
#2686=EDGE_CURVE('',#3440,#3178,#4220,.T.);
#2687=EDGE_CURVE('',#3440,#3182,#51,.T.);
#2688=EDGE_CURVE('',#3441,#3104,#4221,.T.);
#2689=EDGE_CURVE('',#3441,#3442,#4222,.T.);
#2690=EDGE_CURVE('',#3442,#3105,#4223,.T.);
#2691=EDGE_CURVE('',#3443,#3115,#4224,.T.);
#2692=EDGE_CURVE('',#3441,#3443,#4225,.T.);
#2693=EDGE_CURVE('',#3444,#3114,#4226,.T.);
#2694=EDGE_CURVE('',#3443,#3444,#4227,.T.);
#2695=EDGE_CURVE('',#3445,#3113,#4228,.T.);
#2696=EDGE_CURVE('',#3445,#3444,#4229,.T.);
#2697=EDGE_CURVE('',#3446,#3112,#4230,.T.);
#2698=EDGE_CURVE('',#3446,#3445,#4231,.T.);
#2699=EDGE_CURVE('',#3447,#3111,#4232,.T.);
#2700=EDGE_CURVE('',#3447,#3446,#4233,.T.);
#2701=EDGE_CURVE('',#3448,#3110,#4234,.T.);
#2702=EDGE_CURVE('',#3447,#3448,#4235,.T.);
#2703=EDGE_CURVE('',#3449,#3109,#4236,.T.);
#2704=EDGE_CURVE('',#3449,#3448,#4237,.T.);
#2705=EDGE_CURVE('',#3450,#3108,#4238,.T.);
#2706=EDGE_CURVE('',#3450,#3449,#4239,.T.);
#2707=EDGE_CURVE('',#3451,#3107,#4240,.T.);
#2708=EDGE_CURVE('',#3450,#3451,#4241,.T.);
#2709=EDGE_CURVE('',#3452,#3106,#4242,.T.);
#2710=EDGE_CURVE('',#3451,#3452,#4243,.T.);
#2711=EDGE_CURVE('',#3453,#3116,#4244,.T.);
#2712=EDGE_CURVE('',#3453,#3454,#4245,.T.);
#2713=EDGE_CURVE('',#3454,#3117,#4246,.T.);
#2714=EDGE_CURVE('',#3455,#3131,#4247,.T.);
#2715=EDGE_CURVE('',#3453,#3455,#4248,.T.);
#2716=EDGE_CURVE('',#3456,#3130,#4249,.T.);
#2717=EDGE_CURVE('',#3455,#3456,#4250,.T.);
#2718=EDGE_CURVE('',#3457,#3129,#4251,.T.);
#2719=EDGE_CURVE('',#3457,#3456,#4252,.T.);
#2720=EDGE_CURVE('',#3458,#3128,#4253,.T.);
#2721=EDGE_CURVE('',#3457,#3458,#4254,.T.);
#2722=EDGE_CURVE('',#3459,#3127,#4255,.T.);
#2723=EDGE_CURVE('',#3459,#3458,#4256,.T.);
#2724=EDGE_CURVE('',#3460,#3126,#4257,.T.);
#2725=EDGE_CURVE('',#3460,#3459,#4258,.T.);
#2726=EDGE_CURVE('',#3461,#3125,#4259,.T.);
#2727=EDGE_CURVE('',#3460,#3461,#4260,.T.);
#2728=EDGE_CURVE('',#3462,#3124,#4261,.T.);
#2729=EDGE_CURVE('',#3461,#3462,#4262,.T.);
#2730=EDGE_CURVE('',#3463,#3123,#4263,.T.);
#2731=EDGE_CURVE('',#3463,#3462,#4264,.T.);
#2732=EDGE_CURVE('',#3464,#3122,#4265,.T.);
#2733=EDGE_CURVE('',#3464,#3463,#4266,.T.);
#2734=EDGE_CURVE('',#3465,#3121,#4267,.T.);
#2735=EDGE_CURVE('',#3464,#3465,#4268,.T.);
#2736=EDGE_CURVE('',#3466,#3120,#4269,.T.);
#2737=EDGE_CURVE('',#3466,#3465,#4270,.T.);
#2738=EDGE_CURVE('',#3467,#3119,#4271,.T.);
#2739=EDGE_CURVE('',#3466,#3467,#4272,.T.);
#2740=EDGE_CURVE('',#3468,#3118,#4273,.T.);
#2741=EDGE_CURVE('',#3467,#3468,#4274,.T.);
#2742=EDGE_CURVE('',#3469,#3132,#4275,.T.);
#2743=EDGE_CURVE('',#3469,#3470,#4276,.T.);
#2744=EDGE_CURVE('',#3470,#3133,#4277,.T.);
#2745=EDGE_CURVE('',#3471,#3143,#4278,.T.);
#2746=EDGE_CURVE('',#3469,#3471,#4279,.T.);
#2747=EDGE_CURVE('',#3472,#3142,#4280,.T.);
#2748=EDGE_CURVE('',#3471,#3472,#4281,.T.);
#2749=EDGE_CURVE('',#3473,#3141,#4282,.T.);
#2750=EDGE_CURVE('',#3473,#3472,#4283,.T.);
#2751=EDGE_CURVE('',#3474,#3140,#4284,.T.);
#2752=EDGE_CURVE('',#3474,#3473,#4285,.T.);
#2753=EDGE_CURVE('',#3475,#3139,#4286,.T.);
#2754=EDGE_CURVE('',#3474,#3475,#4287,.T.);
#2755=EDGE_CURVE('',#3476,#3138,#4288,.T.);
#2756=EDGE_CURVE('',#3475,#3476,#4289,.T.);
#2757=EDGE_CURVE('',#3477,#3137,#4290,.T.);
#2758=EDGE_CURVE('',#3477,#3476,#4291,.T.);
#2759=EDGE_CURVE('',#3478,#3136,#4292,.T.);
#2760=EDGE_CURVE('',#3478,#3477,#4293,.T.);
#2761=EDGE_CURVE('',#3479,#3135,#4294,.T.);
#2762=EDGE_CURVE('',#3478,#3479,#4295,.T.);
#2763=EDGE_CURVE('',#3480,#3134,#4296,.T.);
#2764=EDGE_CURVE('',#3479,#3480,#4297,.T.);
#2765=EDGE_CURVE('',#3481,#3144,#4298,.T.);
#2766=EDGE_CURVE('',#3481,#3482,#4299,.T.);
#2767=EDGE_CURVE('',#3482,#3145,#4300,.T.);
#2768=EDGE_CURVE('',#3483,#3147,#4301,.T.);
#2769=EDGE_CURVE('',#3481,#3483,#4302,.T.);
#2770=EDGE_CURVE('',#3484,#3146,#4303,.T.);
#2771=EDGE_CURVE('',#3483,#3484,#4304,.T.);
#2772=EDGE_CURVE('',#3485,#3148,#4305,.T.);
#2773=EDGE_CURVE('',#3485,#3486,#4306,.T.);
#2774=EDGE_CURVE('',#3486,#3149,#4307,.T.);
#2775=EDGE_CURVE('',#3487,#3159,#4308,.T.);
#2776=EDGE_CURVE('',#3485,#3487,#4309,.T.);
#2777=EDGE_CURVE('',#3488,#3158,#4310,.T.);
#2778=EDGE_CURVE('',#3487,#3488,#4311,.T.);
#2779=EDGE_CURVE('',#3489,#3157,#4312,.T.);
#2780=EDGE_CURVE('',#3489,#3488,#4313,.T.);
#2781=EDGE_CURVE('',#3490,#3156,#4314,.T.);
#2782=EDGE_CURVE('',#3490,#3489,#4315,.T.);
#2783=EDGE_CURVE('',#3491,#3155,#4316,.T.);
#2784=EDGE_CURVE('',#3490,#3491,#4317,.T.);
#2785=EDGE_CURVE('',#3492,#3154,#4318,.T.);
#2786=EDGE_CURVE('',#3491,#3492,#4319,.T.);
#2787=EDGE_CURVE('',#3493,#3153,#4320,.T.);
#2788=EDGE_CURVE('',#3493,#3492,#4321,.T.);
#2789=EDGE_CURVE('',#3494,#3152,#4322,.T.);
#2790=EDGE_CURVE('',#3494,#3493,#4323,.T.);
#2791=EDGE_CURVE('',#3495,#3151,#4324,.T.);
#2792=EDGE_CURVE('',#3494,#3495,#4325,.T.);
#2793=EDGE_CURVE('',#3496,#3150,#4326,.T.);
#2794=EDGE_CURVE('',#3495,#3496,#4327,.T.);
#2795=EDGE_CURVE('',#3217,#3219,#4328,.T.);
#2796=EDGE_CURVE('',#3221,#3223,#4329,.T.);
#2797=EDGE_CURVE('',#3225,#3227,#4330,.T.);
#2798=EDGE_CURVE('',#3229,#3231,#4331,.T.);
#2799=EDGE_CURVE('',#3233,#3235,#4332,.T.);
#2800=EDGE_CURVE('',#3237,#3239,#4333,.T.);
#2801=EDGE_CURVE('',#3241,#3243,#4334,.T.);
#2802=EDGE_CURVE('',#3245,#3247,#4335,.T.);
#2803=EDGE_CURVE('',#3249,#3251,#4336,.T.);
#2804=EDGE_CURVE('',#3253,#3255,#4337,.T.);
#2805=EDGE_CURVE('',#3257,#3259,#4338,.T.);
#2806=EDGE_CURVE('',#3261,#3263,#4339,.T.);
#2807=EDGE_CURVE('',#3265,#3267,#4340,.T.);
#2808=EDGE_CURVE('',#3269,#3271,#4341,.T.);
#2809=EDGE_CURVE('',#3273,#3275,#4342,.T.);
#2810=EDGE_CURVE('',#3277,#3279,#4343,.T.);
#2811=EDGE_CURVE('',#3281,#3283,#4344,.T.);
#2812=EDGE_CURVE('',#3285,#3287,#4345,.T.);
#2813=EDGE_CURVE('',#3289,#3291,#4346,.T.);
#2814=EDGE_CURVE('',#3293,#3295,#4347,.T.);
#2815=EDGE_CURVE('',#3297,#3299,#4348,.T.);
#2816=EDGE_CURVE('',#3301,#3303,#4349,.T.);
#2817=EDGE_CURVE('',#3305,#3307,#4350,.T.);
#2818=EDGE_CURVE('',#3309,#3311,#4351,.T.);
#2819=EDGE_CURVE('',#3313,#3315,#4352,.T.);
#2820=EDGE_CURVE('',#3317,#3319,#4353,.T.);
#2821=EDGE_CURVE('',#3321,#3323,#4354,.T.);
#2822=EDGE_CURVE('',#3325,#3327,#4355,.T.);
#2823=EDGE_CURVE('',#3329,#3331,#4356,.T.);
#2824=EDGE_CURVE('',#3333,#3335,#4357,.T.);
#2825=EDGE_CURVE('',#3337,#3339,#4358,.T.);
#2826=EDGE_CURVE('',#3341,#3343,#4359,.T.);
#2827=EDGE_CURVE('',#3345,#3347,#4360,.T.);
#2828=EDGE_CURVE('',#3349,#3351,#4361,.T.);
#2829=EDGE_CURVE('',#3353,#3355,#4362,.T.);
#2830=EDGE_CURVE('',#3357,#3359,#4363,.T.);
#2831=EDGE_CURVE('',#3361,#3363,#4364,.T.);
#2832=EDGE_CURVE('',#3365,#3367,#4365,.T.);
#2833=EDGE_CURVE('',#3369,#3371,#4366,.T.);
#2834=EDGE_CURVE('',#3373,#3375,#4367,.T.);
#2835=EDGE_CURVE('',#3377,#3379,#4368,.T.);
#2836=EDGE_CURVE('',#3381,#3383,#4369,.T.);
#2837=EDGE_CURVE('',#3385,#3387,#4370,.T.);
#2838=EDGE_CURVE('',#3389,#3391,#4371,.T.);
#2839=EDGE_CURVE('',#3393,#3395,#4372,.T.);
#2840=EDGE_CURVE('',#3397,#3399,#4373,.T.);
#2841=EDGE_CURVE('',#3401,#3403,#4374,.T.);
#2842=EDGE_CURVE('',#3405,#3407,#4375,.T.);
#2843=EDGE_CURVE('',#3409,#3411,#4376,.T.);
#2844=EDGE_CURVE('',#3413,#3415,#4377,.T.);
#2845=EDGE_CURVE('',#3417,#3419,#4378,.T.);
#2846=EDGE_CURVE('',#3421,#3423,#4379,.T.);
#2847=EDGE_CURVE('',#3425,#3427,#4380,.T.);
#2848=EDGE_CURVE('',#3429,#3431,#4381,.T.);
#2849=EDGE_CURVE('',#3433,#3440,#4382,.T.);
#2850=EDGE_CURVE('',#3442,#3452,#4383,.T.);
#2851=EDGE_CURVE('',#3454,#3468,#4384,.T.);
#2852=EDGE_CURVE('',#3470,#3480,#4385,.T.);
#2853=EDGE_CURVE('',#3482,#3484,#4386,.T.);
#2854=EDGE_CURVE('',#3486,#3496,#4387,.T.);
#2855=EDGE_CURVE('',#3213,#3215,#4388,.T.);
#2856=EDGE_CURVE('',#3196,#3439,#72,.T.);
#2857=EDGE_CURVE('',#3181,#3199,#73,.T.);
#2858=EDGE_CURVE('',#3497,#3497,#52,.F.);
#2859=EDGE_CURVE('',#3498,#3498,#53,.F.);
#2860=EDGE_CURVE('',#3189,#3186,#54,.F.);
#2861=EDGE_CURVE('',#3187,#3185,#55,.F.);
#2862=EDGE_CURVE('',#2882,#3202,#56,.F.);
#2863=EDGE_CURVE('',#3203,#3188,#57,.F.);
#2864=EDGE_CURVE('',#3183,#3499,#16,.T.);
#2865=EDGE_CURVE('',#3210,#3185,#58,.T.);
#2866=EDGE_CURVE('',#2882,#3209,#59,.T.);
#2867=EDGE_CURVE('',#3500,#2881,#17,.T.);
#2868=EDGE_CURVE('',#3499,#3500,#4389,.T.);
#2869=EDGE_CURVE('',#3211,#3187,#60,.T.);
#2870=EDGE_CURVE('',#3202,#3208,#61,.T.);
#2871=EDGE_CURVE('',#3204,#3186,#62,.T.);
#2872=EDGE_CURVE('',#3203,#3207,#63,.T.);
#2873=EDGE_CURVE('',#3205,#3189,#64,.T.);
#2874=EDGE_CURVE('',#3188,#3206,#65,.T.);
#2875=EDGE_CURVE('',#3180,#2879,#4390,.T.);
#2876=EDGE_CURVE('',#3438,#3184,#4391,.T.);
#2877=EDGE_CURVE('',#3197,#3499,#4392,.T.);
#2878=EDGE_CURVE('',#3198,#3500,#4393,.T.);
#2879=VERTEX_POINT('',#8764);
#2880=VERTEX_POINT('',#8765);
#2881=VERTEX_POINT('',#8767);
#2882=VERTEX_POINT('',#8769);
#2883=VERTEX_POINT('',#8771);
#2884=VERTEX_POINT('',#8775);
#2885=VERTEX_POINT('',#8776);
#2886=VERTEX_POINT('',#8778);
#2887=VERTEX_POINT('',#8780);
#2888=VERTEX_POINT('',#8783);
#2889=VERTEX_POINT('',#8784);
#2890=VERTEX_POINT('',#8786);
#2891=VERTEX_POINT('',#8788);
#2892=VERTEX_POINT('',#8791);
#2893=VERTEX_POINT('',#8792);
#2894=VERTEX_POINT('',#8794);
#2895=VERTEX_POINT('',#8796);
#2896=VERTEX_POINT('',#8799);
#2897=VERTEX_POINT('',#8800);
#2898=VERTEX_POINT('',#8802);
#2899=VERTEX_POINT('',#8804);
#2900=VERTEX_POINT('',#8807);
#2901=VERTEX_POINT('',#8808);
#2902=VERTEX_POINT('',#8810);
#2903=VERTEX_POINT('',#8812);
#2904=VERTEX_POINT('',#8815);
#2905=VERTEX_POINT('',#8816);
#2906=VERTEX_POINT('',#8818);
#2907=VERTEX_POINT('',#8820);
#2908=VERTEX_POINT('',#8823);
#2909=VERTEX_POINT('',#8824);
#2910=VERTEX_POINT('',#8826);
#2911=VERTEX_POINT('',#8828);
#2912=VERTEX_POINT('',#8831);
#2913=VERTEX_POINT('',#8832);
#2914=VERTEX_POINT('',#8834);
#2915=VERTEX_POINT('',#8836);
#2916=VERTEX_POINT('',#8839);
#2917=VERTEX_POINT('',#8840);
#2918=VERTEX_POINT('',#8842);
#2919=VERTEX_POINT('',#8844);
#2920=VERTEX_POINT('',#8847);
#2921=VERTEX_POINT('',#8848);
#2922=VERTEX_POINT('',#8850);
#2923=VERTEX_POINT('',#8852);
#2924=VERTEX_POINT('',#8855);
#2925=VERTEX_POINT('',#8856);
#2926=VERTEX_POINT('',#8858);
#2927=VERTEX_POINT('',#8860);
#2928=VERTEX_POINT('',#8863);
#2929=VERTEX_POINT('',#8864);
#2930=VERTEX_POINT('',#8866);
#2931=VERTEX_POINT('',#8868);
#2932=VERTEX_POINT('',#8871);
#2933=VERTEX_POINT('',#8872);
#2934=VERTEX_POINT('',#8874);
#2935=VERTEX_POINT('',#8876);
#2936=VERTEX_POINT('',#8879);
#2937=VERTEX_POINT('',#8880);
#2938=VERTEX_POINT('',#8882);
#2939=VERTEX_POINT('',#8884);
#2940=VERTEX_POINT('',#8887);
#2941=VERTEX_POINT('',#8888);
#2942=VERTEX_POINT('',#8890);
#2943=VERTEX_POINT('',#8892);
#2944=VERTEX_POINT('',#8895);
#2945=VERTEX_POINT('',#8896);
#2946=VERTEX_POINT('',#8898);
#2947=VERTEX_POINT('',#8900);
#2948=VERTEX_POINT('',#8903);
#2949=VERTEX_POINT('',#8904);
#2950=VERTEX_POINT('',#8906);
#2951=VERTEX_POINT('',#8908);
#2952=VERTEX_POINT('',#8911);
#2953=VERTEX_POINT('',#8912);
#2954=VERTEX_POINT('',#8914);
#2955=VERTEX_POINT('',#8916);
#2956=VERTEX_POINT('',#8919);
#2957=VERTEX_POINT('',#8920);
#2958=VERTEX_POINT('',#8922);
#2959=VERTEX_POINT('',#8924);
#2960=VERTEX_POINT('',#8927);
#2961=VERTEX_POINT('',#8928);
#2962=VERTEX_POINT('',#8930);
#2963=VERTEX_POINT('',#8932);
#2964=VERTEX_POINT('',#8935);
#2965=VERTEX_POINT('',#8936);
#2966=VERTEX_POINT('',#8938);
#2967=VERTEX_POINT('',#8940);
#2968=VERTEX_POINT('',#8943);
#2969=VERTEX_POINT('',#8944);
#2970=VERTEX_POINT('',#8946);
#2971=VERTEX_POINT('',#8948);
#2972=VERTEX_POINT('',#8951);
#2973=VERTEX_POINT('',#8952);
#2974=VERTEX_POINT('',#8954);
#2975=VERTEX_POINT('',#8956);
#2976=VERTEX_POINT('',#8959);
#2977=VERTEX_POINT('',#8960);
#2978=VERTEX_POINT('',#8962);
#2979=VERTEX_POINT('',#8964);
#2980=VERTEX_POINT('',#8967);
#2981=VERTEX_POINT('',#8968);
#2982=VERTEX_POINT('',#8970);
#2983=VERTEX_POINT('',#8972);
#2984=VERTEX_POINT('',#8975);
#2985=VERTEX_POINT('',#8976);
#2986=VERTEX_POINT('',#8978);
#2987=VERTEX_POINT('',#8980);
#2988=VERTEX_POINT('',#8983);
#2989=VERTEX_POINT('',#8984);
#2990=VERTEX_POINT('',#8986);
#2991=VERTEX_POINT('',#8988);
#2992=VERTEX_POINT('',#8991);
#2993=VERTEX_POINT('',#8992);
#2994=VERTEX_POINT('',#8994);
#2995=VERTEX_POINT('',#8996);
#2996=VERTEX_POINT('',#8999);
#2997=VERTEX_POINT('',#9000);
#2998=VERTEX_POINT('',#9002);
#2999=VERTEX_POINT('',#9004);
#3000=VERTEX_POINT('',#9007);
#3001=VERTEX_POINT('',#9008);
#3002=VERTEX_POINT('',#9010);
#3003=VERTEX_POINT('',#9012);
#3004=VERTEX_POINT('',#9015);
#3005=VERTEX_POINT('',#9016);
#3006=VERTEX_POINT('',#9018);
#3007=VERTEX_POINT('',#9020);
#3008=VERTEX_POINT('',#9023);
#3009=VERTEX_POINT('',#9024);
#3010=VERTEX_POINT('',#9026);
#3011=VERTEX_POINT('',#9028);
#3012=VERTEX_POINT('',#9031);
#3013=VERTEX_POINT('',#9032);
#3014=VERTEX_POINT('',#9034);
#3015=VERTEX_POINT('',#9036);
#3016=VERTEX_POINT('',#9039);
#3017=VERTEX_POINT('',#9040);
#3018=VERTEX_POINT('',#9042);
#3019=VERTEX_POINT('',#9044);
#3020=VERTEX_POINT('',#9047);
#3021=VERTEX_POINT('',#9048);
#3022=VERTEX_POINT('',#9050);
#3023=VERTEX_POINT('',#9052);
#3024=VERTEX_POINT('',#9055);
#3025=VERTEX_POINT('',#9056);
#3026=VERTEX_POINT('',#9058);
#3027=VERTEX_POINT('',#9060);
#3028=VERTEX_POINT('',#9063);
#3029=VERTEX_POINT('',#9064);
#3030=VERTEX_POINT('',#9066);
#3031=VERTEX_POINT('',#9068);
#3032=VERTEX_POINT('',#9071);
#3033=VERTEX_POINT('',#9072);
#3034=VERTEX_POINT('',#9074);
#3035=VERTEX_POINT('',#9076);
#3036=VERTEX_POINT('',#9079);
#3037=VERTEX_POINT('',#9080);
#3038=VERTEX_POINT('',#9082);
#3039=VERTEX_POINT('',#9084);
#3040=VERTEX_POINT('',#9087);
#3041=VERTEX_POINT('',#9088);
#3042=VERTEX_POINT('',#9090);
#3043=VERTEX_POINT('',#9092);
#3044=VERTEX_POINT('',#9095);
#3045=VERTEX_POINT('',#9096);
#3046=VERTEX_POINT('',#9098);
#3047=VERTEX_POINT('',#9100);
#3048=VERTEX_POINT('',#9103);
#3049=VERTEX_POINT('',#9104);
#3050=VERTEX_POINT('',#9106);
#3051=VERTEX_POINT('',#9108);
#3052=VERTEX_POINT('',#9111);
#3053=VERTEX_POINT('',#9112);
#3054=VERTEX_POINT('',#9114);
#3055=VERTEX_POINT('',#9116);
#3056=VERTEX_POINT('',#9119);
#3057=VERTEX_POINT('',#9120);
#3058=VERTEX_POINT('',#9122);
#3059=VERTEX_POINT('',#9124);
#3060=VERTEX_POINT('',#9127);
#3061=VERTEX_POINT('',#9128);
#3062=VERTEX_POINT('',#9130);
#3063=VERTEX_POINT('',#9132);
#3064=VERTEX_POINT('',#9135);
#3065=VERTEX_POINT('',#9136);
#3066=VERTEX_POINT('',#9138);
#3067=VERTEX_POINT('',#9140);
#3068=VERTEX_POINT('',#9143);
#3069=VERTEX_POINT('',#9144);
#3070=VERTEX_POINT('',#9146);
#3071=VERTEX_POINT('',#9148);
#3072=VERTEX_POINT('',#9151);
#3073=VERTEX_POINT('',#9152);
#3074=VERTEX_POINT('',#9154);
#3075=VERTEX_POINT('',#9156);
#3076=VERTEX_POINT('',#9159);
#3077=VERTEX_POINT('',#9160);
#3078=VERTEX_POINT('',#9162);
#3079=VERTEX_POINT('',#9164);
#3080=VERTEX_POINT('',#9167);
#3081=VERTEX_POINT('',#9168);
#3082=VERTEX_POINT('',#9170);
#3083=VERTEX_POINT('',#9172);
#3084=VERTEX_POINT('',#9175);
#3085=VERTEX_POINT('',#9176);
#3086=VERTEX_POINT('',#9178);
#3087=VERTEX_POINT('',#9180);
#3088=VERTEX_POINT('',#9183);
#3089=VERTEX_POINT('',#9184);
#3090=VERTEX_POINT('',#9186);
#3091=VERTEX_POINT('',#9188);
#3092=VERTEX_POINT('',#9191);
#3093=VERTEX_POINT('',#9192);
#3094=VERTEX_POINT('',#9194);
#3095=VERTEX_POINT('',#9196);
#3096=VERTEX_POINT('',#9199);
#3097=VERTEX_POINT('',#9200);
#3098=VERTEX_POINT('',#9202);
#3099=VERTEX_POINT('',#9204);
#3100=VERTEX_POINT('',#9207);
#3101=VERTEX_POINT('',#9208);
#3102=VERTEX_POINT('',#9210);
#3103=VERTEX_POINT('',#9212);
#3104=VERTEX_POINT('',#9215);
#3105=VERTEX_POINT('',#9216);
#3106=VERTEX_POINT('',#9218);
#3107=VERTEX_POINT('',#9220);
#3108=VERTEX_POINT('',#9222);
#3109=VERTEX_POINT('',#9224);
#3110=VERTEX_POINT('',#9226);
#3111=VERTEX_POINT('',#9228);
#3112=VERTEX_POINT('',#9230);
#3113=VERTEX_POINT('',#9232);
#3114=VERTEX_POINT('',#9234);
#3115=VERTEX_POINT('',#9236);
#3116=VERTEX_POINT('',#9239);
#3117=VERTEX_POINT('',#9240);
#3118=VERTEX_POINT('',#9242);
#3119=VERTEX_POINT('',#9244);
#3120=VERTEX_POINT('',#9246);
#3121=VERTEX_POINT('',#9248);
#3122=VERTEX_POINT('',#9250);
#3123=VERTEX_POINT('',#9252);
#3124=VERTEX_POINT('',#9254);
#3125=VERTEX_POINT('',#9256);
#3126=VERTEX_POINT('',#9258);
#3127=VERTEX_POINT('',#9260);
#3128=VERTEX_POINT('',#9262);
#3129=VERTEX_POINT('',#9264);
#3130=VERTEX_POINT('',#9266);
#3131=VERTEX_POINT('',#9268);
#3132=VERTEX_POINT('',#9271);
#3133=VERTEX_POINT('',#9272);
#3134=VERTEX_POINT('',#9274);
#3135=VERTEX_POINT('',#9276);
#3136=VERTEX_POINT('',#9278);
#3137=VERTEX_POINT('',#9280);
#3138=VERTEX_POINT('',#9282);
#3139=VERTEX_POINT('',#9284);
#3140=VERTEX_POINT('',#9286);
#3141=VERTEX_POINT('',#9288);
#3142=VERTEX_POINT('',#9290);
#3143=VERTEX_POINT('',#9292);
#3144=VERTEX_POINT('',#9295);
#3145=VERTEX_POINT('',#9296);
#3146=VERTEX_POINT('',#9298);
#3147=VERTEX_POINT('',#9300);
#3148=VERTEX_POINT('',#9303);
#3149=VERTEX_POINT('',#9304);
#3150=VERTEX_POINT('',#9306);
#3151=VERTEX_POINT('',#9308);
#3152=VERTEX_POINT('',#9310);
#3153=VERTEX_POINT('',#9312);
#3154=VERTEX_POINT('',#9314);
#3155=VERTEX_POINT('',#9316);
#3156=VERTEX_POINT('',#9318);
#3157=VERTEX_POINT('',#9320);
#3158=VERTEX_POINT('',#9322);
#3159=VERTEX_POINT('',#9324);
#3160=VERTEX_POINT('',#9327);
#3161=VERTEX_POINT('',#9329);
#3162=VERTEX_POINT('',#9331);
#3163=VERTEX_POINT('',#9333);
#3164=VERTEX_POINT('',#9335);
#3165=VERTEX_POINT('',#9337);
#3166=VERTEX_POINT('',#9339);
#3167=VERTEX_POINT('',#9341);
#3168=VERTEX_POINT('',#9343);
#3169=VERTEX_POINT('',#9345);
#3170=VERTEX_POINT('',#9347);
#3171=VERTEX_POINT('',#9349);
#3172=VERTEX_POINT('',#9351);
#3173=VERTEX_POINT('',#9353);
#3174=VERTEX_POINT('',#9355);
#3175=VERTEX_POINT('',#9357);
#3176=VERTEX_POINT('',#9359);
#3177=VERTEX_POINT('',#9361);
#3178=VERTEX_POINT('',#9363);
#3179=VERTEX_POINT('',#9365);
#3180=VERTEX_POINT('',#9369);
#3181=VERTEX_POINT('',#9370);
#3182=VERTEX_POINT('',#9373);
#3183=VERTEX_POINT('',#9377);
#3184=VERTEX_POINT('',#9378);
#3185=VERTEX_POINT('',#9381);
#3186=VERTEX_POINT('',#9385);
#3187=VERTEX_POINT('',#9387);
#3188=VERTEX_POINT('',#9391);
#3189=VERTEX_POINT('',#9393);
#3190=VERTEX_POINT('',#9397);
#3191=VERTEX_POINT('',#9398);
#3192=VERTEX_POINT('',#9400);
#3193=VERTEX_POINT('',#9402);
#3194=VERTEX_POINT('',#9406);
#3195=VERTEX_POINT('',#9408);
#3196=VERTEX_POINT('',#9412);
#3197=VERTEX_POINT('',#9414);
#3198=VERTEX_POINT('',#9416);
#3199=VERTEX_POINT('',#9418);
#3200=VERTEX_POINT('',#9420);
#3201=VERTEX_POINT('',#9422);
#3202=VERTEX_POINT('',#9429);
#3203=VERTEX_POINT('',#9431);
#3204=VERTEX_POINT('',#9435);
#3205=VERTEX_POINT('',#9436);
#3206=VERTEX_POINT('',#9438);
#3207=VERTEX_POINT('',#9440);
#3208=VERTEX_POINT('',#9442);
#3209=VERTEX_POINT('',#9444);
#3210=VERTEX_POINT('',#9446);
#3211=VERTEX_POINT('',#9448);
#3212=VERTEX_POINT('',#9452);
#3213=VERTEX_POINT('',#9454);
#3214=VERTEX_POINT('',#9458);
#3215=VERTEX_POINT('',#9462);
#3216=VERTEX_POINT('',#9466);
#3217=VERTEX_POINT('',#9468);
#3218=VERTEX_POINT('',#9472);
#3219=VERTEX_POINT('',#9476);
#3220=VERTEX_POINT('',#9480);
#3221=VERTEX_POINT('',#9482);
#3222=VERTEX_POINT('',#9486);
#3223=VERTEX_POINT('',#9490);
#3224=VERTEX_POINT('',#9494);
#3225=VERTEX_POINT('',#9496);
#3226=VERTEX_POINT('',#9500);
#3227=VERTEX_POINT('',#9504);
#3228=VERTEX_POINT('',#9508);
#3229=VERTEX_POINT('',#9510);
#3230=VERTEX_POINT('',#9514);
#3231=VERTEX_POINT('',#9518);
#3232=VERTEX_POINT('',#9522);
#3233=VERTEX_POINT('',#9524);
#3234=VERTEX_POINT('',#9528);
#3235=VERTEX_POINT('',#9532);
#3236=VERTEX_POINT('',#9536);
#3237=VERTEX_POINT('',#9538);
#3238=VERTEX_POINT('',#9542);
#3239=VERTEX_POINT('',#9546);
#3240=VERTEX_POINT('',#9550);
#3241=VERTEX_POINT('',#9552);
#3242=VERTEX_POINT('',#9556);
#3243=VERTEX_POINT('',#9560);
#3244=VERTEX_POINT('',#9564);
#3245=VERTEX_POINT('',#9566);
#3246=VERTEX_POINT('',#9570);
#3247=VERTEX_POINT('',#9574);
#3248=VERTEX_POINT('',#9578);
#3249=VERTEX_POINT('',#9580);
#3250=VERTEX_POINT('',#9584);
#3251=VERTEX_POINT('',#9588);
#3252=VERTEX_POINT('',#9592);
#3253=VERTEX_POINT('',#9594);
#3254=VERTEX_POINT('',#9598);
#3255=VERTEX_POINT('',#9602);
#3256=VERTEX_POINT('',#9606);
#3257=VERTEX_POINT('',#9608);
#3258=VERTEX_POINT('',#9612);
#3259=VERTEX_POINT('',#9616);
#3260=VERTEX_POINT('',#9620);
#3261=VERTEX_POINT('',#9622);
#3262=VERTEX_POINT('',#9626);
#3263=VERTEX_POINT('',#9630);
#3264=VERTEX_POINT('',#9634);
#3265=VERTEX_POINT('',#9636);
#3266=VERTEX_POINT('',#9640);
#3267=VERTEX_POINT('',#9644);
#3268=VERTEX_POINT('',#9648);
#3269=VERTEX_POINT('',#9650);
#3270=VERTEX_POINT('',#9654);
#3271=VERTEX_POINT('',#9658);
#3272=VERTEX_POINT('',#9662);
#3273=VERTEX_POINT('',#9664);
#3274=VERTEX_POINT('',#9668);
#3275=VERTEX_POINT('',#9672);
#3276=VERTEX_POINT('',#9676);
#3277=VERTEX_POINT('',#9678);
#3278=VERTEX_POINT('',#9682);
#3279=VERTEX_POINT('',#9686);
#3280=VERTEX_POINT('',#9690);
#3281=VERTEX_POINT('',#9692);
#3282=VERTEX_POINT('',#9696);
#3283=VERTEX_POINT('',#9700);
#3284=VERTEX_POINT('',#9704);
#3285=VERTEX_POINT('',#9706);
#3286=VERTEX_POINT('',#9710);
#3287=VERTEX_POINT('',#9714);
#3288=VERTEX_POINT('',#9718);
#3289=VERTEX_POINT('',#9720);
#3290=VERTEX_POINT('',#9724);
#3291=VERTEX_POINT('',#9728);
#3292=VERTEX_POINT('',#9732);
#3293=VERTEX_POINT('',#9734);
#3294=VERTEX_POINT('',#9738);
#3295=VERTEX_POINT('',#9742);
#3296=VERTEX_POINT('',#9746);
#3297=VERTEX_POINT('',#9748);
#3298=VERTEX_POINT('',#9752);
#3299=VERTEX_POINT('',#9756);
#3300=VERTEX_POINT('',#9760);
#3301=VERTEX_POINT('',#9762);
#3302=VERTEX_POINT('',#9766);
#3303=VERTEX_POINT('',#9770);
#3304=VERTEX_POINT('',#9774);
#3305=VERTEX_POINT('',#9776);
#3306=VERTEX_POINT('',#9780);
#3307=VERTEX_POINT('',#9784);
#3308=VERTEX_POINT('',#9788);
#3309=VERTEX_POINT('',#9790);
#3310=VERTEX_POINT('',#9794);
#3311=VERTEX_POINT('',#9798);
#3312=VERTEX_POINT('',#9802);
#3313=VERTEX_POINT('',#9804);
#3314=VERTEX_POINT('',#9808);
#3315=VERTEX_POINT('',#9812);
#3316=VERTEX_POINT('',#9816);
#3317=VERTEX_POINT('',#9818);
#3318=VERTEX_POINT('',#9822);
#3319=VERTEX_POINT('',#9826);
#3320=VERTEX_POINT('',#9830);
#3321=VERTEX_POINT('',#9832);
#3322=VERTEX_POINT('',#9836);
#3323=VERTEX_POINT('',#9840);
#3324=VERTEX_POINT('',#9844);
#3325=VERTEX_POINT('',#9846);
#3326=VERTEX_POINT('',#9850);
#3327=VERTEX_POINT('',#9854);
#3328=VERTEX_POINT('',#9858);
#3329=VERTEX_POINT('',#9860);
#3330=VERTEX_POINT('',#9864);
#3331=VERTEX_POINT('',#9868);
#3332=VERTEX_POINT('',#9872);
#3333=VERTEX_POINT('',#9874);
#3334=VERTEX_POINT('',#9878);
#3335=VERTEX_POINT('',#9882);
#3336=VERTEX_POINT('',#9886);
#3337=VERTEX_POINT('',#9888);
#3338=VERTEX_POINT('',#9892);
#3339=VERTEX_POINT('',#9896);
#3340=VERTEX_POINT('',#9900);
#3341=VERTEX_POINT('',#9902);
#3342=VERTEX_POINT('',#9906);
#3343=VERTEX_POINT('',#9910);
#3344=VERTEX_POINT('',#9914);
#3345=VERTEX_POINT('',#9916);
#3346=VERTEX_POINT('',#9920);
#3347=VERTEX_POINT('',#9924);
#3348=VERTEX_POINT('',#9928);
#3349=VERTEX_POINT('',#9930);
#3350=VERTEX_POINT('',#9934);
#3351=VERTEX_POINT('',#9938);
#3352=VERTEX_POINT('',#9942);
#3353=VERTEX_POINT('',#9944);
#3354=VERTEX_POINT('',#9948);
#3355=VERTEX_POINT('',#9952);
#3356=VERTEX_POINT('',#9956);
#3357=VERTEX_POINT('',#9958);
#3358=VERTEX_POINT('',#9962);
#3359=VERTEX_POINT('',#9966);
#3360=VERTEX_POINT('',#9970);
#3361=VERTEX_POINT('',#9972);
#3362=VERTEX_POINT('',#9976);
#3363=VERTEX_POINT('',#9980);
#3364=VERTEX_POINT('',#9984);
#3365=VERTEX_POINT('',#9986);
#3366=VERTEX_POINT('',#9990);
#3367=VERTEX_POINT('',#9994);
#3368=VERTEX_POINT('',#9998);
#3369=VERTEX_POINT('',#10000);
#3370=VERTEX_POINT('',#10004);
#3371=VERTEX_POINT('',#10008);
#3372=VERTEX_POINT('',#10012);
#3373=VERTEX_POINT('',#10014);
#3374=VERTEX_POINT('',#10018);
#3375=VERTEX_POINT('',#10022);
#3376=VERTEX_POINT('',#10026);
#3377=VERTEX_POINT('',#10028);
#3378=VERTEX_POINT('',#10032);
#3379=VERTEX_POINT('',#10036);
#3380=VERTEX_POINT('',#10040);
#3381=VERTEX_POINT('',#10042);
#3382=VERTEX_POINT('',#10046);
#3383=VERTEX_POINT('',#10050);
#3384=VERTEX_POINT('',#10054);
#3385=VERTEX_POINT('',#10056);
#3386=VERTEX_POINT('',#10060);
#3387=VERTEX_POINT('',#10064);
#3388=VERTEX_POINT('',#10068);
#3389=VERTEX_POINT('',#10070);
#3390=VERTEX_POINT('',#10074);
#3391=VERTEX_POINT('',#10078);
#3392=VERTEX_POINT('',#10082);
#3393=VERTEX_POINT('',#10084);
#3394=VERTEX_POINT('',#10088);
#3395=VERTEX_POINT('',#10092);
#3396=VERTEX_POINT('',#10096);
#3397=VERTEX_POINT('',#10098);
#3398=VERTEX_POINT('',#10102);
#3399=VERTEX_POINT('',#10106);
#3400=VERTEX_POINT('',#10110);
#3401=VERTEX_POINT('',#10112);
#3402=VERTEX_POINT('',#10116);
#3403=VERTEX_POINT('',#10120);
#3404=VERTEX_POINT('',#10124);
#3405=VERTEX_POINT('',#10126);
#3406=VERTEX_POINT('',#10130);
#3407=VERTEX_POINT('',#10134);
#3408=VERTEX_POINT('',#10138);
#3409=VERTEX_POINT('',#10140);
#3410=VERTEX_POINT('',#10144);
#3411=VERTEX_POINT('',#10148);
#3412=VERTEX_POINT('',#10152);
#3413=VERTEX_POINT('',#10154);
#3414=VERTEX_POINT('',#10158);
#3415=VERTEX_POINT('',#10162);
#3416=VERTEX_POINT('',#10166);
#3417=VERTEX_POINT('',#10168);
#3418=VERTEX_POINT('',#10172);
#3419=VERTEX_POINT('',#10176);
#3420=VERTEX_POINT('',#10180);
#3421=VERTEX_POINT('',#10182);
#3422=VERTEX_POINT('',#10186);
#3423=VERTEX_POINT('',#10190);
#3424=VERTEX_POINT('',#10194);
#3425=VERTEX_POINT('',#10196);
#3426=VERTEX_POINT('',#10200);
#3427=VERTEX_POINT('',#10204);
#3428=VERTEX_POINT('',#10208);
#3429=VERTEX_POINT('',#10210);
#3430=VERTEX_POINT('',#10214);
#3431=VERTEX_POINT('',#10218);
#3432=VERTEX_POINT('',#10222);
#3433=VERTEX_POINT('',#10224);
#3434=VERTEX_POINT('',#10228);
#3435=VERTEX_POINT('',#10232);
#3436=VERTEX_POINT('',#10236);
#3437=VERTEX_POINT('',#10240);
#3438=VERTEX_POINT('',#10244);
#3439=VERTEX_POINT('',#10246);
#3440=VERTEX_POINT('',#10250);
#3441=VERTEX_POINT('',#10254);
#3442=VERTEX_POINT('',#10256);
#3443=VERTEX_POINT('',#10260);
#3444=VERTEX_POINT('',#10264);
#3445=VERTEX_POINT('',#10268);
#3446=VERTEX_POINT('',#10272);
#3447=VERTEX_POINT('',#10276);
#3448=VERTEX_POINT('',#10280);
#3449=VERTEX_POINT('',#10284);
#3450=VERTEX_POINT('',#10288);
#3451=VERTEX_POINT('',#10292);
#3452=VERTEX_POINT('',#10296);
#3453=VERTEX_POINT('',#10300);
#3454=VERTEX_POINT('',#10302);
#3455=VERTEX_POINT('',#10306);
#3456=VERTEX_POINT('',#10310);
#3457=VERTEX_POINT('',#10314);
#3458=VERTEX_POINT('',#10318);
#3459=VERTEX_POINT('',#10322);
#3460=VERTEX_POINT('',#10326);
#3461=VERTEX_POINT('',#10330);
#3462=VERTEX_POINT('',#10334);
#3463=VERTEX_POINT('',#10338);
#3464=VERTEX_POINT('',#10342);
#3465=VERTEX_POINT('',#10346);
#3466=VERTEX_POINT('',#10350);
#3467=VERTEX_POINT('',#10354);
#3468=VERTEX_POINT('',#10358);
#3469=VERTEX_POINT('',#10362);
#3470=VERTEX_POINT('',#10364);
#3471=VERTEX_POINT('',#10368);
#3472=VERTEX_POINT('',#10372);
#3473=VERTEX_POINT('',#10376);
#3474=VERTEX_POINT('',#10380);
#3475=VERTEX_POINT('',#10384);
#3476=VERTEX_POINT('',#10388);
#3477=VERTEX_POINT('',#10392);
#3478=VERTEX_POINT('',#10396);
#3479=VERTEX_POINT('',#10400);
#3480=VERTEX_POINT('',#10404);
#3481=VERTEX_POINT('',#10408);
#3482=VERTEX_POINT('',#10410);
#3483=VERTEX_POINT('',#10414);
#3484=VERTEX_POINT('',#10418);
#3485=VERTEX_POINT('',#10422);
#3486=VERTEX_POINT('',#10424);
#3487=VERTEX_POINT('',#10428);
#3488=VERTEX_POINT('',#10432);
#3489=VERTEX_POINT('',#10436);
#3490=VERTEX_POINT('',#10440);
#3491=VERTEX_POINT('',#10444);
#3492=VERTEX_POINT('',#10448);
#3493=VERTEX_POINT('',#10452);
#3494=VERTEX_POINT('',#10456);
#3495=VERTEX_POINT('',#10460);
#3496=VERTEX_POINT('',#10464);
#3497=VERTEX_POINT('',#10592);
#3498=VERTEX_POINT('',#10594);
#3499=VERTEX_POINT('',#10610);
#3500=VERTEX_POINT('',#10617);
#3501=LINE('',#8763,#4394);
#3502=LINE('',#8768,#4395);
#3503=LINE('',#8770,#4396);
#3504=LINE('',#8772,#4397);
#3505=LINE('',#8774,#4398);
#3506=LINE('',#8777,#4399);
#3507=LINE('',#8779,#4400);
#3508=LINE('',#8781,#4401);
#3509=LINE('',#8782,#4402);
#3510=LINE('',#8785,#4403);
#3511=LINE('',#8787,#4404);
#3512=LINE('',#8789,#4405);
#3513=LINE('',#8790,#4406);
#3514=LINE('',#8793,#4407);
#3515=LINE('',#8795,#4408);
#3516=LINE('',#8797,#4409);
#3517=LINE('',#8798,#4410);
#3518=LINE('',#8801,#4411);
#3519=LINE('',#8803,#4412);
#3520=LINE('',#8805,#4413);
#3521=LINE('',#8806,#4414);
#3522=LINE('',#8809,#4415);
#3523=LINE('',#8811,#4416);
#3524=LINE('',#8813,#4417);
#3525=LINE('',#8814,#4418);
#3526=LINE('',#8817,#4419);
#3527=LINE('',#8819,#4420);
#3528=LINE('',#8821,#4421);
#3529=LINE('',#8822,#4422);
#3530=LINE('',#8825,#4423);
#3531=LINE('',#8827,#4424);
#3532=LINE('',#8829,#4425);
#3533=LINE('',#8830,#4426);
#3534=LINE('',#8833,#4427);
#3535=LINE('',#8835,#4428);
#3536=LINE('',#8837,#4429);
#3537=LINE('',#8838,#4430);
#3538=LINE('',#8841,#4431);
#3539=LINE('',#8843,#4432);
#3540=LINE('',#8845,#4433);
#3541=LINE('',#8846,#4434);
#3542=LINE('',#8849,#4435);
#3543=LINE('',#8851,#4436);
#3544=LINE('',#8853,#4437);
#3545=LINE('',#8854,#4438);
#3546=LINE('',#8857,#4439);
#3547=LINE('',#8859,#4440);
#3548=LINE('',#8861,#4441);
#3549=LINE('',#8862,#4442);
#3550=LINE('',#8865,#4443);
#3551=LINE('',#8867,#4444);
#3552=LINE('',#8869,#4445);
#3553=LINE('',#8870,#4446);
#3554=LINE('',#8873,#4447);
#3555=LINE('',#8875,#4448);
#3556=LINE('',#8877,#4449);
#3557=LINE('',#8878,#4450);
#3558=LINE('',#8881,#4451);
#3559=LINE('',#8883,#4452);
#3560=LINE('',#8885,#4453);
#3561=LINE('',#8886,#4454);
#3562=LINE('',#8889,#4455);
#3563=LINE('',#8891,#4456);
#3564=LINE('',#8893,#4457);
#3565=LINE('',#8894,#4458);
#3566=LINE('',#8897,#4459);
#3567=LINE('',#8899,#4460);
#3568=LINE('',#8901,#4461);
#3569=LINE('',#8902,#4462);
#3570=LINE('',#8905,#4463);
#3571=LINE('',#8907,#4464);
#3572=LINE('',#8909,#4465);
#3573=LINE('',#8910,#4466);
#3574=LINE('',#8913,#4467);
#3575=LINE('',#8915,#4468);
#3576=LINE('',#8917,#4469);
#3577=LINE('',#8918,#4470);
#3578=LINE('',#8921,#4471);
#3579=LINE('',#8923,#4472);
#3580=LINE('',#8925,#4473);
#3581=LINE('',#8926,#4474);
#3582=LINE('',#8929,#4475);
#3583=LINE('',#8931,#4476);
#3584=LINE('',#8933,#4477);
#3585=LINE('',#8934,#4478);
#3586=LINE('',#8937,#4479);
#3587=LINE('',#8939,#4480);
#3588=LINE('',#8941,#4481);
#3589=LINE('',#8942,#4482);
#3590=LINE('',#8945,#4483);
#3591=LINE('',#8947,#4484);
#3592=LINE('',#8949,#4485);
#3593=LINE('',#8950,#4486);
#3594=LINE('',#8953,#4487);
#3595=LINE('',#8955,#4488);
#3596=LINE('',#8957,#4489);
#3597=LINE('',#8958,#4490);
#3598=LINE('',#8961,#4491);
#3599=LINE('',#8963,#4492);
#3600=LINE('',#8965,#4493);
#3601=LINE('',#8966,#4494);
#3602=LINE('',#8969,#4495);
#3603=LINE('',#8971,#4496);
#3604=LINE('',#8973,#4497);
#3605=LINE('',#8974,#4498);
#3606=LINE('',#8977,#4499);
#3607=LINE('',#8979,#4500);
#3608=LINE('',#8981,#4501);
#3609=LINE('',#8982,#4502);
#3610=LINE('',#8985,#4503);
#3611=LINE('',#8987,#4504);
#3612=LINE('',#8989,#4505);
#3613=LINE('',#8990,#4506);
#3614=LINE('',#8993,#4507);
#3615=LINE('',#8995,#4508);
#3616=LINE('',#8997,#4509);
#3617=LINE('',#8998,#4510);
#3618=LINE('',#9001,#4511);
#3619=LINE('',#9003,#4512);
#3620=LINE('',#9005,#4513);
#3621=LINE('',#9006,#4514);
#3622=LINE('',#9009,#4515);
#3623=LINE('',#9011,#4516);
#3624=LINE('',#9013,#4517);
#3625=LINE('',#9014,#4518);
#3626=LINE('',#9017,#4519);
#3627=LINE('',#9019,#4520);
#3628=LINE('',#9021,#4521);
#3629=LINE('',#9022,#4522);
#3630=LINE('',#9025,#4523);
#3631=LINE('',#9027,#4524);
#3632=LINE('',#9029,#4525);
#3633=LINE('',#9030,#4526);
#3634=LINE('',#9033,#4527);
#3635=LINE('',#9035,#4528);
#3636=LINE('',#9037,#4529);
#3637=LINE('',#9038,#4530);
#3638=LINE('',#9041,#4531);
#3639=LINE('',#9043,#4532);
#3640=LINE('',#9045,#4533);
#3641=LINE('',#9046,#4534);
#3642=LINE('',#9049,#4535);
#3643=LINE('',#9051,#4536);
#3644=LINE('',#9053,#4537);
#3645=LINE('',#9054,#4538);
#3646=LINE('',#9057,#4539);
#3647=LINE('',#9059,#4540);
#3648=LINE('',#9061,#4541);
#3649=LINE('',#9062,#4542);
#3650=LINE('',#9065,#4543);
#3651=LINE('',#9067,#4544);
#3652=LINE('',#9069,#4545);
#3653=LINE('',#9070,#4546);
#3654=LINE('',#9073,#4547);
#3655=LINE('',#9075,#4548);
#3656=LINE('',#9077,#4549);
#3657=LINE('',#9078,#4550);
#3658=LINE('',#9081,#4551);
#3659=LINE('',#9083,#4552);
#3660=LINE('',#9085,#4553);
#3661=LINE('',#9086,#4554);
#3662=LINE('',#9089,#4555);
#3663=LINE('',#9091,#4556);
#3664=LINE('',#9093,#4557);
#3665=LINE('',#9094,#4558);
#3666=LINE('',#9097,#4559);
#3667=LINE('',#9099,#4560);
#3668=LINE('',#9101,#4561);
#3669=LINE('',#9102,#4562);
#3670=LINE('',#9105,#4563);
#3671=LINE('',#9107,#4564);
#3672=LINE('',#9109,#4565);
#3673=LINE('',#9110,#4566);
#3674=LINE('',#9113,#4567);
#3675=LINE('',#9115,#4568);
#3676=LINE('',#9117,#4569);
#3677=LINE('',#9118,#4570);
#3678=LINE('',#9121,#4571);
#3679=LINE('',#9123,#4572);
#3680=LINE('',#9125,#4573);
#3681=LINE('',#9126,#4574);
#3682=LINE('',#9129,#4575);
#3683=LINE('',#9131,#4576);
#3684=LINE('',#9133,#4577);
#3685=LINE('',#9134,#4578);
#3686=LINE('',#9137,#4579);
#3687=LINE('',#9139,#4580);
#3688=LINE('',#9141,#4581);
#3689=LINE('',#9142,#4582);
#3690=LINE('',#9145,#4583);
#3691=LINE('',#9147,#4584);
#3692=LINE('',#9149,#4585);
#3693=LINE('',#9150,#4586);
#3694=LINE('',#9153,#4587);
#3695=LINE('',#9155,#4588);
#3696=LINE('',#9157,#4589);
#3697=LINE('',#9158,#4590);
#3698=LINE('',#9161,#4591);
#3699=LINE('',#9163,#4592);
#3700=LINE('',#9165,#4593);
#3701=LINE('',#9166,#4594);
#3702=LINE('',#9169,#4595);
#3703=LINE('',#9171,#4596);
#3704=LINE('',#9173,#4597);
#3705=LINE('',#9174,#4598);
#3706=LINE('',#9177,#4599);
#3707=LINE('',#9179,#4600);
#3708=LINE('',#9181,#4601);
#3709=LINE('',#9182,#4602);
#3710=LINE('',#9185,#4603);
#3711=LINE('',#9187,#4604);
#3712=LINE('',#9189,#4605);
#3713=LINE('',#9190,#4606);
#3714=LINE('',#9193,#4607);
#3715=LINE('',#9195,#4608);
#3716=LINE('',#9197,#4609);
#3717=LINE('',#9198,#4610);
#3718=LINE('',#9201,#4611);
#3719=LINE('',#9203,#4612);
#3720=LINE('',#9205,#4613);
#3721=LINE('',#9206,#4614);
#3722=LINE('',#9209,#4615);
#3723=LINE('',#9211,#4616);
#3724=LINE('',#9213,#4617);
#3725=LINE('',#9214,#4618);
#3726=LINE('',#9217,#4619);
#3727=LINE('',#9219,#4620);
#3728=LINE('',#9221,#4621);
#3729=LINE('',#9223,#4622);
#3730=LINE('',#9225,#4623);
#3731=LINE('',#9227,#4624);
#3732=LINE('',#9229,#4625);
#3733=LINE('',#9231,#4626);
#3734=LINE('',#9233,#4627);
#3735=LINE('',#9235,#4628);
#3736=LINE('',#9237,#4629);
#3737=LINE('',#9238,#4630);
#3738=LINE('',#9241,#4631);
#3739=LINE('',#9243,#4632);
#3740=LINE('',#9245,#4633);
#3741=LINE('',#9247,#4634);
#3742=LINE('',#9249,#4635);
#3743=LINE('',#9251,#4636);
#3744=LINE('',#9253,#4637);
#3745=LINE('',#9255,#4638);
#3746=LINE('',#9257,#4639);
#3747=LINE('',#9259,#4640);
#3748=LINE('',#9261,#4641);
#3749=LINE('',#9263,#4642);
#3750=LINE('',#9265,#4643);
#3751=LINE('',#9267,#4644);
#3752=LINE('',#9269,#4645);
#3753=LINE('',#9270,#4646);
#3754=LINE('',#9273,#4647);
#3755=LINE('',#9275,#4648);
#3756=LINE('',#9277,#4649);
#3757=LINE('',#9279,#4650);
#3758=LINE('',#9281,#4651);
#3759=LINE('',#9283,#4652);
#3760=LINE('',#9285,#4653);
#3761=LINE('',#9287,#4654);
#3762=LINE('',#9289,#4655);
#3763=LINE('',#9291,#4656);
#3764=LINE('',#9293,#4657);
#3765=LINE('',#9294,#4658);
#3766=LINE('',#9297,#4659);
#3767=LINE('',#9299,#4660);
#3768=LINE('',#9301,#4661);
#3769=LINE('',#9302,#4662);
#3770=LINE('',#9305,#4663);
#3771=LINE('',#9307,#4664);
#3772=LINE('',#9309,#4665);
#3773=LINE('',#9311,#4666);
#3774=LINE('',#9313,#4667);
#3775=LINE('',#9315,#4668);
#3776=LINE('',#9317,#4669);
#3777=LINE('',#9319,#4670);
#3778=LINE('',#9321,#4671);
#3779=LINE('',#9323,#4672);
#3780=LINE('',#9325,#4673);
#3781=LINE('',#9330,#4674);
#3782=LINE('',#9334,#4675);
#3783=LINE('',#9338,#4676);
#3784=LINE('',#9342,#4677);
#3785=LINE('',#9346,#4678);
#3786=LINE('',#9348,#4679);
#3787=LINE('',#9350,#4680);
#3788=LINE('',#9354,#4681);
#3789=LINE('',#9358,#4682);
#3790=LINE('',#9362,#4683);
#3791=LINE('',#9366,#4684);
#3792=LINE('',#9371,#4685);
#3793=LINE('',#9372,#4686);
#3794=LINE('',#9374,#4687);
#3795=LINE('',#9379,#4688);
#3796=LINE('',#9380,#4689);
#3797=LINE('',#9382,#4690);
#3798=LINE('',#9384,#4691);
#3799=LINE('',#9386,#4692);
#3800=LINE('',#9388,#4693);
#3801=LINE('',#9390,#4694);
#3802=LINE('',#9392,#4695);
#3803=LINE('',#9394,#4696);
#3804=LINE('',#9396,#4697);
#3805=LINE('',#9399,#4698);
#3806=LINE('',#9401,#4699);
#3807=LINE('',#9403,#4700);
#3808=LINE('',#9405,#4701);
#3809=LINE('',#9407,#4702);
#3810=LINE('',#9409,#4703);
#3811=LINE('',#9411,#4704);
#3812=LINE('',#9415,#4705);
#3813=LINE('',#9419,#4706);
#3814=LINE('',#9421,#4707);
#3815=LINE('',#9423,#4708);
#3816=LINE('',#9425,#4709);
#3817=LINE('',#9426,#4710);
#3818=LINE('',#9428,#4711);
#3819=LINE('',#9430,#4712);
#3820=LINE('',#9432,#4713);
#3821=LINE('',#9437,#4714);
#3822=LINE('',#9441,#4715);
#3823=LINE('',#9445,#4716);
#3824=LINE('',#9449,#4717);
#3825=LINE('',#9451,#4718);
#3826=LINE('',#9453,#4719);
#3827=LINE('',#9455,#4720);
#3828=LINE('',#9457,#4721);
#3829=LINE('',#9459,#4722);
#3830=LINE('',#9461,#4723);
#3831=LINE('',#9463,#4724);
#3832=LINE('',#9465,#4725);
#3833=LINE('',#9467,#4726);
#3834=LINE('',#9469,#4727);
#3835=LINE('',#9471,#4728);
#3836=LINE('',#9473,#4729);
#3837=LINE('',#9475,#4730);
#3838=LINE('',#9477,#4731);
#3839=LINE('',#9479,#4732);
#3840=LINE('',#9481,#4733);
#3841=LINE('',#9483,#4734);
#3842=LINE('',#9485,#4735);
#3843=LINE('',#9487,#4736);
#3844=LINE('',#9489,#4737);
#3845=LINE('',#9491,#4738);
#3846=LINE('',#9493,#4739);
#3847=LINE('',#9495,#4740);
#3848=LINE('',#9497,#4741);
#3849=LINE('',#9499,#4742);
#3850=LINE('',#9501,#4743);
#3851=LINE('',#9503,#4744);
#3852=LINE('',#9505,#4745);
#3853=LINE('',#9507,#4746);
#3854=LINE('',#9509,#4747);
#3855=LINE('',#9511,#4748);
#3856=LINE('',#9513,#4749);
#3857=LINE('',#9515,#4750);
#3858=LINE('',#9517,#4751);
#3859=LINE('',#9519,#4752);
#3860=LINE('',#9521,#4753);
#3861=LINE('',#9523,#4754);
#3862=LINE('',#9525,#4755);
#3863=LINE('',#9527,#4756);
#3864=LINE('',#9529,#4757);
#3865=LINE('',#9531,#4758);
#3866=LINE('',#9533,#4759);
#3867=LINE('',#9535,#4760);
#3868=LINE('',#9537,#4761);
#3869=LINE('',#9539,#4762);
#3870=LINE('',#9541,#4763);
#3871=LINE('',#9543,#4764);
#3872=LINE('',#9545,#4765);
#3873=LINE('',#9547,#4766);
#3874=LINE('',#9549,#4767);
#3875=LINE('',#9551,#4768);
#3876=LINE('',#9553,#4769);
#3877=LINE('',#9555,#4770);
#3878=LINE('',#9557,#4771);
#3879=LINE('',#9559,#4772);
#3880=LINE('',#9561,#4773);
#3881=LINE('',#9563,#4774);
#3882=LINE('',#9565,#4775);
#3883=LINE('',#9567,#4776);
#3884=LINE('',#9569,#4777);
#3885=LINE('',#9571,#4778);
#3886=LINE('',#9573,#4779);
#3887=LINE('',#9575,#4780);
#3888=LINE('',#9577,#4781);
#3889=LINE('',#9579,#4782);
#3890=LINE('',#9581,#4783);
#3891=LINE('',#9583,#4784);
#3892=LINE('',#9585,#4785);
#3893=LINE('',#9587,#4786);
#3894=LINE('',#9589,#4787);
#3895=LINE('',#9591,#4788);
#3896=LINE('',#9593,#4789);
#3897=LINE('',#9595,#4790);
#3898=LINE('',#9597,#4791);
#3899=LINE('',#9599,#4792);
#3900=LINE('',#9601,#4793);
#3901=LINE('',#9603,#4794);
#3902=LINE('',#9605,#4795);
#3903=LINE('',#9607,#4796);
#3904=LINE('',#9609,#4797);
#3905=LINE('',#9611,#4798);
#3906=LINE('',#9613,#4799);
#3907=LINE('',#9615,#4800);
#3908=LINE('',#9617,#4801);
#3909=LINE('',#9619,#4802);
#3910=LINE('',#9621,#4803);
#3911=LINE('',#9623,#4804);
#3912=LINE('',#9625,#4805);
#3913=LINE('',#9627,#4806);
#3914=LINE('',#9629,#4807);
#3915=LINE('',#9631,#4808);
#3916=LINE('',#9633,#4809);
#3917=LINE('',#9635,#4810);
#3918=LINE('',#9637,#4811);
#3919=LINE('',#9639,#4812);
#3920=LINE('',#9641,#4813);
#3921=LINE('',#9643,#4814);
#3922=LINE('',#9645,#4815);
#3923=LINE('',#9647,#4816);
#3924=LINE('',#9649,#4817);
#3925=LINE('',#9651,#4818);
#3926=LINE('',#9653,#4819);
#3927=LINE('',#9655,#4820);
#3928=LINE('',#9657,#4821);
#3929=LINE('',#9659,#4822);
#3930=LINE('',#9661,#4823);
#3931=LINE('',#9663,#4824);
#3932=LINE('',#9665,#4825);
#3933=LINE('',#9667,#4826);
#3934=LINE('',#9669,#4827);
#3935=LINE('',#9671,#4828);
#3936=LINE('',#9673,#4829);
#3937=LINE('',#9675,#4830);
#3938=LINE('',#9677,#4831);
#3939=LINE('',#9679,#4832);
#3940=LINE('',#9681,#4833);
#3941=LINE('',#9683,#4834);
#3942=LINE('',#9685,#4835);
#3943=LINE('',#9687,#4836);
#3944=LINE('',#9689,#4837);
#3945=LINE('',#9691,#4838);
#3946=LINE('',#9693,#4839);
#3947=LINE('',#9695,#4840);
#3948=LINE('',#9697,#4841);
#3949=LINE('',#9699,#4842);
#3950=LINE('',#9701,#4843);
#3951=LINE('',#9703,#4844);
#3952=LINE('',#9705,#4845);
#3953=LINE('',#9707,#4846);
#3954=LINE('',#9709,#4847);
#3955=LINE('',#9711,#4848);
#3956=LINE('',#9713,#4849);
#3957=LINE('',#9715,#4850);
#3958=LINE('',#9717,#4851);
#3959=LINE('',#9719,#4852);
#3960=LINE('',#9721,#4853);
#3961=LINE('',#9723,#4854);
#3962=LINE('',#9725,#4855);
#3963=LINE('',#9727,#4856);
#3964=LINE('',#9729,#4857);
#3965=LINE('',#9731,#4858);
#3966=LINE('',#9733,#4859);
#3967=LINE('',#9735,#4860);
#3968=LINE('',#9737,#4861);
#3969=LINE('',#9739,#4862);
#3970=LINE('',#9741,#4863);
#3971=LINE('',#9743,#4864);
#3972=LINE('',#9745,#4865);
#3973=LINE('',#9747,#4866);
#3974=LINE('',#9749,#4867);
#3975=LINE('',#9751,#4868);
#3976=LINE('',#9753,#4869);
#3977=LINE('',#9755,#4870);
#3978=LINE('',#9757,#4871);
#3979=LINE('',#9759,#4872);
#3980=LINE('',#9761,#4873);
#3981=LINE('',#9763,#4874);
#3982=LINE('',#9765,#4875);
#3983=LINE('',#9767,#4876);
#3984=LINE('',#9769,#4877);
#3985=LINE('',#9771,#4878);
#3986=LINE('',#9773,#4879);
#3987=LINE('',#9775,#4880);
#3988=LINE('',#9777,#4881);
#3989=LINE('',#9779,#4882);
#3990=LINE('',#9781,#4883);
#3991=LINE('',#9783,#4884);
#3992=LINE('',#9785,#4885);
#3993=LINE('',#9787,#4886);
#3994=LINE('',#9789,#4887);
#3995=LINE('',#9791,#4888);
#3996=LINE('',#9793,#4889);
#3997=LINE('',#9795,#4890);
#3998=LINE('',#9797,#4891);
#3999=LINE('',#9799,#4892);
#4000=LINE('',#9801,#4893);
#4001=LINE('',#9803,#4894);
#4002=LINE('',#9805,#4895);
#4003=LINE('',#9807,#4896);
#4004=LINE('',#9809,#4897);
#4005=LINE('',#9811,#4898);
#4006=LINE('',#9813,#4899);
#4007=LINE('',#9815,#4900);
#4008=LINE('',#9817,#4901);
#4009=LINE('',#9819,#4902);
#4010=LINE('',#9821,#4903);
#4011=LINE('',#9823,#4904);
#4012=LINE('',#9825,#4905);
#4013=LINE('',#9827,#4906);
#4014=LINE('',#9829,#4907);
#4015=LINE('',#9831,#4908);
#4016=LINE('',#9833,#4909);
#4017=LINE('',#9835,#4910);
#4018=LINE('',#9837,#4911);
#4019=LINE('',#9839,#4912);
#4020=LINE('',#9841,#4913);
#4021=LINE('',#9843,#4914);
#4022=LINE('',#9845,#4915);
#4023=LINE('',#9847,#4916);
#4024=LINE('',#9849,#4917);
#4025=LINE('',#9851,#4918);
#4026=LINE('',#9853,#4919);
#4027=LINE('',#9855,#4920);
#4028=LINE('',#9857,#4921);
#4029=LINE('',#9859,#4922);
#4030=LINE('',#9861,#4923);
#4031=LINE('',#9863,#4924);
#4032=LINE('',#9865,#4925);
#4033=LINE('',#9867,#4926);
#4034=LINE('',#9869,#4927);
#4035=LINE('',#9871,#4928);
#4036=LINE('',#9873,#4929);
#4037=LINE('',#9875,#4930);
#4038=LINE('',#9877,#4931);
#4039=LINE('',#9879,#4932);
#4040=LINE('',#9881,#4933);
#4041=LINE('',#9883,#4934);
#4042=LINE('',#9885,#4935);
#4043=LINE('',#9887,#4936);
#4044=LINE('',#9889,#4937);
#4045=LINE('',#9891,#4938);
#4046=LINE('',#9893,#4939);
#4047=LINE('',#9895,#4940);
#4048=LINE('',#9897,#4941);
#4049=LINE('',#9899,#4942);
#4050=LINE('',#9901,#4943);
#4051=LINE('',#9903,#4944);
#4052=LINE('',#9905,#4945);
#4053=LINE('',#9907,#4946);
#4054=LINE('',#9909,#4947);
#4055=LINE('',#9911,#4948);
#4056=LINE('',#9913,#4949);
#4057=LINE('',#9915,#4950);
#4058=LINE('',#9917,#4951);
#4059=LINE('',#9919,#4952);
#4060=LINE('',#9921,#4953);
#4061=LINE('',#9923,#4954);
#4062=LINE('',#9925,#4955);
#4063=LINE('',#9927,#4956);
#4064=LINE('',#9929,#4957);
#4065=LINE('',#9931,#4958);
#4066=LINE('',#9933,#4959);
#4067=LINE('',#9935,#4960);
#4068=LINE('',#9937,#4961);
#4069=LINE('',#9939,#4962);
#4070=LINE('',#9941,#4963);
#4071=LINE('',#9943,#4964);
#4072=LINE('',#9945,#4965);
#4073=LINE('',#9947,#4966);
#4074=LINE('',#9949,#4967);
#4075=LINE('',#9951,#4968);
#4076=LINE('',#9953,#4969);
#4077=LINE('',#9955,#4970);
#4078=LINE('',#9957,#4971);
#4079=LINE('',#9959,#4972);
#4080=LINE('',#9961,#4973);
#4081=LINE('',#9963,#4974);
#4082=LINE('',#9965,#4975);
#4083=LINE('',#9967,#4976);
#4084=LINE('',#9969,#4977);
#4085=LINE('',#9971,#4978);
#4086=LINE('',#9973,#4979);
#4087=LINE('',#9975,#4980);
#4088=LINE('',#9977,#4981);
#4089=LINE('',#9979,#4982);
#4090=LINE('',#9981,#4983);
#4091=LINE('',#9983,#4984);
#4092=LINE('',#9985,#4985);
#4093=LINE('',#9987,#4986);
#4094=LINE('',#9989,#4987);
#4095=LINE('',#9991,#4988);
#4096=LINE('',#9993,#4989);
#4097=LINE('',#9995,#4990);
#4098=LINE('',#9997,#4991);
#4099=LINE('',#9999,#4992);
#4100=LINE('',#10001,#4993);
#4101=LINE('',#10003,#4994);
#4102=LINE('',#10005,#4995);
#4103=LINE('',#10007,#4996);
#4104=LINE('',#10009,#4997);
#4105=LINE('',#10011,#4998);
#4106=LINE('',#10013,#4999);
#4107=LINE('',#10015,#5000);
#4108=LINE('',#10017,#5001);
#4109=LINE('',#10019,#5002);
#4110=LINE('',#10021,#5003);
#4111=LINE('',#10023,#5004);
#4112=LINE('',#10025,#5005);
#4113=LINE('',#10027,#5006);
#4114=LINE('',#10029,#5007);
#4115=LINE('',#10031,#5008);
#4116=LINE('',#10033,#5009);
#4117=LINE('',#10035,#5010);
#4118=LINE('',#10037,#5011);
#4119=LINE('',#10039,#5012);
#4120=LINE('',#10041,#5013);
#4121=LINE('',#10043,#5014);
#4122=LINE('',#10045,#5015);
#4123=LINE('',#10047,#5016);
#4124=LINE('',#10049,#5017);
#4125=LINE('',#10051,#5018);
#4126=LINE('',#10053,#5019);
#4127=LINE('',#10055,#5020);
#4128=LINE('',#10057,#5021);
#4129=LINE('',#10059,#5022);
#4130=LINE('',#10061,#5023);
#4131=LINE('',#10063,#5024);
#4132=LINE('',#10065,#5025);
#4133=LINE('',#10067,#5026);
#4134=LINE('',#10069,#5027);
#4135=LINE('',#10071,#5028);
#4136=LINE('',#10073,#5029);
#4137=LINE('',#10075,#5030);
#4138=LINE('',#10077,#5031);
#4139=LINE('',#10079,#5032);
#4140=LINE('',#10081,#5033);
#4141=LINE('',#10083,#5034);
#4142=LINE('',#10085,#5035);
#4143=LINE('',#10087,#5036);
#4144=LINE('',#10089,#5037);
#4145=LINE('',#10091,#5038);
#4146=LINE('',#10093,#5039);
#4147=LINE('',#10095,#5040);
#4148=LINE('',#10097,#5041);
#4149=LINE('',#10099,#5042);
#4150=LINE('',#10101,#5043);
#4151=LINE('',#10103,#5044);
#4152=LINE('',#10105,#5045);
#4153=LINE('',#10107,#5046);
#4154=LINE('',#10109,#5047);
#4155=LINE('',#10111,#5048);
#4156=LINE('',#10113,#5049);
#4157=LINE('',#10115,#5050);
#4158=LINE('',#10117,#5051);
#4159=LINE('',#10119,#5052);
#4160=LINE('',#10121,#5053);
#4161=LINE('',#10123,#5054);
#4162=LINE('',#10125,#5055);
#4163=LINE('',#10127,#5056);
#4164=LINE('',#10129,#5057);
#4165=LINE('',#10131,#5058);
#4166=LINE('',#10133,#5059);
#4167=LINE('',#10135,#5060);
#4168=LINE('',#10137,#5061);
#4169=LINE('',#10139,#5062);
#4170=LINE('',#10141,#5063);
#4171=LINE('',#10143,#5064);
#4172=LINE('',#10145,#5065);
#4173=LINE('',#10147,#5066);
#4174=LINE('',#10149,#5067);
#4175=LINE('',#10151,#5068);
#4176=LINE('',#10153,#5069);
#4177=LINE('',#10155,#5070);
#4178=LINE('',#10157,#5071);
#4179=LINE('',#10159,#5072);
#4180=LINE('',#10161,#5073);
#4181=LINE('',#10163,#5074);
#4182=LINE('',#10165,#5075);
#4183=LINE('',#10167,#5076);
#4184=LINE('',#10169,#5077);
#4185=LINE('',#10171,#5078);
#4186=LINE('',#10173,#5079);
#4187=LINE('',#10175,#5080);
#4188=LINE('',#10177,#5081);
#4189=LINE('',#10179,#5082);
#4190=LINE('',#10181,#5083);
#4191=LINE('',#10183,#5084);
#4192=LINE('',#10185,#5085);
#4193=LINE('',#10187,#5086);
#4194=LINE('',#10189,#5087);
#4195=LINE('',#10191,#5088);
#4196=LINE('',#10193,#5089);
#4197=LINE('',#10195,#5090);
#4198=LINE('',#10197,#5091);
#4199=LINE('',#10199,#5092);
#4200=LINE('',#10201,#5093);
#4201=LINE('',#10203,#5094);
#4202=LINE('',#10205,#5095);
#4203=LINE('',#10207,#5096);
#4204=LINE('',#10209,#5097);
#4205=LINE('',#10211,#5098);
#4206=LINE('',#10213,#5099);
#4207=LINE('',#10215,#5100);
#4208=LINE('',#10217,#5101);
#4209=LINE('',#10219,#5102);
#4210=LINE('',#10221,#5103);
#4211=LINE('',#10225,#5104);
#4212=LINE('',#10227,#5105);
#4213=LINE('',#10229,#5106);
#4214=LINE('',#10231,#5107);
#4215=LINE('',#10235,#5108);
#4216=LINE('',#10237,#5109);
#4217=LINE('',#10239,#5110);
#4218=LINE('',#10243,#5111);
#4219=LINE('',#10247,#5112);
#4220=LINE('',#10249,#5113);
#4221=LINE('',#10253,#5114);
#4222=LINE('',#10255,#5115);
#4223=LINE('',#10257,#5116);
#4224=LINE('',#10259,#5117);
#4225=LINE('',#10261,#5118);
#4226=LINE('',#10263,#5119);
#4227=LINE('',#10265,#5120);
#4228=LINE('',#10267,#5121);
#4229=LINE('',#10269,#5122);
#4230=LINE('',#10271,#5123);
#4231=LINE('',#10273,#5124);
#4232=LINE('',#10275,#5125);
#4233=LINE('',#10277,#5126);
#4234=LINE('',#10279,#5127);
#4235=LINE('',#10281,#5128);
#4236=LINE('',#10283,#5129);
#4237=LINE('',#10285,#5130);
#4238=LINE('',#10287,#5131);
#4239=LINE('',#10289,#5132);
#4240=LINE('',#10291,#5133);
#4241=LINE('',#10293,#5134);
#4242=LINE('',#10295,#5135);
#4243=LINE('',#10297,#5136);
#4244=LINE('',#10299,#5137);
#4245=LINE('',#10301,#5138);
#4246=LINE('',#10303,#5139);
#4247=LINE('',#10305,#5140);
#4248=LINE('',#10307,#5141);
#4249=LINE('',#10309,#5142);
#4250=LINE('',#10311,#5143);
#4251=LINE('',#10313,#5144);
#4252=LINE('',#10315,#5145);
#4253=LINE('',#10317,#5146);
#4254=LINE('',#10319,#5147);
#4255=LINE('',#10321,#5148);
#4256=LINE('',#10323,#5149);
#4257=LINE('',#10325,#5150);
#4258=LINE('',#10327,#5151);
#4259=LINE('',#10329,#5152);
#4260=LINE('',#10331,#5153);
#4261=LINE('',#10333,#5154);
#4262=LINE('',#10335,#5155);
#4263=LINE('',#10337,#5156);
#4264=LINE('',#10339,#5157);
#4265=LINE('',#10341,#5158);
#4266=LINE('',#10343,#5159);
#4267=LINE('',#10345,#5160);
#4268=LINE('',#10347,#5161);
#4269=LINE('',#10349,#5162);
#4270=LINE('',#10351,#5163);
#4271=LINE('',#10353,#5164);
#4272=LINE('',#10355,#5165);
#4273=LINE('',#10357,#5166);
#4274=LINE('',#10359,#5167);
#4275=LINE('',#10361,#5168);
#4276=LINE('',#10363,#5169);
#4277=LINE('',#10365,#5170);
#4278=LINE('',#10367,#5171);
#4279=LINE('',#10369,#5172);
#4280=LINE('',#10371,#5173);
#4281=LINE('',#10373,#5174);
#4282=LINE('',#10375,#5175);
#4283=LINE('',#10377,#5176);
#4284=LINE('',#10379,#5177);
#4285=LINE('',#10381,#5178);
#4286=LINE('',#10383,#5179);
#4287=LINE('',#10385,#5180);
#4288=LINE('',#10387,#5181);
#4289=LINE('',#10389,#5182);
#4290=LINE('',#10391,#5183);
#4291=LINE('',#10393,#5184);
#4292=LINE('',#10395,#5185);
#4293=LINE('',#10397,#5186);
#4294=LINE('',#10399,#5187);
#4295=LINE('',#10401,#5188);
#4296=LINE('',#10403,#5189);
#4297=LINE('',#10405,#5190);
#4298=LINE('',#10407,#5191);
#4299=LINE('',#10409,#5192);
#4300=LINE('',#10411,#5193);
#4301=LINE('',#10413,#5194);
#4302=LINE('',#10415,#5195);
#4303=LINE('',#10417,#5196);
#4304=LINE('',#10419,#5197);
#4305=LINE('',#10421,#5198);
#4306=LINE('',#10423,#5199);
#4307=LINE('',#10425,#5200);
#4308=LINE('',#10427,#5201);
#4309=LINE('',#10429,#5202);
#4310=LINE('',#10431,#5203);
#4311=LINE('',#10433,#5204);
#4312=LINE('',#10435,#5205);
#4313=LINE('',#10437,#5206);
#4314=LINE('',#10439,#5207);
#4315=LINE('',#10441,#5208);
#4316=LINE('',#10443,#5209);
#4317=LINE('',#10445,#5210);
#4318=LINE('',#10447,#5211);
#4319=LINE('',#10449,#5212);
#4320=LINE('',#10451,#5213);
#4321=LINE('',#10453,#5214);
#4322=LINE('',#10455,#5215);
#4323=LINE('',#10457,#5216);
#4324=LINE('',#10459,#5217);
#4325=LINE('',#10461,#5218);
#4326=LINE('',#10463,#5219);
#4327=LINE('',#10465,#5220);
#4328=LINE('',#10467,#5221);
#4329=LINE('',#10469,#5222);
#4330=LINE('',#10471,#5223);
#4331=LINE('',#10473,#5224);
#4332=LINE('',#10475,#5225);
#4333=LINE('',#10477,#5226);
#4334=LINE('',#10479,#5227);
#4335=LINE('',#10481,#5228);
#4336=LINE('',#10483,#5229);
#4337=LINE('',#10485,#5230);
#4338=LINE('',#10487,#5231);
#4339=LINE('',#10489,#5232);
#4340=LINE('',#10491,#5233);
#4341=LINE('',#10493,#5234);
#4342=LINE('',#10495,#5235);
#4343=LINE('',#10497,#5236);
#4344=LINE('',#10499,#5237);
#4345=LINE('',#10501,#5238);
#4346=LINE('',#10503,#5239);
#4347=LINE('',#10505,#5240);
#4348=LINE('',#10507,#5241);
#4349=LINE('',#10509,#5242);
#4350=LINE('',#10511,#5243);
#4351=LINE('',#10513,#5244);
#4352=LINE('',#10515,#5245);
#4353=LINE('',#10517,#5246);
#4354=LINE('',#10519,#5247);
#4355=LINE('',#10521,#5248);
#4356=LINE('',#10523,#5249);
#4357=LINE('',#10525,#5250);
#4358=LINE('',#10527,#5251);
#4359=LINE('',#10529,#5252);
#4360=LINE('',#10531,#5253);
#4361=LINE('',#10533,#5254);
#4362=LINE('',#10535,#5255);
#4363=LINE('',#10537,#5256);
#4364=LINE('',#10539,#5257);
#4365=LINE('',#10541,#5258);
#4366=LINE('',#10543,#5259);
#4367=LINE('',#10545,#5260);
#4368=LINE('',#10547,#5261);
#4369=LINE('',#10549,#5262);
#4370=LINE('',#10551,#5263);
#4371=LINE('',#10553,#5264);
#4372=LINE('',#10555,#5265);
#4373=LINE('',#10557,#5266);
#4374=LINE('',#10559,#5267);
#4375=LINE('',#10561,#5268);
#4376=LINE('',#10563,#5269);
#4377=LINE('',#10565,#5270);
#4378=LINE('',#10567,#5271);
#4379=LINE('',#10569,#5272);
#4380=LINE('',#10571,#5273);
#4381=LINE('',#10573,#5274);
#4382=LINE('',#10575,#5275);
#4383=LINE('',#10577,#5276);
#4384=LINE('',#10579,#5277);
#4385=LINE('',#10581,#5278);
#4386=LINE('',#10583,#5279);
#4387=LINE('',#10585,#5280);
#4388=LINE('',#10587,#5281);
#4389=LINE('',#10618,#5282);
#4390=LINE('',#10633,#5283);
#4391=LINE('',#10635,#5284);
#4392=LINE('',#10637,#5285);
#4393=LINE('',#10639,#5286);
#4394=VECTOR('',#7158,1.);
#4395=VECTOR('',#7161,1.);
#4396=VECTOR('',#7162,1.);
#4397=VECTOR('',#7163,1.);
#4398=VECTOR('',#7166,1.);
#4399=VECTOR('',#7167,1.);
#4400=VECTOR('',#7168,1.);
#4401=VECTOR('',#7169,1.);
#4402=VECTOR('',#7170,1.);
#4403=VECTOR('',#7171,1.);
#4404=VECTOR('',#7172,1.);
#4405=VECTOR('',#7173,1.);
#4406=VECTOR('',#7174,1.);
#4407=VECTOR('',#7175,1.);
#4408=VECTOR('',#7176,1.);
#4409=VECTOR('',#7177,1.);
#4410=VECTOR('',#7178,1.);
#4411=VECTOR('',#7179,1.);
#4412=VECTOR('',#7180,1.);
#4413=VECTOR('',#7181,1.);
#4414=VECTOR('',#7182,1.);
#4415=VECTOR('',#7183,1.);
#4416=VECTOR('',#7184,1.);
#4417=VECTOR('',#7185,1.);
#4418=VECTOR('',#7186,1.);
#4419=VECTOR('',#7187,1.);
#4420=VECTOR('',#7188,1.);
#4421=VECTOR('',#7189,1.);
#4422=VECTOR('',#7190,1.);
#4423=VECTOR('',#7191,1.);
#4424=VECTOR('',#7192,1.);
#4425=VECTOR('',#7193,1.);
#4426=VECTOR('',#7194,1.);
#4427=VECTOR('',#7195,1.);
#4428=VECTOR('',#7196,1.);
#4429=VECTOR('',#7197,1.);
#4430=VECTOR('',#7198,1.);
#4431=VECTOR('',#7199,1.);
#4432=VECTOR('',#7200,1.);
#4433=VECTOR('',#7201,1.);
#4434=VECTOR('',#7202,1.);
#4435=VECTOR('',#7203,1.);
#4436=VECTOR('',#7204,1.);
#4437=VECTOR('',#7205,1.);
#4438=VECTOR('',#7206,1.);
#4439=VECTOR('',#7207,1.);
#4440=VECTOR('',#7208,1.);
#4441=VECTOR('',#7209,1.);
#4442=VECTOR('',#7210,1.);
#4443=VECTOR('',#7211,1.);
#4444=VECTOR('',#7212,1.);
#4445=VECTOR('',#7213,1.);
#4446=VECTOR('',#7214,1.);
#4447=VECTOR('',#7215,1.);
#4448=VECTOR('',#7216,1.);
#4449=VECTOR('',#7217,1.);
#4450=VECTOR('',#7218,1.);
#4451=VECTOR('',#7219,1.);
#4452=VECTOR('',#7220,1.);
#4453=VECTOR('',#7221,1.);
#4454=VECTOR('',#7222,1.);
#4455=VECTOR('',#7223,1.);
#4456=VECTOR('',#7224,1.);
#4457=VECTOR('',#7225,1.);
#4458=VECTOR('',#7226,1.);
#4459=VECTOR('',#7227,1.);
#4460=VECTOR('',#7228,1.);
#4461=VECTOR('',#7229,1.);
#4462=VECTOR('',#7230,1.);
#4463=VECTOR('',#7231,1.);
#4464=VECTOR('',#7232,1.);
#4465=VECTOR('',#7233,1.);
#4466=VECTOR('',#7234,1.);
#4467=VECTOR('',#7235,1.);
#4468=VECTOR('',#7236,1.);
#4469=VECTOR('',#7237,1.);
#4470=VECTOR('',#7238,1.);
#4471=VECTOR('',#7239,1.);
#4472=VECTOR('',#7240,1.);
#4473=VECTOR('',#7241,1.);
#4474=VECTOR('',#7242,1.);
#4475=VECTOR('',#7243,1.);
#4476=VECTOR('',#7244,1.);
#4477=VECTOR('',#7245,1.);
#4478=VECTOR('',#7246,1.);
#4479=VECTOR('',#7247,1.);
#4480=VECTOR('',#7248,1.);
#4481=VECTOR('',#7249,1.);
#4482=VECTOR('',#7250,1.);
#4483=VECTOR('',#7251,1.);
#4484=VECTOR('',#7252,1.);
#4485=VECTOR('',#7253,1.);
#4486=VECTOR('',#7254,1.);
#4487=VECTOR('',#7255,1.);
#4488=VECTOR('',#7256,1.);
#4489=VECTOR('',#7257,1.);
#4490=VECTOR('',#7258,1.);
#4491=VECTOR('',#7259,1.);
#4492=VECTOR('',#7260,1.);
#4493=VECTOR('',#7261,1.);
#4494=VECTOR('',#7262,1.);
#4495=VECTOR('',#7263,1.);
#4496=VECTOR('',#7264,1.);
#4497=VECTOR('',#7265,1.);
#4498=VECTOR('',#7266,1.);
#4499=VECTOR('',#7267,1.);
#4500=VECTOR('',#7268,1.);
#4501=VECTOR('',#7269,1.);
#4502=VECTOR('',#7270,1.);
#4503=VECTOR('',#7271,1.);
#4504=VECTOR('',#7272,1.);
#4505=VECTOR('',#7273,1.);
#4506=VECTOR('',#7274,1.);
#4507=VECTOR('',#7275,1.);
#4508=VECTOR('',#7276,1.);
#4509=VECTOR('',#7277,1.);
#4510=VECTOR('',#7278,1.);
#4511=VECTOR('',#7279,1.);
#4512=VECTOR('',#7280,1.);
#4513=VECTOR('',#7281,1.);
#4514=VECTOR('',#7282,1.);
#4515=VECTOR('',#7283,1.);
#4516=VECTOR('',#7284,1.);
#4517=VECTOR('',#7285,1.);
#4518=VECTOR('',#7286,1.);
#4519=VECTOR('',#7287,1.);
#4520=VECTOR('',#7288,1.);
#4521=VECTOR('',#7289,1.);
#4522=VECTOR('',#7290,1.);
#4523=VECTOR('',#7291,1.);
#4524=VECTOR('',#7292,1.);
#4525=VECTOR('',#7293,1.);
#4526=VECTOR('',#7294,1.);
#4527=VECTOR('',#7295,1.);
#4528=VECTOR('',#7296,1.);
#4529=VECTOR('',#7297,1.);
#4530=VECTOR('',#7298,1.);
#4531=VECTOR('',#7299,1.);
#4532=VECTOR('',#7300,1.);
#4533=VECTOR('',#7301,1.);
#4534=VECTOR('',#7302,1.);
#4535=VECTOR('',#7303,1.);
#4536=VECTOR('',#7304,1.);
#4537=VECTOR('',#7305,1.);
#4538=VECTOR('',#7306,1.);
#4539=VECTOR('',#7307,1.);
#4540=VECTOR('',#7308,1.);
#4541=VECTOR('',#7309,1.);
#4542=VECTOR('',#7310,1.);
#4543=VECTOR('',#7311,1.);
#4544=VECTOR('',#7312,1.);
#4545=VECTOR('',#7313,1.);
#4546=VECTOR('',#7314,1.);
#4547=VECTOR('',#7315,1.);
#4548=VECTOR('',#7316,1.);
#4549=VECTOR('',#7317,1.);
#4550=VECTOR('',#7318,1.);
#4551=VECTOR('',#7319,1.);
#4552=VECTOR('',#7320,1.);
#4553=VECTOR('',#7321,1.);
#4554=VECTOR('',#7322,1.);
#4555=VECTOR('',#7323,1.);
#4556=VECTOR('',#7324,1.);
#4557=VECTOR('',#7325,1.);
#4558=VECTOR('',#7326,1.);
#4559=VECTOR('',#7327,1.);
#4560=VECTOR('',#7328,1.);
#4561=VECTOR('',#7329,1.);
#4562=VECTOR('',#7330,1.);
#4563=VECTOR('',#7331,1.);
#4564=VECTOR('',#7332,1.);
#4565=VECTOR('',#7333,1.);
#4566=VECTOR('',#7334,1.);
#4567=VECTOR('',#7335,1.);
#4568=VECTOR('',#7336,1.);
#4569=VECTOR('',#7337,1.);
#4570=VECTOR('',#7338,1.);
#4571=VECTOR('',#7339,1.);
#4572=VECTOR('',#7340,1.);
#4573=VECTOR('',#7341,1.);
#4574=VECTOR('',#7342,1.);
#4575=VECTOR('',#7343,1.);
#4576=VECTOR('',#7344,1.);
#4577=VECTOR('',#7345,1.);
#4578=VECTOR('',#7346,1.);
#4579=VECTOR('',#7347,1.);
#4580=VECTOR('',#7348,1.);
#4581=VECTOR('',#7349,1.);
#4582=VECTOR('',#7350,1.);
#4583=VECTOR('',#7351,1.);
#4584=VECTOR('',#7352,1.);
#4585=VECTOR('',#7353,1.);
#4586=VECTOR('',#7354,1.);
#4587=VECTOR('',#7355,1.);
#4588=VECTOR('',#7356,1.);
#4589=VECTOR('',#7357,1.);
#4590=VECTOR('',#7358,1.);
#4591=VECTOR('',#7359,1.);
#4592=VECTOR('',#7360,1.);
#4593=VECTOR('',#7361,1.);
#4594=VECTOR('',#7362,1.);
#4595=VECTOR('',#7363,1.);
#4596=VECTOR('',#7364,1.);
#4597=VECTOR('',#7365,1.);
#4598=VECTOR('',#7366,1.);
#4599=VECTOR('',#7367,1.);
#4600=VECTOR('',#7368,1.);
#4601=VECTOR('',#7369,1.);
#4602=VECTOR('',#7370,1.);
#4603=VECTOR('',#7371,1.);
#4604=VECTOR('',#7372,1.);
#4605=VECTOR('',#7373,1.);
#4606=VECTOR('',#7374,1.);
#4607=VECTOR('',#7375,1.);
#4608=VECTOR('',#7376,1.);
#4609=VECTOR('',#7377,1.);
#4610=VECTOR('',#7378,1.);
#4611=VECTOR('',#7379,1.);
#4612=VECTOR('',#7380,1.);
#4613=VECTOR('',#7381,1.);
#4614=VECTOR('',#7382,1.);
#4615=VECTOR('',#7383,1.);
#4616=VECTOR('',#7384,1.);
#4617=VECTOR('',#7385,1.);
#4618=VECTOR('',#7386,1.);
#4619=VECTOR('',#7387,1.);
#4620=VECTOR('',#7388,1.);
#4621=VECTOR('',#7389,1.);
#4622=VECTOR('',#7390,1.);
#4623=VECTOR('',#7391,1.);
#4624=VECTOR('',#7392,1.);
#4625=VECTOR('',#7393,1.);
#4626=VECTOR('',#7394,1.);
#4627=VECTOR('',#7395,1.);
#4628=VECTOR('',#7396,1.);
#4629=VECTOR('',#7397,1.);
#4630=VECTOR('',#7398,1.);
#4631=VECTOR('',#7399,1.);
#4632=VECTOR('',#7400,1.);
#4633=VECTOR('',#7401,1.);
#4634=VECTOR('',#7402,1.);
#4635=VECTOR('',#7403,1.);
#4636=VECTOR('',#7404,1.);
#4637=VECTOR('',#7405,1.);
#4638=VECTOR('',#7406,1.);
#4639=VECTOR('',#7407,1.);
#4640=VECTOR('',#7408,1.);
#4641=VECTOR('',#7409,1.);
#4642=VECTOR('',#7410,1.);
#4643=VECTOR('',#7411,1.);
#4644=VECTOR('',#7412,1.);
#4645=VECTOR('',#7413,1.);
#4646=VECTOR('',#7414,1.);
#4647=VECTOR('',#7415,1.);
#4648=VECTOR('',#7416,1.);
#4649=VECTOR('',#7417,1.);
#4650=VECTOR('',#7418,1.);
#4651=VECTOR('',#7419,1.);
#4652=VECTOR('',#7420,1.);
#4653=VECTOR('',#7421,1.);
#4654=VECTOR('',#7422,1.);
#4655=VECTOR('',#7423,1.);
#4656=VECTOR('',#7424,1.);
#4657=VECTOR('',#7425,1.);
#4658=VECTOR('',#7426,1.);
#4659=VECTOR('',#7427,1.);
#4660=VECTOR('',#7428,1.);
#4661=VECTOR('',#7429,1.);
#4662=VECTOR('',#7430,1.);
#4663=VECTOR('',#7431,1.);
#4664=VECTOR('',#7432,1.);
#4665=VECTOR('',#7433,1.);
#4666=VECTOR('',#7434,1.);
#4667=VECTOR('',#7435,1.);
#4668=VECTOR('',#7436,1.);
#4669=VECTOR('',#7437,1.);
#4670=VECTOR('',#7438,1.);
#4671=VECTOR('',#7439,1.);
#4672=VECTOR('',#7440,1.);
#4673=VECTOR('',#7441,1.);
#4674=VECTOR('',#7446,1.);
#4675=VECTOR('',#7449,1.);
#4676=VECTOR('',#7452,1.);
#4677=VECTOR('',#7455,1.);
#4678=VECTOR('',#7458,1.);
#4679=VECTOR('',#7459,1.);
#4680=VECTOR('',#7460,1.);
#4681=VECTOR('',#7463,1.);
#4682=VECTOR('',#7466,1.);
#4683=VECTOR('',#7469,1.);
#4684=VECTOR('',#7472,1.);
#4685=VECTOR('',#7477,1.);
#4686=VECTOR('',#7478,1.);
#4687=VECTOR('',#7479,1.);
#4688=VECTOR('',#7484,1.);
#4689=VECTOR('',#7485,1.);
#4690=VECTOR('',#7486,1.);
#4691=VECTOR('',#7489,1.);
#4692=VECTOR('',#7490,1.);
#4693=VECTOR('',#7491,1.);
#4694=VECTOR('',#7494,1.);
#4695=VECTOR('',#7495,1.);
#4696=VECTOR('',#7496,1.);
#4697=VECTOR('',#7499,1.);
#4698=VECTOR('',#7500,1.);
#4699=VECTOR('',#7501,1.);
#4700=VECTOR('',#7502,1.);
#4701=VECTOR('',#7505,1.);
#4702=VECTOR('',#7506,1.);
#4703=VECTOR('',#7507,1.);
#4704=VECTOR('',#7510,1.);
#4705=VECTOR('',#7513,1.);
#4706=VECTOR('',#7516,1.);
#4707=VECTOR('',#7517,1.);
#4708=VECTOR('',#7518,1.);
#4709=VECTOR('',#7521,1.);
#4710=VECTOR('',#7522,1.);
#4711=VECTOR('',#7525,1.);
#4712=VECTOR('',#7526,1.);
#4713=VECTOR('',#7527,1.);
#4714=VECTOR('',#7532,1.);
#4715=VECTOR('',#7535,1.);
#4716=VECTOR('',#7538,1.);
#4717=VECTOR('',#7541,1.);
#4718=VECTOR('',#7544,1.);
#4719=VECTOR('',#7545,1.);
#4720=VECTOR('',#7546,1.);
#4721=VECTOR('',#7549,1.);
#4722=VECTOR('',#7550,1.);
#4723=VECTOR('',#7553,1.);
#4724=VECTOR('',#7554,1.);
#4725=VECTOR('',#7557,1.);
#4726=VECTOR('',#7558,1.);
#4727=VECTOR('',#7559,1.);
#4728=VECTOR('',#7562,1.);
#4729=VECTOR('',#7563,1.);
#4730=VECTOR('',#7566,1.);
#4731=VECTOR('',#7567,1.);
#4732=VECTOR('',#7570,1.);
#4733=VECTOR('',#7571,1.);
#4734=VECTOR('',#7572,1.);
#4735=VECTOR('',#7575,1.);
#4736=VECTOR('',#7576,1.);
#4737=VECTOR('',#7579,1.);
#4738=VECTOR('',#7580,1.);
#4739=VECTOR('',#7583,1.);
#4740=VECTOR('',#7584,1.);
#4741=VECTOR('',#7585,1.);
#4742=VECTOR('',#7588,1.);
#4743=VECTOR('',#7589,1.);
#4744=VECTOR('',#7592,1.);
#4745=VECTOR('',#7593,1.);
#4746=VECTOR('',#7596,1.);
#4747=VECTOR('',#7597,1.);
#4748=VECTOR('',#7598,1.);
#4749=VECTOR('',#7601,1.);
#4750=VECTOR('',#7602,1.);
#4751=VECTOR('',#7605,1.);
#4752=VECTOR('',#7606,1.);
#4753=VECTOR('',#7609,1.);
#4754=VECTOR('',#7610,1.);
#4755=VECTOR('',#7611,1.);
#4756=VECTOR('',#7614,1.);
#4757=VECTOR('',#7615,1.);
#4758=VECTOR('',#7618,1.);
#4759=VECTOR('',#7619,1.);
#4760=VECTOR('',#7622,1.);
#4761=VECTOR('',#7623,1.);
#4762=VECTOR('',#7624,1.);
#4763=VECTOR('',#7627,1.);
#4764=VECTOR('',#7628,1.);
#4765=VECTOR('',#7631,1.);
#4766=VECTOR('',#7632,1.);
#4767=VECTOR('',#7635,1.);
#4768=VECTOR('',#7636,1.);
#4769=VECTOR('',#7637,1.);
#4770=VECTOR('',#7640,1.);
#4771=VECTOR('',#7641,1.);
#4772=VECTOR('',#7644,1.);
#4773=VECTOR('',#7645,1.);
#4774=VECTOR('',#7648,1.);
#4775=VECTOR('',#7649,1.);
#4776=VECTOR('',#7650,1.);
#4777=VECTOR('',#7653,1.);
#4778=VECTOR('',#7654,1.);
#4779=VECTOR('',#7657,1.);
#4780=VECTOR('',#7658,1.);
#4781=VECTOR('',#7661,1.);
#4782=VECTOR('',#7662,1.);
#4783=VECTOR('',#7663,1.);
#4784=VECTOR('',#7666,1.);
#4785=VECTOR('',#7667,1.);
#4786=VECTOR('',#7670,1.);
#4787=VECTOR('',#7671,1.);
#4788=VECTOR('',#7674,1.);
#4789=VECTOR('',#7675,1.);
#4790=VECTOR('',#7676,1.);
#4791=VECTOR('',#7679,1.);
#4792=VECTOR('',#7680,1.);
#4793=VECTOR('',#7683,1.);
#4794=VECTOR('',#7684,1.);
#4795=VECTOR('',#7687,1.);
#4796=VECTOR('',#7688,1.);
#4797=VECTOR('',#7689,1.);
#4798=VECTOR('',#7692,1.);
#4799=VECTOR('',#7693,1.);
#4800=VECTOR('',#7696,1.);
#4801=VECTOR('',#7697,1.);
#4802=VECTOR('',#7700,1.);
#4803=VECTOR('',#7701,1.);
#4804=VECTOR('',#7702,1.);
#4805=VECTOR('',#7705,1.);
#4806=VECTOR('',#7706,1.);
#4807=VECTOR('',#7709,1.);
#4808=VECTOR('',#7710,1.);
#4809=VECTOR('',#7713,1.);
#4810=VECTOR('',#7714,1.);
#4811=VECTOR('',#7715,1.);
#4812=VECTOR('',#7718,1.);
#4813=VECTOR('',#7719,1.);
#4814=VECTOR('',#7722,1.);
#4815=VECTOR('',#7723,1.);
#4816=VECTOR('',#7726,1.);
#4817=VECTOR('',#7727,1.);
#4818=VECTOR('',#7728,1.);
#4819=VECTOR('',#7731,1.);
#4820=VECTOR('',#7732,1.);
#4821=VECTOR('',#7735,1.);
#4822=VECTOR('',#7736,1.);
#4823=VECTOR('',#7739,1.);
#4824=VECTOR('',#7740,1.);
#4825=VECTOR('',#7741,1.);
#4826=VECTOR('',#7744,1.);
#4827=VECTOR('',#7745,1.);
#4828=VECTOR('',#7748,1.);
#4829=VECTOR('',#7749,1.);
#4830=VECTOR('',#7752,1.);
#4831=VECTOR('',#7753,1.);
#4832=VECTOR('',#7754,1.);
#4833=VECTOR('',#7757,1.);
#4834=VECTOR('',#7758,1.);
#4835=VECTOR('',#7761,1.);
#4836=VECTOR('',#7762,1.);
#4837=VECTOR('',#7765,1.);
#4838=VECTOR('',#7766,1.);
#4839=VECTOR('',#7767,1.);
#4840=VECTOR('',#7770,1.);
#4841=VECTOR('',#7771,1.);
#4842=VECTOR('',#7774,1.);
#4843=VECTOR('',#7775,1.);
#4844=VECTOR('',#7778,1.);
#4845=VECTOR('',#7779,1.);
#4846=VECTOR('',#7780,1.);
#4847=VECTOR('',#7783,1.);
#4848=VECTOR('',#7784,1.);
#4849=VECTOR('',#7787,1.);
#4850=VECTOR('',#7788,1.);
#4851=VECTOR('',#7791,1.);
#4852=VECTOR('',#7792,1.);
#4853=VECTOR('',#7793,1.);
#4854=VECTOR('',#7796,1.);
#4855=VECTOR('',#7797,1.);
#4856=VECTOR('',#7800,1.);
#4857=VECTOR('',#7801,1.);
#4858=VECTOR('',#7804,1.);
#4859=VECTOR('',#7805,1.);
#4860=VECTOR('',#7806,1.);
#4861=VECTOR('',#7809,1.);
#4862=VECTOR('',#7810,1.);
#4863=VECTOR('',#7813,1.);
#4864=VECTOR('',#7814,1.);
#4865=VECTOR('',#7817,1.);
#4866=VECTOR('',#7818,1.);
#4867=VECTOR('',#7819,1.);
#4868=VECTOR('',#7822,1.);
#4869=VECTOR('',#7823,1.);
#4870=VECTOR('',#7826,1.);
#4871=VECTOR('',#7827,1.);
#4872=VECTOR('',#7830,1.);
#4873=VECTOR('',#7831,1.);
#4874=VECTOR('',#7832,1.);
#4875=VECTOR('',#7835,1.);
#4876=VECTOR('',#7836,1.);
#4877=VECTOR('',#7839,1.);
#4878=VECTOR('',#7840,1.);
#4879=VECTOR('',#7843,1.);
#4880=VECTOR('',#7844,1.);
#4881=VECTOR('',#7845,1.);
#4882=VECTOR('',#7848,1.);
#4883=VECTOR('',#7849,1.);
#4884=VECTOR('',#7852,1.);
#4885=VECTOR('',#7853,1.);
#4886=VECTOR('',#7856,1.);
#4887=VECTOR('',#7857,1.);
#4888=VECTOR('',#7858,1.);
#4889=VECTOR('',#7861,1.);
#4890=VECTOR('',#7862,1.);
#4891=VECTOR('',#7865,1.);
#4892=VECTOR('',#7866,1.);
#4893=VECTOR('',#7869,1.);
#4894=VECTOR('',#7870,1.);
#4895=VECTOR('',#7871,1.);
#4896=VECTOR('',#7874,1.);
#4897=VECTOR('',#7875,1.);
#4898=VECTOR('',#7878,1.);
#4899=VECTOR('',#7879,1.);
#4900=VECTOR('',#7882,1.);
#4901=VECTOR('',#7883,1.);
#4902=VECTOR('',#7884,1.);
#4903=VECTOR('',#7887,1.);
#4904=VECTOR('',#7888,1.);
#4905=VECTOR('',#7891,1.);
#4906=VECTOR('',#7892,1.);
#4907=VECTOR('',#7895,1.);
#4908=VECTOR('',#7896,1.);
#4909=VECTOR('',#7897,1.);
#4910=VECTOR('',#7900,1.);
#4911=VECTOR('',#7901,1.);
#4912=VECTOR('',#7904,1.);
#4913=VECTOR('',#7905,1.);
#4914=VECTOR('',#7908,1.);
#4915=VECTOR('',#7909,1.);
#4916=VECTOR('',#7910,1.);
#4917=VECTOR('',#7913,1.);
#4918=VECTOR('',#7914,1.);
#4919=VECTOR('',#7917,1.);
#4920=VECTOR('',#7918,1.);
#4921=VECTOR('',#7921,1.);
#4922=VECTOR('',#7922,1.);
#4923=VECTOR('',#7923,1.);
#4924=VECTOR('',#7926,1.);
#4925=VECTOR('',#7927,1.);
#4926=VECTOR('',#7930,1.);
#4927=VECTOR('',#7931,1.);
#4928=VECTOR('',#7934,1.);
#4929=VECTOR('',#7935,1.);
#4930=VECTOR('',#7936,1.);
#4931=VECTOR('',#7939,1.);
#4932=VECTOR('',#7940,1.);
#4933=VECTOR('',#7943,1.);
#4934=VECTOR('',#7944,1.);
#4935=VECTOR('',#7947,1.);
#4936=VECTOR('',#7948,1.);
#4937=VECTOR('',#7949,1.);
#4938=VECTOR('',#7952,1.);
#4939=VECTOR('',#7953,1.);
#4940=VECTOR('',#7956,1.);
#4941=VECTOR('',#7957,1.);
#4942=VECTOR('',#7960,1.);
#4943=VECTOR('',#7961,1.);
#4944=VECTOR('',#7962,1.);
#4945=VECTOR('',#7965,1.);
#4946=VECTOR('',#7966,1.);
#4947=VECTOR('',#7969,1.);
#4948=VECTOR('',#7970,1.);
#4949=VECTOR('',#7973,1.);
#4950=VECTOR('',#7974,1.);
#4951=VECTOR('',#7975,1.);
#4952=VECTOR('',#7978,1.);
#4953=VECTOR('',#7979,1.);
#4954=VECTOR('',#7982,1.);
#4955=VECTOR('',#7983,1.);
#4956=VECTOR('',#7986,1.);
#4957=VECTOR('',#7987,1.);
#4958=VECTOR('',#7988,1.);
#4959=VECTOR('',#7991,1.);
#4960=VECTOR('',#7992,1.);
#4961=VECTOR('',#7995,1.);
#4962=VECTOR('',#7996,1.);
#4963=VECTOR('',#7999,1.);
#4964=VECTOR('',#8000,1.);
#4965=VECTOR('',#8001,1.);
#4966=VECTOR('',#8004,1.);
#4967=VECTOR('',#8005,1.);
#4968=VECTOR('',#8008,1.);
#4969=VECTOR('',#8009,1.);
#4970=VECTOR('',#8012,1.);
#4971=VECTOR('',#8013,1.);
#4972=VECTOR('',#8014,1.);
#4973=VECTOR('',#8017,1.);
#4974=VECTOR('',#8018,1.);
#4975=VECTOR('',#8021,1.);
#4976=VECTOR('',#8022,1.);
#4977=VECTOR('',#8025,1.);
#4978=VECTOR('',#8026,1.);
#4979=VECTOR('',#8027,1.);
#4980=VECTOR('',#8030,1.);
#4981=VECTOR('',#8031,1.);
#4982=VECTOR('',#8034,1.);
#4983=VECTOR('',#8035,1.);
#4984=VECTOR('',#8038,1.);
#4985=VECTOR('',#8039,1.);
#4986=VECTOR('',#8040,1.);
#4987=VECTOR('',#8043,1.);
#4988=VECTOR('',#8044,1.);
#4989=VECTOR('',#8047,1.);
#4990=VECTOR('',#8048,1.);
#4991=VECTOR('',#8051,1.);
#4992=VECTOR('',#8052,1.);
#4993=VECTOR('',#8053,1.);
#4994=VECTOR('',#8056,1.);
#4995=VECTOR('',#8057,1.);
#4996=VECTOR('',#8060,1.);
#4997=VECTOR('',#8061,1.);
#4998=VECTOR('',#8064,1.);
#4999=VECTOR('',#8065,1.);
#5000=VECTOR('',#8066,1.);
#5001=VECTOR('',#8069,1.);
#5002=VECTOR('',#8070,1.);
#5003=VECTOR('',#8073,1.);
#5004=VECTOR('',#8074,1.);
#5005=VECTOR('',#8077,1.);
#5006=VECTOR('',#8078,1.);
#5007=VECTOR('',#8079,1.);
#5008=VECTOR('',#8082,1.);
#5009=VECTOR('',#8083,1.);
#5010=VECTOR('',#8086,1.);
#5011=VECTOR('',#8087,1.);
#5012=VECTOR('',#8090,1.);
#5013=VECTOR('',#8091,1.);
#5014=VECTOR('',#8092,1.);
#5015=VECTOR('',#8095,1.);
#5016=VECTOR('',#8096,1.);
#5017=VECTOR('',#8099,1.);
#5018=VECTOR('',#8100,1.);
#5019=VECTOR('',#8103,1.);
#5020=VECTOR('',#8104,1.);
#5021=VECTOR('',#8105,1.);
#5022=VECTOR('',#8108,1.);
#5023=VECTOR('',#8109,1.);
#5024=VECTOR('',#8112,1.);
#5025=VECTOR('',#8113,1.);
#5026=VECTOR('',#8116,1.);
#5027=VECTOR('',#8117,1.);
#5028=VECTOR('',#8118,1.);
#5029=VECTOR('',#8121,1.);
#5030=VECTOR('',#8122,1.);
#5031=VECTOR('',#8125,1.);
#5032=VECTOR('',#8126,1.);
#5033=VECTOR('',#8129,1.);
#5034=VECTOR('',#8130,1.);
#5035=VECTOR('',#8131,1.);
#5036=VECTOR('',#8134,1.);
#5037=VECTOR('',#8135,1.);
#5038=VECTOR('',#8138,1.);
#5039=VECTOR('',#8139,1.);
#5040=VECTOR('',#8142,1.);
#5041=VECTOR('',#8143,1.);
#5042=VECTOR('',#8144,1.);
#5043=VECTOR('',#8147,1.);
#5044=VECTOR('',#8148,1.);
#5045=VECTOR('',#8151,1.);
#5046=VECTOR('',#8152,1.);
#5047=VECTOR('',#8155,1.);
#5048=VECTOR('',#8156,1.);
#5049=VECTOR('',#8157,1.);
#5050=VECTOR('',#8160,1.);
#5051=VECTOR('',#8161,1.);
#5052=VECTOR('',#8164,1.);
#5053=VECTOR('',#8165,1.);
#5054=VECTOR('',#8168,1.);
#5055=VECTOR('',#8169,1.);
#5056=VECTOR('',#8170,1.);
#5057=VECTOR('',#8173,1.);
#5058=VECTOR('',#8174,1.);
#5059=VECTOR('',#8177,1.);
#5060=VECTOR('',#8178,1.);
#5061=VECTOR('',#8181,1.);
#5062=VECTOR('',#8182,1.);
#5063=VECTOR('',#8183,1.);
#5064=VECTOR('',#8186,1.);
#5065=VECTOR('',#8187,1.);
#5066=VECTOR('',#8190,1.);
#5067=VECTOR('',#8191,1.);
#5068=VECTOR('',#8194,1.);
#5069=VECTOR('',#8195,1.);
#5070=VECTOR('',#8196,1.);
#5071=VECTOR('',#8199,1.);
#5072=VECTOR('',#8200,1.);
#5073=VECTOR('',#8203,1.);
#5074=VECTOR('',#8204,1.);
#5075=VECTOR('',#8207,1.);
#5076=VECTOR('',#8208,1.);
#5077=VECTOR('',#8209,1.);
#5078=VECTOR('',#8212,1.);
#5079=VECTOR('',#8213,1.);
#5080=VECTOR('',#8216,1.);
#5081=VECTOR('',#8217,1.);
#5082=VECTOR('',#8220,1.);
#5083=VECTOR('',#8221,1.);
#5084=VECTOR('',#8222,1.);
#5085=VECTOR('',#8225,1.);
#5086=VECTOR('',#8226,1.);
#5087=VECTOR('',#8229,1.);
#5088=VECTOR('',#8230,1.);
#5089=VECTOR('',#8233,1.);
#5090=VECTOR('',#8234,1.);
#5091=VECTOR('',#8235,1.);
#5092=VECTOR('',#8238,1.);
#5093=VECTOR('',#8239,1.);
#5094=VECTOR('',#8242,1.);
#5095=VECTOR('',#8243,1.);
#5096=VECTOR('',#8246,1.);
#5097=VECTOR('',#8247,1.);
#5098=VECTOR('',#8248,1.);
#5099=VECTOR('',#8251,1.);
#5100=VECTOR('',#8252,1.);
#5101=VECTOR('',#8255,1.);
#5102=VECTOR('',#8256,1.);
#5103=VECTOR('',#8259,1.);
#5104=VECTOR('',#8262,1.);
#5105=VECTOR('',#8265,1.);
#5106=VECTOR('',#8266,1.);
#5107=VECTOR('',#8269,1.);
#5108=VECTOR('',#8274,1.);
#5109=VECTOR('',#8275,1.);
#5110=VECTOR('',#8278,1.);
#5111=VECTOR('',#8283,1.);
#5112=VECTOR('',#8286,1.);
#5113=VECTOR('',#8289,1.);
#5114=VECTOR('',#8294,1.);
#5115=VECTOR('',#8295,1.);
#5116=VECTOR('',#8296,1.);
#5117=VECTOR('',#8299,1.);
#5118=VECTOR('',#8300,1.);
#5119=VECTOR('',#8303,1.);
#5120=VECTOR('',#8304,1.);
#5121=VECTOR('',#8307,1.);
#5122=VECTOR('',#8308,1.);
#5123=VECTOR('',#8311,1.);
#5124=VECTOR('',#8312,1.);
#5125=VECTOR('',#8315,1.);
#5126=VECTOR('',#8316,1.);
#5127=VECTOR('',#8319,1.);
#5128=VECTOR('',#8320,1.);
#5129=VECTOR('',#8323,1.);
#5130=VECTOR('',#8324,1.);
#5131=VECTOR('',#8327,1.);
#5132=VECTOR('',#8328,1.);
#5133=VECTOR('',#8331,1.);
#5134=VECTOR('',#8332,1.);
#5135=VECTOR('',#8335,1.);
#5136=VECTOR('',#8336,1.);
#5137=VECTOR('',#8339,1.);
#5138=VECTOR('',#8340,1.);
#5139=VECTOR('',#8341,1.);
#5140=VECTOR('',#8344,1.);
#5141=VECTOR('',#8345,1.);
#5142=VECTOR('',#8348,1.);
#5143=VECTOR('',#8349,1.);
#5144=VECTOR('',#8352,1.);
#5145=VECTOR('',#8353,1.);
#5146=VECTOR('',#8356,1.);
#5147=VECTOR('',#8357,1.);
#5148=VECTOR('',#8360,1.);
#5149=VECTOR('',#8361,1.);
#5150=VECTOR('',#8364,1.);
#5151=VECTOR('',#8365,1.);
#5152=VECTOR('',#8368,1.);
#5153=VECTOR('',#8369,1.);
#5154=VECTOR('',#8372,1.);
#5155=VECTOR('',#8373,1.);
#5156=VECTOR('',#8376,1.);
#5157=VECTOR('',#8377,1.);
#5158=VECTOR('',#8380,1.);
#5159=VECTOR('',#8381,1.);
#5160=VECTOR('',#8384,1.);
#5161=VECTOR('',#8385,1.);
#5162=VECTOR('',#8388,1.);
#5163=VECTOR('',#8389,1.);
#5164=VECTOR('',#8392,1.);
#5165=VECTOR('',#8393,1.);
#5166=VECTOR('',#8396,1.);
#5167=VECTOR('',#8397,1.);
#5168=VECTOR('',#8400,1.);
#5169=VECTOR('',#8401,1.);
#5170=VECTOR('',#8402,1.);
#5171=VECTOR('',#8405,1.);
#5172=VECTOR('',#8406,1.);
#5173=VECTOR('',#8409,1.);
#5174=VECTOR('',#8410,1.);
#5175=VECTOR('',#8413,1.);
#5176=VECTOR('',#8414,1.);
#5177=VECTOR('',#8417,1.);
#5178=VECTOR('',#8418,1.);
#5179=VECTOR('',#8421,1.);
#5180=VECTOR('',#8422,1.);
#5181=VECTOR('',#8425,1.);
#5182=VECTOR('',#8426,1.);
#5183=VECTOR('',#8429,1.);
#5184=VECTOR('',#8430,1.);
#5185=VECTOR('',#8433,1.);
#5186=VECTOR('',#8434,1.);
#5187=VECTOR('',#8437,1.);
#5188=VECTOR('',#8438,1.);
#5189=VECTOR('',#8441,1.);
#5190=VECTOR('',#8442,1.);
#5191=VECTOR('',#8445,1.);
#5192=VECTOR('',#8446,1.);
#5193=VECTOR('',#8447,1.);
#5194=VECTOR('',#8450,1.);
#5195=VECTOR('',#8451,1.);
#5196=VECTOR('',#8454,1.);
#5197=VECTOR('',#8455,1.);
#5198=VECTOR('',#8458,1.);
#5199=VECTOR('',#8459,1.);
#5200=VECTOR('',#8460,1.);
#5201=VECTOR('',#8463,1.);
#5202=VECTOR('',#8464,1.);
#5203=VECTOR('',#8467,1.);
#5204=VECTOR('',#8468,1.);
#5205=VECTOR('',#8471,1.);
#5206=VECTOR('',#8472,1.);
#5207=VECTOR('',#8475,1.);
#5208=VECTOR('',#8476,1.);
#5209=VECTOR('',#8479,1.);
#5210=VECTOR('',#8480,1.);
#5211=VECTOR('',#8483,1.);
#5212=VECTOR('',#8484,1.);
#5213=VECTOR('',#8487,1.);
#5214=VECTOR('',#8488,1.);
#5215=VECTOR('',#8491,1.);
#5216=VECTOR('',#8492,1.);
#5217=VECTOR('',#8495,1.);
#5218=VECTOR('',#8496,1.);
#5219=VECTOR('',#8499,1.);
#5220=VECTOR('',#8500,1.);
#5221=VECTOR('',#8503,1.);
#5222=VECTOR('',#8506,1.);
#5223=VECTOR('',#8509,1.);
#5224=VECTOR('',#8512,1.);
#5225=VECTOR('',#8515,1.);
#5226=VECTOR('',#8518,1.);
#5227=VECTOR('',#8521,1.);
#5228=VECTOR('',#8524,1.);
#5229=VECTOR('',#8527,1.);
#5230=VECTOR('',#8530,1.);
#5231=VECTOR('',#8533,1.);
#5232=VECTOR('',#8536,1.);
#5233=VECTOR('',#8539,1.);
#5234=VECTOR('',#8542,1.);
#5235=VECTOR('',#8545,1.);
#5236=VECTOR('',#8548,1.);
#5237=VECTOR('',#8551,1.);
#5238=VECTOR('',#8554,1.);
#5239=VECTOR('',#8557,1.);
#5240=VECTOR('',#8560,1.);
#5241=VECTOR('',#8563,1.);
#5242=VECTOR('',#8566,1.);
#5243=VECTOR('',#8569,1.);
#5244=VECTOR('',#8572,1.);
#5245=VECTOR('',#8575,1.);
#5246=VECTOR('',#8578,1.);
#5247=VECTOR('',#8581,1.);
#5248=VECTOR('',#8584,1.);
#5249=VECTOR('',#8587,1.);
#5250=VECTOR('',#8590,1.);
#5251=VECTOR('',#8593,1.);
#5252=VECTOR('',#8596,1.);
#5253=VECTOR('',#8599,1.);
#5254=VECTOR('',#8602,1.);
#5255=VECTOR('',#8605,1.);
#5256=VECTOR('',#8608,1.);
#5257=VECTOR('',#8611,1.);
#5258=VECTOR('',#8614,1.);
#5259=VECTOR('',#8617,1.);
#5260=VECTOR('',#8620,1.);
#5261=VECTOR('',#8623,1.);
#5262=VECTOR('',#8626,1.);
#5263=VECTOR('',#8629,1.);
#5264=VECTOR('',#8632,1.);
#5265=VECTOR('',#8635,1.);
#5266=VECTOR('',#8638,1.);
#5267=VECTOR('',#8641,1.);
#5268=VECTOR('',#8644,1.);
#5269=VECTOR('',#8647,1.);
#5270=VECTOR('',#8650,1.);
#5271=VECTOR('',#8653,1.);
#5272=VECTOR('',#8656,1.);
#5273=VECTOR('',#8659,1.);
#5274=VECTOR('',#8662,1.);
#5275=VECTOR('',#8665,1.);
#5276=VECTOR('',#8668,1.);
#5277=VECTOR('',#8671,1.);
#5278=VECTOR('',#8674,1.);
#5279=VECTOR('',#8677,1.);
#5280=VECTOR('',#8680,1.);
#5281=VECTOR('',#8683,1.);
#5282=VECTOR('',#8720,1.);
#5283=VECTOR('',#8749,1.);
#5284=VECTOR('',#8752,1.);
#5285=VECTOR('',#8755,1.);
#5286=VECTOR('',#8758,1.);
#5287=EDGE_LOOP('',(#74,#75,#76,#77,#78));
#5288=EDGE_LOOP('',(#79,#80,#81,#82));
#5289=EDGE_LOOP('',(#83,#84,#85,#86));
#5290=EDGE_LOOP('',(#87,#88,#89,#90));
#5291=EDGE_LOOP('',(#91,#92,#93,#94));
#5292=EDGE_LOOP('',(#95,#96,#97,#98));
#5293=EDGE_LOOP('',(#99,#100,#101,#102));
#5294=EDGE_LOOP('',(#103,#104,#105,#106));
#5295=EDGE_LOOP('',(#107,#108,#109,#110));
#5296=EDGE_LOOP('',(#111,#112,#113,#114));
#5297=EDGE_LOOP('',(#115,#116,#117,#118));
#5298=EDGE_LOOP('',(#119,#120,#121,#122));
#5299=EDGE_LOOP('',(#123,#124,#125,#126));
#5300=EDGE_LOOP('',(#127,#128,#129,#130));
#5301=EDGE_LOOP('',(#131,#132,#133,#134));
#5302=EDGE_LOOP('',(#135,#136,#137,#138));
#5303=EDGE_LOOP('',(#139,#140,#141,#142));
#5304=EDGE_LOOP('',(#143,#144,#145,#146));
#5305=EDGE_LOOP('',(#147,#148,#149,#150));
#5306=EDGE_LOOP('',(#151,#152,#153,#154));
#5307=EDGE_LOOP('',(#155,#156,#157,#158));
#5308=EDGE_LOOP('',(#159,#160,#161,#162));
#5309=EDGE_LOOP('',(#163,#164,#165,#166));
#5310=EDGE_LOOP('',(#167,#168,#169,#170));
#5311=EDGE_LOOP('',(#171,#172,#173,#174));
#5312=EDGE_LOOP('',(#175,#176,#177,#178));
#5313=EDGE_LOOP('',(#179,#180,#181,#182));
#5314=EDGE_LOOP('',(#183,#184,#185,#186));
#5315=EDGE_LOOP('',(#187,#188,#189,#190));
#5316=EDGE_LOOP('',(#191,#192,#193,#194));
#5317=EDGE_LOOP('',(#195,#196,#197,#198));
#5318=EDGE_LOOP('',(#199,#200,#201,#202));
#5319=EDGE_LOOP('',(#203,#204,#205,#206));
#5320=EDGE_LOOP('',(#207,#208,#209,#210));
#5321=EDGE_LOOP('',(#211,#212,#213,#214));
#5322=EDGE_LOOP('',(#215,#216,#217,#218));
#5323=EDGE_LOOP('',(#219,#220,#221,#222));
#5324=EDGE_LOOP('',(#223,#224,#225,#226));
#5325=EDGE_LOOP('',(#227,#228,#229,#230));
#5326=EDGE_LOOP('',(#231,#232,#233,#234));
#5327=EDGE_LOOP('',(#235,#236,#237,#238));
#5328=EDGE_LOOP('',(#239,#240,#241,#242));
#5329=EDGE_LOOP('',(#243,#244,#245,#246));
#5330=EDGE_LOOP('',(#247,#248,#249,#250));
#5331=EDGE_LOOP('',(#251,#252,#253,#254));
#5332=EDGE_LOOP('',(#255,#256,#257,#258));
#5333=EDGE_LOOP('',(#259,#260,#261,#262));
#5334=EDGE_LOOP('',(#263,#264,#265,#266));
#5335=EDGE_LOOP('',(#267,#268,#269,#270));
#5336=EDGE_LOOP('',(#271,#272,#273,#274));
#5337=EDGE_LOOP('',(#275,#276,#277,#278));
#5338=EDGE_LOOP('',(#279,#280,#281,#282));
#5339=EDGE_LOOP('',(#283,#284,#285,#286));
#5340=EDGE_LOOP('',(#287,#288,#289,#290));
#5341=EDGE_LOOP('',(#291,#292,#293,#294));
#5342=EDGE_LOOP('',(#295,#296,#297,#298));
#5343=EDGE_LOOP('',(#299,#300,#301,#302,#303,#304,#305,#306,#307,#308,#309,
#310));
#5344=EDGE_LOOP('',(#311,#312,#313,#314,#315,#316,#317,#318,#319,#320,#321,
#322,#323,#324,#325,#326));
#5345=EDGE_LOOP('',(#327,#328,#329,#330,#331,#332,#333,#334,#335,#336,#337,
#338));
#5346=EDGE_LOOP('',(#339,#340,#341,#342));
#5347=EDGE_LOOP('',(#343,#344,#345,#346,#347,#348,#349,#350,#351,#352,#353,
#354));
#5348=EDGE_LOOP('',(#355));
#5349=EDGE_LOOP('',(#356));
#5350=EDGE_LOOP('',(#357,#358,#359,#360,#361,#362,#363,#364,#365,#366,#367,
#368,#369,#370,#371,#372,#373,#374,#375,#376));
#5351=EDGE_LOOP('',(#377,#378,#379,#380,#381));
#5352=EDGE_LOOP('',(#382,#383,#384,#385,#386));
#5353=EDGE_LOOP('',(#387,#388,#389,#390));
#5354=EDGE_LOOP('',(#391,#392,#393,#394));
#5355=EDGE_LOOP('',(#395,#396,#397,#398));
#5356=EDGE_LOOP('',(#399,#400,#401,#402));
#5357=EDGE_LOOP('',(#403,#404,#405,#406,#407,#408,#409,#410));
#5358=EDGE_LOOP('',(#411,#412,#413,#414));
#5359=EDGE_LOOP('',(#415,#416,#417,#418));
#5360=EDGE_LOOP('',(#419,#420,#421,#422,#423,#424,#425,#426));
#5361=EDGE_LOOP('',(#427,#428,#429,#430));
#5362=EDGE_LOOP('',(#431,#432,#433,#434));
#5363=EDGE_LOOP('',(#435,#436,#437,#438));
#5364=EDGE_LOOP('',(#439,#440,#441,#442));
#5365=EDGE_LOOP('',(#443,#444,#445,#446));
#5366=EDGE_LOOP('',(#447,#448,#449,#450));
#5367=EDGE_LOOP('',(#451,#452,#453,#454));
#5368=EDGE_LOOP('',(#455,#456,#457,#458));
#5369=EDGE_LOOP('',(#459,#460,#461,#462));
#5370=EDGE_LOOP('',(#463,#464,#465,#466));
#5371=EDGE_LOOP('',(#467,#468,#469,#470));
#5372=EDGE_LOOP('',(#471,#472,#473,#474));
#5373=EDGE_LOOP('',(#475,#476,#477,#478));
#5374=EDGE_LOOP('',(#479,#480,#481,#482));
#5375=EDGE_LOOP('',(#483,#484,#485,#486));
#5376=EDGE_LOOP('',(#487,#488,#489,#490));
#5377=EDGE_LOOP('',(#491,#492,#493,#494));
#5378=EDGE_LOOP('',(#495,#496,#497,#498));
#5379=EDGE_LOOP('',(#499,#500,#501,#502));
#5380=EDGE_LOOP('',(#503,#504,#505,#506));
#5381=EDGE_LOOP('',(#507,#508,#509,#510));
#5382=EDGE_LOOP('',(#511,#512,#513,#514));
#5383=EDGE_LOOP('',(#515,#516,#517,#518));
#5384=EDGE_LOOP('',(#519,#520,#521,#522));
#5385=EDGE_LOOP('',(#523,#524,#525,#526));
#5386=EDGE_LOOP('',(#527,#528,#529,#530));
#5387=EDGE_LOOP('',(#531,#532,#533,#534));
#5388=EDGE_LOOP('',(#535,#536,#537,#538));
#5389=EDGE_LOOP('',(#539,#540,#541,#542));
#5390=EDGE_LOOP('',(#543,#544,#545,#546));
#5391=EDGE_LOOP('',(#547,#548,#549,#550));
#5392=EDGE_LOOP('',(#551,#552,#553,#554));
#5393=EDGE_LOOP('',(#555,#556,#557,#558));
#5394=EDGE_LOOP('',(#559,#560,#561,#562));
#5395=EDGE_LOOP('',(#563,#564,#565,#566));
#5396=EDGE_LOOP('',(#567,#568,#569,#570));
#5397=EDGE_LOOP('',(#571,#572,#573,#574));
#5398=EDGE_LOOP('',(#575,#576,#577,#578));
#5399=EDGE_LOOP('',(#579,#580,#581,#582));
#5400=EDGE_LOOP('',(#583,#584,#585,#586));
#5401=EDGE_LOOP('',(#587,#588,#589,#590));
#5402=EDGE_LOOP('',(#591,#592,#593,#594));
#5403=EDGE_LOOP('',(#595,#596,#597,#598));
#5404=EDGE_LOOP('',(#599,#600,#601,#602));
#5405=EDGE_LOOP('',(#603,#604,#605,#606));
#5406=EDGE_LOOP('',(#607,#608,#609,#610));
#5407=EDGE_LOOP('',(#611,#612,#613,#614));
#5408=EDGE_LOOP('',(#615,#616,#617,#618));
#5409=EDGE_LOOP('',(#619,#620,#621,#622));
#5410=EDGE_LOOP('',(#623,#624,#625,#626));
#5411=EDGE_LOOP('',(#627,#628,#629,#630));
#5412=EDGE_LOOP('',(#631,#632,#633,#634));
#5413=EDGE_LOOP('',(#635,#636,#637,#638));
#5414=EDGE_LOOP('',(#639,#640,#641,#642));
#5415=EDGE_LOOP('',(#643,#644,#645,#646));
#5416=EDGE_LOOP('',(#647,#648,#649,#650));
#5417=EDGE_LOOP('',(#651,#652,#653,#654));
#5418=EDGE_LOOP('',(#655,#656,#657,#658));
#5419=EDGE_LOOP('',(#659,#660,#661,#662));
#5420=EDGE_LOOP('',(#663,#664,#665,#666));
#5421=EDGE_LOOP('',(#667,#668,#669,#670));
#5422=EDGE_LOOP('',(#671,#672,#673,#674));
#5423=EDGE_LOOP('',(#675,#676,#677,#678));
#5424=EDGE_LOOP('',(#679,#680,#681,#682));
#5425=EDGE_LOOP('',(#683,#684,#685,#686));
#5426=EDGE_LOOP('',(#687,#688,#689,#690));
#5427=EDGE_LOOP('',(#691,#692,#693,#694));
#5428=EDGE_LOOP('',(#695,#696,#697,#698));
#5429=EDGE_LOOP('',(#699,#700,#701,#702));
#5430=EDGE_LOOP('',(#703,#704,#705,#706));
#5431=EDGE_LOOP('',(#707,#708,#709,#710));
#5432=EDGE_LOOP('',(#711,#712,#713,#714));
#5433=EDGE_LOOP('',(#715,#716,#717,#718));
#5434=EDGE_LOOP('',(#719,#720,#721,#722));
#5435=EDGE_LOOP('',(#723,#724,#725,#726));
#5436=EDGE_LOOP('',(#727,#728,#729,#730));
#5437=EDGE_LOOP('',(#731,#732,#733,#734));
#5438=EDGE_LOOP('',(#735,#736,#737,#738));
#5439=EDGE_LOOP('',(#739,#740,#741,#742));
#5440=EDGE_LOOP('',(#743,#744,#745,#746));
#5441=EDGE_LOOP('',(#747,#748,#749,#750));
#5442=EDGE_LOOP('',(#751,#752,#753,#754));
#5443=EDGE_LOOP('',(#755,#756,#757,#758));
#5444=EDGE_LOOP('',(#759,#760,#761,#762));
#5445=EDGE_LOOP('',(#763,#764,#765,#766));
#5446=EDGE_LOOP('',(#767,#768,#769,#770));
#5447=EDGE_LOOP('',(#771,#772,#773,#774));
#5448=EDGE_LOOP('',(#775,#776,#777,#778));
#5449=EDGE_LOOP('',(#779,#780,#781,#782));
#5450=EDGE_LOOP('',(#783,#784,#785,#786));
#5451=EDGE_LOOP('',(#787,#788,#789,#790));
#5452=EDGE_LOOP('',(#791,#792,#793,#794));
#5453=EDGE_LOOP('',(#795,#796,#797,#798));
#5454=EDGE_LOOP('',(#799,#800,#801,#802));
#5455=EDGE_LOOP('',(#803,#804,#805,#806));
#5456=EDGE_LOOP('',(#807,#808,#809,#810));
#5457=EDGE_LOOP('',(#811,#812,#813,#814));
#5458=EDGE_LOOP('',(#815,#816,#817,#818));
#5459=EDGE_LOOP('',(#819,#820,#821,#822));
#5460=EDGE_LOOP('',(#823,#824,#825,#826));
#5461=EDGE_LOOP('',(#827,#828,#829,#830));
#5462=EDGE_LOOP('',(#831,#832,#833,#834));
#5463=EDGE_LOOP('',(#835,#836,#837,#838));
#5464=EDGE_LOOP('',(#839,#840,#841,#842));
#5465=EDGE_LOOP('',(#843,#844,#845,#846));
#5466=EDGE_LOOP('',(#847,#848,#849,#850));
#5467=EDGE_LOOP('',(#851,#852,#853,#854));
#5468=EDGE_LOOP('',(#855,#856,#857,#858));
#5469=EDGE_LOOP('',(#859,#860,#861,#862));
#5470=EDGE_LOOP('',(#863,#864,#865,#866));
#5471=EDGE_LOOP('',(#867,#868,#869,#870));
#5472=EDGE_LOOP('',(#871,#872,#873,#874));
#5473=EDGE_LOOP('',(#875,#876,#877,#878));
#5474=EDGE_LOOP('',(#879,#880,#881,#882));
#5475=EDGE_LOOP('',(#883,#884,#885,#886));
#5476=EDGE_LOOP('',(#887,#888,#889,#890));
#5477=EDGE_LOOP('',(#891,#892,#893,#894));
#5478=EDGE_LOOP('',(#895,#896,#897,#898));
#5479=EDGE_LOOP('',(#899,#900,#901,#902));
#5480=EDGE_LOOP('',(#903,#904,#905,#906));
#5481=EDGE_LOOP('',(#907,#908,#909,#910));
#5482=EDGE_LOOP('',(#911,#912,#913,#914));
#5483=EDGE_LOOP('',(#915,#916,#917,#918));
#5484=EDGE_LOOP('',(#919,#920,#921,#922));
#5485=EDGE_LOOP('',(#923,#924,#925,#926));
#5486=EDGE_LOOP('',(#927,#928,#929,#930));
#5487=EDGE_LOOP('',(#931,#932,#933,#934));
#5488=EDGE_LOOP('',(#935,#936,#937,#938));
#5489=EDGE_LOOP('',(#939,#940,#941,#942));
#5490=EDGE_LOOP('',(#943,#944,#945,#946));
#5491=EDGE_LOOP('',(#947,#948,#949,#950));
#5492=EDGE_LOOP('',(#951,#952,#953,#954));
#5493=EDGE_LOOP('',(#955,#956,#957,#958));
#5494=EDGE_LOOP('',(#959,#960,#961,#962));
#5495=EDGE_LOOP('',(#963,#964,#965,#966));
#5496=EDGE_LOOP('',(#967,#968,#969,#970));
#5497=EDGE_LOOP('',(#971,#972,#973,#974));
#5498=EDGE_LOOP('',(#975,#976,#977,#978));
#5499=EDGE_LOOP('',(#979,#980,#981,#982));
#5500=EDGE_LOOP('',(#983,#984,#985,#986));
#5501=EDGE_LOOP('',(#987,#988,#989,#990));
#5502=EDGE_LOOP('',(#991,#992,#993,#994));
#5503=EDGE_LOOP('',(#995,#996,#997,#998));
#5504=EDGE_LOOP('',(#999,#1000,#1001,#1002));
#5505=EDGE_LOOP('',(#1003,#1004,#1005,#1006));
#5506=EDGE_LOOP('',(#1007,#1008,#1009,#1010));
#5507=EDGE_LOOP('',(#1011,#1012,#1013,#1014));
#5508=EDGE_LOOP('',(#1015,#1016,#1017,#1018));
#5509=EDGE_LOOP('',(#1019,#1020,#1021,#1022));
#5510=EDGE_LOOP('',(#1023,#1024,#1025,#1026));
#5511=EDGE_LOOP('',(#1027,#1028,#1029,#1030));
#5512=EDGE_LOOP('',(#1031,#1032,#1033,#1034));
#5513=EDGE_LOOP('',(#1035,#1036,#1037,#1038));
#5514=EDGE_LOOP('',(#1039,#1040,#1041,#1042));
#5515=EDGE_LOOP('',(#1043,#1044,#1045,#1046));
#5516=EDGE_LOOP('',(#1047,#1048,#1049,#1050));
#5517=EDGE_LOOP('',(#1051,#1052,#1053,#1054));
#5518=EDGE_LOOP('',(#1055,#1056,#1057,#1058));
#5519=EDGE_LOOP('',(#1059,#1060,#1061,#1062));
#5520=EDGE_LOOP('',(#1063,#1064,#1065,#1066));
#5521=EDGE_LOOP('',(#1067,#1068,#1069,#1070));
#5522=EDGE_LOOP('',(#1071,#1072,#1073,#1074));
#5523=EDGE_LOOP('',(#1075,#1076,#1077,#1078));
#5524=EDGE_LOOP('',(#1079,#1080,#1081,#1082));
#5525=EDGE_LOOP('',(#1083,#1084,#1085,#1086));
#5526=EDGE_LOOP('',(#1087,#1088,#1089,#1090));
#5527=EDGE_LOOP('',(#1091,#1092,#1093,#1094));
#5528=EDGE_LOOP('',(#1095,#1096,#1097,#1098));
#5529=EDGE_LOOP('',(#1099,#1100,#1101,#1102));
#5530=EDGE_LOOP('',(#1103,#1104,#1105,#1106));
#5531=EDGE_LOOP('',(#1107,#1108,#1109,#1110));
#5532=EDGE_LOOP('',(#1111,#1112,#1113,#1114,#1115));
#5533=EDGE_LOOP('',(#1116,#1117,#1118,#1119));
#5534=EDGE_LOOP('',(#1120,#1121,#1122,#1123));
#5535=EDGE_LOOP('',(#1124,#1125,#1126,#1127));
#5536=EDGE_LOOP('',(#1128,#1129,#1130,#1131));
#5537=EDGE_LOOP('',(#1132,#1133,#1134,#1135));
#5538=EDGE_LOOP('',(#1136,#1137,#1138,#1139));
#5539=EDGE_LOOP('',(#1140,#1141,#1142,#1143));
#5540=EDGE_LOOP('',(#1144,#1145,#1146,#1147));
#5541=EDGE_LOOP('',(#1148,#1149,#1150,#1151));
#5542=EDGE_LOOP('',(#1152,#1153,#1154,#1155));
#5543=EDGE_LOOP('',(#1156,#1157,#1158,#1159));
#5544=EDGE_LOOP('',(#1160,#1161,#1162,#1163));
#5545=EDGE_LOOP('',(#1164,#1165,#1166,#1167));
#5546=EDGE_LOOP('',(#1168,#1169,#1170,#1171));
#5547=EDGE_LOOP('',(#1172,#1173,#1174,#1175));
#5548=EDGE_LOOP('',(#1176,#1177,#1178,#1179));
#5549=EDGE_LOOP('',(#1180,#1181,#1182,#1183));
#5550=EDGE_LOOP('',(#1184,#1185,#1186,#1187));
#5551=EDGE_LOOP('',(#1188,#1189,#1190,#1191));
#5552=EDGE_LOOP('',(#1192,#1193,#1194,#1195));
#5553=EDGE_LOOP('',(#1196,#1197,#1198,#1199));
#5554=EDGE_LOOP('',(#1200,#1201,#1202,#1203));
#5555=EDGE_LOOP('',(#1204,#1205,#1206,#1207));
#5556=EDGE_LOOP('',(#1208,#1209,#1210,#1211));
#5557=EDGE_LOOP('',(#1212,#1213,#1214,#1215));
#5558=EDGE_LOOP('',(#1216,#1217,#1218,#1219));
#5559=EDGE_LOOP('',(#1220,#1221,#1222,#1223));
#5560=EDGE_LOOP('',(#1224,#1225,#1226,#1227));
#5561=EDGE_LOOP('',(#1228,#1229,#1230,#1231));
#5562=EDGE_LOOP('',(#1232,#1233,#1234,#1235));
#5563=EDGE_LOOP('',(#1236,#1237,#1238,#1239));
#5564=EDGE_LOOP('',(#1240,#1241,#1242,#1243));
#5565=EDGE_LOOP('',(#1244,#1245,#1246,#1247));
#5566=EDGE_LOOP('',(#1248,#1249,#1250,#1251));
#5567=EDGE_LOOP('',(#1252,#1253,#1254,#1255));
#5568=EDGE_LOOP('',(#1256,#1257,#1258,#1259));
#5569=EDGE_LOOP('',(#1260,#1261,#1262,#1263));
#5570=EDGE_LOOP('',(#1264,#1265,#1266,#1267));
#5571=EDGE_LOOP('',(#1268,#1269,#1270,#1271));
#5572=EDGE_LOOP('',(#1272,#1273,#1274,#1275));
#5573=EDGE_LOOP('',(#1276,#1277,#1278,#1279));
#5574=EDGE_LOOP('',(#1280,#1281,#1282,#1283));
#5575=EDGE_LOOP('',(#1284,#1285,#1286,#1287));
#5576=EDGE_LOOP('',(#1288,#1289,#1290,#1291));
#5577=EDGE_LOOP('',(#1292,#1293,#1294,#1295));
#5578=EDGE_LOOP('',(#1296,#1297,#1298,#1299));
#5579=EDGE_LOOP('',(#1300,#1301,#1302,#1303));
#5580=EDGE_LOOP('',(#1304,#1305,#1306,#1307));
#5581=EDGE_LOOP('',(#1308,#1309,#1310,#1311));
#5582=EDGE_LOOP('',(#1312,#1313,#1314,#1315));
#5583=EDGE_LOOP('',(#1316,#1317,#1318,#1319));
#5584=EDGE_LOOP('',(#1320,#1321,#1322,#1323));
#5585=EDGE_LOOP('',(#1324,#1325,#1326,#1327));
#5586=EDGE_LOOP('',(#1328,#1329,#1330,#1331));
#5587=EDGE_LOOP('',(#1332,#1333,#1334,#1335));
#5588=EDGE_LOOP('',(#1336,#1337,#1338,#1339));
#5589=EDGE_LOOP('',(#1340,#1341,#1342,#1343));
#5590=EDGE_LOOP('',(#1344,#1345,#1346,#1347));
#5591=EDGE_LOOP('',(#1348,#1349,#1350,#1351));
#5592=EDGE_LOOP('',(#1352,#1353,#1354,#1355));
#5593=EDGE_LOOP('',(#1356,#1357,#1358,#1359));
#5594=EDGE_LOOP('',(#1360,#1361,#1362,#1363));
#5595=EDGE_LOOP('',(#1364,#1365,#1366,#1367));
#5596=EDGE_LOOP('',(#1368,#1369,#1370,#1371));
#5597=EDGE_LOOP('',(#1372,#1373,#1374,#1375));
#5598=EDGE_LOOP('',(#1376,#1377,#1378,#1379));
#5599=EDGE_LOOP('',(#1380,#1381,#1382,#1383));
#5600=EDGE_LOOP('',(#1384,#1385,#1386,#1387));
#5601=EDGE_LOOP('',(#1388,#1389,#1390,#1391));
#5602=EDGE_LOOP('',(#1392,#1393,#1394,#1395));
#5603=EDGE_LOOP('',(#1396,#1397,#1398,#1399));
#5604=EDGE_LOOP('',(#1400,#1401,#1402,#1403));
#5605=EDGE_LOOP('',(#1404,#1405,#1406,#1407));
#5606=EDGE_LOOP('',(#1408,#1409,#1410,#1411));
#5607=EDGE_LOOP('',(#1412,#1413,#1414,#1415));
#5608=EDGE_LOOP('',(#1416,#1417,#1418,#1419));
#5609=EDGE_LOOP('',(#1420,#1421,#1422,#1423));
#5610=EDGE_LOOP('',(#1424,#1425,#1426,#1427));
#5611=EDGE_LOOP('',(#1428,#1429,#1430,#1431));
#5612=EDGE_LOOP('',(#1432,#1433,#1434,#1435));
#5613=EDGE_LOOP('',(#1436,#1437,#1438,#1439));
#5614=EDGE_LOOP('',(#1440,#1441,#1442,#1443));
#5615=EDGE_LOOP('',(#1444,#1445,#1446,#1447));
#5616=EDGE_LOOP('',(#1448,#1449,#1450,#1451));
#5617=EDGE_LOOP('',(#1452,#1453,#1454,#1455));
#5618=EDGE_LOOP('',(#1456,#1457,#1458,#1459));
#5619=EDGE_LOOP('',(#1460,#1461,#1462,#1463));
#5620=EDGE_LOOP('',(#1464,#1465,#1466,#1467));
#5621=EDGE_LOOP('',(#1468,#1469,#1470,#1471));
#5622=EDGE_LOOP('',(#1472,#1473,#1474,#1475));
#5623=EDGE_LOOP('',(#1476,#1477,#1478,#1479));
#5624=EDGE_LOOP('',(#1480,#1481,#1482,#1483));
#5625=EDGE_LOOP('',(#1484,#1485,#1486,#1487));
#5626=EDGE_LOOP('',(#1488,#1489,#1490,#1491));
#5627=EDGE_LOOP('',(#1492,#1493,#1494,#1495));
#5628=EDGE_LOOP('',(#1496,#1497,#1498,#1499));
#5629=EDGE_LOOP('',(#1500,#1501,#1502,#1503));
#5630=EDGE_LOOP('',(#1504,#1505,#1506,#1507));
#5631=EDGE_LOOP('',(#1508,#1509,#1510,#1511));
#5632=EDGE_LOOP('',(#1512,#1513,#1514,#1515));
#5633=EDGE_LOOP('',(#1516,#1517,#1518,#1519));
#5634=EDGE_LOOP('',(#1520,#1521,#1522,#1523));
#5635=EDGE_LOOP('',(#1524,#1525,#1526,#1527));
#5636=EDGE_LOOP('',(#1528,#1529,#1530,#1531));
#5637=EDGE_LOOP('',(#1532,#1533,#1534,#1535));
#5638=EDGE_LOOP('',(#1536,#1537,#1538,#1539));
#5639=EDGE_LOOP('',(#1540,#1541,#1542,#1543));
#5640=EDGE_LOOP('',(#1544,#1545,#1546,#1547));
#5641=EDGE_LOOP('',(#1548,#1549,#1550,#1551));
#5642=EDGE_LOOP('',(#1552,#1553,#1554,#1555));
#5643=EDGE_LOOP('',(#1556,#1557,#1558,#1559));
#5644=EDGE_LOOP('',(#1560,#1561,#1562,#1563));
#5645=EDGE_LOOP('',(#1564,#1565,#1566,#1567));
#5646=EDGE_LOOP('',(#1568,#1569,#1570,#1571,#1572,#1573,#1574,#1575,#1576,
#1577,#1578,#1579,#1580,#1581,#1582,#1583));
#5647=EDGE_LOOP('',(#1584));
#5648=EDGE_LOOP('',(#1585));
#5649=EDGE_LOOP('',(#1586,#1587,#1588,#1589,#1590,#1591,#1592,#1593,#1594,
#1595,#1596,#1597));
#5650=EDGE_LOOP('',(#1598,#1599,#1600,#1601));
#5651=EDGE_LOOP('',(#1602,#1603,#1604,#1605,#1606,#1607,#1608,#1609,#1610,
#1611,#1612,#1613));
#5652=EDGE_LOOP('',(#1614,#1615,#1616,#1617,#1618,#1619,#1620,#1621,#1622,
#1623,#1624,#1625,#1626,#1627,#1628,#1629));
#5653=EDGE_LOOP('',(#1630,#1631,#1632,#1633,#1634,#1635,#1636,#1637,#1638,
#1639,#1640,#1641));
#5654=EDGE_LOOP('',(#1642,#1643,#1644,#1645));
#5655=EDGE_LOOP('',(#1646,#1647,#1648,#1649));
#5656=EDGE_LOOP('',(#1650,#1651,#1652,#1653));
#5657=EDGE_LOOP('',(#1654,#1655,#1656,#1657));
#5658=EDGE_LOOP('',(#1658,#1659,#1660,#1661));
#5659=EDGE_LOOP('',(#1662,#1663,#1664,#1665));
#5660=EDGE_LOOP('',(#1666,#1667,#1668,#1669));
#5661=EDGE_LOOP('',(#1670,#1671,#1672,#1673));
#5662=EDGE_LOOP('',(#1674,#1675,#1676,#1677));
#5663=EDGE_LOOP('',(#1678,#1679,#1680,#1681));
#5664=EDGE_LOOP('',(#1682,#1683,#1684,#1685));
#5665=EDGE_LOOP('',(#1686,#1687,#1688,#1689));
#5666=EDGE_LOOP('',(#1690,#1691,#1692,#1693));
#5667=EDGE_LOOP('',(#1694,#1695,#1696,#1697));
#5668=EDGE_LOOP('',(#1698,#1699,#1700,#1701));
#5669=EDGE_LOOP('',(#1702,#1703,#1704,#1705));
#5670=EDGE_LOOP('',(#1706,#1707,#1708,#1709));
#5671=EDGE_LOOP('',(#1710,#1711,#1712,#1713));
#5672=EDGE_LOOP('',(#1714,#1715,#1716,#1717));
#5673=EDGE_LOOP('',(#1718,#1719,#1720,#1721));
#5674=EDGE_LOOP('',(#1722,#1723,#1724,#1725));
#5675=EDGE_LOOP('',(#1726,#1727,#1728,#1729));
#5676=EDGE_LOOP('',(#1730,#1731,#1732,#1733));
#5677=EDGE_LOOP('',(#1734,#1735,#1736,#1737));
#5678=EDGE_LOOP('',(#1738,#1739,#1740,#1741));
#5679=EDGE_LOOP('',(#1742,#1743,#1744,#1745));
#5680=EDGE_LOOP('',(#1746,#1747,#1748,#1749));
#5681=EDGE_LOOP('',(#1750,#1751,#1752,#1753));
#5682=EDGE_LOOP('',(#1754,#1755,#1756,#1757));
#5683=EDGE_LOOP('',(#1758,#1759,#1760,#1761));
#5684=EDGE_LOOP('',(#1762,#1763,#1764,#1765));
#5685=EDGE_LOOP('',(#1766,#1767,#1768,#1769));
#5686=EDGE_LOOP('',(#1770,#1771,#1772,#1773));
#5687=EDGE_LOOP('',(#1774,#1775,#1776,#1777));
#5688=EDGE_LOOP('',(#1778,#1779,#1780,#1781));
#5689=EDGE_LOOP('',(#1782,#1783,#1784,#1785));
#5690=EDGE_LOOP('',(#1786,#1787,#1788,#1789));
#5691=EDGE_LOOP('',(#1790,#1791,#1792,#1793));
#5692=EDGE_LOOP('',(#1794,#1795,#1796,#1797));
#5693=EDGE_LOOP('',(#1798,#1799,#1800,#1801));
#5694=EDGE_LOOP('',(#1802,#1803,#1804,#1805));
#5695=EDGE_LOOP('',(#1806,#1807,#1808,#1809));
#5696=EDGE_LOOP('',(#1810,#1811,#1812,#1813));
#5697=EDGE_LOOP('',(#1814,#1815,#1816,#1817));
#5698=EDGE_LOOP('',(#1818,#1819,#1820,#1821));
#5699=EDGE_LOOP('',(#1822,#1823,#1824,#1825));
#5700=EDGE_LOOP('',(#1826,#1827,#1828,#1829));
#5701=EDGE_LOOP('',(#1830,#1831,#1832,#1833));
#5702=EDGE_LOOP('',(#1834,#1835,#1836,#1837));
#5703=EDGE_LOOP('',(#1838,#1839,#1840,#1841));
#5704=EDGE_LOOP('',(#1842,#1843,#1844,#1845));
#5705=EDGE_LOOP('',(#1846,#1847,#1848,#1849));
#5706=EDGE_LOOP('',(#1850,#1851,#1852,#1853));
#5707=EDGE_LOOP('',(#1854,#1855,#1856,#1857));
#5708=EDGE_LOOP('',(#1858,#1859,#1860,#1861));
#5709=EDGE_LOOP('',(#1862));
#5710=EDGE_LOOP('',(#1863));
#5711=EDGE_LOOP('',(#1864));
#5712=EDGE_LOOP('',(#1865));
#5713=EDGE_LOOP('',(#1866,#1867,#1868,#1869));
#5714=EDGE_LOOP('',(#1870,#1871,#1872,#1873));
#5715=EDGE_LOOP('',(#1874,#1875,#1876,#1877));
#5716=EDGE_LOOP('',(#1878,#1879,#1880,#1881));
#5717=EDGE_LOOP('',(#1882,#1883,#1884,#1885,#1886,#1887,#1888,#1889));
#5718=EDGE_LOOP('',(#1890,#1891,#1892,#1893));
#5719=EDGE_LOOP('',(#1894,#1895,#1896,#1897));
#5720=EDGE_LOOP('',(#1898,#1899,#1900,#1901));
#5721=EDGE_LOOP('',(#1902,#1903,#1904,#1905));
#5722=EDGE_LOOP('',(#1906,#1907,#1908,#1909));
#5723=EDGE_LOOP('',(#1910,#1911,#1912,#1913));
#5724=EDGE_LOOP('',(#1914,#1915,#1916,#1917));
#5725=EDGE_LOOP('',(#1918,#1919,#1920,#1921));
#5726=EDGE_LOOP('',(#1922,#1923,#1924,#1925));
#5727=EDGE_LOOP('',(#1926,#1927,#1928,#1929,#1930,#1931,#1932));
#5728=EDGE_LOOP('',(#1933,#1934,#1935,#1936));
#5729=EDGE_LOOP('',(#1937,#1938,#1939,#1940,#1941,#1942,#1943));
#5730=FACE_BOUND('',#5287,.T.);
#5731=FACE_BOUND('',#5288,.T.);
#5732=FACE_BOUND('',#5289,.T.);
#5733=FACE_BOUND('',#5290,.T.);
#5734=FACE_BOUND('',#5291,.T.);
#5735=FACE_BOUND('',#5292,.T.);
#5736=FACE_BOUND('',#5293,.T.);
#5737=FACE_BOUND('',#5294,.T.);
#5738=FACE_BOUND('',#5295,.T.);
#5739=FACE_BOUND('',#5296,.T.);
#5740=FACE_BOUND('',#5297,.T.);
#5741=FACE_BOUND('',#5298,.T.);
#5742=FACE_BOUND('',#5299,.T.);
#5743=FACE_BOUND('',#5300,.T.);
#5744=FACE_BOUND('',#5301,.T.);
#5745=FACE_BOUND('',#5302,.T.);
#5746=FACE_BOUND('',#5303,.T.);
#5747=FACE_BOUND('',#5304,.T.);
#5748=FACE_BOUND('',#5305,.T.);
#5749=FACE_BOUND('',#5306,.T.);
#5750=FACE_BOUND('',#5307,.T.);
#5751=FACE_BOUND('',#5308,.T.);
#5752=FACE_BOUND('',#5309,.T.);
#5753=FACE_BOUND('',#5310,.T.);
#5754=FACE_BOUND('',#5311,.T.);
#5755=FACE_BOUND('',#5312,.T.);
#5756=FACE_BOUND('',#5313,.T.);
#5757=FACE_BOUND('',#5314,.T.);
#5758=FACE_BOUND('',#5315,.T.);
#5759=FACE_BOUND('',#5316,.T.);
#5760=FACE_BOUND('',#5317,.T.);
#5761=FACE_BOUND('',#5318,.T.);
#5762=FACE_BOUND('',#5319,.T.);
#5763=FACE_BOUND('',#5320,.T.);
#5764=FACE_BOUND('',#5321,.T.);
#5765=FACE_BOUND('',#5322,.T.);
#5766=FACE_BOUND('',#5323,.T.);
#5767=FACE_BOUND('',#5324,.T.);
#5768=FACE_BOUND('',#5325,.T.);
#5769=FACE_BOUND('',#5326,.T.);
#5770=FACE_BOUND('',#5327,.T.);
#5771=FACE_BOUND('',#5328,.T.);
#5772=FACE_BOUND('',#5329,.T.);
#5773=FACE_BOUND('',#5330,.T.);
#5774=FACE_BOUND('',#5331,.T.);
#5775=FACE_BOUND('',#5332,.T.);
#5776=FACE_BOUND('',#5333,.T.);
#5777=FACE_BOUND('',#5334,.T.);
#5778=FACE_BOUND('',#5335,.T.);
#5779=FACE_BOUND('',#5336,.T.);
#5780=FACE_BOUND('',#5337,.T.);
#5781=FACE_BOUND('',#5338,.T.);
#5782=FACE_BOUND('',#5339,.T.);
#5783=FACE_BOUND('',#5340,.T.);
#5784=FACE_BOUND('',#5341,.T.);
#5785=FACE_BOUND('',#5342,.T.);
#5786=FACE_BOUND('',#5343,.T.);
#5787=FACE_BOUND('',#5344,.T.);
#5788=FACE_BOUND('',#5345,.T.);
#5789=FACE_BOUND('',#5346,.T.);
#5790=FACE_BOUND('',#5347,.T.);
#5791=FACE_BOUND('',#5348,.T.);
#5792=FACE_BOUND('',#5349,.T.);
#5793=FACE_BOUND('',#5350,.T.);
#5794=FACE_BOUND('',#5351,.T.);
#5795=FACE_BOUND('',#5352,.T.);
#5796=FACE_BOUND('',#5353,.T.);
#5797=FACE_BOUND('',#5354,.T.);
#5798=FACE_BOUND('',#5355,.T.);
#5799=FACE_BOUND('',#5356,.T.);
#5800=FACE_BOUND('',#5357,.T.);
#5801=FACE_BOUND('',#5358,.T.);
#5802=FACE_BOUND('',#5359,.T.);
#5803=FACE_BOUND('',#5360,.T.);
#5804=FACE_BOUND('',#5361,.T.);
#5805=FACE_BOUND('',#5362,.T.);
#5806=FACE_BOUND('',#5363,.T.);
#5807=FACE_BOUND('',#5364,.T.);
#5808=FACE_BOUND('',#5365,.T.);
#5809=FACE_BOUND('',#5366,.T.);
#5810=FACE_BOUND('',#5367,.T.);
#5811=FACE_BOUND('',#5368,.T.);
#5812=FACE_BOUND('',#5369,.T.);
#5813=FACE_BOUND('',#5370,.T.);
#5814=FACE_BOUND('',#5371,.T.);
#5815=FACE_BOUND('',#5372,.T.);
#5816=FACE_BOUND('',#5373,.T.);
#5817=FACE_BOUND('',#5374,.T.);
#5818=FACE_BOUND('',#5375,.T.);
#5819=FACE_BOUND('',#5376,.T.);
#5820=FACE_BOUND('',#5377,.T.);
#5821=FACE_BOUND('',#5378,.T.);
#5822=FACE_BOUND('',#5379,.T.);
#5823=FACE_BOUND('',#5380,.T.);
#5824=FACE_BOUND('',#5381,.T.);
#5825=FACE_BOUND('',#5382,.T.);
#5826=FACE_BOUND('',#5383,.T.);
#5827=FACE_BOUND('',#5384,.T.);
#5828=FACE_BOUND('',#5385,.T.);
#5829=FACE_BOUND('',#5386,.T.);
#5830=FACE_BOUND('',#5387,.T.);
#5831=FACE_BOUND('',#5388,.T.);
#5832=FACE_BOUND('',#5389,.T.);
#5833=FACE_BOUND('',#5390,.T.);
#5834=FACE_BOUND('',#5391,.T.);
#5835=FACE_BOUND('',#5392,.T.);
#5836=FACE_BOUND('',#5393,.T.);
#5837=FACE_BOUND('',#5394,.T.);
#5838=FACE_BOUND('',#5395,.T.);
#5839=FACE_BOUND('',#5396,.T.);
#5840=FACE_BOUND('',#5397,.T.);
#5841=FACE_BOUND('',#5398,.T.);
#5842=FACE_BOUND('',#5399,.T.);
#5843=FACE_BOUND('',#5400,.T.);
#5844=FACE_BOUND('',#5401,.T.);
#5845=FACE_BOUND('',#5402,.T.);
#5846=FACE_BOUND('',#5403,.T.);
#5847=FACE_BOUND('',#5404,.T.);
#5848=FACE_BOUND('',#5405,.T.);
#5849=FACE_BOUND('',#5406,.T.);
#5850=FACE_BOUND('',#5407,.T.);
#5851=FACE_BOUND('',#5408,.T.);
#5852=FACE_BOUND('',#5409,.T.);
#5853=FACE_BOUND('',#5410,.T.);
#5854=FACE_BOUND('',#5411,.T.);
#5855=FACE_BOUND('',#5412,.T.);
#5856=FACE_BOUND('',#5413,.T.);
#5857=FACE_BOUND('',#5414,.T.);
#5858=FACE_BOUND('',#5415,.T.);
#5859=FACE_BOUND('',#5416,.T.);
#5860=FACE_BOUND('',#5417,.T.);
#5861=FACE_BOUND('',#5418,.T.);
#5862=FACE_BOUND('',#5419,.T.);
#5863=FACE_BOUND('',#5420,.T.);
#5864=FACE_BOUND('',#5421,.T.);
#5865=FACE_BOUND('',#5422,.T.);
#5866=FACE_BOUND('',#5423,.T.);
#5867=FACE_BOUND('',#5424,.T.);
#5868=FACE_BOUND('',#5425,.T.);
#5869=FACE_BOUND('',#5426,.T.);
#5870=FACE_BOUND('',#5427,.T.);
#5871=FACE_BOUND('',#5428,.T.);
#5872=FACE_BOUND('',#5429,.T.);
#5873=FACE_BOUND('',#5430,.T.);
#5874=FACE_BOUND('',#5431,.T.);
#5875=FACE_BOUND('',#5432,.T.);
#5876=FACE_BOUND('',#5433,.T.);
#5877=FACE_BOUND('',#5434,.T.);
#5878=FACE_BOUND('',#5435,.T.);
#5879=FACE_BOUND('',#5436,.T.);
#5880=FACE_BOUND('',#5437,.T.);
#5881=FACE_BOUND('',#5438,.T.);
#5882=FACE_BOUND('',#5439,.T.);
#5883=FACE_BOUND('',#5440,.T.);
#5884=FACE_BOUND('',#5441,.T.);
#5885=FACE_BOUND('',#5442,.T.);
#5886=FACE_BOUND('',#5443,.T.);
#5887=FACE_BOUND('',#5444,.T.);
#5888=FACE_BOUND('',#5445,.T.);
#5889=FACE_BOUND('',#5446,.T.);
#5890=FACE_BOUND('',#5447,.T.);
#5891=FACE_BOUND('',#5448,.T.);
#5892=FACE_BOUND('',#5449,.T.);
#5893=FACE_BOUND('',#5450,.T.);
#5894=FACE_BOUND('',#5451,.T.);
#5895=FACE_BOUND('',#5452,.T.);
#5896=FACE_BOUND('',#5453,.T.);
#5897=FACE_BOUND('',#5454,.T.);
#5898=FACE_BOUND('',#5455,.T.);
#5899=FACE_BOUND('',#5456,.T.);
#5900=FACE_BOUND('',#5457,.T.);
#5901=FACE_BOUND('',#5458,.T.);
#5902=FACE_BOUND('',#5459,.T.);
#5903=FACE_BOUND('',#5460,.T.);
#5904=FACE_BOUND('',#5461,.T.);
#5905=FACE_BOUND('',#5462,.T.);
#5906=FACE_BOUND('',#5463,.T.);
#5907=FACE_BOUND('',#5464,.T.);
#5908=FACE_BOUND('',#5465,.T.);
#5909=FACE_BOUND('',#5466,.T.);
#5910=FACE_BOUND('',#5467,.T.);
#5911=FACE_BOUND('',#5468,.T.);
#5912=FACE_BOUND('',#5469,.T.);
#5913=FACE_BOUND('',#5470,.T.);
#5914=FACE_BOUND('',#5471,.T.);
#5915=FACE_BOUND('',#5472,.T.);
#5916=FACE_BOUND('',#5473,.T.);
#5917=FACE_BOUND('',#5474,.T.);
#5918=FACE_BOUND('',#5475,.T.);
#5919=FACE_BOUND('',#5476,.T.);
#5920=FACE_BOUND('',#5477,.T.);
#5921=FACE_BOUND('',#5478,.T.);
#5922=FACE_BOUND('',#5479,.T.);
#5923=FACE_BOUND('',#5480,.T.);
#5924=FACE_BOUND('',#5481,.T.);
#5925=FACE_BOUND('',#5482,.T.);
#5926=FACE_BOUND('',#5483,.T.);
#5927=FACE_BOUND('',#5484,.T.);
#5928=FACE_BOUND('',#5485,.T.);
#5929=FACE_BOUND('',#5486,.T.);
#5930=FACE_BOUND('',#5487,.T.);
#5931=FACE_BOUND('',#5488,.T.);
#5932=FACE_BOUND('',#5489,.T.);
#5933=FACE_BOUND('',#5490,.T.);
#5934=FACE_BOUND('',#5491,.T.);
#5935=FACE_BOUND('',#5492,.T.);
#5936=FACE_BOUND('',#5493,.T.);
#5937=FACE_BOUND('',#5494,.T.);
#5938=FACE_BOUND('',#5495,.T.);
#5939=FACE_BOUND('',#5496,.T.);
#5940=FACE_BOUND('',#5497,.T.);
#5941=FACE_BOUND('',#5498,.T.);
#5942=FACE_BOUND('',#5499,.T.);
#5943=FACE_BOUND('',#5500,.T.);
#5944=FACE_BOUND('',#5501,.T.);
#5945=FACE_BOUND('',#5502,.T.);
#5946=FACE_BOUND('',#5503,.T.);
#5947=FACE_BOUND('',#5504,.T.);
#5948=FACE_BOUND('',#5505,.T.);
#5949=FACE_BOUND('',#5506,.T.);
#5950=FACE_BOUND('',#5507,.T.);
#5951=FACE_BOUND('',#5508,.T.);
#5952=FACE_BOUND('',#5509,.T.);
#5953=FACE_BOUND('',#5510,.T.);
#5954=FACE_BOUND('',#5511,.T.);
#5955=FACE_BOUND('',#5512,.T.);
#5956=FACE_BOUND('',#5513,.T.);
#5957=FACE_BOUND('',#5514,.T.);
#5958=FACE_BOUND('',#5515,.T.);
#5959=FACE_BOUND('',#5516,.T.);
#5960=FACE_BOUND('',#5517,.T.);
#5961=FACE_BOUND('',#5518,.T.);
#5962=FACE_BOUND('',#5519,.T.);
#5963=FACE_BOUND('',#5520,.T.);
#5964=FACE_BOUND('',#5521,.T.);
#5965=FACE_BOUND('',#5522,.T.);
#5966=FACE_BOUND('',#5523,.T.);
#5967=FACE_BOUND('',#5524,.T.);
#5968=FACE_BOUND('',#5525,.T.);
#5969=FACE_BOUND('',#5526,.T.);
#5970=FACE_BOUND('',#5527,.T.);
#5971=FACE_BOUND('',#5528,.T.);
#5972=FACE_BOUND('',#5529,.T.);
#5973=FACE_BOUND('',#5530,.T.);
#5974=FACE_BOUND('',#5531,.T.);
#5975=FACE_BOUND('',#5532,.T.);
#5976=FACE_BOUND('',#5533,.T.);
#5977=FACE_BOUND('',#5534,.T.);
#5978=FACE_BOUND('',#5535,.T.);
#5979=FACE_BOUND('',#5536,.T.);
#5980=FACE_BOUND('',#5537,.T.);
#5981=FACE_BOUND('',#5538,.T.);
#5982=FACE_BOUND('',#5539,.T.);
#5983=FACE_BOUND('',#5540,.T.);
#5984=FACE_BOUND('',#5541,.T.);
#5985=FACE_BOUND('',#5542,.T.);
#5986=FACE_BOUND('',#5543,.T.);
#5987=FACE_BOUND('',#5544,.T.);
#5988=FACE_BOUND('',#5545,.T.);
#5989=FACE_BOUND('',#5546,.T.);
#5990=FACE_BOUND('',#5547,.T.);
#5991=FACE_BOUND('',#5548,.T.);
#5992=FACE_BOUND('',#5549,.T.);
#5993=FACE_BOUND('',#5550,.T.);
#5994=FACE_BOUND('',#5551,.T.);
#5995=FACE_BOUND('',#5552,.T.);
#5996=FACE_BOUND('',#5553,.T.);
#5997=FACE_BOUND('',#5554,.T.);
#5998=FACE_BOUND('',#5555,.T.);
#5999=FACE_BOUND('',#5556,.T.);
#6000=FACE_BOUND('',#5557,.T.);
#6001=FACE_BOUND('',#5558,.T.);
#6002=FACE_BOUND('',#5559,.T.);
#6003=FACE_BOUND('',#5560,.T.);
#6004=FACE_BOUND('',#5561,.T.);
#6005=FACE_BOUND('',#5562,.T.);
#6006=FACE_BOUND('',#5563,.T.);
#6007=FACE_BOUND('',#5564,.T.);
#6008=FACE_BOUND('',#5565,.T.);
#6009=FACE_BOUND('',#5566,.T.);
#6010=FACE_BOUND('',#5567,.T.);
#6011=FACE_BOUND('',#5568,.T.);
#6012=FACE_BOUND('',#5569,.T.);
#6013=FACE_BOUND('',#5570,.T.);
#6014=FACE_BOUND('',#5571,.T.);
#6015=FACE_BOUND('',#5572,.T.);
#6016=FACE_BOUND('',#5573,.T.);
#6017=FACE_BOUND('',#5574,.T.);
#6018=FACE_BOUND('',#5575,.T.);
#6019=FACE_BOUND('',#5576,.T.);
#6020=FACE_BOUND('',#5577,.T.);
#6021=FACE_BOUND('',#5578,.T.);
#6022=FACE_BOUND('',#5579,.T.);
#6023=FACE_BOUND('',#5580,.T.);
#6024=FACE_BOUND('',#5581,.T.);
#6025=FACE_BOUND('',#5582,.T.);
#6026=FACE_BOUND('',#5583,.T.);
#6027=FACE_BOUND('',#5584,.T.);
#6028=FACE_BOUND('',#5585,.T.);
#6029=FACE_BOUND('',#5586,.T.);
#6030=FACE_BOUND('',#5587,.T.);
#6031=FACE_BOUND('',#5588,.T.);
#6032=FACE_BOUND('',#5589,.T.);
#6033=FACE_BOUND('',#5590,.T.);
#6034=FACE_BOUND('',#5591,.T.);
#6035=FACE_BOUND('',#5592,.T.);
#6036=FACE_BOUND('',#5593,.T.);
#6037=FACE_BOUND('',#5594,.T.);
#6038=FACE_BOUND('',#5595,.T.);
#6039=FACE_BOUND('',#5596,.T.);
#6040=FACE_BOUND('',#5597,.T.);
#6041=FACE_BOUND('',#5598,.T.);
#6042=FACE_BOUND('',#5599,.T.);
#6043=FACE_BOUND('',#5600,.T.);
#6044=FACE_BOUND('',#5601,.T.);
#6045=FACE_BOUND('',#5602,.T.);
#6046=FACE_BOUND('',#5603,.T.);
#6047=FACE_BOUND('',#5604,.T.);
#6048=FACE_BOUND('',#5605,.T.);
#6049=FACE_BOUND('',#5606,.T.);
#6050=FACE_BOUND('',#5607,.T.);
#6051=FACE_BOUND('',#5608,.T.);
#6052=FACE_BOUND('',#5609,.T.);
#6053=FACE_BOUND('',#5610,.T.);
#6054=FACE_BOUND('',#5611,.T.);
#6055=FACE_BOUND('',#5612,.T.);
#6056=FACE_BOUND('',#5613,.T.);
#6057=FACE_BOUND('',#5614,.T.);
#6058=FACE_BOUND('',#5615,.T.);
#6059=FACE_BOUND('',#5616,.T.);
#6060=FACE_BOUND('',#5617,.T.);
#6061=FACE_BOUND('',#5618,.T.);
#6062=FACE_BOUND('',#5619,.T.);
#6063=FACE_BOUND('',#5620,.T.);
#6064=FACE_BOUND('',#5621,.T.);
#6065=FACE_BOUND('',#5622,.T.);
#6066=FACE_BOUND('',#5623,.T.);
#6067=FACE_BOUND('',#5624,.T.);
#6068=FACE_BOUND('',#5625,.T.);
#6069=FACE_BOUND('',#5626,.T.);
#6070=FACE_BOUND('',#5627,.T.);
#6071=FACE_BOUND('',#5628,.T.);
#6072=FACE_BOUND('',#5629,.T.);
#6073=FACE_BOUND('',#5630,.T.);
#6074=FACE_BOUND('',#5631,.T.);
#6075=FACE_BOUND('',#5632,.T.);
#6076=FACE_BOUND('',#5633,.T.);
#6077=FACE_BOUND('',#5634,.T.);
#6078=FACE_BOUND('',#5635,.T.);
#6079=FACE_BOUND('',#5636,.T.);
#6080=FACE_BOUND('',#5637,.T.);
#6081=FACE_BOUND('',#5638,.T.);
#6082=FACE_BOUND('',#5639,.T.);
#6083=FACE_BOUND('',#5640,.T.);
#6084=FACE_BOUND('',#5641,.T.);
#6085=FACE_BOUND('',#5642,.T.);
#6086=FACE_BOUND('',#5643,.T.);
#6087=FACE_BOUND('',#5644,.T.);
#6088=FACE_BOUND('',#5645,.T.);
#6089=FACE_BOUND('',#5646,.T.);
#6090=FACE_BOUND('',#5647,.T.);
#6091=FACE_BOUND('',#5648,.T.);
#6092=FACE_BOUND('',#5649,.T.);
#6093=FACE_BOUND('',#5650,.T.);
#6094=FACE_BOUND('',#5651,.T.);
#6095=FACE_BOUND('',#5652,.T.);
#6096=FACE_BOUND('',#5653,.T.);
#6097=FACE_BOUND('',#5654,.T.);
#6098=FACE_BOUND('',#5655,.T.);
#6099=FACE_BOUND('',#5656,.T.);
#6100=FACE_BOUND('',#5657,.T.);
#6101=FACE_BOUND('',#5658,.T.);
#6102=FACE_BOUND('',#5659,.T.);
#6103=FACE_BOUND('',#5660,.T.);
#6104=FACE_BOUND('',#5661,.T.);
#6105=FACE_BOUND('',#5662,.T.);
#6106=FACE_BOUND('',#5663,.T.);
#6107=FACE_BOUND('',#5664,.T.);
#6108=FACE_BOUND('',#5665,.T.);
#6109=FACE_BOUND('',#5666,.T.);
#6110=FACE_BOUND('',#5667,.T.);
#6111=FACE_BOUND('',#5668,.T.);
#6112=FACE_BOUND('',#5669,.T.);
#6113=FACE_BOUND('',#5670,.T.);
#6114=FACE_BOUND('',#5671,.T.);
#6115=FACE_BOUND('',#5672,.T.);
#6116=FACE_BOUND('',#5673,.T.);
#6117=FACE_BOUND('',#5674,.T.);
#6118=FACE_BOUND('',#5675,.T.);
#6119=FACE_BOUND('',#5676,.T.);
#6120=FACE_BOUND('',#5677,.T.);
#6121=FACE_BOUND('',#5678,.T.);
#6122=FACE_BOUND('',#5679,.T.);
#6123=FACE_BOUND('',#5680,.T.);
#6124=FACE_BOUND('',#5681,.T.);
#6125=FACE_BOUND('',#5682,.T.);
#6126=FACE_BOUND('',#5683,.T.);
#6127=FACE_BOUND('',#5684,.T.);
#6128=FACE_BOUND('',#5685,.T.);
#6129=FACE_BOUND('',#5686,.T.);
#6130=FACE_BOUND('',#5687,.T.);
#6131=FACE_BOUND('',#5688,.T.);
#6132=FACE_BOUND('',#5689,.T.);
#6133=FACE_BOUND('',#5690,.T.);
#6134=FACE_BOUND('',#5691,.T.);
#6135=FACE_BOUND('',#5692,.T.);
#6136=FACE_BOUND('',#5693,.T.);
#6137=FACE_BOUND('',#5694,.T.);
#6138=FACE_BOUND('',#5695,.T.);
#6139=FACE_BOUND('',#5696,.T.);
#6140=FACE_BOUND('',#5697,.T.);
#6141=FACE_BOUND('',#5698,.T.);
#6142=FACE_BOUND('',#5699,.T.);
#6143=FACE_BOUND('',#5700,.T.);
#6144=FACE_BOUND('',#5701,.T.);
#6145=FACE_BOUND('',#5702,.T.);
#6146=FACE_BOUND('',#5703,.T.);
#6147=FACE_BOUND('',#5704,.T.);
#6148=FACE_BOUND('',#5705,.T.);
#6149=FACE_BOUND('',#5706,.T.);
#6150=FACE_BOUND('',#5707,.T.);
#6151=FACE_BOUND('',#5708,.T.);
#6152=FACE_BOUND('',#5709,.T.);
#6153=FACE_BOUND('',#5710,.T.);
#6154=FACE_BOUND('',#5711,.T.);
#6155=FACE_BOUND('',#5712,.T.);
#6156=FACE_BOUND('',#5713,.T.);
#6157=FACE_BOUND('',#5714,.T.);
#6158=FACE_BOUND('',#5715,.T.);
#6159=FACE_BOUND('',#5716,.T.);
#6160=FACE_BOUND('',#5717,.T.);
#6161=FACE_BOUND('',#5718,.T.);
#6162=FACE_BOUND('',#5719,.T.);
#6163=FACE_BOUND('',#5720,.T.);
#6164=FACE_BOUND('',#5721,.T.);
#6165=FACE_BOUND('',#5722,.T.);
#6166=FACE_BOUND('',#5723,.T.);
#6167=FACE_BOUND('',#5724,.T.);
#6168=FACE_BOUND('',#5725,.T.);
#6169=FACE_BOUND('',#5726,.T.);
#6170=FACE_BOUND('',#5727,.T.);
#6171=FACE_BOUND('',#5728,.T.);
#6172=FACE_BOUND('',#5729,.T.);
#6173=PLANE('',#6798);
#6174=PLANE('',#6800);
#6175=PLANE('',#6811);
#6176=PLANE('',#6813);
#6177=PLANE('',#6815);
#6178=PLANE('',#6816);
#6179=PLANE('',#6817);
#6180=PLANE('',#6818);
#6181=PLANE('',#6819);
#6182=PLANE('',#6822);
#6183=PLANE('',#6823);
#6184=PLANE('',#6824);
#6185=PLANE('',#6829);
#6186=PLANE('',#6830);
#6187=PLANE('',#6831);
#6188=PLANE('',#6832);
#6189=PLANE('',#6833);
#6190=PLANE('',#6834);
#6191=PLANE('',#6835);
#6192=PLANE('',#6836);
#6193=PLANE('',#6837);
#6194=PLANE('',#6838);
#6195=PLANE('',#6839);
#6196=PLANE('',#6840);
#6197=PLANE('',#6841);
#6198=PLANE('',#6842);
#6199=PLANE('',#6843);
#6200=PLANE('',#6844);
#6201=PLANE('',#6845);
#6202=PLANE('',#6846);
#6203=PLANE('',#6847);
#6204=PLANE('',#6848);
#6205=PLANE('',#6849);
#6206=PLANE('',#6850);
#6207=PLANE('',#6851);
#6208=PLANE('',#6852);
#6209=PLANE('',#6853);
#6210=PLANE('',#6854);
#6211=PLANE('',#6855);
#6212=PLANE('',#6856);
#6213=PLANE('',#6857);
#6214=PLANE('',#6858);
#6215=PLANE('',#6859);
#6216=PLANE('',#6860);
#6217=PLANE('',#6861);
#6218=PLANE('',#6862);
#6219=PLANE('',#6863);
#6220=PLANE('',#6864);
#6221=PLANE('',#6865);
#6222=PLANE('',#6866);
#6223=PLANE('',#6867);
#6224=PLANE('',#6868);
#6225=PLANE('',#6869);
#6226=PLANE('',#6870);
#6227=PLANE('',#6871);
#6228=PLANE('',#6872);
#6229=PLANE('',#6873);
#6230=PLANE('',#6874);
#6231=PLANE('',#6875);
#6232=PLANE('',#6876);
#6233=PLANE('',#6877);
#6234=PLANE('',#6878);
#6235=PLANE('',#6879);
#6236=PLANE('',#6880);
#6237=PLANE('',#6881);
#6238=PLANE('',#6882);
#6239=PLANE('',#6883);
#6240=PLANE('',#6884);
#6241=PLANE('',#6885);
#6242=PLANE('',#6886);
#6243=PLANE('',#6887);
#6244=PLANE('',#6888);
#6245=PLANE('',#6889);
#6246=PLANE('',#6890);
#6247=PLANE('',#6891);
#6248=PLANE('',#6892);
#6249=PLANE('',#6893);
#6250=PLANE('',#6894);
#6251=PLANE('',#6895);
#6252=PLANE('',#6896);
#6253=PLANE('',#6897);
#6254=PLANE('',#6898);
#6255=PLANE('',#6899);
#6256=PLANE('',#6900);
#6257=PLANE('',#6901);
#6258=PLANE('',#6902);
#6259=PLANE('',#6903);
#6260=PLANE('',#6904);
#6261=PLANE('',#6905);
#6262=PLANE('',#6906);
#6263=PLANE('',#6907);
#6264=PLANE('',#6908);
#6265=PLANE('',#6909);
#6266=PLANE('',#6910);
#6267=PLANE('',#6911);
#6268=PLANE('',#6912);
#6269=PLANE('',#6913);
#6270=PLANE('',#6914);
#6271=PLANE('',#6915);
#6272=PLANE('',#6916);
#6273=PLANE('',#6917);
#6274=PLANE('',#6918);
#6275=PLANE('',#6919);
#6276=PLANE('',#6920);
#6277=PLANE('',#6921);
#6278=PLANE('',#6922);
#6279=PLANE('',#6923);
#6280=PLANE('',#6924);
#6281=PLANE('',#6925);
#6282=PLANE('',#6926);
#6283=PLANE('',#6927);
#6284=PLANE('',#6928);
#6285=PLANE('',#6929);
#6286=PLANE('',#6930);
#6287=PLANE('',#6931);
#6288=PLANE('',#6932);
#6289=PLANE('',#6933);
#6290=PLANE('',#6934);
#6291=PLANE('',#6935);
#6292=PLANE('',#6936);
#6293=PLANE('',#6937);
#6294=PLANE('',#6938);
#6295=PLANE('',#6939);
#6296=PLANE('',#6940);
#6297=PLANE('',#6941);
#6298=PLANE('',#6942);
#6299=PLANE('',#6943);
#6300=PLANE('',#6944);
#6301=PLANE('',#6945);
#6302=PLANE('',#6946);
#6303=PLANE('',#6947);
#6304=PLANE('',#6948);
#6305=PLANE('',#6949);
#6306=PLANE('',#6950);
#6307=PLANE('',#6951);
#6308=PLANE('',#6952);
#6309=PLANE('',#6953);
#6310=PLANE('',#6954);
#6311=PLANE('',#6955);
#6312=PLANE('',#6956);
#6313=PLANE('',#6957);
#6314=PLANE('',#6958);
#6315=PLANE('',#6959);
#6316=PLANE('',#6960);
#6317=PLANE('',#6961);
#6318=PLANE('',#6962);
#6319=PLANE('',#6963);
#6320=PLANE('',#6964);
#6321=PLANE('',#6965);
#6322=PLANE('',#6966);
#6323=PLANE('',#6967);
#6324=PLANE('',#6968);
#6325=PLANE('',#6969);
#6326=PLANE('',#6970);
#6327=PLANE('',#6971);
#6328=PLANE('',#6972);
#6329=PLANE('',#6973);
#6330=PLANE('',#6974);
#6331=PLANE('',#6975);
#6332=PLANE('',#6976);
#6333=PLANE('',#6977);
#6334=PLANE('',#6978);
#6335=PLANE('',#6979);
#6336=PLANE('',#6980);
#6337=PLANE('',#6981);
#6338=PLANE('',#6982);
#6339=PLANE('',#6983);
#6340=PLANE('',#6984);
#6341=PLANE('',#6985);
#6342=PLANE('',#6986);
#6343=PLANE('',#6987);
#6344=PLANE('',#6988);
#6345=PLANE('',#6989);
#6346=PLANE('',#6990);
#6347=PLANE('',#6991);
#6348=PLANE('',#6992);
#6349=PLANE('',#6993);
#6350=PLANE('',#6996);
#6351=PLANE('',#6999);
#6352=PLANE('',#7002);
#6353=PLANE('',#7006);
#6354=PLANE('',#7007);
#6355=PLANE('',#7008);
#6356=PLANE('',#7009);
#6357=PLANE('',#7010);
#6358=PLANE('',#7011);
#6359=PLANE('',#7012);
#6360=PLANE('',#7013);
#6361=PLANE('',#7014);
#6362=PLANE('',#7015);
#6363=PLANE('',#7016);
#6364=PLANE('',#7017);
#6365=PLANE('',#7018);
#6366=PLANE('',#7019);
#6367=PLANE('',#7020);
#6368=PLANE('',#7021);
#6369=PLANE('',#7022);
#6370=PLANE('',#7023);
#6371=PLANE('',#7024);
#6372=PLANE('',#7025);
#6373=PLANE('',#7026);
#6374=PLANE('',#7027);
#6375=PLANE('',#7028);
#6376=PLANE('',#7029);
#6377=PLANE('',#7030);
#6378=PLANE('',#7031);
#6379=PLANE('',#7032);
#6380=PLANE('',#7033);
#6381=PLANE('',#7034);
#6382=PLANE('',#7035);
#6383=PLANE('',#7036);
#6384=PLANE('',#7037);
#6385=PLANE('',#7038);
#6386=PLANE('',#7039);
#6387=PLANE('',#7040);
#6388=PLANE('',#7041);
#6389=PLANE('',#7042);
#6390=PLANE('',#7043);
#6391=PLANE('',#7044);
#6392=PLANE('',#7045);
#6393=PLANE('',#7046);
#6394=PLANE('',#7047);
#6395=PLANE('',#7048);
#6396=PLANE('',#7049);
#6397=PLANE('',#7050);
#6398=PLANE('',#7051);
#6399=PLANE('',#7052);
#6400=PLANE('',#7053);
#6401=PLANE('',#7054);
#6402=PLANE('',#7055);
#6403=PLANE('',#7056);
#6404=PLANE('',#7057);
#6405=PLANE('',#7058);
#6406=PLANE('',#7059);
#6407=PLANE('',#7060);
#6408=PLANE('',#7061);
#6409=PLANE('',#7062);
#6410=PLANE('',#7063);
#6411=PLANE('',#7064);
#6412=PLANE('',#7065);
#6413=PLANE('',#7066);
#6414=PLANE('',#7067);
#6415=PLANE('',#7068);
#6416=PLANE('',#7069);
#6417=PLANE('',#7070);
#6418=PLANE('',#7071);
#6419=PLANE('',#7072);
#6420=PLANE('',#7073);
#6421=PLANE('',#7074);
#6422=PLANE('',#7075);
#6423=PLANE('',#7076);
#6424=PLANE('',#7077);
#6425=PLANE('',#7078);
#6426=PLANE('',#7079);
#6427=PLANE('',#7080);
#6428=PLANE('',#7081);
#6429=PLANE('',#7082);
#6430=PLANE('',#7083);
#6431=PLANE('',#7084);
#6432=PLANE('',#7085);
#6433=PLANE('',#7086);
#6434=PLANE('',#7087);
#6435=PLANE('',#7088);
#6436=PLANE('',#7089);
#6437=PLANE('',#7090);
#6438=PLANE('',#7091);
#6439=PLANE('',#7092);
#6440=PLANE('',#7093);
#6441=PLANE('',#7094);
#6442=PLANE('',#7095);
#6443=PLANE('',#7096);
#6444=PLANE('',#7097);
#6445=PLANE('',#7098);
#6446=PLANE('',#7099);
#6447=PLANE('',#7100);
#6448=PLANE('',#7101);
#6449=PLANE('',#7102);
#6450=PLANE('',#7103);
#6451=PLANE('',#7104);
#6452=PLANE('',#7105);
#6453=PLANE('',#7106);
#6454=PLANE('',#7107);
#6455=PLANE('',#7108);
#6456=PLANE('',#7109);
#6457=PLANE('',#7110);
#6458=PLANE('',#7111);
#6459=PLANE('',#7112);
#6460=PLANE('',#7113);
#6461=PLANE('',#7114);
#6462=PLANE('',#7115);
#6463=PLANE('',#7116);
#6464=PLANE('',#7117);
#6465=PLANE('',#7118);
#6466=PLANE('',#7149);
#6467=PLANE('',#7150);
#6468=PLANE('',#7152);
#6469=ADVANCED_FACE('',(#5730),#6173,.F.);
#6470=ADVANCED_FACE('',(#5731,#5732,#5733,#5734,#5735,#5736,#5737,#5738,
#5739,#5740,#5741,#5742,#5743,#5744,#5745,#5746,#5747,#5748,#5749,#5750,
#5751,#5752,#5753,#5754,#5755,#5756,#5757,#5758,#5759,#5760,#5761,#5762,
#5763,#5764,#5765,#5766,#5767,#5768,#5769,#5770,#5771,#5772,#5773,#5774,
#5775,#5776,#5777,#5778,#5779,#5780,#5781,#5782,#5783,#5784,#5785,#5786,
#5787,#5788,#5789,#5790,#5791,#5792,#5793),#6174,.F.);
#6471=ADVANCED_FACE('',(#5794),#6175,.T.);
#6472=ADVANCED_FACE('',(#5795),#6176,.F.);
#6473=ADVANCED_FACE('',(#5796),#6177,.F.);
#6474=ADVANCED_FACE('',(#5797),#6178,.F.);
#6475=ADVANCED_FACE('',(#5798),#6179,.T.);
#6476=ADVANCED_FACE('',(#5799),#6180,.F.);
#6477=ADVANCED_FACE('',(#5800),#6181,.F.);
#6478=ADVANCED_FACE('',(#5801),#6182,.T.);
#6479=ADVANCED_FACE('',(#5802),#6183,.F.);
#6480=ADVANCED_FACE('',(#5803,#5804),#6184,.T.);
#6481=ADVANCED_FACE('',(#5805),#6185,.T.);
#6482=ADVANCED_FACE('',(#5806),#6186,.F.);
#6483=ADVANCED_FACE('',(#5807),#6187,.F.);
#6484=ADVANCED_FACE('',(#5808),#6188,.T.);
#6485=ADVANCED_FACE('',(#5809),#6189,.F.);
#6486=ADVANCED_FACE('',(#5810),#6190,.F.);
#6487=ADVANCED_FACE('',(#5811),#6191,.T.);
#6488=ADVANCED_FACE('',(#5812),#6192,.F.);
#6489=ADVANCED_FACE('',(#5813),#6193,.F.);
#6490=ADVANCED_FACE('',(#5814),#6194,.T.);
#6491=ADVANCED_FACE('',(#5815),#6195,.F.);
#6492=ADVANCED_FACE('',(#5816),#6196,.F.);
#6493=ADVANCED_FACE('',(#5817),#6197,.T.);
#6494=ADVANCED_FACE('',(#5818),#6198,.F.);
#6495=ADVANCED_FACE('',(#5819),#6199,.F.);
#6496=ADVANCED_FACE('',(#5820),#6200,.T.);
#6497=ADVANCED_FACE('',(#5821),#6201,.F.);
#6498=ADVANCED_FACE('',(#5822),#6202,.F.);
#6499=ADVANCED_FACE('',(#5823),#6203,.T.);
#6500=ADVANCED_FACE('',(#5824),#6204,.F.);
#6501=ADVANCED_FACE('',(#5825),#6205,.F.);
#6502=ADVANCED_FACE('',(#5826),#6206,.T.);
#6503=ADVANCED_FACE('',(#5827),#6207,.F.);
#6504=ADVANCED_FACE('',(#5828),#6208,.F.);
#6505=ADVANCED_FACE('',(#5829),#6209,.T.);
#6506=ADVANCED_FACE('',(#5830),#6210,.F.);
#6507=ADVANCED_FACE('',(#5831),#6211,.F.);
#6508=ADVANCED_FACE('',(#5832),#6212,.T.);
#6509=ADVANCED_FACE('',(#5833),#6213,.F.);
#6510=ADVANCED_FACE('',(#5834),#6214,.F.);
#6511=ADVANCED_FACE('',(#5835),#6215,.T.);
#6512=ADVANCED_FACE('',(#5836),#6216,.F.);
#6513=ADVANCED_FACE('',(#5837),#6217,.F.);
#6514=ADVANCED_FACE('',(#5838),#6218,.T.);
#6515=ADVANCED_FACE('',(#5839),#6219,.F.);
#6516=ADVANCED_FACE('',(#5840),#6220,.F.);
#6517=ADVANCED_FACE('',(#5841),#6221,.T.);
#6518=ADVANCED_FACE('',(#5842),#6222,.F.);
#6519=ADVANCED_FACE('',(#5843),#6223,.F.);
#6520=ADVANCED_FACE('',(#5844),#6224,.T.);
#6521=ADVANCED_FACE('',(#5845),#6225,.F.);
#6522=ADVANCED_FACE('',(#5846),#6226,.F.);
#6523=ADVANCED_FACE('',(#5847),#6227,.T.);
#6524=ADVANCED_FACE('',(#5848),#6228,.F.);
#6525=ADVANCED_FACE('',(#5849),#6229,.F.);
#6526=ADVANCED_FACE('',(#5850),#6230,.T.);
#6527=ADVANCED_FACE('',(#5851),#6231,.F.);
#6528=ADVANCED_FACE('',(#5852),#6232,.F.);
#6529=ADVANCED_FACE('',(#5853),#6233,.T.);
#6530=ADVANCED_FACE('',(#5854),#6234,.F.);
#6531=ADVANCED_FACE('',(#5855),#6235,.F.);
#6532=ADVANCED_FACE('',(#5856),#6236,.T.);
#6533=ADVANCED_FACE('',(#5857),#6237,.F.);
#6534=ADVANCED_FACE('',(#5858),#6238,.F.);
#6535=ADVANCED_FACE('',(#5859),#6239,.T.);
#6536=ADVANCED_FACE('',(#5860),#6240,.F.);
#6537=ADVANCED_FACE('',(#5861),#6241,.F.);
#6538=ADVANCED_FACE('',(#5862),#6242,.T.);
#6539=ADVANCED_FACE('',(#5863),#6243,.F.);
#6540=ADVANCED_FACE('',(#5864),#6244,.F.);
#6541=ADVANCED_FACE('',(#5865),#6245,.T.);
#6542=ADVANCED_FACE('',(#5866),#6246,.F.);
#6543=ADVANCED_FACE('',(#5867),#6247,.F.);
#6544=ADVANCED_FACE('',(#5868),#6248,.T.);
#6545=ADVANCED_FACE('',(#5869),#6249,.F.);
#6546=ADVANCED_FACE('',(#5870),#6250,.F.);
#6547=ADVANCED_FACE('',(#5871),#6251,.T.);
#6548=ADVANCED_FACE('',(#5872),#6252,.F.);
#6549=ADVANCED_FACE('',(#5873),#6253,.F.);
#6550=ADVANCED_FACE('',(#5874),#6254,.T.);
#6551=ADVANCED_FACE('',(#5875),#6255,.F.);
#6552=ADVANCED_FACE('',(#5876),#6256,.F.);
#6553=ADVANCED_FACE('',(#5877),#6257,.T.);
#6554=ADVANCED_FACE('',(#5878),#6258,.F.);
#6555=ADVANCED_FACE('',(#5879),#6259,.F.);
#6556=ADVANCED_FACE('',(#5880),#6260,.T.);
#6557=ADVANCED_FACE('',(#5881),#6261,.F.);
#6558=ADVANCED_FACE('',(#5882),#6262,.F.);
#6559=ADVANCED_FACE('',(#5883),#6263,.T.);
#6560=ADVANCED_FACE('',(#5884),#6264,.F.);
#6561=ADVANCED_FACE('',(#5885),#6265,.F.);
#6562=ADVANCED_FACE('',(#5886),#6266,.T.);
#6563=ADVANCED_FACE('',(#5887),#6267,.F.);
#6564=ADVANCED_FACE('',(#5888),#6268,.F.);
#6565=ADVANCED_FACE('',(#5889),#6269,.T.);
#6566=ADVANCED_FACE('',(#5890),#6270,.F.);
#6567=ADVANCED_FACE('',(#5891),#6271,.F.);
#6568=ADVANCED_FACE('',(#5892),#6272,.T.);
#6569=ADVANCED_FACE('',(#5893),#6273,.F.);
#6570=ADVANCED_FACE('',(#5894),#6274,.F.);
#6571=ADVANCED_FACE('',(#5895),#6275,.T.);
#6572=ADVANCED_FACE('',(#5896),#6276,.F.);
#6573=ADVANCED_FACE('',(#5897),#6277,.F.);
#6574=ADVANCED_FACE('',(#5898),#6278,.T.);
#6575=ADVANCED_FACE('',(#5899),#6279,.F.);
#6576=ADVANCED_FACE('',(#5900),#6280,.F.);
#6577=ADVANCED_FACE('',(#5901),#6281,.T.);
#6578=ADVANCED_FACE('',(#5902),#6282,.F.);
#6579=ADVANCED_FACE('',(#5903),#6283,.F.);
#6580=ADVANCED_FACE('',(#5904),#6284,.T.);
#6581=ADVANCED_FACE('',(#5905),#6285,.F.);
#6582=ADVANCED_FACE('',(#5906),#6286,.F.);
#6583=ADVANCED_FACE('',(#5907),#6287,.T.);
#6584=ADVANCED_FACE('',(#5908),#6288,.F.);
#6585=ADVANCED_FACE('',(#5909),#6289,.F.);
#6586=ADVANCED_FACE('',(#5910),#6290,.T.);
#6587=ADVANCED_FACE('',(#5911),#6291,.F.);
#6588=ADVANCED_FACE('',(#5912),#6292,.F.);
#6589=ADVANCED_FACE('',(#5913),#6293,.T.);
#6590=ADVANCED_FACE('',(#5914),#6294,.F.);
#6591=ADVANCED_FACE('',(#5915),#6295,.F.);
#6592=ADVANCED_FACE('',(#5916),#6296,.T.);
#6593=ADVANCED_FACE('',(#5917),#6297,.F.);
#6594=ADVANCED_FACE('',(#5918),#6298,.F.);
#6595=ADVANCED_FACE('',(#5919),#6299,.T.);
#6596=ADVANCED_FACE('',(#5920),#6300,.F.);
#6597=ADVANCED_FACE('',(#5921),#6301,.F.);
#6598=ADVANCED_FACE('',(#5922),#6302,.T.);
#6599=ADVANCED_FACE('',(#5923),#6303,.F.);
#6600=ADVANCED_FACE('',(#5924),#6304,.F.);
#6601=ADVANCED_FACE('',(#5925),#6305,.T.);
#6602=ADVANCED_FACE('',(#5926),#6306,.F.);
#6603=ADVANCED_FACE('',(#5927),#6307,.F.);
#6604=ADVANCED_FACE('',(#5928),#6308,.T.);
#6605=ADVANCED_FACE('',(#5929),#6309,.F.);
#6606=ADVANCED_FACE('',(#5930),#6310,.F.);
#6607=ADVANCED_FACE('',(#5931),#6311,.T.);
#6608=ADVANCED_FACE('',(#5932),#6312,.F.);
#6609=ADVANCED_FACE('',(#5933),#6313,.F.);
#6610=ADVANCED_FACE('',(#5934),#6314,.T.);
#6611=ADVANCED_FACE('',(#5935),#6315,.F.);
#6612=ADVANCED_FACE('',(#5936),#6316,.F.);
#6613=ADVANCED_FACE('',(#5937),#6317,.T.);
#6614=ADVANCED_FACE('',(#5938),#6318,.F.);
#6615=ADVANCED_FACE('',(#5939),#6319,.F.);
#6616=ADVANCED_FACE('',(#5940),#6320,.T.);
#6617=ADVANCED_FACE('',(#5941),#6321,.F.);
#6618=ADVANCED_FACE('',(#5942),#6322,.F.);
#6619=ADVANCED_FACE('',(#5943),#6323,.T.);
#6620=ADVANCED_FACE('',(#5944),#6324,.F.);
#6621=ADVANCED_FACE('',(#5945),#6325,.F.);
#6622=ADVANCED_FACE('',(#5946),#6326,.T.);
#6623=ADVANCED_FACE('',(#5947),#6327,.F.);
#6624=ADVANCED_FACE('',(#5948),#6328,.F.);
#6625=ADVANCED_FACE('',(#5949),#6329,.T.);
#6626=ADVANCED_FACE('',(#5950),#6330,.F.);
#6627=ADVANCED_FACE('',(#5951),#6331,.F.);
#6628=ADVANCED_FACE('',(#5952),#6332,.T.);
#6629=ADVANCED_FACE('',(#5953),#6333,.F.);
#6630=ADVANCED_FACE('',(#5954),#6334,.F.);
#6631=ADVANCED_FACE('',(#5955),#6335,.T.);
#6632=ADVANCED_FACE('',(#5956),#6336,.F.);
#6633=ADVANCED_FACE('',(#5957),#6337,.F.);
#6634=ADVANCED_FACE('',(#5958),#6338,.T.);
#6635=ADVANCED_FACE('',(#5959),#6339,.F.);
#6636=ADVANCED_FACE('',(#5960),#6340,.F.);
#6637=ADVANCED_FACE('',(#5961),#6341,.T.);
#6638=ADVANCED_FACE('',(#5962),#6342,.F.);
#6639=ADVANCED_FACE('',(#5963),#6343,.F.);
#6640=ADVANCED_FACE('',(#5964),#6344,.T.);
#6641=ADVANCED_FACE('',(#5965),#6345,.F.);
#6642=ADVANCED_FACE('',(#5966),#6346,.F.);
#6643=ADVANCED_FACE('',(#5967),#6347,.T.);
#6644=ADVANCED_FACE('',(#5968),#6348,.F.);
#6645=ADVANCED_FACE('',(#5969),#6349,.F.);
#6646=ADVANCED_FACE('',(#5970),#18,.F.);
#6647=ADVANCED_FACE('',(#5971),#6350,.F.);
#6648=ADVANCED_FACE('',(#5972),#19,.F.);
#6649=ADVANCED_FACE('',(#5973),#6351,.F.);
#6650=ADVANCED_FACE('',(#5974),#20,.F.);
#6651=ADVANCED_FACE('',(#5975),#6352,.T.);
#6652=ADVANCED_FACE('',(#5976),#21,.F.);
#6653=ADVANCED_FACE('',(#5977),#6353,.T.);
#6654=ADVANCED_FACE('',(#5978),#6354,.F.);
#6655=ADVANCED_FACE('',(#5979),#6355,.F.);
#6656=ADVANCED_FACE('',(#5980),#6356,.T.);
#6657=ADVANCED_FACE('',(#5981),#6357,.T.);
#6658=ADVANCED_FACE('',(#5982),#6358,.T.);
#6659=ADVANCED_FACE('',(#5983),#6359,.F.);
#6660=ADVANCED_FACE('',(#5984),#6360,.T.);
#6661=ADVANCED_FACE('',(#5985),#6361,.T.);
#6662=ADVANCED_FACE('',(#5986),#6362,.F.);
#6663=ADVANCED_FACE('',(#5987),#6363,.F.);
#6664=ADVANCED_FACE('',(#5988),#6364,.T.);
#6665=ADVANCED_FACE('',(#5989),#6365,.F.);
#6666=ADVANCED_FACE('',(#5990),#6366,.F.);
#6667=ADVANCED_FACE('',(#5991),#6367,.T.);
#6668=ADVANCED_FACE('',(#5992),#6368,.F.);
#6669=ADVANCED_FACE('',(#5993),#6369,.T.);
#6670=ADVANCED_FACE('',(#5994),#6370,.T.);
#6671=ADVANCED_FACE('',(#5995),#6371,.F.);
#6672=ADVANCED_FACE('',(#5996),#6372,.F.);
#6673=ADVANCED_FACE('',(#5997),#6373,.T.);
#6674=ADVANCED_FACE('',(#5998),#6374,.T.);
#6675=ADVANCED_FACE('',(#5999),#6375,.F.);
#6676=ADVANCED_FACE('',(#6000),#6376,.T.);
#6677=ADVANCED_FACE('',(#6001),#6377,.F.);
#6678=ADVANCED_FACE('',(#6002),#6378,.F.);
#6679=ADVANCED_FACE('',(#6003),#6379,.T.);
#6680=ADVANCED_FACE('',(#6004),#6380,.F.);
#6681=ADVANCED_FACE('',(#6005),#6381,.F.);
#6682=ADVANCED_FACE('',(#6006),#6382,.T.);
#6683=ADVANCED_FACE('',(#6007),#6383,.T.);
#6684=ADVANCED_FACE('',(#6008),#6384,.F.);
#6685=ADVANCED_FACE('',(#6009),#6385,.F.);
#6686=ADVANCED_FACE('',(#6010),#6386,.T.);
#6687=ADVANCED_FACE('',(#6011),#6387,.T.);
#6688=ADVANCED_FACE('',(#6012),#6388,.F.);
#6689=ADVANCED_FACE('',(#6013),#6389,.F.);
#6690=ADVANCED_FACE('',(#6014),#6390,.T.);
#6691=ADVANCED_FACE('',(#6015),#6391,.F.);
#6692=ADVANCED_FACE('',(#6016),#6392,.F.);
#6693=ADVANCED_FACE('',(#6017),#6393,.T.);
#6694=ADVANCED_FACE('',(#6018),#6394,.F.);
#6695=ADVANCED_FACE('',(#6019),#6395,.F.);
#6696=ADVANCED_FACE('',(#6020),#6396,.T.);
#6697=ADVANCED_FACE('',(#6021),#6397,.T.);
#6698=ADVANCED_FACE('',(#6022),#6398,.F.);
#6699=ADVANCED_FACE('',(#6023),#6399,.F.);
#6700=ADVANCED_FACE('',(#6024),#6400,.T.);
#6701=ADVANCED_FACE('',(#6025),#6401,.T.);
#6702=ADVANCED_FACE('',(#6026),#6402,.F.);
#6703=ADVANCED_FACE('',(#6027),#6403,.F.);
#6704=ADVANCED_FACE('',(#6028),#6404,.T.);
#6705=ADVANCED_FACE('',(#6029),#6405,.T.);
#6706=ADVANCED_FACE('',(#6030),#6406,.T.);
#6707=ADVANCED_FACE('',(#6031),#6407,.T.);
#6708=ADVANCED_FACE('',(#6032),#6408,.T.);
#6709=ADVANCED_FACE('',(#6033),#6409,.T.);
#6710=ADVANCED_FACE('',(#6034),#6410,.T.);
#6711=ADVANCED_FACE('',(#6035),#6411,.T.);
#6712=ADVANCED_FACE('',(#6036),#6412,.T.);
#6713=ADVANCED_FACE('',(#6037),#6413,.T.);
#6714=ADVANCED_FACE('',(#6038),#6414,.T.);
#6715=ADVANCED_FACE('',(#6039),#6415,.T.);
#6716=ADVANCED_FACE('',(#6040),#6416,.T.);
#6717=ADVANCED_FACE('',(#6041),#6417,.T.);
#6718=ADVANCED_FACE('',(#6042),#6418,.T.);
#6719=ADVANCED_FACE('',(#6043),#6419,.T.);
#6720=ADVANCED_FACE('',(#6044),#6420,.T.);
#6721=ADVANCED_FACE('',(#6045),#6421,.T.);
#6722=ADVANCED_FACE('',(#6046),#6422,.T.);
#6723=ADVANCED_FACE('',(#6047),#6423,.T.);
#6724=ADVANCED_FACE('',(#6048),#6424,.T.);
#6725=ADVANCED_FACE('',(#6049),#6425,.T.);
#6726=ADVANCED_FACE('',(#6050),#6426,.T.);
#6727=ADVANCED_FACE('',(#6051),#6427,.T.);
#6728=ADVANCED_FACE('',(#6052),#6428,.T.);
#6729=ADVANCED_FACE('',(#6053),#6429,.T.);
#6730=ADVANCED_FACE('',(#6054),#6430,.T.);
#6731=ADVANCED_FACE('',(#6055),#6431,.T.);
#6732=ADVANCED_FACE('',(#6056),#6432,.T.);
#6733=ADVANCED_FACE('',(#6057),#6433,.T.);
#6734=ADVANCED_FACE('',(#6058),#6434,.T.);
#6735=ADVANCED_FACE('',(#6059),#6435,.T.);
#6736=ADVANCED_FACE('',(#6060),#6436,.T.);
#6737=ADVANCED_FACE('',(#6061),#6437,.T.);
#6738=ADVANCED_FACE('',(#6062),#6438,.T.);
#6739=ADVANCED_FACE('',(#6063),#6439,.T.);
#6740=ADVANCED_FACE('',(#6064),#6440,.T.);
#6741=ADVANCED_FACE('',(#6065),#6441,.T.);
#6742=ADVANCED_FACE('',(#6066),#6442,.T.);
#6743=ADVANCED_FACE('',(#6067),#6443,.T.);
#6744=ADVANCED_FACE('',(#6068),#6444,.T.);
#6745=ADVANCED_FACE('',(#6069),#6445,.T.);
#6746=ADVANCED_FACE('',(#6070),#6446,.T.);
#6747=ADVANCED_FACE('',(#6071),#6447,.T.);
#6748=ADVANCED_FACE('',(#6072),#6448,.T.);
#6749=ADVANCED_FACE('',(#6073),#6449,.T.);
#6750=ADVANCED_FACE('',(#6074),#6450,.T.);
#6751=ADVANCED_FACE('',(#6075),#6451,.T.);
#6752=ADVANCED_FACE('',(#6076),#6452,.T.);
#6753=ADVANCED_FACE('',(#6077),#6453,.T.);
#6754=ADVANCED_FACE('',(#6078),#6454,.T.);
#6755=ADVANCED_FACE('',(#6079),#6455,.T.);
#6756=ADVANCED_FACE('',(#6080),#6456,.T.);
#6757=ADVANCED_FACE('',(#6081),#6457,.T.);
#6758=ADVANCED_FACE('',(#6082),#6458,.T.);
#6759=ADVANCED_FACE('',(#6083),#6459,.T.);
#6760=ADVANCED_FACE('',(#6084),#6460,.T.);
#6761=ADVANCED_FACE('',(#6085),#6461,.T.);
#6762=ADVANCED_FACE('',(#6086),#6462,.T.);
#6763=ADVANCED_FACE('',(#6087),#6463,.T.);
#6764=ADVANCED_FACE('',(#6088),#6464,.T.);
#6765=ADVANCED_FACE('',(#6089,#6090,#6091,#6092,#6093,#6094,#6095,#6096,
#6097,#6098,#6099,#6100,#6101,#6102,#6103,#6104,#6105,#6106,#6107,#6108,
#6109,#6110,#6111,#6112,#6113,#6114,#6115,#6116,#6117,#6118,#6119,#6120,
#6121,#6122,#6123,#6124,#6125,#6126,#6127,#6128,#6129,#6130,#6131,#6132,
#6133,#6134,#6135,#6136,#6137,#6138,#6139,#6140,#6141,#6142,#6143,#6144,
#6145,#6146,#6147,#6148,#6149,#6150,#6151),#6465,.T.);
#6766=ADVANCED_FACE('',(#6152,#6153),#22,.F.);
#6767=ADVANCED_FACE('',(#6154,#6155),#23,.F.);
#6768=ADVANCED_FACE('',(#6156),#24,.T.);
#6769=ADVANCED_FACE('',(#6157),#25,.T.);
#6770=ADVANCED_FACE('',(#6158),#26,.T.);
#6771=ADVANCED_FACE('',(#6159),#27,.T.);
#6772=ADVANCED_FACE('',(#6160),#28,.T.);
#6773=ADVANCED_FACE('',(#6161),#12,.T.);
#6774=ADVANCED_FACE('',(#6162),#13,.T.);
#6775=ADVANCED_FACE('',(#6163),#29,.T.);
#6776=ADVANCED_FACE('',(#6164),#30,.T.);
#6777=ADVANCED_FACE('',(#6165),#14,.T.);
#6778=ADVANCED_FACE('',(#6166),#15,.T.);
#6779=ADVANCED_FACE('',(#6167),#31,.T.);
#6780=ADVANCED_FACE('',(#6168),#6466,.T.);
#6781=ADVANCED_FACE('',(#6169),#6467,.F.);
#6782=ADVANCED_FACE('',(#6170),#32,.F.);
#6783=ADVANCED_FACE('',(#6171),#6468,.F.);
#6784=ADVANCED_FACE('',(#6172),#33,.F.);
#6785=CLOSED_SHELL('',(#6469,#6470,#6471,#6472,#6473,#6474,#6475,#6476,
#6477,#6478,#6479,#6480,#6481,#6482,#6483,#6484,#6485,#6486,#6487,#6488,
#6489,#6490,#6491,#6492,#6493,#6494,#6495,#6496,#6497,#6498,#6499,#6500,
#6501,#6502,#6503,#6504,#6505,#6506,#6507,#6508,#6509,#6510,#6511,#6512,
#6513,#6514,#6515,#6516,#6517,#6518,#6519,#6520,#6521,#6522,#6523,#6524,
#6525,#6526,#6527,#6528,#6529,#6530,#6531,#6532,#6533,#6534,#6535,#6536,
#6537,#6538,#6539,#6540,#6541,#6542,#6543,#6544,#6545,#6546,#6547,#6548,
#6549,#6550,#6551,#6552,#6553,#6554,#6555,#6556,#6557,#6558,#6559,#6560,
#6561,#6562,#6563,#6564,#6565,#6566,#6567,#6568,#6569,#6570,#6571,#6572,
#6573,#6574,#6575,#6576,#6577,#6578,#6579,#6580,#6581,#6582,#6583,#6584,
#6585,#6586,#6587,#6588,#6589,#6590,#6591,#6592,#6593,#6594,#6595,#6596,
#6597,#6598,#6599,#6600,#6601,#6602,#6603,#6604,#6605,#6606,#6607,#6608,
#6609,#6610,#6611,#6612,#6613,#6614,#6615,#6616,#6617,#6618,#6619,#6620,
#6621,#6622,#6623,#6624,#6625,#6626,#6627,#6628,#6629,#6630,#6631,#6632,
#6633,#6634,#6635,#6636,#6637,#6638,#6639,#6640,#6641,#6642,#6643,#6644,
#6645,#6646,#6647,#6648,#6649,#6650,#6651,#6652,#6653,#6654,#6655,#6656,
#6657,#6658,#6659,#6660,#6661,#6662,#6663,#6664,#6665,#6666,#6667,#6668,
#6669,#6670,#6671,#6672,#6673,#6674,#6675,#6676,#6677,#6678,#6679,#6680,
#6681,#6682,#6683,#6684,#6685,#6686,#6687,#6688,#6689,#6690,#6691,#6692,
#6693,#6694,#6695,#6696,#6697,#6698,#6699,#6700,#6701,#6702,#6703,#6704,
#6705,#6706,#6707,#6708,#6709,#6710,#6711,#6712,#6713,#6714,#6715,#6716,
#6717,#6718,#6719,#6720,#6721,#6722,#6723,#6724,#6725,#6726,#6727,#6728,
#6729,#6730,#6731,#6732,#6733,#6734,#6735,#6736,#6737,#6738,#6739,#6740,
#6741,#6742,#6743,#6744,#6745,#6746,#6747,#6748,#6749,#6750,#6751,#6752,
#6753,#6754,#6755,#6756,#6757,#6758,#6759,#6760,#6761,#6762,#6763,#6764,
#6765,#6766,#6767,#6768,#6769,#6770,#6771,#6772,#6773,#6774,#6775,#6776,
#6777,#6778,#6779,#6780,#6781,#6782,#6783,#6784));
#6786=STYLED_ITEM('',(#6787),#6794);
#6787=PRESENTATION_STYLE_ASSIGNMENT((#6788));
#6788=SURFACE_STYLE_USAGE(.BOTH.,#6789);
#6789=SURFACE_SIDE_STYLE('',(#6790));
#6790=SURFACE_STYLE_FILL_AREA(#6791);
#6791=FILL_AREA_STYLE('',(#6792));
#6792=FILL_AREA_STYLE_COLOUR('',#6793);
#6793=COLOUR_RGB('',0.647058823529412,0.647058823529412,0.647058823529412);
#6794=MANIFOLD_SOLID_BREP('Part 1',#6785);
#6795=SHAPE_DEFINITION_REPRESENTATION(#10647,#6796);
#6796=SHAPE_REPRESENTATION('Part 1',(#6797),#10642);
#6797=AXIS2_PLACEMENT_3D('',#8761,#7154,#7155);
#6798=AXIS2_PLACEMENT_3D('',#8762,#7156,#7157);
#6799=AXIS2_PLACEMENT_3D('',#8766,#7159,#7160);
#6800=AXIS2_PLACEMENT_3D('',#8773,#7164,#7165);
#6801=AXIS2_PLACEMENT_3D('',#9326,#7442,#7443);
#6802=AXIS2_PLACEMENT_3D('',#9328,#7444,#7445);
#6803=AXIS2_PLACEMENT_3D('',#9332,#7447,#7448);
#6804=AXIS2_PLACEMENT_3D('',#9336,#7450,#7451);
#6805=AXIS2_PLACEMENT_3D('',#9340,#7453,#7454);
#6806=AXIS2_PLACEMENT_3D('',#9344,#7456,#7457);
#6807=AXIS2_PLACEMENT_3D('',#9352,#7461,#7462);
#6808=AXIS2_PLACEMENT_3D('',#9356,#7464,#7465);
#6809=AXIS2_PLACEMENT_3D('',#9360,#7467,#7468);
#6810=AXIS2_PLACEMENT_3D('',#9364,#7470,#7471);
#6811=AXIS2_PLACEMENT_3D('',#9367,#7473,#7474);
#6812=AXIS2_PLACEMENT_3D('',#9368,#7475,#7476);
#6813=AXIS2_PLACEMENT_3D('',#9375,#7480,#7481);
#6814=AXIS2_PLACEMENT_3D('',#9376,#7482,#7483);
#6815=AXIS2_PLACEMENT_3D('',#9383,#7487,#7488);
#6816=AXIS2_PLACEMENT_3D('',#9389,#7492,#7493);
#6817=AXIS2_PLACEMENT_3D('',#9395,#7497,#7498);
#6818=AXIS2_PLACEMENT_3D('',#9404,#7503,#7504);
#6819=AXIS2_PLACEMENT_3D('',#9410,#7508,#7509);
#6820=AXIS2_PLACEMENT_3D('',#9413,#7511,#7512);
#6821=AXIS2_PLACEMENT_3D('',#9417,#7514,#7515);
#6822=AXIS2_PLACEMENT_3D('',#9424,#7519,#7520);
#6823=AXIS2_PLACEMENT_3D('',#9427,#7523,#7524);
#6824=AXIS2_PLACEMENT_3D('',#9433,#7528,#7529);
#6825=AXIS2_PLACEMENT_3D('',#9434,#7530,#7531);
#6826=AXIS2_PLACEMENT_3D('',#9439,#7533,#7534);
#6827=AXIS2_PLACEMENT_3D('',#9443,#7536,#7537);
#6828=AXIS2_PLACEMENT_3D('',#9447,#7539,#7540);
#6829=AXIS2_PLACEMENT_3D('',#9450,#7542,#7543);
#6830=AXIS2_PLACEMENT_3D('',#9456,#7547,#7548);
#6831=AXIS2_PLACEMENT_3D('',#9460,#7551,#7552);
#6832=AXIS2_PLACEMENT_3D('',#9464,#7555,#7556);
#6833=AXIS2_PLACEMENT_3D('',#9470,#7560,#7561);
#6834=AXIS2_PLACEMENT_3D('',#9474,#7564,#7565);
#6835=AXIS2_PLACEMENT_3D('',#9478,#7568,#7569);
#6836=AXIS2_PLACEMENT_3D('',#9484,#7573,#7574);
#6837=AXIS2_PLACEMENT_3D('',#9488,#7577,#7578);
#6838=AXIS2_PLACEMENT_3D('',#9492,#7581,#7582);
#6839=AXIS2_PLACEMENT_3D('',#9498,#7586,#7587);
#6840=AXIS2_PLACEMENT_3D('',#9502,#7590,#7591);
#6841=AXIS2_PLACEMENT_3D('',#9506,#7594,#7595);
#6842=AXIS2_PLACEMENT_3D('',#9512,#7599,#7600);
#6843=AXIS2_PLACEMENT_3D('',#9516,#7603,#7604);
#6844=AXIS2_PLACEMENT_3D('',#9520,#7607,#7608);
#6845=AXIS2_PLACEMENT_3D('',#9526,#7612,#7613);
#6846=AXIS2_PLACEMENT_3D('',#9530,#7616,#7617);
#6847=AXIS2_PLACEMENT_3D('',#9534,#7620,#7621);
#6848=AXIS2_PLACEMENT_3D('',#9540,#7625,#7626);
#6849=AXIS2_PLACEMENT_3D('',#9544,#7629,#7630);
#6850=AXIS2_PLACEMENT_3D('',#9548,#7633,#7634);
#6851=AXIS2_PLACEMENT_3D('',#9554,#7638,#7639);
#6852=AXIS2_PLACEMENT_3D('',#9558,#7642,#7643);
#6853=AXIS2_PLACEMENT_3D('',#9562,#7646,#7647);
#6854=AXIS2_PLACEMENT_3D('',#9568,#7651,#7652);
#6855=AXIS2_PLACEMENT_3D('',#9572,#7655,#7656);
#6856=AXIS2_PLACEMENT_3D('',#9576,#7659,#7660);
#6857=AXIS2_PLACEMENT_3D('',#9582,#7664,#7665);
#6858=AXIS2_PLACEMENT_3D('',#9586,#7668,#7669);
#6859=AXIS2_PLACEMENT_3D('',#9590,#7672,#7673);
#6860=AXIS2_PLACEMENT_3D('',#9596,#7677,#7678);
#6861=AXIS2_PLACEMENT_3D('',#9600,#7681,#7682);
#6862=AXIS2_PLACEMENT_3D('',#9604,#7685,#7686);
#6863=AXIS2_PLACEMENT_3D('',#9610,#7690,#7691);
#6864=AXIS2_PLACEMENT_3D('',#9614,#7694,#7695);
#6865=AXIS2_PLACEMENT_3D('',#9618,#7698,#7699);
#6866=AXIS2_PLACEMENT_3D('',#9624,#7703,#7704);
#6867=AXIS2_PLACEMENT_3D('',#9628,#7707,#7708);
#6868=AXIS2_PLACEMENT_3D('',#9632,#7711,#7712);
#6869=AXIS2_PLACEMENT_3D('',#9638,#7716,#7717);
#6870=AXIS2_PLACEMENT_3D('',#9642,#7720,#7721);
#6871=AXIS2_PLACEMENT_3D('',#9646,#7724,#7725);
#6872=AXIS2_PLACEMENT_3D('',#9652,#7729,#7730);
#6873=AXIS2_PLACEMENT_3D('',#9656,#7733,#7734);
#6874=AXIS2_PLACEMENT_3D('',#9660,#7737,#7738);
#6875=AXIS2_PLACEMENT_3D('',#9666,#7742,#7743);
#6876=AXIS2_PLACEMENT_3D('',#9670,#7746,#7747);
#6877=AXIS2_PLACEMENT_3D('',#9674,#7750,#7751);
#6878=AXIS2_PLACEMENT_3D('',#9680,#7755,#7756);
#6879=AXIS2_PLACEMENT_3D('',#9684,#7759,#7760);
#6880=AXIS2_PLACEMENT_3D('',#9688,#7763,#7764);
#6881=AXIS2_PLACEMENT_3D('',#9694,#7768,#7769);
#6882=AXIS2_PLACEMENT_3D('',#9698,#7772,#7773);
#6883=AXIS2_PLACEMENT_3D('',#9702,#7776,#7777);
#6884=AXIS2_PLACEMENT_3D('',#9708,#7781,#7782);
#6885=AXIS2_PLACEMENT_3D('',#9712,#7785,#7786);
#6886=AXIS2_PLACEMENT_3D('',#9716,#7789,#7790);
#6887=AXIS2_PLACEMENT_3D('',#9722,#7794,#7795);
#6888=AXIS2_PLACEMENT_3D('',#9726,#7798,#7799);
#6889=AXIS2_PLACEMENT_3D('',#9730,#7802,#7803);
#6890=AXIS2_PLACEMENT_3D('',#9736,#7807,#7808);
#6891=AXIS2_PLACEMENT_3D('',#9740,#7811,#7812);
#6892=AXIS2_PLACEMENT_3D('',#9744,#7815,#7816);
#6893=AXIS2_PLACEMENT_3D('',#9750,#7820,#7821);
#6894=AXIS2_PLACEMENT_3D('',#9754,#7824,#7825);
#6895=AXIS2_PLACEMENT_3D('',#9758,#7828,#7829);
#6896=AXIS2_PLACEMENT_3D('',#9764,#7833,#7834);
#6897=AXIS2_PLACEMENT_3D('',#9768,#7837,#7838);
#6898=AXIS2_PLACEMENT_3D('',#9772,#7841,#7842);
#6899=AXIS2_PLACEMENT_3D('',#9778,#7846,#7847);
#6900=AXIS2_PLACEMENT_3D('',#9782,#7850,#7851);
#6901=AXIS2_PLACEMENT_3D('',#9786,#7854,#7855);
#6902=AXIS2_PLACEMENT_3D('',#9792,#7859,#7860);
#6903=AXIS2_PLACEMENT_3D('',#9796,#7863,#7864);
#6904=AXIS2_PLACEMENT_3D('',#9800,#7867,#7868);
#6905=AXIS2_PLACEMENT_3D('',#9806,#7872,#7873);
#6906=AXIS2_PLACEMENT_3D('',#9810,#7876,#7877);
#6907=AXIS2_PLACEMENT_3D('',#9814,#7880,#7881);
#6908=AXIS2_PLACEMENT_3D('',#9820,#7885,#7886);
#6909=AXIS2_PLACEMENT_3D('',#9824,#7889,#7890);
#6910=AXIS2_PLACEMENT_3D('',#9828,#7893,#7894);
#6911=AXIS2_PLACEMENT_3D('',#9834,#7898,#7899);
#6912=AXIS2_PLACEMENT_3D('',#9838,#7902,#7903);
#6913=AXIS2_PLACEMENT_3D('',#9842,#7906,#7907);
#6914=AXIS2_PLACEMENT_3D('',#9848,#7911,#7912);
#6915=AXIS2_PLACEMENT_3D('',#9852,#7915,#7916);
#6916=AXIS2_PLACEMENT_3D('',#9856,#7919,#7920);
#6917=AXIS2_PLACEMENT_3D('',#9862,#7924,#7925);
#6918=AXIS2_PLACEMENT_3D('',#9866,#7928,#7929);
#6919=AXIS2_PLACEMENT_3D('',#9870,#7932,#7933);
#6920=AXIS2_PLACEMENT_3D('',#9876,#7937,#7938);
#6921=AXIS2_PLACEMENT_3D('',#9880,#7941,#7942);
#6922=AXIS2_PLACEMENT_3D('',#9884,#7945,#7946);
#6923=AXIS2_PLACEMENT_3D('',#9890,#7950,#7951);
#6924=AXIS2_PLACEMENT_3D('',#9894,#7954,#7955);
#6925=AXIS2_PLACEMENT_3D('',#9898,#7958,#7959);
#6926=AXIS2_PLACEMENT_3D('',#9904,#7963,#7964);
#6927=AXIS2_PLACEMENT_3D('',#9908,#7967,#7968);
#6928=AXIS2_PLACEMENT_3D('',#9912,#7971,#7972);
#6929=AXIS2_PLACEMENT_3D('',#9918,#7976,#7977);
#6930=AXIS2_PLACEMENT_3D('',#9922,#7980,#7981);
#6931=AXIS2_PLACEMENT_3D('',#9926,#7984,#7985);
#6932=AXIS2_PLACEMENT_3D('',#9932,#7989,#7990);
#6933=AXIS2_PLACEMENT_3D('',#9936,#7993,#7994);
#6934=AXIS2_PLACEMENT_3D('',#9940,#7997,#7998);
#6935=AXIS2_PLACEMENT_3D('',#9946,#8002,#8003);
#6936=AXIS2_PLACEMENT_3D('',#9950,#8006,#8007);
#6937=AXIS2_PLACEMENT_3D('',#9954,#8010,#8011);
#6938=AXIS2_PLACEMENT_3D('',#9960,#8015,#8016);
#6939=AXIS2_PLACEMENT_3D('',#9964,#8019,#8020);
#6940=AXIS2_PLACEMENT_3D('',#9968,#8023,#8024);
#6941=AXIS2_PLACEMENT_3D('',#9974,#8028,#8029);
#6942=AXIS2_PLACEMENT_3D('',#9978,#8032,#8033);
#6943=AXIS2_PLACEMENT_3D('',#9982,#8036,#8037);
#6944=AXIS2_PLACEMENT_3D('',#9988,#8041,#8042);
#6945=AXIS2_PLACEMENT_3D('',#9992,#8045,#8046);
#6946=AXIS2_PLACEMENT_3D('',#9996,#8049,#8050);
#6947=AXIS2_PLACEMENT_3D('',#10002,#8054,#8055);
#6948=AXIS2_PLACEMENT_3D('',#10006,#8058,#8059);
#6949=AXIS2_PLACEMENT_3D('',#10010,#8062,#8063);
#6950=AXIS2_PLACEMENT_3D('',#10016,#8067,#8068);
#6951=AXIS2_PLACEMENT_3D('',#10020,#8071,#8072);
#6952=AXIS2_PLACEMENT_3D('',#10024,#8075,#8076);
#6953=AXIS2_PLACEMENT_3D('',#10030,#8080,#8081);
#6954=AXIS2_PLACEMENT_3D('',#10034,#8084,#8085);
#6955=AXIS2_PLACEMENT_3D('',#10038,#8088,#8089);
#6956=AXIS2_PLACEMENT_3D('',#10044,#8093,#8094);
#6957=AXIS2_PLACEMENT_3D('',#10048,#8097,#8098);
#6958=AXIS2_PLACEMENT_3D('',#10052,#8101,#8102);
#6959=AXIS2_PLACEMENT_3D('',#10058,#8106,#8107);
#6960=AXIS2_PLACEMENT_3D('',#10062,#8110,#8111);
#6961=AXIS2_PLACEMENT_3D('',#10066,#8114,#8115);
#6962=AXIS2_PLACEMENT_3D('',#10072,#8119,#8120);
#6963=AXIS2_PLACEMENT_3D('',#10076,#8123,#8124);
#6964=AXIS2_PLACEMENT_3D('',#10080,#8127,#8128);
#6965=AXIS2_PLACEMENT_3D('',#10086,#8132,#8133);
#6966=AXIS2_PLACEMENT_3D('',#10090,#8136,#8137);
#6967=AXIS2_PLACEMENT_3D('',#10094,#8140,#8141);
#6968=AXIS2_PLACEMENT_3D('',#10100,#8145,#8146);
#6969=AXIS2_PLACEMENT_3D('',#10104,#8149,#8150);
#6970=AXIS2_PLACEMENT_3D('',#10108,#8153,#8154);
#6971=AXIS2_PLACEMENT_3D('',#10114,#8158,#8159);
#6972=AXIS2_PLACEMENT_3D('',#10118,#8162,#8163);
#6973=AXIS2_PLACEMENT_3D('',#10122,#8166,#8167);
#6974=AXIS2_PLACEMENT_3D('',#10128,#8171,#8172);
#6975=AXIS2_PLACEMENT_3D('',#10132,#8175,#8176);
#6976=AXIS2_PLACEMENT_3D('',#10136,#8179,#8180);
#6977=AXIS2_PLACEMENT_3D('',#10142,#8184,#8185);
#6978=AXIS2_PLACEMENT_3D('',#10146,#8188,#8189);
#6979=AXIS2_PLACEMENT_3D('',#10150,#8192,#8193);
#6980=AXIS2_PLACEMENT_3D('',#10156,#8197,#8198);
#6981=AXIS2_PLACEMENT_3D('',#10160,#8201,#8202);
#6982=AXIS2_PLACEMENT_3D('',#10164,#8205,#8206);
#6983=AXIS2_PLACEMENT_3D('',#10170,#8210,#8211);
#6984=AXIS2_PLACEMENT_3D('',#10174,#8214,#8215);
#6985=AXIS2_PLACEMENT_3D('',#10178,#8218,#8219);
#6986=AXIS2_PLACEMENT_3D('',#10184,#8223,#8224);
#6987=AXIS2_PLACEMENT_3D('',#10188,#8227,#8228);
#6988=AXIS2_PLACEMENT_3D('',#10192,#8231,#8232);
#6989=AXIS2_PLACEMENT_3D('',#10198,#8236,#8237);
#6990=AXIS2_PLACEMENT_3D('',#10202,#8240,#8241);
#6991=AXIS2_PLACEMENT_3D('',#10206,#8244,#8245);
#6992=AXIS2_PLACEMENT_3D('',#10212,#8249,#8250);
#6993=AXIS2_PLACEMENT_3D('',#10216,#8253,#8254);
#6994=AXIS2_PLACEMENT_3D('',#10220,#8257,#8258);
#6995=AXIS2_PLACEMENT_3D('',#10223,#8260,#8261);
#6996=AXIS2_PLACEMENT_3D('',#10226,#8263,#8264);
#6997=AXIS2_PLACEMENT_3D('',#10230,#8267,#8268);
#6998=AXIS2_PLACEMENT_3D('',#10233,#8270,#8271);
#6999=AXIS2_PLACEMENT_3D('',#10234,#8272,#8273);
#7000=AXIS2_PLACEMENT_3D('',#10238,#8276,#8277);
#7001=AXIS2_PLACEMENT_3D('',#10241,#8279,#8280);
#7002=AXIS2_PLACEMENT_3D('',#10242,#8281,#8282);
#7003=AXIS2_PLACEMENT_3D('',#10245,#8284,#8285);
#7004=AXIS2_PLACEMENT_3D('',#10248,#8287,#8288);
#7005=AXIS2_PLACEMENT_3D('',#10251,#8290,#8291);
#7006=AXIS2_PLACEMENT_3D('',#10252,#8292,#8293);
#7007=AXIS2_PLACEMENT_3D('',#10258,#8297,#8298);
#7008=AXIS2_PLACEMENT_3D('',#10262,#8301,#8302);
#7009=AXIS2_PLACEMENT_3D('',#10266,#8305,#8306);
#7010=AXIS2_PLACEMENT_3D('',#10270,#8309,#8310);
#7011=AXIS2_PLACEMENT_3D('',#10274,#8313,#8314);
#7012=AXIS2_PLACEMENT_3D('',#10278,#8317,#8318);
#7013=AXIS2_PLACEMENT_3D('',#10282,#8321,#8322);
#7014=AXIS2_PLACEMENT_3D('',#10286,#8325,#8326);
#7015=AXIS2_PLACEMENT_3D('',#10290,#8329,#8330);
#7016=AXIS2_PLACEMENT_3D('',#10294,#8333,#8334);
#7017=AXIS2_PLACEMENT_3D('',#10298,#8337,#8338);
#7018=AXIS2_PLACEMENT_3D('',#10304,#8342,#8343);
#7019=AXIS2_PLACEMENT_3D('',#10308,#8346,#8347);
#7020=AXIS2_PLACEMENT_3D('',#10312,#8350,#8351);
#7021=AXIS2_PLACEMENT_3D('',#10316,#8354,#8355);
#7022=AXIS2_PLACEMENT_3D('',#10320,#8358,#8359);
#7023=AXIS2_PLACEMENT_3D('',#10324,#8362,#8363);
#7024=AXIS2_PLACEMENT_3D('',#10328,#8366,#8367);
#7025=AXIS2_PLACEMENT_3D('',#10332,#8370,#8371);
#7026=AXIS2_PLACEMENT_3D('',#10336,#8374,#8375);
#7027=AXIS2_PLACEMENT_3D('',#10340,#8378,#8379);
#7028=AXIS2_PLACEMENT_3D('',#10344,#8382,#8383);
#7029=AXIS2_PLACEMENT_3D('',#10348,#8386,#8387);
#7030=AXIS2_PLACEMENT_3D('',#10352,#8390,#8391);
#7031=AXIS2_PLACEMENT_3D('',#10356,#8394,#8395);
#7032=AXIS2_PLACEMENT_3D('',#10360,#8398,#8399);
#7033=AXIS2_PLACEMENT_3D('',#10366,#8403,#8404);
#7034=AXIS2_PLACEMENT_3D('',#10370,#8407,#8408);
#7035=AXIS2_PLACEMENT_3D('',#10374,#8411,#8412);
#7036=AXIS2_PLACEMENT_3D('',#10378,#8415,#8416);
#7037=AXIS2_PLACEMENT_3D('',#10382,#8419,#8420);
#7038=AXIS2_PLACEMENT_3D('',#10386,#8423,#8424);
#7039=AXIS2_PLACEMENT_3D('',#10390,#8427,#8428);
#7040=AXIS2_PLACEMENT_3D('',#10394,#8431,#8432);
#7041=AXIS2_PLACEMENT_3D('',#10398,#8435,#8436);
#7042=AXIS2_PLACEMENT_3D('',#10402,#8439,#8440);
#7043=AXIS2_PLACEMENT_3D('',#10406,#8443,#8444);
#7044=AXIS2_PLACEMENT_3D('',#10412,#8448,#8449);
#7045=AXIS2_PLACEMENT_3D('',#10416,#8452,#8453);
#7046=AXIS2_PLACEMENT_3D('',#10420,#8456,#8457);
#7047=AXIS2_PLACEMENT_3D('',#10426,#8461,#8462);
#7048=AXIS2_PLACEMENT_3D('',#10430,#8465,#8466);
#7049=AXIS2_PLACEMENT_3D('',#10434,#8469,#8470);
#7050=AXIS2_PLACEMENT_3D('',#10438,#8473,#8474);
#7051=AXIS2_PLACEMENT_3D('',#10442,#8477,#8478);
#7052=AXIS2_PLACEMENT_3D('',#10446,#8481,#8482);
#7053=AXIS2_PLACEMENT_3D('',#10450,#8485,#8486);
#7054=AXIS2_PLACEMENT_3D('',#10454,#8489,#8490);
#7055=AXIS2_PLACEMENT_3D('',#10458,#8493,#8494);
#7056=AXIS2_PLACEMENT_3D('',#10462,#8497,#8498);
#7057=AXIS2_PLACEMENT_3D('',#10466,#8501,#8502);
#7058=AXIS2_PLACEMENT_3D('',#10468,#8504,#8505);
#7059=AXIS2_PLACEMENT_3D('',#10470,#8507,#8508);
#7060=AXIS2_PLACEMENT_3D('',#10472,#8510,#8511);
#7061=AXIS2_PLACEMENT_3D('',#10474,#8513,#8514);
#7062=AXIS2_PLACEMENT_3D('',#10476,#8516,#8517);
#7063=AXIS2_PLACEMENT_3D('',#10478,#8519,#8520);
#7064=AXIS2_PLACEMENT_3D('',#10480,#8522,#8523);
#7065=AXIS2_PLACEMENT_3D('',#10482,#8525,#8526);
#7066=AXIS2_PLACEMENT_3D('',#10484,#8528,#8529);
#7067=AXIS2_PLACEMENT_3D('',#10486,#8531,#8532);
#7068=AXIS2_PLACEMENT_3D('',#10488,#8534,#8535);
#7069=AXIS2_PLACEMENT_3D('',#10490,#8537,#8538);
#7070=AXIS2_PLACEMENT_3D('',#10492,#8540,#8541);
#7071=AXIS2_PLACEMENT_3D('',#10494,#8543,#8544);
#7072=AXIS2_PLACEMENT_3D('',#10496,#8546,#8547);
#7073=AXIS2_PLACEMENT_3D('',#10498,#8549,#8550);
#7074=AXIS2_PLACEMENT_3D('',#10500,#8552,#8553);
#7075=AXIS2_PLACEMENT_3D('',#10502,#8555,#8556);
#7076=AXIS2_PLACEMENT_3D('',#10504,#8558,#8559);
#7077=AXIS2_PLACEMENT_3D('',#10506,#8561,#8562);
#7078=AXIS2_PLACEMENT_3D('',#10508,#8564,#8565);
#7079=AXIS2_PLACEMENT_3D('',#10510,#8567,#8568);
#7080=AXIS2_PLACEMENT_3D('',#10512,#8570,#8571);
#7081=AXIS2_PLACEMENT_3D('',#10514,#8573,#8574);
#7082=AXIS2_PLACEMENT_3D('',#10516,#8576,#8577);
#7083=AXIS2_PLACEMENT_3D('',#10518,#8579,#8580);
#7084=AXIS2_PLACEMENT_3D('',#10520,#8582,#8583);
#7085=AXIS2_PLACEMENT_3D('',#10522,#8585,#8586);
#7086=AXIS2_PLACEMENT_3D('',#10524,#8588,#8589);
#7087=AXIS2_PLACEMENT_3D('',#10526,#8591,#8592);
#7088=AXIS2_PLACEMENT_3D('',#10528,#8594,#8595);
#7089=AXIS2_PLACEMENT_3D('',#10530,#8597,#8598);
#7090=AXIS2_PLACEMENT_3D('',#10532,#8600,#8601);
#7091=AXIS2_PLACEMENT_3D('',#10534,#8603,#8604);
#7092=AXIS2_PLACEMENT_3D('',#10536,#8606,#8607);
#7093=AXIS2_PLACEMENT_3D('',#10538,#8609,#8610);
#7094=AXIS2_PLACEMENT_3D('',#10540,#8612,#8613);
#7095=AXIS2_PLACEMENT_3D('',#10542,#8615,#8616);
#7096=AXIS2_PLACEMENT_3D('',#10544,#8618,#8619);
#7097=AXIS2_PLACEMENT_3D('',#10546,#8621,#8622);
#7098=AXIS2_PLACEMENT_3D('',#10548,#8624,#8625);
#7099=AXIS2_PLACEMENT_3D('',#10550,#8627,#8628);
#7100=AXIS2_PLACEMENT_3D('',#10552,#8630,#8631);
#7101=AXIS2_PLACEMENT_3D('',#10554,#8633,#8634);
#7102=AXIS2_PLACEMENT_3D('',#10556,#8636,#8637);
#7103=AXIS2_PLACEMENT_3D('',#10558,#8639,#8640);
#7104=AXIS2_PLACEMENT_3D('',#10560,#8642,#8643);
#7105=AXIS2_PLACEMENT_3D('',#10562,#8645,#8646);
#7106=AXIS2_PLACEMENT_3D('',#10564,#8648,#8649);
#7107=AXIS2_PLACEMENT_3D('',#10566,#8651,#8652);
#7108=AXIS2_PLACEMENT_3D('',#10568,#8654,#8655);
#7109=AXIS2_PLACEMENT_3D('',#10570,#8657,#8658);
#7110=AXIS2_PLACEMENT_3D('',#10572,#8660,#8661);
#7111=AXIS2_PLACEMENT_3D('',#10574,#8663,#8664);
#7112=AXIS2_PLACEMENT_3D('',#10576,#8666,#8667);
#7113=AXIS2_PLACEMENT_3D('',#10578,#8669,#8670);
#7114=AXIS2_PLACEMENT_3D('',#10580,#8672,#8673);
#7115=AXIS2_PLACEMENT_3D('',#10582,#8675,#8676);
#7116=AXIS2_PLACEMENT_3D('',#10584,#8678,#8679);
#7117=AXIS2_PLACEMENT_3D('',#10586,#8681,#8682);
#7118=AXIS2_PLACEMENT_3D('',#10588,#8684,#8685);
#7119=AXIS2_PLACEMENT_3D('',#10589,#8686,#8687);
#7120=AXIS2_PLACEMENT_3D('',#10590,#8688,#8689);
#7121=AXIS2_PLACEMENT_3D('',#10591,#8690,#8691);
#7122=AXIS2_PLACEMENT_3D('',#10593,#8692,#8693);
#7123=AXIS2_PLACEMENT_3D('',#10595,#8694,#8695);
#7124=AXIS2_PLACEMENT_3D('',#10596,#8696,#8697);
#7125=AXIS2_PLACEMENT_3D('',#10597,#8698,#8699);
#7126=AXIS2_PLACEMENT_3D('',#10598,#8700,#8701);
#7127=AXIS2_PLACEMENT_3D('',#10599,#8702,#8703);
#7128=AXIS2_PLACEMENT_3D('',#10600,#8704,#8705);
#7129=AXIS2_PLACEMENT_3D('',#10601,#8706,#8707);
#7130=AXIS2_PLACEMENT_3D('',#10602,#8708,#8709);
#7131=AXIS2_PLACEMENT_3D('',#10603,#8710,#8711);
#7132=AXIS2_PLACEMENT_3D('',#10604,#8712,#8713);
#7133=AXIS2_PLACEMENT_3D('',#10605,#8714,#8715);
#7134=AXIS2_PLACEMENT_3D('',#10611,#8716,#8717);
#7135=AXIS2_PLACEMENT_3D('',#10612,#8718,#8719);
#7136=AXIS2_PLACEMENT_3D('',#10619,#8721,#8722);
#7137=AXIS2_PLACEMENT_3D('',#10620,#8723,#8724);
#7138=AXIS2_PLACEMENT_3D('',#10621,#8725,#8726);
#7139=AXIS2_PLACEMENT_3D('',#10622,#8727,#8728);
#7140=AXIS2_PLACEMENT_3D('',#10623,#8729,#8730);
#7141=AXIS2_PLACEMENT_3D('',#10624,#8731,#8732);
#7142=AXIS2_PLACEMENT_3D('',#10625,#8733,#8734);
#7143=AXIS2_PLACEMENT_3D('',#10626,#8735,#8736);
#7144=AXIS2_PLACEMENT_3D('',#10627,#8737,#8738);
#7145=AXIS2_PLACEMENT_3D('',#10628,#8739,#8740);
#7146=AXIS2_PLACEMENT_3D('',#10629,#8741,#8742);
#7147=AXIS2_PLACEMENT_3D('',#10630,#8743,#8744);
#7148=AXIS2_PLACEMENT_3D('',#10631,#8745,#8746);
#7149=AXIS2_PLACEMENT_3D('',#10632,#8747,#8748);
#7150=AXIS2_PLACEMENT_3D('',#10634,#8750,#8751);
#7151=AXIS2_PLACEMENT_3D('',#10636,#8753,#8754);
#7152=AXIS2_PLACEMENT_3D('',#10638,#8756,#8757);
#7153=AXIS2_PLACEMENT_3D('',#10640,#8759,#8760);
#7154=DIRECTION('',(0.,0.,1.));
#7155=DIRECTION('',(1.,0.,0.));
#7156=DIRECTION('',(0.,-0.998145253259033,-0.0608773635800825));
#7157=DIRECTION('',(0.,0.0608773635800825,-0.998145253259033));
#7158=DIRECTION('',(0.,0.0608773635800825,-0.998145253259033));
#7159=DIRECTION('',(0.,-0.998145253259033,-0.0608773635800825));
#7160=DIRECTION('',(0.,0.0608773635800825,-0.998145253259033));
#7161=DIRECTION('',(-1.,0.,0.));
#7162=DIRECTION('',(0.,0.0608773635800825,-0.998145253259033));
#7163=DIRECTION('',(-1.,0.,0.));
#7164=DIRECTION('',(0.,-0.0608773635800825,0.998145253259033));
#7165=DIRECTION('',(1.,0.,0.));
#7166=DIRECTION('',(-1.,0.,0.));
#7167=DIRECTION('',(0.,-0.998145253259033,-0.0608773635800825));
#7168=DIRECTION('',(-1.,0.,0.));
#7169=DIRECTION('',(0.,-0.998145253259033,-0.0608773635800825));
#7170=DIRECTION('',(-1.,0.,0.));
#7171=DIRECTION('',(0.,-0.998145253259033,-0.0608773635800825));
#7172=DIRECTION('',(-1.,1.62027609201257E-16,9.88214254703934E-18));
#7173=DIRECTION('',(0.,-0.998145253259033,-0.0608773635800825));
#7174=DIRECTION('',(-1.,0.,0.));
#7175=DIRECTION('',(0.,-0.998145253259033,-0.0608773635800825));
#7176=DIRECTION('',(-1.,1.08018406134171E-16,6.58809503135956E-18));
#7177=DIRECTION('',(0.,-0.998145253259033,-0.0608773635800825));
#7178=DIRECTION('',(-1.,-4.32073624536685E-16,-2.63523801254382E-17));
#7179=DIRECTION('',(0.,-0.998145253259033,-0.0608773635800825));
#7180=DIRECTION('',(-1.,-3.24055218402514E-16,-1.97642850940787E-17));
#7181=DIRECTION('',(0.,-0.998145253259033,-0.0608773635800825));
#7182=DIRECTION('',(-1.,0.,0.));
#7183=DIRECTION('',(0.,-0.998145253259033,-0.0608773635800825));
#7184=DIRECTION('',(-1.,-1.08018406134171E-16,-6.58809503135956E-18));
#7185=DIRECTION('',(0.,-0.998145253259033,-0.0608773635800825));
#7186=DIRECTION('',(-1.,-4.32073624536685E-16,-2.63523801254382E-17));
#7187=DIRECTION('',(0.,-0.998145253259033,-0.0608773635800825));
#7188=DIRECTION('',(-1.,-3.24055218402514E-16,-1.97642850940787E-17));
#7189=DIRECTION('',(0.,-0.998145253259033,-0.0608773635800825));
#7190=DIRECTION('',(-1.,0.,0.));
#7191=DIRECTION('',(0.,-0.998145253259033,-0.0608773635800825));
#7192=DIRECTION('',(-1.,-1.08018406134171E-16,-6.58809503135956E-18));
#7193=DIRECTION('',(0.,-0.998145253259033,-0.0608773635800825));
#7194=DIRECTION('',(-1.,-4.32073624536685E-16,-2.63523801254382E-17));
#7195=DIRECTION('',(2.16840434497101E-16,-0.998145253259033,-0.0608773635800825));
#7196=DIRECTION('',(-1.,-3.24055218402514E-16,-1.97642850940787E-17));
#7197=DIRECTION('',(2.71050543121376E-16,-0.998145253259033,-0.0608773635800825));
#7198=DIRECTION('',(-1.,0.,0.));
#7199=DIRECTION('',(0.,-0.998145253259033,-0.0608773635800825));
#7200=DIRECTION('',(-1.,-1.08018406134171E-16,-6.58809503135956E-18));
#7201=DIRECTION('',(0.,-0.998145253259033,-0.0608773635800825));
#7202=DIRECTION('',(-1.,-2.16036812268343E-16,-1.31761900627191E-17));
#7203=DIRECTION('',(2.16840434497101E-16,-0.998145253259033,-0.0608773635800825));
#7204=DIRECTION('',(-1.,-3.24055218402514E-16,-1.97642850940787E-17));
#7205=DIRECTION('',(4.33680868994201E-16,-0.998145253259033,-0.0608773635800825));
#7206=DIRECTION('',(-1.,0.,0.));
#7207=DIRECTION('',(0.,-0.998145253259033,-0.0608773635800825));
#7208=DIRECTION('',(-1.,-1.08018406134171E-16,-6.58809503135956E-18));
#7209=DIRECTION('',(0.,-0.998145253259033,-0.0608773635800825));
#7210=DIRECTION('',(-1.,0.,0.));
#7211=DIRECTION('',(0.,-0.998145253259033,-0.0608773635800825));
#7212=DIRECTION('',(-1.,-1.08018406134171E-16,-6.58809503135956E-18));
#7213=DIRECTION('',(0.,-0.998145253259033,-0.0608773635800825));
#7214=DIRECTION('',(-1.,0.,0.));
#7215=DIRECTION('',(0.,-0.998145253259033,-0.0608773635800825));
#7216=DIRECTION('',(-1.,-1.08018406134171E-16,-6.58809503135956E-18));
#7217=DIRECTION('',(0.,-0.998145253259033,-0.0608773635800825));
#7218=DIRECTION('',(-1.,1.52238441145348E-15,9.28509643482238E-17));
#7219=DIRECTION('',(0.,-0.998145253259033,-0.0608773635800825));
#7220=DIRECTION('',(-1.,0.,0.));
#7221=DIRECTION('',(0.,-0.998145253259033,-0.0608773635800825));
#7222=DIRECTION('',(-1.,-1.21520706900943E-16,-7.41160691027951E-18));
#7223=DIRECTION('',(0.,-0.998145253259033,-0.0608773635800825));
#7224=DIRECTION('',(-1.,0.,0.));
#7225=DIRECTION('',(0.,-0.998145253259033,-0.0608773635800825));
#7226=DIRECTION('',(-1.,-1.21520706900943E-16,-7.4116069102795E-18));
#7227=DIRECTION('',(0.,-0.998145253259033,-0.0608773635800825));
#7228=DIRECTION('',(-1.,0.,0.));
#7229=DIRECTION('',(0.,-0.998145253259033,-0.0608773635800825));
#7230=DIRECTION('',(-1.,-1.21520706900943E-16,-7.41160691027951E-18));
#7231=DIRECTION('',(0.,-0.998145253259033,-0.0608773635800825));
#7232=DIRECTION('',(-1.,0.,0.));
#7233=DIRECTION('',(0.,-0.998145253259033,-0.0608773635800825));
#7234=DIRECTION('',(-1.,-1.21520706900943E-16,-7.4116069102795E-18));
#7235=DIRECTION('',(0.,-0.998145253259033,-0.0608773635800825));
#7236=DIRECTION('',(-1.,0.,0.));
#7237=DIRECTION('',(0.,-0.998145253259033,-0.0608773635800825));
#7238=DIRECTION('',(-1.,-1.21520706900943E-16,-7.41160691027951E-18));
#7239=DIRECTION('',(0.,-0.998145253259033,-0.0608773635800825));
#7240=DIRECTION('',(-1.,0.,0.));
#7241=DIRECTION('',(0.,-0.998145253259033,-0.0608773635800825));
#7242=DIRECTION('',(-1.,-1.21520706900943E-16,-7.41160691027951E-18));
#7243=DIRECTION('',(0.,-0.998145253259033,-0.0608773635800825));
#7244=DIRECTION('',(-1.,0.,0.));
#7245=DIRECTION('',(5.42101086242752E-17,-0.998145253259033,-0.0608773635800825));
#7246=DIRECTION('',(-1.,-1.21520706900943E-16,-7.4116069102795E-18));
#7247=DIRECTION('',(6.7762635780344E-17,-0.998145253259033,-0.0608773635800825));
#7248=DIRECTION('',(-1.,0.,0.));
#7249=DIRECTION('',(0.,-0.998145253259033,-0.0608773635800825));
#7250=DIRECTION('',(-1.,-1.23208494496789E-16,-7.5145458951445E-18));
#7251=DIRECTION('',(0.,-0.998145253259033,-0.0608773635800825));
#7252=DIRECTION('',(-1.,0.,0.));
#7253=DIRECTION('',(0.,-0.998145253259033,-0.0608773635800825));
#7254=DIRECTION('',(-1.,-1.21520706900943E-16,-7.41160691027951E-18));
#7255=DIRECTION('',(0.,-0.998145253259033,-0.0608773635800825));
#7256=DIRECTION('',(-1.,0.,0.));
#7257=DIRECTION('',(0.,-0.998145253259033,-0.0608773635800825));
#7258=DIRECTION('',(-1.,-1.21520706900943E-16,-7.41160691027951E-18));
#7259=DIRECTION('',(0.,-0.998145253259033,-0.0608773635800825));
#7260=DIRECTION('',(-1.,0.,0.));
#7261=DIRECTION('',(0.,-0.998145253259033,-0.0608773635800825));
#7262=DIRECTION('',(-1.,-1.21520706900943E-16,-7.4116069102795E-18));
#7263=DIRECTION('',(0.,-0.998145253259033,-0.0608773635800825));
#7264=DIRECTION('',(-1.,0.,0.));
#7265=DIRECTION('',(0.,-0.998145253259033,-0.0608773635800825));
#7266=DIRECTION('',(-1.,-1.21520706900943E-16,-7.41160691027951E-18));
#7267=DIRECTION('',(0.,-0.998145253259033,-0.0608773635800825));
#7268=DIRECTION('',(-1.,0.,0.));
#7269=DIRECTION('',(0.,-0.998145253259033,-0.0608773635800825));
#7270=DIRECTION('',(-1.,-1.21520706900943E-16,-7.4116069102795E-18));
#7271=DIRECTION('',(0.,-0.998145253259033,-0.0608773635800825));
#7272=DIRECTION('',(-1.,0.,0.));
#7273=DIRECTION('',(0.,-0.998145253259033,-0.0608773635800825));
#7274=DIRECTION('',(-1.,0.,0.));
#7275=DIRECTION('',(0.,-0.998145253259033,-0.0608773635800825));
#7276=DIRECTION('',(-1.,0.,0.));
#7277=DIRECTION('',(0.,-0.998145253259033,-0.0608773635800825));
#7278=DIRECTION('',(-1.,0.,0.));
#7279=DIRECTION('',(0.,-0.998145253259033,-0.0608773635800825));
#7280=DIRECTION('',(-1.,0.,0.));
#7281=DIRECTION('',(0.,-0.998145253259033,-0.0608773635800825));
#7282=DIRECTION('',(-1.,0.,0.));
#7283=DIRECTION('',(0.,-0.998145253259033,-0.0608773635800825));
#7284=DIRECTION('',(-1.,0.,0.));
#7285=DIRECTION('',(0.,-0.998145253259033,-0.0608773635800825));
#7286=DIRECTION('',(-1.,0.,0.));
#7287=DIRECTION('',(0.,-0.998145253259033,-0.0608773635800825));
#7288=DIRECTION('',(-1.,0.,0.));
#7289=DIRECTION('',(0.,-0.998145253259033,-0.0608773635800825));
#7290=DIRECTION('',(-1.,0.,0.));
#7291=DIRECTION('',(0.,-0.998145253259033,-0.0608773635800825));
#7292=DIRECTION('',(-1.,0.,0.));
#7293=DIRECTION('',(0.,-0.998145253259033,-0.0608773635800825));
#7294=DIRECTION('',(-1.,0.,0.));
#7295=DIRECTION('',(0.,-0.998145253259033,-0.0608773635800825));
#7296=DIRECTION('',(-1.,0.,0.));
#7297=DIRECTION('',(5.42101086242752E-17,-0.998145253259033,-0.0608773635800825));
#7298=DIRECTION('',(-1.,0.,0.));
#7299=DIRECTION('',(1.0842021724855E-16,-0.998145253259033,-0.0608773635800825));
#7300=DIRECTION('',(-1.,0.,0.));
#7301=DIRECTION('',(0.,-0.998145253259033,-0.0608773635800825));
#7302=DIRECTION('',(-1.,0.,0.));
#7303=DIRECTION('',(0.,-0.998145253259033,-0.0608773635800825));
#7304=DIRECTION('',(-1.,0.,0.));
#7305=DIRECTION('',(0.,-0.998145253259033,-0.0608773635800825));
#7306=DIRECTION('',(-1.,0.,0.));
#7307=DIRECTION('',(0.,-0.998145253259033,-0.0608773635800825));
#7308=DIRECTION('',(-1.,0.,0.));
#7309=DIRECTION('',(0.,-0.998145253259033,-0.0608773635800825));
#7310=DIRECTION('',(-1.,0.,0.));
#7311=DIRECTION('',(0.,-0.998145253259033,-0.0608773635800825));
#7312=DIRECTION('',(-1.,0.,0.));
#7313=DIRECTION('',(0.,-0.998145253259033,-0.0608773635800825));
#7314=DIRECTION('',(-1.,0.,0.));
#7315=DIRECTION('',(0.,-0.998145253259033,-0.0608773635800825));
#7316=DIRECTION('',(-1.,0.,0.));
#7317=DIRECTION('',(0.,-0.998145253259033,-0.0608773635800825));
#7318=DIRECTION('',(-1.,0.,0.));
#7319=DIRECTION('',(0.,-0.998145253259033,-0.0608773635800825));
#7320=DIRECTION('',(-1.,0.,0.));
#7321=DIRECTION('',(0.,-0.998145253259033,-0.0608773635800825));
#7322=DIRECTION('',(-1.,0.,0.));
#7323=DIRECTION('',(0.,-0.998145253259033,-0.0608773635800825));
#7324=DIRECTION('',(-1.,0.,0.));
#7325=DIRECTION('',(0.,-0.998145253259033,-0.0608773635800825));
#7326=DIRECTION('',(-1.,0.,0.));
#7327=DIRECTION('',(0.,-0.998145253259033,-0.0608773635800825));
#7328=DIRECTION('',(-1.,0.,0.));
#7329=DIRECTION('',(0.,-0.998145253259033,-0.0608773635800825));
#7330=DIRECTION('',(-1.,0.,0.));
#7331=DIRECTION('',(0.,-0.998145253259033,-0.0608773635800825));
#7332=DIRECTION('',(-1.,0.,0.));
#7333=DIRECTION('',(0.,-0.998145253259033,-0.0608773635800825));
#7334=DIRECTION('',(-1.,0.,0.));
#7335=DIRECTION('',(0.,-0.998145253259033,-0.0608773635800825));
#7336=DIRECTION('',(-1.,0.,0.));
#7337=DIRECTION('',(0.,-0.998145253259033,-0.0608773635800825));
#7338=DIRECTION('',(-1.,8.64147249073371E-16,5.27047602508765E-17));
#7339=DIRECTION('',(1.0842021724855E-16,-0.998145253259033,-0.0608773635800825));
#7340=DIRECTION('',(-1.,0.,0.));
#7341=DIRECTION('',(0.,-0.998145253259033,-0.0608773635800825));
#7342=DIRECTION('',(-1.,0.,0.));
#7343=DIRECTION('',(0.,-0.998145253259033,-0.0608773635800825));
#7344=DIRECTION('',(-1.,0.,0.));
#7345=DIRECTION('',(0.,-0.998145253259033,-0.0608773635800825));
#7346=DIRECTION('',(-1.,0.,0.));
#7347=DIRECTION('',(0.,-0.998145253259033,-0.0608773635800825));
#7348=DIRECTION('',(-1.,0.,0.));
#7349=DIRECTION('',(0.,-0.998145253259033,-0.0608773635800825));
#7350=DIRECTION('',(-1.,0.,0.));
#7351=DIRECTION('',(0.,-0.998145253259033,-0.0608773635800825));
#7352=DIRECTION('',(-1.,0.,0.));
#7353=DIRECTION('',(0.,-0.998145253259033,-0.0608773635800825));
#7354=DIRECTION('',(-1.,0.,0.));
#7355=DIRECTION('',(0.,-0.998145253259033,-0.0608773635800825));
#7356=DIRECTION('',(-1.,0.,0.));
#7357=DIRECTION('',(0.,-0.998145253259033,-0.0608773635800825));
#7358=DIRECTION('',(-1.,1.73488259317811E-15,1.05811331616132E-16));
#7359=DIRECTION('',(0.,-0.998145253259033,-0.0608773635800825));
#7360=DIRECTION('',(-1.,0.,0.));
#7361=DIRECTION('',(0.,-0.998145253259033,-0.0608773635800825));
#7362=DIRECTION('',(-1.,0.,0.));
#7363=DIRECTION('',(0.,-0.998145253259033,-0.0608773635800825));
#7364=DIRECTION('',(-1.,0.,0.));
#7365=DIRECTION('',(0.,-0.998145253259033,-0.0608773635800825));
#7366=DIRECTION('',(-1.,0.,0.));
#7367=DIRECTION('',(0.,-0.998145253259033,-0.0608773635800825));
#7368=DIRECTION('',(-1.,0.,0.));
#7369=DIRECTION('',(0.,-0.998145253259033,-0.0608773635800825));
#7370=DIRECTION('',(-1.,0.,0.));
#7371=DIRECTION('',(0.,-0.998145253259033,-0.0608773635800825));
#7372=DIRECTION('',(-1.,0.,0.));
#7373=DIRECTION('',(0.,-0.998145253259033,-0.0608773635800825));
#7374=DIRECTION('',(-1.,0.,0.));
#7375=DIRECTION('',(0.,-0.998145253259033,-0.0608773635800825));
#7376=DIRECTION('',(-1.,0.,0.));
#7377=DIRECTION('',(0.,-0.998145253259033,-0.0608773635800825));
#7378=DIRECTION('',(-1.,0.,0.));
#7379=DIRECTION('',(0.,-0.998145253259033,-0.0608773635800825));
#7380=DIRECTION('',(-1.,0.,0.));
#7381=DIRECTION('',(0.,-0.998145253259033,-0.0608773635800825));
#7382=DIRECTION('',(-1.,0.,0.));
#7383=DIRECTION('',(0.,-0.998145253259033,-0.0608773635800825));
#7384=DIRECTION('',(-1.,0.,0.));
#7385=DIRECTION('',(0.,-0.998145253259033,-0.0608773635800825));
#7386=DIRECTION('',(0.,-0.998145253259033,-0.0608773635800825));
#7387=DIRECTION('',(-1.,0.,0.));
#7388=DIRECTION('',(0.,-0.998145253259033,-0.0608773635800825));
#7389=DIRECTION('',(1.,0.,0.));
#7390=DIRECTION('',(0.,-0.998145253259033,-0.0608773635800825));
#7391=DIRECTION('',(1.,0.,0.));
#7392=DIRECTION('',(0.,-0.998145253259033,-0.0608773635800825));
#7393=DIRECTION('',(1.,0.,0.));
#7394=DIRECTION('',(0.,-0.998145253259033,-0.0608773635800825));
#7395=DIRECTION('',(1.,0.,0.));
#7396=DIRECTION('',(0.,-0.998145253259033,-0.0608773635800825));
#7397=DIRECTION('',(1.,0.,0.));
#7398=DIRECTION('',(0.,-0.998145253259033,-0.0608773635800825));
#7399=DIRECTION('',(-1.,0.,0.));
#7400=DIRECTION('',(0.,-0.998145253259033,-0.0608773635800825));
#7401=DIRECTION('',(1.,0.,0.));
#7402=DIRECTION('',(0.,-0.998145253259033,-0.0608773635800825));
#7403=DIRECTION('',(1.,0.,0.));
#7404=DIRECTION('',(0.,-0.998145253259033,-0.0608773635800825));
#7405=DIRECTION('',(1.,0.,0.));
#7406=DIRECTION('',(0.,-0.998145253259033,-0.0608773635800825));
#7407=DIRECTION('',(-1.,0.,0.));
#7408=DIRECTION('',(0.,-0.998145253259033,-0.0608773635800825));
#7409=DIRECTION('',(1.,0.,0.));
#7410=DIRECTION('',(0.,-0.998145253259033,-0.0608773635800825));
#7411=DIRECTION('',(1.,0.,0.));
#7412=DIRECTION('',(0.,-0.998145253259033,-0.0608773635800825));
#7413=DIRECTION('',(1.,0.,0.));
#7414=DIRECTION('',(0.,-0.998145253259033,-0.0608773635800825));
#7415=DIRECTION('',(-1.,0.,0.));
#7416=DIRECTION('',(0.,-0.998145253259033,-0.0608773635800825));
#7417=DIRECTION('',(1.,0.,0.));
#7418=DIRECTION('',(0.,-0.998145253259033,-0.0608773635800825));
#7419=DIRECTION('',(1.,0.,0.));
#7420=DIRECTION('',(0.,-0.998145253259033,-0.0608773635800825));
#7421=DIRECTION('',(-1.,0.,0.));
#7422=DIRECTION('',(0.,-0.998145253259033,-0.0608773635800825));
#7423=DIRECTION('',(1.,0.,0.));
#7424=DIRECTION('',(0.,-0.998145253259033,-0.0608773635800825));
#7425=DIRECTION('',(1.,0.,0.));
#7426=DIRECTION('',(0.,0.998145253259033,0.0608773635800825));
#7427=DIRECTION('',(-1.,0.,0.));
#7428=DIRECTION('',(0.,0.998145253259033,0.0608773635800825));
#7429=DIRECTION('',(-1.,0.,0.));
#7430=DIRECTION('',(0.,-0.998145253259033,-0.0608773635800825));
#7431=DIRECTION('',(-1.,-2.20215575519446E-16,-1.34310548621277E-17));
#7432=DIRECTION('',(0.,-0.998145253259033,-0.0608773635800825));
#7433=DIRECTION('',(1.,0.,0.));
#7434=DIRECTION('',(0.,-0.998145253259033,-0.0608773635800825));
#7435=DIRECTION('',(1.,0.,0.));
#7436=DIRECTION('',(0.,-0.998145253259033,-0.0608773635800825));
#7437=DIRECTION('',(-1.,-3.30323363279168E-16,-2.01465822931915E-17));
#7438=DIRECTION('',(0.,-0.998145253259033,-0.0608773635800825));
#7439=DIRECTION('',(1.,0.,0.));
#7440=DIRECTION('',(0.,-0.998145253259033,-0.0608773635800825));
#7441=DIRECTION('',(1.,0.,0.));
#7442=DIRECTION('',(0.,-0.0608773635800825,0.998145253259033));
#7443=DIRECTION('',(0.,-0.998145253259033,-0.0608773635800825));
#7444=DIRECTION('',(0.,-0.0608773635800825,0.998145253259033));
#7445=DIRECTION('',(0.,-0.998145253259033,-0.0608773635800825));
#7446=DIRECTION('',(0.,-0.998145253259033,-0.0608773635800825));
#7447=DIRECTION('',(0.,-0.0608773635800825,0.998145253259033));
#7448=DIRECTION('',(0.,-0.998145253259033,-0.0608773635800825));
#7449=DIRECTION('',(0.,0.998145253259033,0.0608773635800825));
#7450=DIRECTION('',(0.,-0.0608773635800825,0.998145253259033));
#7451=DIRECTION('',(0.,-0.998145253259033,-0.0608773635800825));
#7452=DIRECTION('',(1.,0.,0.));
#7453=DIRECTION('',(0.,-0.0608773635800825,0.998145253259033));
#7454=DIRECTION('',(0.,-0.998145253259033,-0.0608773635800825));
#7455=DIRECTION('',(0.,-0.998145253259033,-0.0608773635800825));
#7456=DIRECTION('',(0.,-0.0608773635800825,0.998145253259033));
#7457=DIRECTION('',(0.,-0.998145253259033,-0.0608773635800825));
#7458=DIRECTION('',(-1.,0.,0.));
#7459=DIRECTION('',(0.,-0.998145253259033,-0.0608773635800825));
#7460=DIRECTION('',(-1.,-9.77070807224201E-17,-5.95920228851062E-18));
#7461=DIRECTION('',(0.,-0.0608773635800825,0.998145253259033));
#7462=DIRECTION('',(0.,-0.998145253259033,-0.0608773635800825));
#7463=DIRECTION('',(0.,0.998145253259033,0.0608773635800825));
#7464=DIRECTION('',(0.,-0.0608773635800825,0.998145253259033));
#7465=DIRECTION('',(0.,-0.998145253259033,-0.0608773635800825));
#7466=DIRECTION('',(-1.,0.,0.));
#7467=DIRECTION('',(0.,-0.0608773635800825,0.998145253259033));
#7468=DIRECTION('',(0.,-0.998145253259033,-0.0608773635800825));
#7469=DIRECTION('',(0.,0.998145253259033,0.0608773635800825));
#7470=DIRECTION('',(0.,-0.0608773635800825,0.998145253259033));
#7471=DIRECTION('',(0.,-0.998145253259033,-0.0608773635800825));
#7472=DIRECTION('',(-1.,-9.77070807224201E-17,-5.95920228851062E-18));
#7473=DIRECTION('',(9.78886393572457E-17,-0.998145253259033,-0.0608773635800825));
#7474=DIRECTION('',(0.,0.0608773635800825,-0.998145253259033));
#7475=DIRECTION('',(9.78886393572457E-17,-0.998145253259033,-0.0608773635800825));
#7476=DIRECTION('',(1.6049821309014E-15,0.0608773635800825,-0.998145253259033));
#7477=DIRECTION('',(0.,0.0608773635800825,-0.998145253259033));
#7478=DIRECTION('',(0.,0.0608773635800825,-0.998145253259033));
#7479=DIRECTION('',(-1.,-9.77070807224201E-17,-5.95920228851062E-18));
#7480=DIRECTION('',(0.,-0.998145253259033,-0.0608773635800825));
#7481=DIRECTION('',(0.,0.0608773635800825,-0.998145253259033));
#7482=DIRECTION('',(0.,-0.998145253259033,-0.0608773635800825));
#7483=DIRECTION('',(0.,0.0608773635800825,-0.998145253259033));
#7484=DIRECTION('',(0.,0.0608773635800825,-0.998145253259033));
#7485=DIRECTION('',(0.,0.0608773635800825,-0.998145253259033));
#7486=DIRECTION('',(-1.,0.,0.));
#7487=DIRECTION('',(1.,0.,0.));
#7488=DIRECTION('',(0.,0.,-1.));
#7489=DIRECTION('',(0.,0.0608773635800825,-0.998145253259033));
#7490=DIRECTION('',(0.,-0.998145253259033,-0.0608773635800825));
#7491=DIRECTION('',(0.,0.0608773635800825,-0.998145253259033));
#7492=DIRECTION('',(0.,0.998145253259033,0.0608773635800825));
#7493=DIRECTION('',(0.,-0.0608773635800825,0.998145253259033));
#7494=DIRECTION('',(0.,0.0608773635800825,-0.998145253259033));
#7495=DIRECTION('',(1.,0.,0.));
#7496=DIRECTION('',(0.,0.0608773635800825,-0.998145253259033));
#7497=DIRECTION('',(0.,0.998145253259033,0.0608773635800825));
#7498=DIRECTION('',(0.,-0.0608773635800825,0.998145253259033));
#7499=DIRECTION('',(1.,0.,0.));
#7500=DIRECTION('',(0.,0.0608773635800825,-0.998145253259033));
#7501=DIRECTION('',(1.,0.,0.));
#7502=DIRECTION('',(0.,0.0608773635800825,-0.998145253259033));
#7503=DIRECTION('',(-1.,0.,0.));
#7504=DIRECTION('',(0.,0.,1.));
#7505=DIRECTION('',(0.,0.998145253259033,0.0608773635800825));
#7506=DIRECTION('',(0.,0.0608773635800825,-0.998145253259033));
#7507=DIRECTION('',(0.,0.998145253259033,0.0608773635800825));
#7508=DIRECTION('',(0.,0.998145253259033,0.0608773635800825));
#7509=DIRECTION('',(0.,-0.0608773635800825,0.998145253259033));
#7510=DIRECTION('',(1.,0.,0.));
#7511=DIRECTION('',(0.,0.998145253259033,0.0608773635800825));
#7512=DIRECTION('',(0.,0.0608773635800825,-0.998145253259033));
#7513=DIRECTION('',(1.,0.,0.));
#7514=DIRECTION('',(0.,0.998145253259033,0.0608773635800825));
#7515=DIRECTION('',(0.,0.0608773635800825,-0.998145253259033));
#7516=DIRECTION('',(1.,0.,0.));
#7517=DIRECTION('',(0.,0.0608773635800825,-0.998145253259033));
#7518=DIRECTION('',(1.,0.,0.));
#7519=DIRECTION('',(-1.,0.,0.));
#7520=DIRECTION('',(0.,0.,1.));
#7521=DIRECTION('',(0.,0.998145253259033,0.0608773635800825));
#7522=DIRECTION('',(0.,0.998145253259033,0.0608773635800825));
#7523=DIRECTION('',(-1.,0.,0.));
#7524=DIRECTION('',(0.,0.,1.));
#7525=DIRECTION('',(0.,0.0608773635800825,-0.998145253259033));
#7526=DIRECTION('',(0.,0.998145253259033,0.0608773635800825));
#7527=DIRECTION('',(0.,0.0608773635800825,-0.998145253259033));
#7528=DIRECTION('',(0.,-0.0608773635800825,0.998145253259033));
#7529=DIRECTION('',(1.,0.,0.));
#7530=DIRECTION('',(0.,-0.0608773635800825,0.998145253259033));
#7531=DIRECTION('',(0.,-0.998145253259033,-0.0608773635800825));
#7532=DIRECTION('',(1.,0.,0.));
#7533=DIRECTION('',(0.,-0.0608773635800825,0.998145253259033));
#7534=DIRECTION('',(0.,-0.998145253259033,-0.0608773635800825));
#7535=DIRECTION('',(0.,0.998145253259033,0.0608773635800825));
#7536=DIRECTION('',(0.,-0.0608773635800825,0.998145253259033));
#7537=DIRECTION('',(0.,-0.998145253259033,-0.0608773635800825));
#7538=DIRECTION('',(-1.,0.,0.));
#7539=DIRECTION('',(0.,-0.0608773635800825,0.998145253259033));
#7540=DIRECTION('',(0.,-0.998145253259033,-0.0608773635800825));
#7541=DIRECTION('',(0.,-0.998145253259033,-0.0608773635800825));
#7542=DIRECTION('',(0.,-0.998145253259033,-0.0608773635800825));
#7543=DIRECTION('',(0.,0.0608773635800825,-0.998145253259033));
#7544=DIRECTION('',(0.,0.0608773635800825,-0.998145253259033));
#7545=DIRECTION('',(-1.,0.,0.));
#7546=DIRECTION('',(0.,0.0608773635800825,-0.998145253259033));
#7547=DIRECTION('',(1.,0.,0.));
#7548=DIRECTION('',(0.,0.,-1.));
#7549=DIRECTION('',(0.,0.0608773635800825,-0.998145253259033));
#7550=DIRECTION('',(0.,-0.998145253259033,-0.0608773635800825));
#7551=DIRECTION('',(0.,-0.998145253259033,-0.0608773635800825));
#7552=DIRECTION('',(0.,0.0608773635800825,-0.998145253259033));
#7553=DIRECTION('',(0.,0.0608773635800825,-0.998145253259033));
#7554=DIRECTION('',(-1.,0.,0.));
#7555=DIRECTION('',(0.,-0.998145253259033,-0.0608773635800825));
#7556=DIRECTION('',(0.,0.0608773635800825,-0.998145253259033));
#7557=DIRECTION('',(0.,0.0608773635800825,-0.998145253259033));
#7558=DIRECTION('',(-1.,0.,0.));
#7559=DIRECTION('',(0.,0.0608773635800825,-0.998145253259033));
#7560=DIRECTION('',(1.,0.,0.));
#7561=DIRECTION('',(0.,0.,-1.));
#7562=DIRECTION('',(0.,0.0608773635800825,-0.998145253259033));
#7563=DIRECTION('',(0.,-0.998145253259033,-0.0608773635800825));
#7564=DIRECTION('',(-1.6232868780593E-16,-0.998145253259033,-0.0608773635800825));
#7565=DIRECTION('',(0.,0.0608773635800825,-0.998145253259033));
#7566=DIRECTION('',(0.,0.0608773635800825,-0.998145253259033));
#7567=DIRECTION('',(-1.,1.62027609201257E-16,9.88214254703934E-18));
#7568=DIRECTION('',(0.,-0.998145253259033,-0.0608773635800825));
#7569=DIRECTION('',(0.,0.0608773635800825,-0.998145253259033));
#7570=DIRECTION('',(0.,0.0608773635800825,-0.998145253259033));
#7571=DIRECTION('',(-1.,0.,0.));
#7572=DIRECTION('',(0.,0.0608773635800825,-0.998145253259033));
#7573=DIRECTION('',(1.,0.,0.));
#7574=DIRECTION('',(0.,0.,-1.));
#7575=DIRECTION('',(0.,0.0608773635800825,-0.998145253259033));
#7576=DIRECTION('',(0.,-0.998145253259033,-0.0608773635800825));
#7577=DIRECTION('',(-1.08219125203954E-16,-0.998145253259033,-0.0608773635800825));
#7578=DIRECTION('',(0.,0.0608773635800825,-0.998145253259033));
#7579=DIRECTION('',(0.,0.0608773635800825,-0.998145253259033));
#7580=DIRECTION('',(-1.,1.08018406134171E-16,6.58809503135956E-18));
#7581=DIRECTION('',(4.32876500815815E-16,-0.998145253259033,-0.0608773635800825));
#7582=DIRECTION('',(0.,0.0608773635800825,-0.998145253259033));
#7583=DIRECTION('',(0.,0.0608773635800825,-0.998145253259033));
#7584=DIRECTION('',(-1.,-4.32073624536685E-16,-2.63523801254382E-17));
#7585=DIRECTION('',(0.,0.0608773635800825,-0.998145253259033));
#7586=DIRECTION('',(1.,0.,0.));
#7587=DIRECTION('',(0.,0.,-1.));
#7588=DIRECTION('',(0.,0.0608773635800825,-0.998145253259033));
#7589=DIRECTION('',(0.,-0.998145253259033,-0.0608773635800825));
#7590=DIRECTION('',(3.24657375611861E-16,-0.998145253259033,-0.0608773635800825));
#7591=DIRECTION('',(0.,0.0608773635800825,-0.998145253259033));
#7592=DIRECTION('',(0.,0.0608773635800825,-0.998145253259033));
#7593=DIRECTION('',(-1.,-3.24055218402514E-16,-1.97642850940787E-17));
#7594=DIRECTION('',(0.,-0.998145253259033,-0.0608773635800825));
#7595=DIRECTION('',(0.,0.0608773635800825,-0.998145253259033));
#7596=DIRECTION('',(0.,0.0608773635800825,-0.998145253259033));
#7597=DIRECTION('',(-1.,0.,0.));
#7598=DIRECTION('',(0.,0.0608773635800825,-0.998145253259033));
#7599=DIRECTION('',(1.,0.,0.));
#7600=DIRECTION('',(0.,0.,-1.));
#7601=DIRECTION('',(0.,0.0608773635800825,-0.998145253259033));
#7602=DIRECTION('',(0.,-0.998145253259033,-0.0608773635800825));
#7603=DIRECTION('',(1.08219125203954E-16,-0.998145253259033,-0.0608773635800825));
#7604=DIRECTION('',(0.,0.0608773635800825,-0.998145253259033));
#7605=DIRECTION('',(0.,0.0608773635800825,-0.998145253259033));
#7606=DIRECTION('',(-1.,-1.08018406134171E-16,-6.58809503135956E-18));
#7607=DIRECTION('',(4.32876500815814E-16,-0.998145253259033,-0.0608773635800825));
#7608=DIRECTION('',(0.,0.0608773635800825,-0.998145253259033));
#7609=DIRECTION('',(0.,0.0608773635800825,-0.998145253259033));
#7610=DIRECTION('',(-1.,-4.32073624536685E-16,-2.63523801254382E-17));
#7611=DIRECTION('',(0.,0.0608773635800825,-0.998145253259033));
#7612=DIRECTION('',(1.,0.,0.));
#7613=DIRECTION('',(0.,0.,-1.));
#7614=DIRECTION('',(0.,0.0608773635800825,-0.998145253259033));
#7615=DIRECTION('',(0.,-0.998145253259033,-0.0608773635800825));
#7616=DIRECTION('',(3.24657375611861E-16,-0.998145253259033,-0.0608773635800825));
#7617=DIRECTION('',(0.,0.0608773635800825,-0.998145253259033));
#7618=DIRECTION('',(0.,0.0608773635800825,-0.998145253259033));
#7619=DIRECTION('',(-1.,-3.24055218402514E-16,-1.97642850940787E-17));
#7620=DIRECTION('',(0.,-0.998145253259033,-0.0608773635800825));
#7621=DIRECTION('',(0.,0.0608773635800825,-0.998145253259033));
#7622=DIRECTION('',(0.,0.0608773635800825,-0.998145253259033));
#7623=DIRECTION('',(-1.,0.,0.));
#7624=DIRECTION('',(0.,0.0608773635800825,-0.998145253259033));
#7625=DIRECTION('',(1.,0.,0.));
#7626=DIRECTION('',(0.,0.,-1.));
#7627=DIRECTION('',(0.,0.0608773635800825,-0.998145253259033));
#7628=DIRECTION('',(0.,-0.998145253259033,-0.0608773635800825));
#7629=DIRECTION('',(1.08219125203954E-16,-0.998145253259033,-0.0608773635800825));
#7630=DIRECTION('',(0.,0.0608773635800825,-0.998145253259033));
#7631=DIRECTION('',(0.,0.0608773635800825,-0.998145253259033));
#7632=DIRECTION('',(-1.,-1.08018406134171E-16,-6.58809503135956E-18));
#7633=DIRECTION('',(4.32876500815814E-16,-0.998145253259033,-0.0608773635800825));
#7634=DIRECTION('',(0.,0.0608773635800825,-0.998145253259033));
#7635=DIRECTION('',(0.,0.0608773635800825,-0.998145253259033));
#7636=DIRECTION('',(-1.,-4.32073624536685E-16,-2.63523801254382E-17));
#7637=DIRECTION('',(0.,0.0608773635800825,-0.998145253259033));
#7638=DIRECTION('',(1.,2.70547813009884E-16,1.65008424621788E-17));
#7639=DIRECTION('',(-2.70547813009884E-16,1.,0.));
#7640=DIRECTION('',(0.,0.0608773635800825,-0.998145253259033));
#7641=DIRECTION('',(2.71050543121376E-16,-0.998145253259033,-0.0608773635800825));
#7642=DIRECTION('',(3.24657375611861E-16,-0.998145253259033,-0.0608773635800825));
#7643=DIRECTION('',(0.,0.0608773635800825,-0.998145253259033));
#7644=DIRECTION('',(0.,0.0608773635800825,-0.998145253259033));
#7645=DIRECTION('',(-1.,-3.24055218402514E-16,-1.97642850940787E-17));
#7646=DIRECTION('',(0.,-0.998145253259033,-0.0608773635800825));
#7647=DIRECTION('',(0.,0.0608773635800825,-0.998145253259033));
#7648=DIRECTION('',(0.,0.0608773635800825,-0.998145253259033));
#7649=DIRECTION('',(-1.,0.,0.));
#7650=DIRECTION('',(0.,0.0608773635800825,-0.998145253259033));
#7651=DIRECTION('',(1.,0.,0.));
#7652=DIRECTION('',(0.,0.,-1.));
#7653=DIRECTION('',(0.,0.0608773635800825,-0.998145253259033));
#7654=DIRECTION('',(0.,-0.998145253259033,-0.0608773635800825));
#7655=DIRECTION('',(1.08219125203954E-16,-0.998145253259033,-0.0608773635800825));
#7656=DIRECTION('',(0.,0.0608773635800825,-0.998145253259033));
#7657=DIRECTION('',(0.,0.0608773635800825,-0.998145253259033));
#7658=DIRECTION('',(-1.,-1.08018406134171E-16,-6.58809503135956E-18));
#7659=DIRECTION('',(2.16438250407907E-16,-0.998145253259033,-0.0608773635800825));
#7660=DIRECTION('',(0.,0.0608773635800825,-0.998145253259033));
#7661=DIRECTION('',(0.,0.0608773635800825,-0.998145253259033));
#7662=DIRECTION('',(-1.,-2.16036812268343E-16,-1.31761900627191E-17));
#7663=DIRECTION('',(0.,0.0608773635800825,-0.998145253259033));
#7664=DIRECTION('',(1.,4.32876500815814E-16,2.64013479394861E-17));
#7665=DIRECTION('',(-4.32876500815814E-16,1.,0.));
#7666=DIRECTION('',(0.,0.0608773635800825,-0.998145253259033));
#7667=DIRECTION('',(4.33680868994201E-16,-0.998145253259033,-0.0608773635800825));
#7668=DIRECTION('',(3.24657375611861E-16,-0.998145253259033,-0.0608773635800825));
#7669=DIRECTION('',(0.,0.0608773635800825,-0.998145253259033));
#7670=DIRECTION('',(0.,0.0608773635800825,-0.998145253259033));
#7671=DIRECTION('',(-1.,-3.24055218402514E-16,-1.97642850940787E-17));
#7672=DIRECTION('',(0.,-0.998145253259033,-0.0608773635800825));
#7673=DIRECTION('',(0.,0.0608773635800825,-0.998145253259033));
#7674=DIRECTION('',(0.,0.0608773635800825,-0.998145253259033));
#7675=DIRECTION('',(-1.,0.,0.));
#7676=DIRECTION('',(0.,0.0608773635800825,-0.998145253259033));
#7677=DIRECTION('',(1.,0.,0.));
#7678=DIRECTION('',(0.,0.,-1.));
#7679=DIRECTION('',(0.,0.0608773635800825,-0.998145253259033));
#7680=DIRECTION('',(0.,-0.998145253259033,-0.0608773635800825));
#7681=DIRECTION('',(1.08219125203954E-16,-0.998145253259033,-0.0608773635800825));
#7682=DIRECTION('',(0.,0.0608773635800825,-0.998145253259033));
#7683=DIRECTION('',(0.,0.0608773635800825,-0.998145253259033));
#7684=DIRECTION('',(-1.,-1.08018406134171E-16,-6.58809503135956E-18));
#7685=DIRECTION('',(0.,-0.998145253259033,-0.0608773635800825));
#7686=DIRECTION('',(0.,0.0608773635800825,-0.998145253259033));
#7687=DIRECTION('',(0.,0.0608773635800825,-0.998145253259033));
#7688=DIRECTION('',(-1.,0.,0.));
#7689=DIRECTION('',(0.,0.0608773635800825,-0.998145253259033));
#7690=DIRECTION('',(1.,0.,0.));
#7691=DIRECTION('',(0.,0.,-1.));
#7692=DIRECTION('',(0.,0.0608773635800825,-0.998145253259033));
#7693=DIRECTION('',(0.,-0.998145253259033,-0.0608773635800825));
#7694=DIRECTION('',(1.08219125203954E-16,-0.998145253259033,-0.0608773635800825));
#7695=DIRECTION('',(0.,0.0608773635800825,-0.998145253259033));
#7696=DIRECTION('',(0.,0.0608773635800825,-0.998145253259033));
#7697=DIRECTION('',(-1.,-1.08018406134171E-16,-6.58809503135956E-18));
#7698=DIRECTION('',(0.,-0.998145253259033,-0.0608773635800825));
#7699=DIRECTION('',(0.,0.0608773635800825,-0.998145253259033));
#7700=DIRECTION('',(0.,0.0608773635800825,-0.998145253259033));
#7701=DIRECTION('',(-1.,0.,0.));
#7702=DIRECTION('',(0.,0.0608773635800825,-0.998145253259033));
#7703=DIRECTION('',(1.,0.,0.));
#7704=DIRECTION('',(0.,0.,-1.));
#7705=DIRECTION('',(0.,0.0608773635800825,-0.998145253259033));
#7706=DIRECTION('',(0.,-0.998145253259033,-0.0608773635800825));
#7707=DIRECTION('',(1.08219125203954E-16,-0.998145253259033,-0.0608773635800825));
#7708=DIRECTION('',(0.,0.0608773635800825,-0.998145253259033));
#7709=DIRECTION('',(0.,0.0608773635800825,-0.998145253259033));
#7710=DIRECTION('',(-1.,-1.08018406134171E-16,-6.58809503135956E-18));
#7711=DIRECTION('',(-1.52521329584323E-15,-0.998145253259033,-0.0608773635800825));
#7712=DIRECTION('',(0.,0.0608773635800825,-0.998145253259033));
#7713=DIRECTION('',(0.,0.0608773635800825,-0.998145253259033));
#7714=DIRECTION('',(-1.,1.52238441145348E-15,9.28509643482238E-17));
#7715=DIRECTION('',(0.,0.0608773635800825,-0.998145253259033));
#7716=DIRECTION('',(1.,0.,0.));
#7717=DIRECTION('',(0.,0.,-1.));
#7718=DIRECTION('',(0.,0.0608773635800825,-0.998145253259033));
#7719=DIRECTION('',(0.,-0.998145253259033,-0.0608773635800825));
#7720=DIRECTION('',(0.,-0.998145253259033,-0.0608773635800825));
#7721=DIRECTION('',(0.,0.0608773635800825,-0.998145253259033));
#7722=DIRECTION('',(0.,0.0608773635800825,-0.998145253259033));
#7723=DIRECTION('',(-1.,0.,0.));
#7724=DIRECTION('',(1.21746515854448E-16,-0.998145253259033,-0.0608773635800825));
#7725=DIRECTION('',(0.,0.0608773635800825,-0.998145253259033));
#7726=DIRECTION('',(0.,0.0608773635800825,-0.998145253259033));
#7727=DIRECTION('',(-1.,-1.21520706900943E-16,-7.41160691027951E-18));
#7728=DIRECTION('',(0.,0.0608773635800825,-0.998145253259033));
#7729=DIRECTION('',(1.,0.,0.));
#7730=DIRECTION('',(0.,0.,-1.));
#7731=DIRECTION('',(0.,0.0608773635800825,-0.998145253259033));
#7732=DIRECTION('',(0.,-0.998145253259033,-0.0608773635800825));
#7733=DIRECTION('',(0.,-0.998145253259033,-0.0608773635800825));
#7734=DIRECTION('',(0.,0.0608773635800825,-0.998145253259033));
#7735=DIRECTION('',(0.,0.0608773635800825,-0.998145253259033));
#7736=DIRECTION('',(-1.,0.,0.));
#7737=DIRECTION('',(1.21746515854448E-16,-0.998145253259033,-0.0608773635800825));
#7738=DIRECTION('',(0.,0.0608773635800825,-0.998145253259033));
#7739=DIRECTION('',(0.,0.0608773635800825,-0.998145253259033));
#7740=DIRECTION('',(-1.,-1.21520706900943E-16,-7.4116069102795E-18));
#7741=DIRECTION('',(0.,0.0608773635800825,-0.998145253259033));
#7742=DIRECTION('',(1.,0.,0.));
#7743=DIRECTION('',(0.,0.,-1.));
#7744=DIRECTION('',(0.,0.0608773635800825,-0.998145253259033));
#7745=DIRECTION('',(0.,-0.998145253259033,-0.0608773635800825));
#7746=DIRECTION('',(0.,-0.998145253259033,-0.0608773635800825));
#7747=DIRECTION('',(0.,0.0608773635800825,-0.998145253259033));
#7748=DIRECTION('',(0.,0.0608773635800825,-0.998145253259033));
#7749=DIRECTION('',(-1.,0.,0.));
#7750=DIRECTION('',(1.21746515854448E-16,-0.998145253259033,-0.0608773635800825));
#7751=DIRECTION('',(0.,0.0608773635800825,-0.998145253259033));
#7752=DIRECTION('',(0.,0.0608773635800825,-0.998145253259033));
#7753=DIRECTION('',(-1.,-1.21520706900943E-16,-7.41160691027951E-18));
#7754=DIRECTION('',(0.,0.0608773635800825,-0.998145253259033));
#7755=DIRECTION('',(1.,0.,0.));
#7756=DIRECTION('',(0.,0.,-1.));
#7757=DIRECTION('',(0.,0.0608773635800825,-0.998145253259033));
#7758=DIRECTION('',(0.,-0.998145253259033,-0.0608773635800825));
#7759=DIRECTION('',(0.,-0.998145253259033,-0.0608773635800825));
#7760=DIRECTION('',(0.,0.0608773635800825,-0.998145253259033));
#7761=DIRECTION('',(0.,0.0608773635800825,-0.998145253259033));
#7762=DIRECTION('',(-1.,0.,0.));
#7763=DIRECTION('',(1.21746515854448E-16,-0.998145253259033,-0.0608773635800825));
#7764=DIRECTION('',(0.,0.0608773635800825,-0.998145253259033));
#7765=DIRECTION('',(0.,0.0608773635800825,-0.998145253259033));
#7766=DIRECTION('',(-1.,-1.21520706900943E-16,-7.4116069102795E-18));
#7767=DIRECTION('',(0.,0.0608773635800825,-0.998145253259033));
#7768=DIRECTION('',(1.,0.,0.));
#7769=DIRECTION('',(0.,0.,-1.));
#7770=DIRECTION('',(0.,0.0608773635800825,-0.998145253259033));
#7771=DIRECTION('',(0.,-0.998145253259033,-0.0608773635800825));
#7772=DIRECTION('',(0.,-0.998145253259033,-0.0608773635800825));
#7773=DIRECTION('',(0.,0.0608773635800825,-0.998145253259033));
#7774=DIRECTION('',(0.,0.0608773635800825,-0.998145253259033));
#7775=DIRECTION('',(-1.,0.,0.));
#7776=DIRECTION('',(1.21746515854448E-16,-0.998145253259033,-0.0608773635800825));
#7777=DIRECTION('',(0.,0.0608773635800825,-0.998145253259033));
#7778=DIRECTION('',(0.,0.0608773635800825,-0.998145253259033));
#7779=DIRECTION('',(-1.,-1.21520706900943E-16,-7.41160691027951E-18));
#7780=DIRECTION('',(0.,0.0608773635800825,-0.998145253259033));
#7781=DIRECTION('',(1.,0.,0.));
#7782=DIRECTION('',(0.,0.,-1.));
#7783=DIRECTION('',(0.,0.0608773635800825,-0.998145253259033));
#7784=DIRECTION('',(0.,-0.998145253259033,-0.0608773635800825));
#7785=DIRECTION('',(0.,-0.998145253259033,-0.0608773635800825));
#7786=DIRECTION('',(0.,0.0608773635800825,-0.998145253259033));
#7787=DIRECTION('',(0.,0.0608773635800825,-0.998145253259033));
#7788=DIRECTION('',(-1.,0.,0.));
#7789=DIRECTION('',(1.21746515854448E-16,-0.998145253259033,-0.0608773635800825));
#7790=DIRECTION('',(0.,0.0608773635800825,-0.998145253259033));
#7791=DIRECTION('',(0.,0.0608773635800825,-0.998145253259033));
#7792=DIRECTION('',(-1.,-1.21520706900943E-16,-7.41160691027951E-18));
#7793=DIRECTION('',(0.,0.0608773635800825,-0.998145253259033));
#7794=DIRECTION('',(1.,5.41095626019769E-17,3.30016849243576E-18));
#7795=DIRECTION('',(-5.41095626019769E-17,1.,0.));
#7796=DIRECTION('',(0.,0.0608773635800825,-0.998145253259033));
#7797=DIRECTION('',(5.42101086242752E-17,-0.998145253259033,-0.0608773635800825));
#7798=DIRECTION('',(0.,-0.998145253259033,-0.0608773635800825));
#7799=DIRECTION('',(0.,0.0608773635800825,-0.998145253259033));
#7800=DIRECTION('',(0.,0.0608773635800825,-0.998145253259033));
#7801=DIRECTION('',(-1.,0.,0.));
#7802=DIRECTION('',(1.21746515854448E-16,-0.998145253259033,-0.0608773635800825));
#7803=DIRECTION('',(0.,0.0608773635800825,-0.998145253259033));
#7804=DIRECTION('',(0.,0.0608773635800825,-0.998145253259033));
#7805=DIRECTION('',(-1.,-1.21520706900943E-16,-7.4116069102795E-18));
#7806=DIRECTION('',(0.,0.0608773635800825,-0.998145253259033));
#7807=DIRECTION('',(1.,0.,0.));
#7808=DIRECTION('',(0.,0.,-1.));
#7809=DIRECTION('',(0.,0.0608773635800825,-0.998145253259033));
#7810=DIRECTION('',(0.,-0.998145253259033,-0.0608773635800825));
#7811=DIRECTION('',(0.,-0.998145253259033,-0.0608773635800825));
#7812=DIRECTION('',(0.,0.0608773635800825,-0.998145253259033));
#7813=DIRECTION('',(0.,0.0608773635800825,-0.998145253259033));
#7814=DIRECTION('',(-1.,0.,0.));
#7815=DIRECTION('',(1.2343743968576E-16,-0.998145253259033,-0.0608773635800825));
#7816=DIRECTION('',(0.,0.0608773635800825,-0.998145253259033));
#7817=DIRECTION('',(0.,0.0608773635800825,-0.998145253259033));
#7818=DIRECTION('',(-1.,-1.23208494496789E-16,-7.5145458951445E-18));
#7819=DIRECTION('',(0.,0.0608773635800825,-0.998145253259033));
#7820=DIRECTION('',(1.,0.,0.));
#7821=DIRECTION('',(0.,0.,-1.));
#7822=DIRECTION('',(0.,0.0608773635800825,-0.998145253259033));
#7823=DIRECTION('',(0.,-0.998145253259033,-0.0608773635800825));
#7824=DIRECTION('',(0.,-0.998145253259033,-0.0608773635800825));
#7825=DIRECTION('',(0.,0.0608773635800825,-0.998145253259033));
#7826=DIRECTION('',(0.,0.0608773635800825,-0.998145253259033));
#7827=DIRECTION('',(-1.,0.,0.));
#7828=DIRECTION('',(1.21746515854448E-16,-0.998145253259033,-0.0608773635800825));
#7829=DIRECTION('',(0.,0.0608773635800825,-0.998145253259033));
#7830=DIRECTION('',(0.,0.0608773635800825,-0.998145253259033));
#7831=DIRECTION('',(-1.,-1.21520706900943E-16,-7.41160691027951E-18));
#7832=DIRECTION('',(0.,0.0608773635800825,-0.998145253259033));
#7833=DIRECTION('',(1.,0.,0.));
#7834=DIRECTION('',(0.,0.,-1.));
#7835=DIRECTION('',(0.,0.0608773635800825,-0.998145253259033));
#7836=DIRECTION('',(0.,-0.998145253259033,-0.0608773635800825));
#7837=DIRECTION('',(0.,-0.998145253259033,-0.0608773635800825));
#7838=DIRECTION('',(0.,0.0608773635800825,-0.998145253259033));
#7839=DIRECTION('',(0.,0.0608773635800825,-0.998145253259033));
#7840=DIRECTION('',(-1.,0.,0.));
#7841=DIRECTION('',(1.21746515854448E-16,-0.998145253259033,-0.0608773635800825));
#7842=DIRECTION('',(0.,0.0608773635800825,-0.998145253259033));
#7843=DIRECTION('',(0.,0.0608773635800825,-0.998145253259033));
#7844=DIRECTION('',(-1.,-1.21520706900943E-16,-7.41160691027951E-18));
#7845=DIRECTION('',(0.,0.0608773635800825,-0.998145253259033));
#7846=DIRECTION('',(1.,0.,0.));
#7847=DIRECTION('',(0.,0.,-1.));
#7848=DIRECTION('',(0.,0.0608773635800825,-0.998145253259033));
#7849=DIRECTION('',(0.,-0.998145253259033,-0.0608773635800825));
#7850=DIRECTION('',(0.,-0.998145253259033,-0.0608773635800825));
#7851=DIRECTION('',(0.,0.0608773635800825,-0.998145253259033));
#7852=DIRECTION('',(0.,0.0608773635800825,-0.998145253259033));
#7853=DIRECTION('',(-1.,0.,0.));
#7854=DIRECTION('',(1.21746515854448E-16,-0.998145253259033,-0.0608773635800825));
#7855=DIRECTION('',(0.,0.0608773635800825,-0.998145253259033));
#7856=DIRECTION('',(0.,0.0608773635800825,-0.998145253259033));
#7857=DIRECTION('',(-1.,-1.21520706900943E-16,-7.4116069102795E-18));
#7858=DIRECTION('',(0.,0.0608773635800825,-0.998145253259033));
#7859=DIRECTION('',(1.,0.,0.));
#7860=DIRECTION('',(0.,0.,-1.));
#7861=DIRECTION('',(0.,0.0608773635800825,-0.998145253259033));
#7862=DIRECTION('',(0.,-0.998145253259033,-0.0608773635800825));
#7863=DIRECTION('',(0.,-0.998145253259033,-0.0608773635800825));
#7864=DIRECTION('',(0.,0.0608773635800825,-0.998145253259033));
#7865=DIRECTION('',(0.,0.0608773635800825,-0.998145253259033));
#7866=DIRECTION('',(-1.,0.,0.));
#7867=DIRECTION('',(1.21746515854448E-16,-0.998145253259033,-0.0608773635800825));
#7868=DIRECTION('',(0.,0.0608773635800825,-0.998145253259033));
#7869=DIRECTION('',(0.,0.0608773635800825,-0.998145253259033));
#7870=DIRECTION('',(-1.,-1.21520706900943E-16,-7.41160691027951E-18));
#7871=DIRECTION('',(0.,0.0608773635800825,-0.998145253259033));
#7872=DIRECTION('',(1.,0.,0.));
#7873=DIRECTION('',(0.,0.,-1.));
#7874=DIRECTION('',(0.,0.0608773635800825,-0.998145253259033));
#7875=DIRECTION('',(0.,-0.998145253259033,-0.0608773635800825));
#7876=DIRECTION('',(0.,-0.998145253259033,-0.0608773635800825));
#7877=DIRECTION('',(0.,0.0608773635800825,-0.998145253259033));
#7878=DIRECTION('',(0.,0.0608773635800825,-0.998145253259033));
#7879=DIRECTION('',(-1.,0.,0.));
#7880=DIRECTION('',(1.21746515854448E-16,-0.998145253259033,-0.0608773635800825));
#7881=DIRECTION('',(0.,0.0608773635800825,-0.998145253259033));
#7882=DIRECTION('',(0.,0.0608773635800825,-0.998145253259033));
#7883=DIRECTION('',(-1.,-1.21520706900943E-16,-7.4116069102795E-18));
#7884=DIRECTION('',(0.,0.0608773635800825,-0.998145253259033));
#7885=DIRECTION('',(1.,0.,0.));
#7886=DIRECTION('',(0.,0.,-1.));
#7887=DIRECTION('',(0.,0.0608773635800825,-0.998145253259033));
#7888=DIRECTION('',(0.,-0.998145253259033,-0.0608773635800825));
#7889=DIRECTION('',(0.,-0.998145253259033,-0.0608773635800825));
#7890=DIRECTION('',(0.,0.0608773635800825,-0.998145253259033));
#7891=DIRECTION('',(0.,0.0608773635800825,-0.998145253259033));
#7892=DIRECTION('',(-1.,0.,0.));
#7893=DIRECTION('',(0.,-0.998145253259033,-0.0608773635800825));
#7894=DIRECTION('',(0.,0.0608773635800825,-0.998145253259033));
#7895=DIRECTION('',(0.,0.0608773635800825,-0.998145253259033));
#7896=DIRECTION('',(-1.,0.,0.));
#7897=DIRECTION('',(0.,0.0608773635800825,-0.998145253259033));
#7898=DIRECTION('',(1.,0.,0.));
#7899=DIRECTION('',(0.,0.,-1.));
#7900=DIRECTION('',(0.,0.0608773635800825,-0.998145253259033));
#7901=DIRECTION('',(0.,-0.998145253259033,-0.0608773635800825));
#7902=DIRECTION('',(0.,-0.998145253259033,-0.0608773635800825));
#7903=DIRECTION('',(0.,0.0608773635800825,-0.998145253259033));
#7904=DIRECTION('',(0.,0.0608773635800825,-0.998145253259033));
#7905=DIRECTION('',(-1.,0.,0.));
#7906=DIRECTION('',(0.,-0.998145253259033,-0.0608773635800825));
#7907=DIRECTION('',(0.,0.0608773635800825,-0.998145253259033));
#7908=DIRECTION('',(0.,0.0608773635800825,-0.998145253259033));
#7909=DIRECTION('',(-1.,0.,0.));
#7910=DIRECTION('',(0.,0.0608773635800825,-0.998145253259033));
#7911=DIRECTION('',(1.,0.,0.));
#7912=DIRECTION('',(0.,0.,-1.));
#7913=DIRECTION('',(0.,0.0608773635800825,-0.998145253259033));
#7914=DIRECTION('',(0.,-0.998145253259033,-0.0608773635800825));
#7915=DIRECTION('',(0.,-0.998145253259033,-0.0608773635800825));
#7916=DIRECTION('',(0.,0.0608773635800825,-0.998145253259033));
#7917=DIRECTION('',(0.,0.0608773635800825,-0.998145253259033));
#7918=DIRECTION('',(-1.,0.,0.));
#7919=DIRECTION('',(0.,-0.998145253259033,-0.0608773635800825));
#7920=DIRECTION('',(0.,0.0608773635800825,-0.998145253259033));
#7921=DIRECTION('',(0.,0.0608773635800825,-0.998145253259033));
#7922=DIRECTION('',(-1.,0.,0.));
#7923=DIRECTION('',(0.,0.0608773635800825,-0.998145253259033));
#7924=DIRECTION('',(1.,0.,0.));
#7925=DIRECTION('',(0.,0.,-1.));
#7926=DIRECTION('',(0.,0.0608773635800825,-0.998145253259033));
#7927=DIRECTION('',(0.,-0.998145253259033,-0.0608773635800825));
#7928=DIRECTION('',(0.,-0.998145253259033,-0.0608773635800825));
#7929=DIRECTION('',(0.,0.0608773635800825,-0.998145253259033));
#7930=DIRECTION('',(0.,0.0608773635800825,-0.998145253259033));
#7931=DIRECTION('',(-1.,0.,0.));
#7932=DIRECTION('',(0.,-0.998145253259033,-0.0608773635800825));
#7933=DIRECTION('',(0.,0.0608773635800825,-0.998145253259033));
#7934=DIRECTION('',(0.,0.0608773635800825,-0.998145253259033));
#7935=DIRECTION('',(-1.,0.,0.));
#7936=DIRECTION('',(0.,0.0608773635800825,-0.998145253259033));
#7937=DIRECTION('',(1.,0.,0.));
#7938=DIRECTION('',(0.,0.,-1.));
#7939=DIRECTION('',(0.,0.0608773635800825,-0.998145253259033));
#7940=DIRECTION('',(0.,-0.998145253259033,-0.0608773635800825));
#7941=DIRECTION('',(0.,-0.998145253259033,-0.0608773635800825));
#7942=DIRECTION('',(0.,0.0608773635800825,-0.998145253259033));
#7943=DIRECTION('',(0.,0.0608773635800825,-0.998145253259033));
#7944=DIRECTION('',(-1.,0.,0.));
#7945=DIRECTION('',(0.,-0.998145253259033,-0.0608773635800825));
#7946=DIRECTION('',(0.,0.0608773635800825,-0.998145253259033));
#7947=DIRECTION('',(0.,0.0608773635800825,-0.998145253259033));
#7948=DIRECTION('',(-1.,0.,0.));
#7949=DIRECTION('',(0.,0.0608773635800825,-0.998145253259033));
#7950=DIRECTION('',(1.,0.,0.));
#7951=DIRECTION('',(0.,0.,-1.));
#7952=DIRECTION('',(0.,0.0608773635800825,-0.998145253259033));
#7953=DIRECTION('',(0.,-0.998145253259033,-0.0608773635800825));
#7954=DIRECTION('',(0.,-0.998145253259033,-0.0608773635800825));
#7955=DIRECTION('',(0.,0.0608773635800825,-0.998145253259033));
#7956=DIRECTION('',(0.,0.0608773635800825,-0.998145253259033));
#7957=DIRECTION('',(-1.,0.,0.));
#7958=DIRECTION('',(0.,-0.998145253259033,-0.0608773635800825));
#7959=DIRECTION('',(0.,0.0608773635800825,-0.998145253259033));
#7960=DIRECTION('',(0.,0.0608773635800825,-0.998145253259033));
#7961=DIRECTION('',(-1.,0.,0.));
#7962=DIRECTION('',(0.,0.0608773635800825,-0.998145253259033));
#7963=DIRECTION('',(1.,5.41095626019769E-17,3.30016849243576E-18));
#7964=DIRECTION('',(-5.41095626019769E-17,1.,0.));
#7965=DIRECTION('',(0.,0.0608773635800825,-0.998145253259033));
#7966=DIRECTION('',(5.42101086242752E-17,-0.998145253259033,-0.0608773635800825));
#7967=DIRECTION('',(0.,-0.998145253259033,-0.0608773635800825));
#7968=DIRECTION('',(0.,0.0608773635800825,-0.998145253259033));
#7969=DIRECTION('',(0.,0.0608773635800825,-0.998145253259033));
#7970=DIRECTION('',(-1.,0.,0.));
#7971=DIRECTION('',(0.,-0.998145253259033,-0.0608773635800825));
#7972=DIRECTION('',(0.,0.0608773635800825,-0.998145253259033));
#7973=DIRECTION('',(0.,0.0608773635800825,-0.998145253259033));
#7974=DIRECTION('',(-1.,0.,0.));
#7975=DIRECTION('',(0.,0.0608773635800825,-0.998145253259033));
#7976=DIRECTION('',(1.,0.,0.));
#7977=DIRECTION('',(0.,0.,-1.));
#7978=DIRECTION('',(0.,0.0608773635800825,-0.998145253259033));
#7979=DIRECTION('',(0.,-0.998145253259033,-0.0608773635800825));
#7980=DIRECTION('',(0.,-0.998145253259033,-0.0608773635800825));
#7981=DIRECTION('',(0.,0.0608773635800825,-0.998145253259033));
#7982=DIRECTION('',(0.,0.0608773635800825,-0.998145253259033));
#7983=DIRECTION('',(-1.,0.,0.));
#7984=DIRECTION('',(0.,-0.998145253259033,-0.0608773635800825));
#7985=DIRECTION('',(0.,0.0608773635800825,-0.998145253259033));
#7986=DIRECTION('',(0.,0.0608773635800825,-0.998145253259033));
#7987=DIRECTION('',(-1.,0.,0.));
#7988=DIRECTION('',(0.,0.0608773635800825,-0.998145253259033));
#7989=DIRECTION('',(1.,0.,0.));
#7990=DIRECTION('',(0.,0.,-1.));
#7991=DIRECTION('',(0.,0.0608773635800825,-0.998145253259033));
#7992=DIRECTION('',(0.,-0.998145253259033,-0.0608773635800825));
#7993=DIRECTION('',(0.,-0.998145253259033,-0.0608773635800825));
#7994=DIRECTION('',(0.,0.0608773635800825,-0.998145253259033));
#7995=DIRECTION('',(0.,0.0608773635800825,-0.998145253259033));
#7996=DIRECTION('',(-1.,0.,0.));
#7997=DIRECTION('',(0.,-0.998145253259033,-0.0608773635800825));
#7998=DIRECTION('',(0.,0.0608773635800825,-0.998145253259033));
#7999=DIRECTION('',(0.,0.0608773635800825,-0.998145253259033));
#8000=DIRECTION('',(-1.,0.,0.));
#8001=DIRECTION('',(0.,0.0608773635800825,-0.998145253259033));
#8002=DIRECTION('',(1.,0.,0.));
#8003=DIRECTION('',(0.,0.,-1.));
#8004=DIRECTION('',(0.,0.0608773635800825,-0.998145253259033));
#8005=DIRECTION('',(0.,-0.998145253259033,-0.0608773635800825));
#8006=DIRECTION('',(0.,-0.998145253259033,-0.0608773635800825));
#8007=DIRECTION('',(0.,0.0608773635800825,-0.998145253259033));
#8008=DIRECTION('',(0.,0.0608773635800825,-0.998145253259033));
#8009=DIRECTION('',(-1.,0.,0.));
#8010=DIRECTION('',(0.,-0.998145253259033,-0.0608773635800825));
#8011=DIRECTION('',(0.,0.0608773635800825,-0.998145253259033));
#8012=DIRECTION('',(0.,0.0608773635800825,-0.998145253259033));
#8013=DIRECTION('',(-1.,0.,0.));
#8014=DIRECTION('',(0.,0.0608773635800825,-0.998145253259033));
#8015=DIRECTION('',(1.,0.,0.));
#8016=DIRECTION('',(0.,0.,-1.));
#8017=DIRECTION('',(0.,0.0608773635800825,-0.998145253259033));
#8018=DIRECTION('',(0.,-0.998145253259033,-0.0608773635800825));
#8019=DIRECTION('',(0.,-0.998145253259033,-0.0608773635800825));
#8020=DIRECTION('',(0.,0.0608773635800825,-0.998145253259033));
#8021=DIRECTION('',(0.,0.0608773635800825,-0.998145253259033));
#8022=DIRECTION('',(-1.,0.,0.));
#8023=DIRECTION('',(0.,-0.998145253259033,-0.0608773635800825));
#8024=DIRECTION('',(0.,0.0608773635800825,-0.998145253259033));
#8025=DIRECTION('',(0.,0.0608773635800825,-0.998145253259033));
#8026=DIRECTION('',(-1.,0.,0.));
#8027=DIRECTION('',(0.,0.0608773635800825,-0.998145253259033));
#8028=DIRECTION('',(1.,0.,0.));
#8029=DIRECTION('',(0.,0.,-1.));
#8030=DIRECTION('',(0.,0.0608773635800825,-0.998145253259033));
#8031=DIRECTION('',(0.,-0.998145253259033,-0.0608773635800825));
#8032=DIRECTION('',(0.,-0.998145253259033,-0.0608773635800825));
#8033=DIRECTION('',(0.,0.0608773635800825,-0.998145253259033));
#8034=DIRECTION('',(0.,0.0608773635800825,-0.998145253259033));
#8035=DIRECTION('',(-1.,0.,0.));
#8036=DIRECTION('',(0.,-0.998145253259033,-0.0608773635800825));
#8037=DIRECTION('',(0.,0.0608773635800825,-0.998145253259033));
#8038=DIRECTION('',(0.,0.0608773635800825,-0.998145253259033));
#8039=DIRECTION('',(-1.,0.,0.));
#8040=DIRECTION('',(0.,0.0608773635800825,-0.998145253259033));
#8041=DIRECTION('',(1.,0.,0.));
#8042=DIRECTION('',(0.,0.,-1.));
#8043=DIRECTION('',(0.,0.0608773635800825,-0.998145253259033));
#8044=DIRECTION('',(0.,-0.998145253259033,-0.0608773635800825));
#8045=DIRECTION('',(0.,-0.998145253259033,-0.0608773635800825));
#8046=DIRECTION('',(0.,0.0608773635800825,-0.998145253259033));
#8047=DIRECTION('',(0.,0.0608773635800825,-0.998145253259033));
#8048=DIRECTION('',(-1.,0.,0.));
#8049=DIRECTION('',(0.,-0.998145253259033,-0.0608773635800825));
#8050=DIRECTION('',(0.,0.0608773635800825,-0.998145253259033));
#8051=DIRECTION('',(0.,0.0608773635800825,-0.998145253259033));
#8052=DIRECTION('',(-1.,0.,0.));
#8053=DIRECTION('',(0.,0.0608773635800825,-0.998145253259033));
#8054=DIRECTION('',(1.,0.,0.));
#8055=DIRECTION('',(0.,0.,-1.));
#8056=DIRECTION('',(0.,0.0608773635800825,-0.998145253259033));
#8057=DIRECTION('',(0.,-0.998145253259033,-0.0608773635800825));
#8058=DIRECTION('',(0.,-0.998145253259033,-0.0608773635800825));
#8059=DIRECTION('',(0.,0.0608773635800825,-0.998145253259033));
#8060=DIRECTION('',(0.,0.0608773635800825,-0.998145253259033));
#8061=DIRECTION('',(-1.,0.,0.));
#8062=DIRECTION('',(0.,-0.998145253259033,-0.0608773635800825));
#8063=DIRECTION('',(0.,0.0608773635800825,-0.998145253259033));
#8064=DIRECTION('',(0.,0.0608773635800825,-0.998145253259033));
#8065=DIRECTION('',(-1.,0.,0.));
#8066=DIRECTION('',(0.,0.0608773635800825,-0.998145253259033));
#8067=DIRECTION('',(1.,0.,0.));
#8068=DIRECTION('',(0.,0.,-1.));
#8069=DIRECTION('',(0.,0.0608773635800825,-0.998145253259033));
#8070=DIRECTION('',(0.,-0.998145253259033,-0.0608773635800825));
#8071=DIRECTION('',(0.,-0.998145253259033,-0.0608773635800825));
#8072=DIRECTION('',(0.,0.0608773635800825,-0.998145253259033));
#8073=DIRECTION('',(0.,0.0608773635800825,-0.998145253259033));
#8074=DIRECTION('',(-1.,0.,0.));
#8075=DIRECTION('',(0.,-0.998145253259033,-0.0608773635800825));
#8076=DIRECTION('',(0.,0.0608773635800825,-0.998145253259033));
#8077=DIRECTION('',(0.,0.0608773635800825,-0.998145253259033));
#8078=DIRECTION('',(-1.,0.,0.));
#8079=DIRECTION('',(0.,0.0608773635800825,-0.998145253259033));
#8080=DIRECTION('',(1.,0.,0.));
#8081=DIRECTION('',(0.,0.,-1.));
#8082=DIRECTION('',(0.,0.0608773635800825,-0.998145253259033));
#8083=DIRECTION('',(0.,-0.998145253259033,-0.0608773635800825));
#8084=DIRECTION('',(0.,-0.998145253259033,-0.0608773635800825));
#8085=DIRECTION('',(0.,0.0608773635800825,-0.998145253259033));
#8086=DIRECTION('',(0.,0.0608773635800825,-0.998145253259033));
#8087=DIRECTION('',(-1.,0.,0.));
#8088=DIRECTION('',(0.,-0.998145253259033,-0.0608773635800825));
#8089=DIRECTION('',(0.,0.0608773635800825,-0.998145253259033));
#8090=DIRECTION('',(0.,0.0608773635800825,-0.998145253259033));
#8091=DIRECTION('',(-1.,0.,0.));
#8092=DIRECTION('',(0.,0.0608773635800825,-0.998145253259033));
#8093=DIRECTION('',(1.,0.,0.));
#8094=DIRECTION('',(0.,0.,-1.));
#8095=DIRECTION('',(0.,0.0608773635800825,-0.998145253259033));
#8096=DIRECTION('',(0.,-0.998145253259033,-0.0608773635800825));
#8097=DIRECTION('',(0.,-0.998145253259033,-0.0608773635800825));
#8098=DIRECTION('',(0.,0.0608773635800825,-0.998145253259033));
#8099=DIRECTION('',(0.,0.0608773635800825,-0.998145253259033));
#8100=DIRECTION('',(-1.,0.,0.));
#8101=DIRECTION('',(-8.6575300163163E-16,-0.998145253259033,-0.0608773635800825));
#8102=DIRECTION('',(0.,0.0608773635800825,-0.998145253259033));
#8103=DIRECTION('',(0.,0.0608773635800825,-0.998145253259033));
#8104=DIRECTION('',(-1.,8.64147249073371E-16,5.27047602508765E-17));
#8105=DIRECTION('',(0.,0.0608773635800825,-0.998145253259033));
#8106=DIRECTION('',(1.,0.,0.));
#8107=DIRECTION('',(0.,0.,-1.));
#8108=DIRECTION('',(0.,0.0608773635800825,-0.998145253259033));
#8109=DIRECTION('',(0.,-0.998145253259033,-0.0608773635800825));
#8110=DIRECTION('',(0.,-0.998145253259033,-0.0608773635800825));
#8111=DIRECTION('',(0.,0.0608773635800825,-0.998145253259033));
#8112=DIRECTION('',(0.,0.0608773635800825,-0.998145253259033));
#8113=DIRECTION('',(-1.,0.,0.));
#8114=DIRECTION('',(0.,-0.998145253259033,-0.0608773635800825));
#8115=DIRECTION('',(0.,0.0608773635800825,-0.998145253259033));
#8116=DIRECTION('',(0.,0.0608773635800825,-0.998145253259033));
#8117=DIRECTION('',(-1.,0.,0.));
#8118=DIRECTION('',(0.,0.0608773635800825,-0.998145253259033));
#8119=DIRECTION('',(1.,0.,0.));
#8120=DIRECTION('',(0.,0.,-1.));
#8121=DIRECTION('',(0.,0.0608773635800825,-0.998145253259033));
#8122=DIRECTION('',(0.,-0.998145253259033,-0.0608773635800825));
#8123=DIRECTION('',(0.,-0.998145253259033,-0.0608773635800825));
#8124=DIRECTION('',(0.,0.0608773635800825,-0.998145253259033));
#8125=DIRECTION('',(0.,0.0608773635800825,-0.998145253259033));
#8126=DIRECTION('',(-1.,0.,0.));
#8127=DIRECTION('',(0.,-0.998145253259033,-0.0608773635800825));
#8128=DIRECTION('',(0.,0.0608773635800825,-0.998145253259033));
#8129=DIRECTION('',(0.,0.0608773635800825,-0.998145253259033));
#8130=DIRECTION('',(-1.,0.,0.));
#8131=DIRECTION('',(0.,0.0608773635800825,-0.998145253259033));
#8132=DIRECTION('',(1.,0.,0.));
#8133=DIRECTION('',(0.,0.,-1.));
#8134=DIRECTION('',(0.,0.0608773635800825,-0.998145253259033));
#8135=DIRECTION('',(0.,-0.998145253259033,-0.0608773635800825));
#8136=DIRECTION('',(0.,-0.998145253259033,-0.0608773635800825));
#8137=DIRECTION('',(0.,0.0608773635800825,-0.998145253259033));
#8138=DIRECTION('',(0.,0.0608773635800825,-0.998145253259033));
#8139=DIRECTION('',(-1.,0.,0.));
#8140=DIRECTION('',(0.,-0.998145253259033,-0.0608773635800825));
#8141=DIRECTION('',(0.,0.0608773635800825,-0.998145253259033));
#8142=DIRECTION('',(0.,0.0608773635800825,-0.998145253259033));
#8143=DIRECTION('',(-1.,0.,0.));
#8144=DIRECTION('',(0.,0.0608773635800825,-0.998145253259033));
#8145=DIRECTION('',(1.,0.,0.));
#8146=DIRECTION('',(0.,0.,-1.));
#8147=DIRECTION('',(0.,0.0608773635800825,-0.998145253259033));
#8148=DIRECTION('',(0.,-0.998145253259033,-0.0608773635800825));
#8149=DIRECTION('',(0.,-0.998145253259033,-0.0608773635800825));
#8150=DIRECTION('',(0.,0.0608773635800825,-0.998145253259033));
#8151=DIRECTION('',(0.,0.0608773635800825,-0.998145253259033));
#8152=DIRECTION('',(-1.,0.,0.));
#8153=DIRECTION('',(0.,-0.998145253259033,-0.0608773635800825));
#8154=DIRECTION('',(0.,0.0608773635800825,-0.998145253259033));
#8155=DIRECTION('',(0.,0.0608773635800825,-0.998145253259033));
#8156=DIRECTION('',(-1.,0.,0.));
#8157=DIRECTION('',(0.,0.0608773635800825,-0.998145253259033));
#8158=DIRECTION('',(1.,0.,0.));
#8159=DIRECTION('',(0.,0.,-1.));
#8160=DIRECTION('',(0.,0.0608773635800825,-0.998145253259033));
#8161=DIRECTION('',(0.,-0.998145253259033,-0.0608773635800825));
#8162=DIRECTION('',(0.,-0.998145253259033,-0.0608773635800825));
#8163=DIRECTION('',(0.,0.0608773635800825,-0.998145253259033));
#8164=DIRECTION('',(0.,0.0608773635800825,-0.998145253259033));
#8165=DIRECTION('',(-1.,0.,0.));
#8166=DIRECTION('',(-1.73810634024814E-15,-0.998145253259033,-0.0608773635800825));
#8167=DIRECTION('',(0.,0.0608773635800825,-0.998145253259033));
#8168=DIRECTION('',(0.,0.0608773635800825,-0.998145253259033));
#8169=DIRECTION('',(-1.,1.73488259317811E-15,1.05811331616132E-16));
#8170=DIRECTION('',(0.,0.0608773635800825,-0.998145253259033));
#8171=DIRECTION('',(1.,0.,0.));
#8172=DIRECTION('',(0.,0.,-1.));
#8173=DIRECTION('',(0.,0.0608773635800825,-0.998145253259033));
#8174=DIRECTION('',(0.,-0.998145253259033,-0.0608773635800825));
#8175=DIRECTION('',(0.,-0.998145253259033,-0.0608773635800825));
#8176=DIRECTION('',(0.,0.0608773635800825,-0.998145253259033));
#8177=DIRECTION('',(0.,0.0608773635800825,-0.998145253259033));
#8178=DIRECTION('',(-1.,0.,0.));
#8179=DIRECTION('',(0.,-0.998145253259033,-0.0608773635800825));
#8180=DIRECTION('',(0.,0.0608773635800825,-0.998145253259033));
#8181=DIRECTION('',(0.,0.0608773635800825,-0.998145253259033));
#8182=DIRECTION('',(-1.,0.,0.));
#8183=DIRECTION('',(0.,0.0608773635800825,-0.998145253259033));
#8184=DIRECTION('',(1.,0.,0.));
#8185=DIRECTION('',(0.,0.,-1.));
#8186=DIRECTION('',(0.,0.0608773635800825,-0.998145253259033));
#8187=DIRECTION('',(0.,-0.998145253259033,-0.0608773635800825));
#8188=DIRECTION('',(0.,-0.998145253259033,-0.0608773635800825));
#8189=DIRECTION('',(0.,0.0608773635800825,-0.998145253259033));
#8190=DIRECTION('',(0.,0.0608773635800825,-0.998145253259033));
#8191=DIRECTION('',(-1.,0.,0.));
#8192=DIRECTION('',(0.,-0.998145253259033,-0.0608773635800825));
#8193=DIRECTION('',(0.,0.0608773635800825,-0.998145253259033));
#8194=DIRECTION('',(0.,0.0608773635800825,-0.998145253259033));
#8195=DIRECTION('',(-1.,0.,0.));
#8196=DIRECTION('',(0.,0.0608773635800825,-0.998145253259033));
#8197=DIRECTION('',(1.,0.,0.));
#8198=DIRECTION('',(0.,0.,-1.));
#8199=DIRECTION('',(0.,0.0608773635800825,-0.998145253259033));
#8200=DIRECTION('',(0.,-0.998145253259033,-0.0608773635800825));
#8201=DIRECTION('',(0.,-0.998145253259033,-0.0608773635800825));
#8202=DIRECTION('',(0.,0.0608773635800825,-0.998145253259033));
#8203=DIRECTION('',(0.,0.0608773635800825,-0.998145253259033));
#8204=DIRECTION('',(-1.,0.,0.));
#8205=DIRECTION('',(0.,-0.998145253259033,-0.0608773635800825));
#8206=DIRECTION('',(0.,0.0608773635800825,-0.998145253259033));
#8207=DIRECTION('',(0.,0.0608773635800825,-0.998145253259033));
#8208=DIRECTION('',(-1.,0.,0.));
#8209=DIRECTION('',(0.,0.0608773635800825,-0.998145253259033));
#8210=DIRECTION('',(1.,0.,0.));
#8211=DIRECTION('',(0.,0.,-1.));
#8212=DIRECTION('',(0.,0.0608773635800825,-0.998145253259033));
#8213=DIRECTION('',(0.,-0.998145253259033,-0.0608773635800825));
#8214=DIRECTION('',(0.,-0.998145253259033,-0.0608773635800825));
#8215=DIRECTION('',(0.,0.0608773635800825,-0.998145253259033));
#8216=DIRECTION('',(0.,0.0608773635800825,-0.998145253259033));
#8217=DIRECTION('',(-1.,0.,0.));
#8218=DIRECTION('',(0.,-0.998145253259033,-0.0608773635800825));
#8219=DIRECTION('',(0.,0.0608773635800825,-0.998145253259033));
#8220=DIRECTION('',(0.,0.0608773635800825,-0.998145253259033));
#8221=DIRECTION('',(-1.,0.,0.));
#8222=DIRECTION('',(0.,0.0608773635800825,-0.998145253259033));
#8223=DIRECTION('',(1.,0.,0.));
#8224=DIRECTION('',(0.,0.,-1.));
#8225=DIRECTION('',(0.,0.0608773635800825,-0.998145253259033));
#8226=DIRECTION('',(0.,-0.998145253259033,-0.0608773635800825));
#8227=DIRECTION('',(0.,-0.998145253259033,-0.0608773635800825));
#8228=DIRECTION('',(0.,0.0608773635800825,-0.998145253259033));
#8229=DIRECTION('',(0.,0.0608773635800825,-0.998145253259033));
#8230=DIRECTION('',(-1.,0.,0.));
#8231=DIRECTION('',(0.,-0.998145253259033,-0.0608773635800825));
#8232=DIRECTION('',(0.,0.0608773635800825,-0.998145253259033));
#8233=DIRECTION('',(0.,0.0608773635800825,-0.998145253259033));
#8234=DIRECTION('',(-1.,0.,0.));
#8235=DIRECTION('',(0.,0.0608773635800825,-0.998145253259033));
#8236=DIRECTION('',(1.,0.,0.));
#8237=DIRECTION('',(0.,0.,-1.));
#8238=DIRECTION('',(0.,0.0608773635800825,-0.998145253259033));
#8239=DIRECTION('',(0.,-0.998145253259033,-0.0608773635800825));
#8240=DIRECTION('',(0.,-0.998145253259033,-0.0608773635800825));
#8241=DIRECTION('',(0.,0.0608773635800825,-0.998145253259033));
#8242=DIRECTION('',(0.,0.0608773635800825,-0.998145253259033));
#8243=DIRECTION('',(-1.,0.,0.));
#8244=DIRECTION('',(0.,-0.998145253259033,-0.0608773635800825));
#8245=DIRECTION('',(0.,0.0608773635800825,-0.998145253259033));
#8246=DIRECTION('',(0.,0.0608773635800825,-0.998145253259033));
#8247=DIRECTION('',(-1.,0.,0.));
#8248=DIRECTION('',(0.,0.0608773635800825,-0.998145253259033));
#8249=DIRECTION('',(1.,0.,0.));
#8250=DIRECTION('',(0.,0.,-1.));
#8251=DIRECTION('',(0.,0.0608773635800825,-0.998145253259033));
#8252=DIRECTION('',(0.,-0.998145253259033,-0.0608773635800825));
#8253=DIRECTION('',(0.,-0.998145253259033,-0.0608773635800825));
#8254=DIRECTION('',(0.,0.0608773635800825,-0.998145253259033));
#8255=DIRECTION('',(0.,0.0608773635800825,-0.998145253259033));
#8256=DIRECTION('',(-1.,0.,0.));
#8257=DIRECTION('',(0.,0.0608773635800825,-0.998145253259033));
#8258=DIRECTION('',(0.,0.998145253259033,0.0608773635800825));
#8259=DIRECTION('',(0.,0.0608773635800825,-0.998145253259033));
#8260=DIRECTION('',(0.,-0.0608773635800825,0.998145253259033));
#8261=DIRECTION('',(0.,-0.998145253259033,-0.0608773635800825));
#8262=DIRECTION('',(0.,0.0608773635800825,-0.998145253259033));
#8263=DIRECTION('',(0.,-0.998145253259033,-0.0608773635800825));
#8264=DIRECTION('',(0.,0.0608773635800825,-0.998145253259033));
#8265=DIRECTION('',(0.,0.0608773635800825,-0.998145253259033));
#8266=DIRECTION('',(-1.,0.,0.));
#8267=DIRECTION('',(0.,0.0608773635800825,-0.998145253259033));
#8268=DIRECTION('',(0.,0.998145253259033,0.0608773635800825));
#8269=DIRECTION('',(0.,0.0608773635800825,-0.998145253259033));
#8270=DIRECTION('',(0.,-0.0608773635800825,0.998145253259033));
#8271=DIRECTION('',(0.,-0.998145253259033,-0.0608773635800825));
#8272=DIRECTION('',(-1.,0.,0.));
#8273=DIRECTION('',(0.,0.,1.));
#8274=DIRECTION('',(0.,0.0608773635800825,-0.998145253259033));
#8275=DIRECTION('',(0.,0.998145253259033,0.0608773635800825));
#8276=DIRECTION('',(0.,0.0608773635800825,-0.998145253259033));
#8277=DIRECTION('',(0.,0.998145253259033,0.0608773635800825));
#8278=DIRECTION('',(0.,0.0608773635800825,-0.998145253259033));
#8279=DIRECTION('',(0.,-0.0608773635800825,0.998145253259033));
#8280=DIRECTION('',(0.,-0.998145253259033,-0.0608773635800825));
#8281=DIRECTION('',(9.78886393572457E-17,-0.998145253259033,-0.0608773635800825));
#8282=DIRECTION('',(0.,0.0608773635800825,-0.998145253259033));
#8283=DIRECTION('',(0.,0.0608773635800825,-0.998145253259033));
#8284=DIRECTION('',(9.78886393572457E-17,-0.998145253259033,-0.0608773635800825));
#8285=DIRECTION('',(1.6049821309014E-15,0.0608773635800825,-0.998145253259033));
#8286=DIRECTION('',(-1.,-9.77070807224201E-17,-5.95920228851062E-18));
#8287=DIRECTION('',(0.,0.0608773635800825,-0.998145253259033));
#8288=DIRECTION('',(0.,0.998145253259033,0.0608773635800825));
#8289=DIRECTION('',(0.,0.0608773635800825,-0.998145253259033));
#8290=DIRECTION('',(0.,-0.0608773635800825,0.998145253259033));
#8291=DIRECTION('',(0.,-0.998145253259033,-0.0608773635800825));
#8292=DIRECTION('',(1.,0.,0.));
#8293=DIRECTION('',(0.,0.,-1.));
#8294=DIRECTION('',(0.,0.0608773635800825,-0.998145253259033));
#8295=DIRECTION('',(0.,-0.998145253259033,-0.0608773635800825));
#8296=DIRECTION('',(0.,0.0608773635800825,-0.998145253259033));
#8297=DIRECTION('',(0.,0.998145253259033,0.0608773635800825));
#8298=DIRECTION('',(0.,-0.0608773635800825,0.998145253259033));
#8299=DIRECTION('',(0.,0.0608773635800825,-0.998145253259033));
#8300=DIRECTION('',(1.,0.,0.));
#8301=DIRECTION('',(1.,0.,0.));
#8302=DIRECTION('',(0.,0.,-1.));
#8303=DIRECTION('',(0.,0.0608773635800825,-0.998145253259033));
#8304=DIRECTION('',(0.,-0.998145253259033,-0.0608773635800825));
#8305=DIRECTION('',(0.,0.998145253259033,0.0608773635800825));
#8306=DIRECTION('',(0.,-0.0608773635800825,0.998145253259033));
#8307=DIRECTION('',(0.,0.0608773635800825,-0.998145253259033));
#8308=DIRECTION('',(1.,0.,0.));
#8309=DIRECTION('',(1.,0.,0.));
#8310=DIRECTION('',(0.,0.,-1.));
#8311=DIRECTION('',(0.,0.0608773635800825,-0.998145253259033));
#8312=DIRECTION('',(0.,-0.998145253259033,-0.0608773635800825));
#8313=DIRECTION('',(0.,0.998145253259033,0.0608773635800825));
#8314=DIRECTION('',(0.,-0.0608773635800825,0.998145253259033));
#8315=DIRECTION('',(0.,0.0608773635800825,-0.998145253259033));
#8316=DIRECTION('',(1.,0.,0.));
#8317=DIRECTION('',(1.,0.,0.));
#8318=DIRECTION('',(0.,0.,-1.));
#8319=DIRECTION('',(0.,0.0608773635800825,-0.998145253259033));
#8320=DIRECTION('',(0.,-0.998145253259033,-0.0608773635800825));
#8321=DIRECTION('',(0.,0.998145253259033,0.0608773635800825));
#8322=DIRECTION('',(0.,-0.0608773635800825,0.998145253259033));
#8323=DIRECTION('',(0.,0.0608773635800825,-0.998145253259033));
#8324=DIRECTION('',(1.,0.,0.));
#8325=DIRECTION('',(1.,0.,0.));
#8326=DIRECTION('',(0.,0.,-1.));
#8327=DIRECTION('',(0.,0.0608773635800825,-0.998145253259033));
#8328=DIRECTION('',(0.,-0.998145253259033,-0.0608773635800825));
#8329=DIRECTION('',(0.,0.998145253259033,0.0608773635800825));
#8330=DIRECTION('',(0.,-0.0608773635800825,0.998145253259033));
#8331=DIRECTION('',(0.,0.0608773635800825,-0.998145253259033));
#8332=DIRECTION('',(1.,0.,0.));
#8333=DIRECTION('',(1.,0.,0.));
#8334=DIRECTION('',(0.,0.,-1.));
#8335=DIRECTION('',(0.,0.0608773635800825,-0.998145253259033));
#8336=DIRECTION('',(0.,-0.998145253259033,-0.0608773635800825));
#8337=DIRECTION('',(1.,0.,0.));
#8338=DIRECTION('',(0.,0.,-1.));
#8339=DIRECTION('',(0.,0.0608773635800825,-0.998145253259033));
#8340=DIRECTION('',(0.,-0.998145253259033,-0.0608773635800825));
#8341=DIRECTION('',(0.,0.0608773635800825,-0.998145253259033));
#8342=DIRECTION('',(0.,0.998145253259033,0.0608773635800825));
#8343=DIRECTION('',(0.,-0.0608773635800825,0.998145253259033));
#8344=DIRECTION('',(0.,0.0608773635800825,-0.998145253259033));
#8345=DIRECTION('',(1.,0.,0.));
#8346=DIRECTION('',(1.,0.,0.));
#8347=DIRECTION('',(0.,0.,-1.));
#8348=DIRECTION('',(0.,0.0608773635800825,-0.998145253259033));
#8349=DIRECTION('',(0.,-0.998145253259033,-0.0608773635800825));
#8350=DIRECTION('',(0.,0.998145253259033,0.0608773635800825));
#8351=DIRECTION('',(0.,-0.0608773635800825,0.998145253259033));
#8352=DIRECTION('',(0.,0.0608773635800825,-0.998145253259033));
#8353=DIRECTION('',(1.,0.,0.));
#8354=DIRECTION('',(1.,0.,0.));
#8355=DIRECTION('',(0.,0.,-1.));
#8356=DIRECTION('',(0.,0.0608773635800825,-0.998145253259033));
#8357=DIRECTION('',(0.,-0.998145253259033,-0.0608773635800825));
#8358=DIRECTION('',(0.,0.998145253259033,0.0608773635800825));
#8359=DIRECTION('',(0.,-0.0608773635800825,0.998145253259033));
#8360=DIRECTION('',(0.,0.0608773635800825,-0.998145253259033));
#8361=DIRECTION('',(1.,0.,0.));
#8362=DIRECTION('',(1.,0.,0.));
#8363=DIRECTION('',(0.,0.,-1.));
#8364=DIRECTION('',(0.,0.0608773635800825,-0.998145253259033));
#8365=DIRECTION('',(0.,-0.998145253259033,-0.0608773635800825));
#8366=DIRECTION('',(0.,-0.998145253259033,-0.0608773635800825));
#8367=DIRECTION('',(0.,0.0608773635800825,-0.998145253259033));
#8368=DIRECTION('',(0.,0.0608773635800825,-0.998145253259033));
#8369=DIRECTION('',(-1.,0.,0.));
#8370=DIRECTION('',(1.,0.,0.));
#8371=DIRECTION('',(0.,0.,-1.));
#8372=DIRECTION('',(0.,0.0608773635800825,-0.998145253259033));
#8373=DIRECTION('',(0.,-0.998145253259033,-0.0608773635800825));
#8374=DIRECTION('',(0.,0.998145253259033,0.0608773635800825));
#8375=DIRECTION('',(0.,-0.0608773635800825,0.998145253259033));
#8376=DIRECTION('',(0.,0.0608773635800825,-0.998145253259033));
#8377=DIRECTION('',(1.,0.,0.));
#8378=DIRECTION('',(1.,0.,0.));
#8379=DIRECTION('',(0.,0.,-1.));
#8380=DIRECTION('',(0.,0.0608773635800825,-0.998145253259033));
#8381=DIRECTION('',(0.,-0.998145253259033,-0.0608773635800825));
#8382=DIRECTION('',(0.,0.998145253259033,0.0608773635800825));
#8383=DIRECTION('',(0.,-0.0608773635800825,0.998145253259033));
#8384=DIRECTION('',(0.,0.0608773635800825,-0.998145253259033));
#8385=DIRECTION('',(1.,0.,0.));
#8386=DIRECTION('',(1.,0.,0.));
#8387=DIRECTION('',(0.,0.,-1.));
#8388=DIRECTION('',(0.,0.0608773635800825,-0.998145253259033));
#8389=DIRECTION('',(0.,-0.998145253259033,-0.0608773635800825));
#8390=DIRECTION('',(0.,0.998145253259033,0.0608773635800825));
#8391=DIRECTION('',(0.,-0.0608773635800825,0.998145253259033));
#8392=DIRECTION('',(0.,0.0608773635800825,-0.998145253259033));
#8393=DIRECTION('',(1.,0.,0.));
#8394=DIRECTION('',(1.,0.,0.));
#8395=DIRECTION('',(0.,0.,-1.));
#8396=DIRECTION('',(0.,0.0608773635800825,-0.998145253259033));
#8397=DIRECTION('',(0.,-0.998145253259033,-0.0608773635800825));
#8398=DIRECTION('',(1.,0.,0.));
#8399=DIRECTION('',(0.,0.,-1.));
#8400=DIRECTION('',(0.,0.0608773635800825,-0.998145253259033));
#8401=DIRECTION('',(0.,-0.998145253259033,-0.0608773635800825));
#8402=DIRECTION('',(0.,0.0608773635800825,-0.998145253259033));
#8403=DIRECTION('',(0.,0.998145253259033,0.0608773635800825));
#8404=DIRECTION('',(0.,-0.0608773635800825,0.998145253259033));
#8405=DIRECTION('',(0.,0.0608773635800825,-0.998145253259033));
#8406=DIRECTION('',(1.,0.,0.));
#8407=DIRECTION('',(1.,0.,0.));
#8408=DIRECTION('',(0.,0.,-1.));
#8409=DIRECTION('',(0.,0.0608773635800825,-0.998145253259033));
#8410=DIRECTION('',(0.,-0.998145253259033,-0.0608773635800825));
#8411=DIRECTION('',(0.,0.998145253259033,0.0608773635800825));
#8412=DIRECTION('',(0.,-0.0608773635800825,0.998145253259033));
#8413=DIRECTION('',(0.,0.0608773635800825,-0.998145253259033));
#8414=DIRECTION('',(1.,0.,0.));
#8415=DIRECTION('',(1.,0.,0.));
#8416=DIRECTION('',(0.,0.,-1.));
#8417=DIRECTION('',(0.,0.0608773635800825,-0.998145253259033));
#8418=DIRECTION('',(0.,-0.998145253259033,-0.0608773635800825));
#8419=DIRECTION('',(0.,-0.998145253259033,-0.0608773635800825));
#8420=DIRECTION('',(0.,0.0608773635800825,-0.998145253259033));
#8421=DIRECTION('',(0.,0.0608773635800825,-0.998145253259033));
#8422=DIRECTION('',(-1.,0.,0.));
#8423=DIRECTION('',(1.,0.,0.));
#8424=DIRECTION('',(0.,0.,-1.));
#8425=DIRECTION('',(0.,0.0608773635800825,-0.998145253259033));
#8426=DIRECTION('',(0.,-0.998145253259033,-0.0608773635800825));
#8427=DIRECTION('',(0.,0.998145253259033,0.0608773635800825));
#8428=DIRECTION('',(0.,-0.0608773635800825,0.998145253259033));
#8429=DIRECTION('',(0.,0.0608773635800825,-0.998145253259033));
#8430=DIRECTION('',(1.,0.,0.));
#8431=DIRECTION('',(1.,0.,0.));
#8432=DIRECTION('',(0.,0.,-1.));
#8433=DIRECTION('',(0.,0.0608773635800825,-0.998145253259033));
#8434=DIRECTION('',(0.,-0.998145253259033,-0.0608773635800825));
#8435=DIRECTION('',(0.,0.998145253259033,0.0608773635800825));
#8436=DIRECTION('',(0.,-0.0608773635800825,0.998145253259033));
#8437=DIRECTION('',(0.,0.0608773635800825,-0.998145253259033));
#8438=DIRECTION('',(1.,0.,0.));
#8439=DIRECTION('',(1.,0.,0.));
#8440=DIRECTION('',(0.,0.,-1.));
#8441=DIRECTION('',(0.,0.0608773635800825,-0.998145253259033));
#8442=DIRECTION('',(0.,-0.998145253259033,-0.0608773635800825));
#8443=DIRECTION('',(-1.,0.,0.));
#8444=DIRECTION('',(0.,0.,1.));
#8445=DIRECTION('',(0.,0.0608773635800825,-0.998145253259033));
#8446=DIRECTION('',(0.,0.998145253259033,0.0608773635800825));
#8447=DIRECTION('',(0.,0.0608773635800825,-0.998145253259033));
#8448=DIRECTION('',(0.,-0.998145253259033,-0.0608773635800825));
#8449=DIRECTION('',(0.,0.0608773635800825,-0.998145253259033));
#8450=DIRECTION('',(0.,0.0608773635800825,-0.998145253259033));
#8451=DIRECTION('',(-1.,0.,0.));
#8452=DIRECTION('',(-1.,0.,0.));
#8453=DIRECTION('',(0.,0.,1.));
#8454=DIRECTION('',(0.,0.0608773635800825,-0.998145253259033));
#8455=DIRECTION('',(0.,0.998145253259033,0.0608773635800825));
#8456=DIRECTION('',(1.,0.,0.));
#8457=DIRECTION('',(0.,0.,-1.));
#8458=DIRECTION('',(0.,0.0608773635800825,-0.998145253259033));
#8459=DIRECTION('',(0.,-0.998145253259033,-0.0608773635800825));
#8460=DIRECTION('',(0.,0.0608773635800825,-0.998145253259033));
#8461=DIRECTION('',(0.,0.998145253259033,0.0608773635800825));
#8462=DIRECTION('',(0.,-0.0608773635800825,0.998145253259033));
#8463=DIRECTION('',(0.,0.0608773635800825,-0.998145253259033));
#8464=DIRECTION('',(1.,0.,0.));
#8465=DIRECTION('',(1.,0.,0.));
#8466=DIRECTION('',(0.,0.,-1.));
#8467=DIRECTION('',(0.,0.0608773635800825,-0.998145253259033));
#8468=DIRECTION('',(0.,-0.998145253259033,-0.0608773635800825));
#8469=DIRECTION('',(0.,0.998145253259033,0.0608773635800825));
#8470=DIRECTION('',(0.,-0.0608773635800825,0.998145253259033));
#8471=DIRECTION('',(0.,0.0608773635800825,-0.998145253259033));
#8472=DIRECTION('',(1.,0.,0.));
#8473=DIRECTION('',(1.,0.,0.));
#8474=DIRECTION('',(0.,0.,-1.));
#8475=DIRECTION('',(0.,0.0608773635800825,-0.998145253259033));
#8476=DIRECTION('',(0.,-0.998145253259033,-0.0608773635800825));
#8477=DIRECTION('',(3.30937167912819E-16,-0.998145253259033,-0.0608773635800825));
#8478=DIRECTION('',(0.,0.0608773635800825,-0.998145253259033));
#8479=DIRECTION('',(0.,0.0608773635800825,-0.998145253259033));
#8480=DIRECTION('',(-1.,-3.30323363279168E-16,-2.01465822931915E-17));
#8481=DIRECTION('',(1.,0.,0.));
#8482=DIRECTION('',(0.,0.,-1.));
#8483=DIRECTION('',(0.,0.0608773635800825,-0.998145253259033));
#8484=DIRECTION('',(0.,-0.998145253259033,-0.0608773635800825));
#8485=DIRECTION('',(0.,0.998145253259033,0.0608773635800825));
#8486=DIRECTION('',(0.,-0.0608773635800825,0.998145253259033));
#8487=DIRECTION('',(0.,0.0608773635800825,-0.998145253259033));
#8488=DIRECTION('',(1.,0.,0.));
#8489=DIRECTION('',(1.,0.,0.));
#8490=DIRECTION('',(0.,0.,-1.));
#8491=DIRECTION('',(0.,0.0608773635800825,-0.998145253259033));
#8492=DIRECTION('',(0.,-0.998145253259033,-0.0608773635800825));
#8493=DIRECTION('',(0.,0.998145253259033,0.0608773635800825));
#8494=DIRECTION('',(0.,-0.0608773635800825,0.998145253259033));
#8495=DIRECTION('',(0.,0.0608773635800825,-0.998145253259033));
#8496=DIRECTION('',(1.,0.,0.));
#8497=DIRECTION('',(1.,0.,0.));
#8498=DIRECTION('',(0.,0.,-1.));
#8499=DIRECTION('',(0.,0.0608773635800825,-0.998145253259033));
#8500=DIRECTION('',(0.,-0.998145253259033,-0.0608773635800825));
#8501=DIRECTION('',(1.,0.,0.));
#8502=DIRECTION('',(0.,0.,-1.));
#8503=DIRECTION('',(0.,-0.998145253259033,-0.0608773635800825));
#8504=DIRECTION('',(1.,0.,0.));
#8505=DIRECTION('',(0.,0.,-1.));
#8506=DIRECTION('',(0.,-0.998145253259033,-0.0608773635800825));
#8507=DIRECTION('',(1.,0.,0.));
#8508=DIRECTION('',(0.,0.,-1.));
#8509=DIRECTION('',(0.,-0.998145253259033,-0.0608773635800825));
#8510=DIRECTION('',(1.,0.,0.));
#8511=DIRECTION('',(0.,0.,-1.));
#8512=DIRECTION('',(0.,-0.998145253259033,-0.0608773635800825));
#8513=DIRECTION('',(1.,0.,0.));
#8514=DIRECTION('',(0.,0.,-1.));
#8515=DIRECTION('',(0.,-0.998145253259033,-0.0608773635800825));
#8516=DIRECTION('',(1.,0.,0.));
#8517=DIRECTION('',(0.,0.,-1.));
#8518=DIRECTION('',(0.,-0.998145253259033,-0.0608773635800825));
#8519=DIRECTION('',(1.,2.16438250407907E-16,1.3200673969743E-17));
#8520=DIRECTION('',(-2.16438250407907E-16,1.,0.));
#8521=DIRECTION('',(2.16840434497101E-16,-0.998145253259033,-0.0608773635800825));
#8522=DIRECTION('',(1.,0.,0.));
#8523=DIRECTION('',(0.,0.,-1.));
#8524=DIRECTION('',(0.,-0.998145253259033,-0.0608773635800825));
#8525=DIRECTION('',(1.,2.16438250407907E-16,1.3200673969743E-17));
#8526=DIRECTION('',(-2.16438250407907E-16,1.,0.));
#8527=DIRECTION('',(2.16840434497101E-16,-0.998145253259033,-0.0608773635800825));
#8528=DIRECTION('',(1.,0.,0.));
#8529=DIRECTION('',(0.,0.,-1.));
#8530=DIRECTION('',(0.,-0.998145253259033,-0.0608773635800825));
#8531=DIRECTION('',(1.,0.,0.));
#8532=DIRECTION('',(0.,0.,-1.));
#8533=DIRECTION('',(0.,-0.998145253259033,-0.0608773635800825));
#8534=DIRECTION('',(1.,0.,0.));
#8535=DIRECTION('',(0.,0.,-1.));
#8536=DIRECTION('',(0.,-0.998145253259033,-0.0608773635800825));
#8537=DIRECTION('',(1.,0.,0.));
#8538=DIRECTION('',(0.,0.,-1.));
#8539=DIRECTION('',(0.,-0.998145253259033,-0.0608773635800825));
#8540=DIRECTION('',(1.,0.,0.));
#8541=DIRECTION('',(0.,0.,-1.));
#8542=DIRECTION('',(0.,-0.998145253259033,-0.0608773635800825));
#8543=DIRECTION('',(1.,0.,0.));
#8544=DIRECTION('',(0.,0.,-1.));
#8545=DIRECTION('',(0.,-0.998145253259033,-0.0608773635800825));
#8546=DIRECTION('',(1.,0.,0.));
#8547=DIRECTION('',(0.,0.,-1.));
#8548=DIRECTION('',(0.,-0.998145253259033,-0.0608773635800825));
#8549=DIRECTION('',(1.,0.,0.));
#8550=DIRECTION('',(0.,0.,-1.));
#8551=DIRECTION('',(0.,-0.998145253259033,-0.0608773635800825));
#8552=DIRECTION('',(1.,0.,0.));
#8553=DIRECTION('',(0.,0.,-1.));
#8554=DIRECTION('',(0.,-0.998145253259033,-0.0608773635800825));
#8555=DIRECTION('',(1.,0.,0.));
#8556=DIRECTION('',(0.,0.,-1.));
#8557=DIRECTION('',(0.,-0.998145253259033,-0.0608773635800825));
#8558=DIRECTION('',(1.,6.7636953252471E-17,4.12521061554471E-18));
#8559=DIRECTION('',(-6.7636953252471E-17,1.,0.));
#8560=DIRECTION('',(6.7762635780344E-17,-0.998145253259033,-0.0608773635800825));
#8561=DIRECTION('',(1.,0.,0.));
#8562=DIRECTION('',(0.,0.,-1.));
#8563=DIRECTION('',(0.,-0.998145253259033,-0.0608773635800825));
#8564=DIRECTION('',(1.,0.,0.));
#8565=DIRECTION('',(0.,0.,-1.));
#8566=DIRECTION('',(0.,-0.998145253259033,-0.0608773635800825));
#8567=DIRECTION('',(1.,0.,0.));
#8568=DIRECTION('',(0.,0.,-1.));
#8569=DIRECTION('',(0.,-0.998145253259033,-0.0608773635800825));
#8570=DIRECTION('',(1.,0.,0.));
#8571=DIRECTION('',(0.,0.,-1.));
#8572=DIRECTION('',(0.,-0.998145253259033,-0.0608773635800825));
#8573=DIRECTION('',(1.,0.,0.));
#8574=DIRECTION('',(0.,0.,-1.));
#8575=DIRECTION('',(0.,-0.998145253259033,-0.0608773635800825));
#8576=DIRECTION('',(1.,0.,0.));
#8577=DIRECTION('',(0.,0.,-1.));
#8578=DIRECTION('',(0.,-0.998145253259033,-0.0608773635800825));
#8579=DIRECTION('',(1.,0.,0.));
#8580=DIRECTION('',(0.,0.,-1.));
#8581=DIRECTION('',(0.,-0.998145253259033,-0.0608773635800825));
#8582=DIRECTION('',(1.,0.,0.));
#8583=DIRECTION('',(0.,0.,-1.));
#8584=DIRECTION('',(0.,-0.998145253259033,-0.0608773635800825));
#8585=DIRECTION('',(1.,0.,0.));
#8586=DIRECTION('',(0.,0.,-1.));
#8587=DIRECTION('',(0.,-0.998145253259033,-0.0608773635800825));
#8588=DIRECTION('',(1.,0.,0.));
#8589=DIRECTION('',(0.,0.,-1.));
#8590=DIRECTION('',(0.,-0.998145253259033,-0.0608773635800825));
#8591=DIRECTION('',(1.,0.,0.));
#8592=DIRECTION('',(0.,0.,-1.));
#8593=DIRECTION('',(0.,-0.998145253259033,-0.0608773635800825));
#8594=DIRECTION('',(1.,0.,0.));
#8595=DIRECTION('',(0.,0.,-1.));
#8596=DIRECTION('',(0.,-0.998145253259033,-0.0608773635800825));
#8597=DIRECTION('',(1.,1.08219125203954E-16,6.60033698487153E-18));
#8598=DIRECTION('',(-1.08219125203954E-16,1.,0.));
#8599=DIRECTION('',(1.0842021724855E-16,-0.998145253259033,-0.0608773635800825));
#8600=DIRECTION('',(1.,0.,0.));
#8601=DIRECTION('',(0.,0.,-1.));
#8602=DIRECTION('',(0.,-0.998145253259033,-0.0608773635800825));
#8603=DIRECTION('',(1.,0.,0.));
#8604=DIRECTION('',(0.,0.,-1.));
#8605=DIRECTION('',(0.,-0.998145253259033,-0.0608773635800825));
#8606=DIRECTION('',(1.,0.,0.));
#8607=DIRECTION('',(0.,0.,-1.));
#8608=DIRECTION('',(0.,-0.998145253259033,-0.0608773635800825));
#8609=DIRECTION('',(1.,0.,0.));
#8610=DIRECTION('',(0.,0.,-1.));
#8611=DIRECTION('',(0.,-0.998145253259033,-0.0608773635800825));
#8612=DIRECTION('',(1.,0.,0.));
#8613=DIRECTION('',(0.,0.,-1.));
#8614=DIRECTION('',(0.,-0.998145253259033,-0.0608773635800825));
#8615=DIRECTION('',(1.,0.,0.));
#8616=DIRECTION('',(0.,0.,-1.));
#8617=DIRECTION('',(0.,-0.998145253259033,-0.0608773635800825));
#8618=DIRECTION('',(1.,0.,0.));
#8619=DIRECTION('',(0.,0.,-1.));
#8620=DIRECTION('',(0.,-0.998145253259033,-0.0608773635800825));
#8621=DIRECTION('',(1.,0.,0.));
#8622=DIRECTION('',(0.,0.,-1.));
#8623=DIRECTION('',(0.,-0.998145253259033,-0.0608773635800825));
#8624=DIRECTION('',(1.,0.,0.));
#8625=DIRECTION('',(0.,0.,-1.));
#8626=DIRECTION('',(0.,-0.998145253259033,-0.0608773635800825));
#8627=DIRECTION('',(1.,1.08219125203954E-16,6.60033698487153E-18));
#8628=DIRECTION('',(-1.08219125203954E-16,1.,0.));
#8629=DIRECTION('',(1.0842021724855E-16,-0.998145253259033,-0.0608773635800825));
#8630=DIRECTION('',(1.,0.,0.));
#8631=DIRECTION('',(0.,0.,-1.));
#8632=DIRECTION('',(0.,-0.998145253259033,-0.0608773635800825));
#8633=DIRECTION('',(1.,0.,0.));
#8634=DIRECTION('',(0.,0.,-1.));
#8635=DIRECTION('',(0.,-0.998145253259033,-0.0608773635800825));
#8636=DIRECTION('',(1.,0.,0.));
#8637=DIRECTION('',(0.,0.,-1.));
#8638=DIRECTION('',(0.,-0.998145253259033,-0.0608773635800825));
#8639=DIRECTION('',(1.,0.,0.));
#8640=DIRECTION('',(0.,0.,-1.));
#8641=DIRECTION('',(0.,-0.998145253259033,-0.0608773635800825));
#8642=DIRECTION('',(1.,0.,0.));
#8643=DIRECTION('',(0.,0.,-1.));
#8644=DIRECTION('',(0.,-0.998145253259033,-0.0608773635800825));
#8645=DIRECTION('',(1.,0.,0.));
#8646=DIRECTION('',(0.,0.,-1.));
#8647=DIRECTION('',(0.,-0.998145253259033,-0.0608773635800825));
#8648=DIRECTION('',(1.,0.,0.));
#8649=DIRECTION('',(0.,0.,-1.));
#8650=DIRECTION('',(0.,-0.998145253259033,-0.0608773635800825));
#8651=DIRECTION('',(1.,0.,0.));
#8652=DIRECTION('',(0.,0.,-1.));
#8653=DIRECTION('',(0.,-0.998145253259033,-0.0608773635800825));
#8654=DIRECTION('',(1.,0.,0.));
#8655=DIRECTION('',(0.,0.,-1.));
#8656=DIRECTION('',(0.,-0.998145253259033,-0.0608773635800825));
#8657=DIRECTION('',(1.,0.,0.));
#8658=DIRECTION('',(0.,0.,-1.));
#8659=DIRECTION('',(0.,-0.998145253259033,-0.0608773635800825));
#8660=DIRECTION('',(1.,0.,0.));
#8661=DIRECTION('',(0.,0.,-1.));
#8662=DIRECTION('',(0.,-0.998145253259033,-0.0608773635800825));
#8663=DIRECTION('',(-1.,0.,0.));
#8664=DIRECTION('',(0.,0.,1.));
#8665=DIRECTION('',(0.,0.998145253259033,0.0608773635800825));
#8666=DIRECTION('',(0.,-0.998145253259033,-0.0608773635800825));
#8667=DIRECTION('',(0.,0.0608773635800825,-0.998145253259033));
#8668=DIRECTION('',(-1.,0.,0.));
#8669=DIRECTION('',(0.,-0.998145253259033,-0.0608773635800825));
#8670=DIRECTION('',(0.,0.0608773635800825,-0.998145253259033));
#8671=DIRECTION('',(-1.,0.,0.));
#8672=DIRECTION('',(0.,-0.998145253259033,-0.0608773635800825));
#8673=DIRECTION('',(0.,0.0608773635800825,-0.998145253259033));
#8674=DIRECTION('',(-1.,0.,0.));
#8675=DIRECTION('',(0.,-0.998145253259033,-0.0608773635800825));
#8676=DIRECTION('',(0.,0.0608773635800825,-0.998145253259033));
#8677=DIRECTION('',(-1.,0.,0.));
#8678=DIRECTION('',(2.20624778608546E-16,-0.998145253259033,-0.0608773635800825));
#8679=DIRECTION('',(0.,0.0608773635800825,-0.998145253259033));
#8680=DIRECTION('',(-1.,-2.20215575519446E-16,-1.34310548621277E-17));
#8681=DIRECTION('',(1.,0.,0.));
#8682=DIRECTION('',(0.,0.,-1.));
#8683=DIRECTION('',(0.,-0.998145253259033,-0.0608773635800825));
#8684=DIRECTION('',(0.,-0.0608773635800825,0.998145253259033));
#8685=DIRECTION('',(1.,0.,0.));
#8686=DIRECTION('',(0.,-0.0608773635800825,0.998145253259033));
#8687=DIRECTION('',(0.,0.998145253259033,0.0608773635800825));
#8688=DIRECTION('',(0.,-0.0608773635800825,0.998145253259033));
#8689=DIRECTION('',(0.,0.998145253259033,0.0608773635800825));
#8690=DIRECTION('',(0.,-0.0608773635800825,0.998145253259033));
#8691=DIRECTION('',(0.,-0.998145253259033,-0.0608773635800825));
#8692=DIRECTION('',(0.,-0.0608773635800825,0.998145253259033));
#8693=DIRECTION('',(0.,-0.998145253259033,-0.0608773635800825));
#8694=DIRECTION('',(0.,0.0608773635800825,-0.998145253259033));
#8695=DIRECTION('',(0.,0.998145253259033,0.0608773635800825));
#8696=DIRECTION('',(0.,0.0608773635800825,-0.998145253259033));
#8697=DIRECTION('',(0.,0.998145253259033,0.0608773635800825));
#8698=DIRECTION('',(0.,0.0608773635800825,-0.998145253259033));
#8699=DIRECTION('',(0.,0.998145253259033,0.0608773635800825));
#8700=DIRECTION('',(0.,-0.0608773635800825,0.998145253259033));
#8701=DIRECTION('',(0.,-0.998145253259033,-0.0608773635800825));
#8702=DIRECTION('',(0.,0.0608773635800825,-0.998145253259033));
#8703=DIRECTION('',(0.,0.998145253259033,0.0608773635800825));
#8704=DIRECTION('',(0.,-0.0608773635800825,0.998145253259033));
#8705=DIRECTION('',(0.,-0.998145253259033,-0.0608773635800825));
#8706=DIRECTION('',(0.,0.0608773635800825,-0.998145253259033));
#8707=DIRECTION('',(0.,0.998145253259033,0.0608773635800825));
#8708=DIRECTION('',(0.,-0.0608773635800825,0.998145253259033));
#8709=DIRECTION('',(0.,-0.998145253259033,-0.0608773635800825));
#8710=DIRECTION('',(0.,0.0608773635800825,-0.998145253259033));
#8711=DIRECTION('',(0.,0.998145253259033,0.0608773635800825));
#8712=DIRECTION('',(0.,-0.0608773635800825,0.998145253259033));
#8713=DIRECTION('',(0.,-0.998145253259033,-0.0608773635800825));
#8714=DIRECTION('',(1.,0.,0.));
#8715=DIRECTION('',(0.,0.,-1.));
#8716=DIRECTION('',(-1.,0.,0.));
#8717=DIRECTION('',(0.,0.,1.));
#8718=DIRECTION('',(1.,0.,0.));
#8719=DIRECTION('',(0.,0.,-1.));
#8720=DIRECTION('',(1.,0.,0.));
#8721=DIRECTION('',(0.,-0.0608773635800825,0.998145253259033));
#8722=DIRECTION('',(0.,-0.998145253259033,-0.0608773635800825));
#8723=DIRECTION('',(7.04035945052975E-17,-0.998145253259033,-0.0608773635800835));
#8724=DIRECTION('',(0.,0.0608773635800835,-0.998145253259033));
#8725=DIRECTION('',(0.,-0.0608773635800825,0.998145253259033));
#8726=DIRECTION('',(0.,-0.998145253259033,-0.0608773635800825));
#8727=DIRECTION('',(0.,-0.998145253259033,-0.0608773635800835));
#8728=DIRECTION('',(0.,0.0608773635800835,-0.998145253259033));
#8729=DIRECTION('',(0.,0.998145253259033,0.0608773635800825));
#8730=DIRECTION('',(0.,-0.0608773635800825,0.998145253259033));
#8731=DIRECTION('',(0.,-0.998145253259033,-0.0608773635800835));
#8732=DIRECTION('',(0.,0.0608773635800835,-0.998145253259033));
#8733=DIRECTION('',(0.,-0.998145253259033,-0.0608773635800825));
#8734=DIRECTION('',(0.,0.0608773635800825,-0.998145253259033));
#8735=DIRECTION('',(0.,-0.998145253259033,-0.0608773635800835));
#8736=DIRECTION('',(0.,0.0608773635800835,-0.998145253259033));
#8737=DIRECTION('',(0.,-0.0608773635800825,0.998145253259033));
#8738=DIRECTION('',(0.,-0.998145253259033,-0.0608773635800825));
#8739=DIRECTION('',(1.,0.,0.));
#8740=DIRECTION('',(0.,0.,-1.));
#8741=DIRECTION('',(0.,-0.0608773635800825,0.998145253259033));
#8742=DIRECTION('',(0.,-0.998145253259033,-0.0608773635800825));
#8743=DIRECTION('',(-1.,0.,0.));
#8744=DIRECTION('',(0.,0.,1.));
#8745=DIRECTION('',(-1.,0.,0.));
#8746=DIRECTION('',(0.,0.,1.));
#8747=DIRECTION('',(-1.,0.,0.));
#8748=DIRECTION('',(0.,0.,1.));
#8749=DIRECTION('',(0.,1.,0.));
#8750=DIRECTION('',(-1.,0.,0.));
#8751=DIRECTION('',(0.,0.,1.));
#8752=DIRECTION('',(0.,1.,0.));
#8753=DIRECTION('',(0.,1.,0.));
#8754=DIRECTION('',(0.,0.,1.));
#8755=DIRECTION('',(0.,1.,0.));
#8756=DIRECTION('',(0.,0.,1.));
#8757=DIRECTION('',(1.,0.,0.));
#8758=DIRECTION('',(0.,1.,0.));
#8759=DIRECTION('',(0.,1.,0.));
#8760=DIRECTION('',(0.,0.,1.));
#8761=CARTESIAN_POINT('',(0.,0.,0.));
#8762=CARTESIAN_POINT('',(0.,0.0817364905456797,0.0239925810130361));
#8763=CARTESIAN_POINT('',(-0.126448402249927,0.0817364905456797,0.0239925810130361));
#8764=CARTESIAN_POINT('',(-0.126448402249927,0.0819790690636133,0.0200152636329968));
#8765=CARTESIAN_POINT('',(-0.126448402249927,0.08198,0.02));
#8766=CARTESIAN_POINT('',(-0.129104037168537,0.0819790690636133,0.0200152636329968));
#8767=CARTESIAN_POINT('',(-0.126636986187813,0.0819191226364199,0.020998145253259));
#8768=CARTESIAN_POINT('',(0.14396736,0.0819191226364199,0.020998145253259));
#8769=CARTESIAN_POINT('',(0.14396736,0.0819191226364199,0.020998145253259));
#8770=CARTESIAN_POINT('',(0.14396736,0.0817364905456797,0.0239925810130361));
#8771=CARTESIAN_POINT('',(0.14396736,0.08198,0.02));
#8772=CARTESIAN_POINT('',(0.,0.08198,0.02));
#8773=CARTESIAN_POINT('',(0.,-2.59124319224035E-17,0.015));
#8774=CARTESIAN_POINT('',(-0.13586950302124,0.0193589649209172,0.0161807126689996));
#8775=CARTESIAN_POINT('',(-0.12786950302124,0.0193589649209172,0.0161807126689996));
#8776=CARTESIAN_POINT('',(-0.14386950302124,0.0193589649209172,0.0161807126689996));
#8777=CARTESIAN_POINT('',(-0.14386950302124,0.0113738028948449,0.0156936937603589));
#8778=CARTESIAN_POINT('',(-0.14386950302124,0.00338864086877265,0.0152066748517183));
#8779=CARTESIAN_POINT('',(-0.13586950302124,0.00338864086877265,0.0152066748517183));
#8780=CARTESIAN_POINT('',(-0.12786950302124,0.00338864086877265,0.0152066748517183));
#8781=CARTESIAN_POINT('',(-0.12786950302124,0.0113738028948449,0.0156936937603589));
#8782=CARTESIAN_POINT('',(-0.11681950302124,0.0192904800974704,0.0161765357463692));
#8783=CARTESIAN_POINT('',(-0.10881950302124,0.0192904800974704,0.0161765357463692));
#8784=CARTESIAN_POINT('',(-0.12481950302124,0.0192904800974704,0.0161765357463692));
#8785=CARTESIAN_POINT('',(-0.12481950302124,0.0113053180713981,0.0156895168377286));
#8786=CARTESIAN_POINT('',(-0.12481950302124,0.00332015604532586,0.0152024979290879));
#8787=CARTESIAN_POINT('',(-0.11681950302124,0.00332015604532585,0.0152024979290879));
#8788=CARTESIAN_POINT('',(-0.10881950302124,0.00332015604532585,0.0152024979290879));
#8789=CARTESIAN_POINT('',(-0.10881950302124,0.0113053180713981,0.0156895168377286));
#8790=CARTESIAN_POINT('',(-0.0974683612585068,0.0192904800974704,0.0161765357463692));
#8791=CARTESIAN_POINT('',(-0.0894683612585068,0.0192904800974704,0.0161765357463692));
#8792=CARTESIAN_POINT('',(-0.105468361258507,0.0192904800974704,0.0161765357463692));
#8793=CARTESIAN_POINT('',(-0.105468361258507,0.0113053180713981,0.0156895168377286));
#8794=CARTESIAN_POINT('',(-0.105468361258507,0.00332015604532585,0.0152024979290879));
#8795=CARTESIAN_POINT('',(-0.0974683612585068,0.00332015604532584,0.0152024979290879));
#8796=CARTESIAN_POINT('',(-0.0894683612585068,0.00332015604532584,0.0152024979290879));
#8797=CARTESIAN_POINT('',(-0.0894683612585068,0.0113053180713981,0.0156895168377286));
#8798=CARTESIAN_POINT('',(-0.0781213566660881,0.0192904800974704,0.0161765357463692));
#8799=CARTESIAN_POINT('',(-0.0701213566660881,0.0192904800974704,0.0161765357463692));
#8800=CARTESIAN_POINT('',(-0.0861213566660881,0.0192904800974704,0.0161765357463692));
#8801=CARTESIAN_POINT('',(-0.0861213566660881,0.0113053180713981,0.0156895168377286));
#8802=CARTESIAN_POINT('',(-0.0861213566660881,0.00332015604532585,0.0152024979290879));
#8803=CARTESIAN_POINT('',(-0.0781213566660881,0.00332015604532586,0.0152024979290879));
#8804=CARTESIAN_POINT('',(-0.0701213566660881,0.00332015604532586,0.0152024979290879));
#8805=CARTESIAN_POINT('',(-0.0701213566660881,0.0113053180713981,0.0156895168377286));
#8806=CARTESIAN_POINT('',(-0.0590045042335987,0.0192904800974704,0.0161765357463692));
#8807=CARTESIAN_POINT('',(-0.0510045042335987,0.0192904800974704,0.0161765357463692));
#8808=CARTESIAN_POINT('',(-0.0670045042335987,0.0192904800974704,0.0161765357463692));
#8809=CARTESIAN_POINT('',(-0.0670045042335987,0.0113053180713981,0.0156895168377286));
#8810=CARTESIAN_POINT('',(-0.0670045042335987,0.00332015604532583,0.0152024979290879));
#8811=CARTESIAN_POINT('',(-0.0590045042335987,0.00332015604532586,0.0152024979290879));
#8812=CARTESIAN_POINT('',(-0.0510045042335987,0.00332015604532586,0.0152024979290879));
#8813=CARTESIAN_POINT('',(-0.0510045042335987,0.0113053180713981,0.0156895168377286));
#8814=CARTESIAN_POINT('',(-0.0396557822823525,0.0192904800974704,0.0161765357463692));
#8815=CARTESIAN_POINT('',(-0.0316557822823525,0.0192904800974704,0.0161765357463692));
#8816=CARTESIAN_POINT('',(-0.0476557822823525,0.0192904800974704,0.0161765357463692));
#8817=CARTESIAN_POINT('',(-0.0476557822823525,0.0113053180713981,0.0156895168377286));
#8818=CARTESIAN_POINT('',(-0.0476557822823525,0.00332015604532584,0.0152024979290879));
#8819=CARTESIAN_POINT('',(-0.0396557822823525,0.00332015604532586,0.0152024979290879));
#8820=CARTESIAN_POINT('',(-0.0316557822823525,0.00332015604532586,0.0152024979290879));
#8821=CARTESIAN_POINT('',(-0.0316557822823525,0.0113053180713981,0.0156895168377286));
#8822=CARTESIAN_POINT('',(-0.0202933140099049,0.0192904800974704,0.0161765357463692));
#8823=CARTESIAN_POINT('',(-0.0122933140099049,0.0192904800974704,0.0161765357463692));
#8824=CARTESIAN_POINT('',(-0.0282933140099049,0.0192904800974704,0.0161765357463692));
#8825=CARTESIAN_POINT('',(-0.0282933140099049,0.0113053180713981,0.0156895168377286));
#8826=CARTESIAN_POINT('',(-0.0282933140099049,0.00332015604532589,0.0152024979290879));
#8827=CARTESIAN_POINT('',(-0.0202933140099049,0.00332015604532586,0.0152024979290879));
#8828=CARTESIAN_POINT('',(-0.0122933140099049,0.00332015604532586,0.0152024979290879));
#8829=CARTESIAN_POINT('',(-0.0122933140099049,0.0113053180713981,0.0156895168377286));
#8830=CARTESIAN_POINT('',(-0.0011421610834077,0.0192904800974704,0.0161765357463692));
#8831=CARTESIAN_POINT('',(0.0068578389165923,0.0192904800974704,0.0161765357463692));
#8832=CARTESIAN_POINT('',(-0.0091421610834077,0.0192904800974704,0.0161765357463692));
#8833=CARTESIAN_POINT('',(-0.0091421610834077,0.0113053180713981,0.0156895168377286));
#8834=CARTESIAN_POINT('',(-0.0091421610834077,0.00332015604532584,0.0152024979290879));
#8835=CARTESIAN_POINT('',(-0.0011421610834077,0.00332015604532586,0.0152024979290879));
#8836=CARTESIAN_POINT('',(0.0068578389165923,0.00332015604532587,0.0152024979290879));
#8837=CARTESIAN_POINT('',(0.0068578389165923,0.0113053180713981,0.0156895168377286));
#8838=CARTESIAN_POINT('',(0.0182530377060175,0.0192904800974704,0.0161765357463692));
#8839=CARTESIAN_POINT('',(0.0262530377060175,0.0192904800974704,0.0161765357463692));
#8840=CARTESIAN_POINT('',(0.0102530377060175,0.0192904800974704,0.0161765357463692));
#8841=CARTESIAN_POINT('',(0.0102530377060175,0.0113053180713981,0.0156895168377286));
#8842=CARTESIAN_POINT('',(0.0102530377060175,0.00332015604532586,0.0152024979290879));
#8843=CARTESIAN_POINT('',(0.0182530377060175,0.00332015604532586,0.0152024979290879));
#8844=CARTESIAN_POINT('',(0.0262530377060175,0.00332015604532587,0.0152024979290879));
#8845=CARTESIAN_POINT('',(0.0262530377060175,0.0113053180713981,0.0156895168377286));
#8846=CARTESIAN_POINT('',(0.0373527146875859,0.0192904800974704,0.0161765357463692));
#8847=CARTESIAN_POINT('',(0.0453527146875858,0.0192904800974704,0.0161765357463692));
#8848=CARTESIAN_POINT('',(0.0293527146875858,0.0192904800974704,0.0161765357463692));
#8849=CARTESIAN_POINT('',(0.0293527146875858,0.0113053180713981,0.0156895168377286));
#8850=CARTESIAN_POINT('',(0.0293527146875858,0.00332015604532586,0.0152024979290879));
#8851=CARTESIAN_POINT('',(0.0373527146875859,0.00332015604532587,0.0152024979290879));
#8852=CARTESIAN_POINT('',(0.0453527146875858,0.00332015604532587,0.0152024979290879));
#8853=CARTESIAN_POINT('',(0.0453527146875858,0.0113053180713981,0.0156895168377286));
#8854=CARTESIAN_POINT('',(0.0566525161266327,0.0192904800974704,0.0161765357463692));
#8855=CARTESIAN_POINT('',(0.0646525161266327,0.0192904800974704,0.0161765357463692));
#8856=CARTESIAN_POINT('',(0.0486525161266327,0.0192904800974704,0.0161765357463692));
#8857=CARTESIAN_POINT('',(0.0486525161266327,0.0113053180713981,0.0156895168377286));
#8858=CARTESIAN_POINT('',(0.0486525161266327,0.00332015604532586,0.0152024979290879));
#8859=CARTESIAN_POINT('',(0.0566525161266327,0.00332015604532586,0.0152024979290879));
#8860=CARTESIAN_POINT('',(0.0646525161266327,0.00332015604532586,0.0152024979290879));
#8861=CARTESIAN_POINT('',(0.0646525161266327,0.0113053180713981,0.0156895168377286));
#8862=CARTESIAN_POINT('',(0.0759715139865875,0.0192904800974704,0.0161765357463692));
#8863=CARTESIAN_POINT('',(0.0839715139865875,0.0192904800974704,0.0161765357463692));
#8864=CARTESIAN_POINT('',(0.0679715139865875,0.0192904800974704,0.0161765357463692));
#8865=CARTESIAN_POINT('',(0.0679715139865875,0.0113053180713981,0.0156895168377286));
#8866=CARTESIAN_POINT('',(0.0679715139865875,0.00332015604532586,0.0152024979290879));
#8867=CARTESIAN_POINT('',(0.0759715139865875,0.00332015604532586,0.0152024979290879));
#8868=CARTESIAN_POINT('',(0.0839715139865875,0.00332015604532587,0.0152024979290879));
#8869=CARTESIAN_POINT('',(0.0839715139865875,0.0113053180713981,0.0156895168377286));
#8870=CARTESIAN_POINT('',(0.095293901860714,0.0192904800974704,0.0161765357463692));
#8871=CARTESIAN_POINT('',(0.103293901860714,0.0192904800974704,0.0161765357463692));
#8872=CARTESIAN_POINT('',(0.087293901860714,0.0192904800974704,0.0161765357463692));
#8873=CARTESIAN_POINT('',(0.087293901860714,0.0113053180713981,0.0156895168377286));
#8874=CARTESIAN_POINT('',(0.087293901860714,0.00332015604532587,0.0152024979290879));
#8875=CARTESIAN_POINT('',(0.095293901860714,0.00332015604532587,0.0152024979290879));
#8876=CARTESIAN_POINT('',(0.103293901860714,0.00332015604532587,0.0152024979290879));
#8877=CARTESIAN_POINT('',(0.103293901860714,0.0113053180713981,0.0156895168377286));
#8878=CARTESIAN_POINT('',(-0.131107702851295,-0.000221663514287265,0.0149864806346495));
#8879=CARTESIAN_POINT('',(-0.123107702851295,-0.000221663514287277,0.0149864806346495));
#8880=CARTESIAN_POINT('',(-0.139107702851295,-0.000221663514287269,0.0149864806346495));
#8881=CARTESIAN_POINT('',(-0.139107702851295,-0.00820682554035952,0.0144994617260088));
#8882=CARTESIAN_POINT('',(-0.139107702851295,-0.0161919875664318,0.0140124428173682));
#8883=CARTESIAN_POINT('',(-0.131107702851295,-0.0161919875664318,0.0140124428173682));
#8884=CARTESIAN_POINT('',(-0.123107702851295,-0.0161919875664318,0.0140124428173682));
#8885=CARTESIAN_POINT('',(-0.123107702851295,-0.00820682554035959,0.0144994617260088));
#8886=CARTESIAN_POINT('',(-0.1069296002388,-0.000221663514287262,0.0149864806346495));
#8887=CARTESIAN_POINT('',(-0.0989296002388001,-0.000221663514287261,0.0149864806346495));
#8888=CARTESIAN_POINT('',(-0.1149296002388,-0.000221663514287257,0.0149864806346495));
#8889=CARTESIAN_POINT('',(-0.1149296002388,-0.00820682554035953,0.0144994617260088));
#8890=CARTESIAN_POINT('',(-0.1149296002388,-0.0161919875664318,0.0140124428173682));
#8891=CARTESIAN_POINT('',(-0.1069296002388,-0.0161919875664318,0.0140124428173682));
#8892=CARTESIAN_POINT('',(-0.0989296002388001,-0.0161919875664318,0.0140124428173682));
#8893=CARTESIAN_POINT('',(-0.0989296002388001,-0.00820682554035952,0.0144994617260088));
#8894=CARTESIAN_POINT('',(-0.0874525606632233,-0.000221663514287264,0.0149864806346495));
#8895=CARTESIAN_POINT('',(-0.0794525606632233,-0.000221663514287262,0.0149864806346495));
#8896=CARTESIAN_POINT('',(-0.0954525606632233,-0.000221663514287256,0.0149864806346495));
#8897=CARTESIAN_POINT('',(-0.0954525606632233,-0.00820682554035951,0.0144994617260088));
#8898=CARTESIAN_POINT('',(-0.0954525606632233,-0.0161919875664318,0.0140124428173682));
#8899=CARTESIAN_POINT('',(-0.0874525606632233,-0.0161919875664318,0.0140124428173682));
#8900=CARTESIAN_POINT('',(-0.0794525606632233,-0.0161919875664318,0.0140124428173682));
#8901=CARTESIAN_POINT('',(-0.0794525606632233,-0.00820682554035951,0.0144994617260088));
#8902=CARTESIAN_POINT('',(-0.0681789070367813,-0.000221663514287261,0.0149864806346495));
#8903=CARTESIAN_POINT('',(-0.0601789070367813,-0.00022166351428726,0.0149864806346495));
#8904=CARTESIAN_POINT('',(-0.0761789070367813,-0.000221663514287245,0.0149864806346495));
#8905=CARTESIAN_POINT('',(-0.0761789070367813,-0.00820682554035951,0.0144994617260088));
#8906=CARTESIAN_POINT('',(-0.0761789070367813,-0.0161919875664318,0.0140124428173682));
#8907=CARTESIAN_POINT('',(-0.0681789070367813,-0.0161919875664318,0.0140124428173682));
#8908=CARTESIAN_POINT('',(-0.0601789070367813,-0.0161919875664318,0.0140124428173682));
#8909=CARTESIAN_POINT('',(-0.0601789070367813,-0.00820682554035951,0.0144994617260088));
#8910=CARTESIAN_POINT('',(-0.0487424768507481,-0.000221663514287261,0.0149864806346495));
#8911=CARTESIAN_POINT('',(-0.0407424768507481,-0.00022166351428726,0.0149864806346495));
#8912=CARTESIAN_POINT('',(-0.0567424768507481,-0.000221663514287255,0.0149864806346495));
#8913=CARTESIAN_POINT('',(-0.0567424768507481,-0.00820682554035952,0.0144994617260088));
#8914=CARTESIAN_POINT('',(-0.0567424768507481,-0.0161919875664318,0.0140124428173682));
#8915=CARTESIAN_POINT('',(-0.0487424768507481,-0.0161919875664318,0.0140124428173682));
#8916=CARTESIAN_POINT('',(-0.0407424768507481,-0.0161919875664318,0.0140124428173682));
#8917=CARTESIAN_POINT('',(-0.0407424768507481,-0.00820682554035952,0.0144994617260088));
#8918=CARTESIAN_POINT('',(-0.0292103849351406,-0.000221663514287262,0.0149864806346495));
#8919=CARTESIAN_POINT('',(-0.0212103849351406,-0.000221663514287261,0.0149864806346495));
#8920=CARTESIAN_POINT('',(-0.0372103849351406,-0.000221663514287247,0.0149864806346495));
#8921=CARTESIAN_POINT('',(-0.0372103849351406,-0.00820682554035951,0.0144994617260088));
#8922=CARTESIAN_POINT('',(-0.0372103849351406,-0.0161919875664318,0.0140124428173682));
#8923=CARTESIAN_POINT('',(-0.0292103849351406,-0.0161919875664318,0.0140124428173682));
#8924=CARTESIAN_POINT('',(-0.0212103849351406,-0.0161919875664318,0.0140124428173682));
#8925=CARTESIAN_POINT('',(-0.0212103849351406,-0.00820682554035951,0.0144994617260088));
#8926=CARTESIAN_POINT('',(-0.00975607987493277,-0.000221663514287263,0.0149864806346495));
#8927=CARTESIAN_POINT('',(-0.00175607987493277,-0.000221663514287262,0.0149864806346495));
#8928=CARTESIAN_POINT('',(-0.0177560798749327,-0.000221663514287255,0.0149864806346495));
#8929=CARTESIAN_POINT('',(-0.0177560798749327,-0.00820682554035952,0.0144994617260088));
#8930=CARTESIAN_POINT('',(-0.0177560798749327,-0.0161919875664318,0.0140124428173682));
#8931=CARTESIAN_POINT('',(-0.00975607987493277,-0.0161919875664318,0.0140124428173682));
#8932=CARTESIAN_POINT('',(-0.00175607987493277,-0.0161919875664318,0.0140124428173682));
#8933=CARTESIAN_POINT('',(-0.00175607987493277,-0.00820682554035952,0.0144994617260088));
#8934=CARTESIAN_POINT('',(0.00955819897353649,-0.000221663514287264,0.0149864806346495));
#8935=CARTESIAN_POINT('',(0.0175581989735365,-0.000221663514287263,0.0149864806346495));
#8936=CARTESIAN_POINT('',(0.00155819897353649,-0.000221663514287252,0.0149864806346495));
#8937=CARTESIAN_POINT('',(0.00155819897353649,-0.00820682554035952,0.0144994617260088));
#8938=CARTESIAN_POINT('',(0.00155819897353649,-0.0161919875664318,0.0140124428173682));
#8939=CARTESIAN_POINT('',(0.00955819897353649,-0.0161919875664318,0.0140124428173682));
#8940=CARTESIAN_POINT('',(0.0175581989735365,-0.0161919875664318,0.0140124428173682));
#8941=CARTESIAN_POINT('',(0.0175581989735365,-0.00820682554035952,0.0144994617260088));
#8942=CARTESIAN_POINT('',(0.0290017370134592,-0.000221663514287262,0.0149864806346495));
#8943=CARTESIAN_POINT('',(0.0370017370134592,-0.000221663514287261,0.0149864806346495));
#8944=CARTESIAN_POINT('',(0.0210017370134592,-0.000221663514287247,0.0149864806346495));
#8945=CARTESIAN_POINT('',(0.0210017370134592,-0.00820682554035952,0.0144994617260088));
#8946=CARTESIAN_POINT('',(0.0210017370134592,-0.0161919875664318,0.0140124428173682));
#8947=CARTESIAN_POINT('',(0.0290017370134592,-0.0161919875664318,0.0140124428173682));
#8948=CARTESIAN_POINT('',(0.0370017370134592,-0.0161919875664318,0.0140124428173682));
#8949=CARTESIAN_POINT('',(0.0370017370134592,-0.00820682554035952,0.0144994617260088));
#8950=CARTESIAN_POINT('',(0.0482996739447117,-0.000221663514287261,0.0149864806346495));
#8951=CARTESIAN_POINT('',(0.0562996739447117,-0.00022166351428726,0.0149864806346495));
#8952=CARTESIAN_POINT('',(0.0402996739447117,-0.000221663514287252,0.0149864806346495));
#8953=CARTESIAN_POINT('',(0.0402996739447117,-0.00820682554035952,0.0144994617260088));
#8954=CARTESIAN_POINT('',(0.0402996739447117,-0.0161919875664318,0.0140124428173682));
#8955=CARTESIAN_POINT('',(0.0482996739447117,-0.0161919875664318,0.0140124428173682));
#8956=CARTESIAN_POINT('',(0.0562996739447117,-0.0161919875664318,0.0140124428173682));
#8957=CARTESIAN_POINT('',(0.0562996739447117,-0.00820682554035952,0.0144994617260088));
#8958=CARTESIAN_POINT('',(0.0674515813589096,-0.000221663514287262,0.0149864806346495));
#8959=CARTESIAN_POINT('',(0.0754515813589096,-0.000221663514287261,0.0149864806346495));
#8960=CARTESIAN_POINT('',(0.0594515813589096,-0.000221663514287252,0.0149864806346495));
#8961=CARTESIAN_POINT('',(0.0594515813589096,-0.00820682554035952,0.0144994617260088));
#8962=CARTESIAN_POINT('',(0.0594515813589096,-0.0161919875664318,0.0140124428173682));
#8963=CARTESIAN_POINT('',(0.0674515813589096,-0.0161919875664318,0.0140124428173682));
#8964=CARTESIAN_POINT('',(0.0754515813589096,-0.0161919875664318,0.0140124428173682));
#8965=CARTESIAN_POINT('',(0.0754515813589096,-0.00820682554035952,0.0144994617260088));
#8966=CARTESIAN_POINT('',(0.0867341905832291,-0.000221663514287263,0.0149864806346495));
#8967=CARTESIAN_POINT('',(0.0947341905832291,-0.000221663514287262,0.0149864806346495));
#8968=CARTESIAN_POINT('',(0.0787341905832291,-0.000221663514287245,0.0149864806346495));
#8969=CARTESIAN_POINT('',(0.0787341905832291,-0.00820682554035952,0.0144994617260088));
#8970=CARTESIAN_POINT('',(0.0787341905832291,-0.0161919875664318,0.0140124428173682));
#8971=CARTESIAN_POINT('',(0.0867341905832291,-0.0161919875664318,0.0140124428173682));
#8972=CARTESIAN_POINT('',(0.0947341905832291,-0.0161919875664318,0.0140124428173682));
#8973=CARTESIAN_POINT('',(0.0947341905832291,-0.00820682554035952,0.0144994617260088));
#8974=CARTESIAN_POINT('',(0.106273382902145,-0.00022166351428726,0.0149864806346495));
#8975=CARTESIAN_POINT('',(0.114273382902145,-0.000221663514287259,0.0149864806346495));
#8976=CARTESIAN_POINT('',(0.0982733829021454,-0.000221663514287248,0.0149864806346495));
#8977=CARTESIAN_POINT('',(0.0982733829021454,-0.00820682554035952,0.0144994617260088));
#8978=CARTESIAN_POINT('',(0.0982733829021454,-0.0161919875664318,0.0140124428173682));
#8979=CARTESIAN_POINT('',(0.106273382902145,-0.0161919875664318,0.0140124428173682));
#8980=CARTESIAN_POINT('',(0.114273382902145,-0.0161919875664318,0.0140124428173682));
#8981=CARTESIAN_POINT('',(0.114273382902145,-0.00820682554035952,0.0144994617260088));
#8982=CARTESIAN_POINT('',(0.130324706435204,-0.000221663514287267,0.0149864806346495));
#8983=CARTESIAN_POINT('',(0.138324706435204,-0.000221663514287266,0.0149864806346495));
#8984=CARTESIAN_POINT('',(0.122324706435204,-0.000221663514287255,0.0149864806346495));
#8985=CARTESIAN_POINT('',(0.122324706435204,-0.00820682554035953,0.0144994617260088));
#8986=CARTESIAN_POINT('',(0.122324706435204,-0.0161919875664318,0.0140124428173682));
#8987=CARTESIAN_POINT('',(0.130324706435204,-0.0161919875664318,0.0140124428173682));
#8988=CARTESIAN_POINT('',(0.138324706435204,-0.0161919875664318,0.0140124428173682));
#8989=CARTESIAN_POINT('',(0.138324706435204,-0.00820682554035952,0.0144994617260088));
#8990=CARTESIAN_POINT('',(-0.128664493560791,-0.0191578169318908,0.0138315554445053));
#8991=CARTESIAN_POINT('',(-0.120664493560791,-0.0191578169318908,0.0138315554445053));
#8992=CARTESIAN_POINT('',(-0.136664493560791,-0.0191578169318907,0.0138315554445053));
#8993=CARTESIAN_POINT('',(-0.136664493560791,-0.0271429789579631,0.0133445365358647));
#8994=CARTESIAN_POINT('',(-0.136664493560791,-0.0351281409840353,0.012857517627224));
#8995=CARTESIAN_POINT('',(-0.128664493560791,-0.0351281409840353,0.012857517627224));
#8996=CARTESIAN_POINT('',(-0.120664493560791,-0.0351281409840353,0.012857517627224));
#8997=CARTESIAN_POINT('',(-0.120664493560791,-0.0271429789579631,0.0133445365358647));
#8998=CARTESIAN_POINT('',(-0.102621532976627,-0.0191578169318908,0.0138315554445053));
#8999=CARTESIAN_POINT('',(-0.0946215329766274,-0.0191578169318908,0.0138315554445053));
#9000=CARTESIAN_POINT('',(-0.110621532976627,-0.0191578169318907,0.0138315554445053));
#9001=CARTESIAN_POINT('',(-0.110621532976627,-0.0271429789579631,0.0133445365358647));
#9002=CARTESIAN_POINT('',(-0.110621532976627,-0.0351281409840353,0.012857517627224));
#9003=CARTESIAN_POINT('',(-0.102621532976627,-0.0351281409840353,0.012857517627224));
#9004=CARTESIAN_POINT('',(-0.0946215329766274,-0.0351281409840353,0.012857517627224));
#9005=CARTESIAN_POINT('',(-0.0946215329766274,-0.0271429789579631,0.0133445365358647));
#9006=CARTESIAN_POINT('',(-0.0833299532532692,-0.0191578169318908,0.0138315554445053));
#9007=CARTESIAN_POINT('',(-0.0753299532532692,-0.0191578169318908,0.0138315554445053));
#9008=CARTESIAN_POINT('',(-0.0913299532532692,-0.0191578169318907,0.0138315554445053));
#9009=CARTESIAN_POINT('',(-0.0913299532532692,-0.0271429789579631,0.0133445365358647));
#9010=CARTESIAN_POINT('',(-0.0913299532532692,-0.0351281409840353,0.012857517627224));
#9011=CARTESIAN_POINT('',(-0.0833299532532692,-0.0351281409840353,0.012857517627224));
#9012=CARTESIAN_POINT('',(-0.0753299532532692,-0.0351281409840353,0.012857517627224));
#9013=CARTESIAN_POINT('',(-0.0753299532532692,-0.0271429789579631,0.0133445365358647));
#9014=CARTESIAN_POINT('',(-0.0448855161666871,-0.0191578169318907,0.0138315554445053));
#9015=CARTESIAN_POINT('',(-0.0368855161666871,-0.0191578169318907,0.0138315554445053));
#9016=CARTESIAN_POINT('',(-0.052885516166687,-0.0191578169318907,0.0138315554445053));
#9017=CARTESIAN_POINT('',(-0.052885516166687,-0.0271429789579631,0.0133445365358647));
#9018=CARTESIAN_POINT('',(-0.052885516166687,-0.0351281409840353,0.012857517627224));
#9019=CARTESIAN_POINT('',(-0.0448855161666871,-0.0351281409840353,0.012857517627224));
#9020=CARTESIAN_POINT('',(-0.0368855161666871,-0.0351281409840353,0.012857517627224));
#9021=CARTESIAN_POINT('',(-0.0368855161666871,-0.0271429789579631,0.0133445365358647));
#9022=CARTESIAN_POINT('',(-0.0257799942046404,-0.0191578169318907,0.0138315554445053));
#9023=CARTESIAN_POINT('',(-0.0177799942046404,-0.0191578169318907,0.0138315554445053));
#9024=CARTESIAN_POINT('',(-0.0337799942046404,-0.0191578169318907,0.0138315554445053));
#9025=CARTESIAN_POINT('',(-0.0337799942046404,-0.027142978957963,0.0133445365358647));
#9026=CARTESIAN_POINT('',(-0.0337799942046404,-0.0351281409840353,0.012857517627224));
#9027=CARTESIAN_POINT('',(-0.0257799942046404,-0.0351281409840353,0.012857517627224));
#9028=CARTESIAN_POINT('',(-0.0177799942046404,-0.0351281409840353,0.012857517627224));
#9029=CARTESIAN_POINT('',(-0.0177799942046404,-0.027142978957963,0.0133445365358647));
#9030=CARTESIAN_POINT('',(-0.00649108644574883,-0.0191578169318907,0.0138315554445053));
#9031=CARTESIAN_POINT('',(0.00150891355425117,-0.0191578169318907,0.0138315554445053));
#9032=CARTESIAN_POINT('',(-0.0144910864457488,-0.0191578169318907,0.0138315554445053));
#9033=CARTESIAN_POINT('',(-0.0144910864457488,-0.0271429789579631,0.0133445365358647));
#9034=CARTESIAN_POINT('',(-0.0144910864457488,-0.0351281409840353,0.012857517627224));
#9035=CARTESIAN_POINT('',(-0.00649108644574883,-0.0351281409840353,0.012857517627224));
#9036=CARTESIAN_POINT('',(0.00150891355425117,-0.0351281409840353,0.012857517627224));
#9037=CARTESIAN_POINT('',(0.00150891355425117,-0.0271429789579631,0.0133445365358647));
#9038=CARTESIAN_POINT('',(0.0128851812332868,-0.0191578169318907,0.0138315554445053));
#9039=CARTESIAN_POINT('',(0.0208851812332869,-0.0191578169318907,0.0138315554445053));
#9040=CARTESIAN_POINT('',(0.00488518123328684,-0.0191578169318907,0.0138315554445053));
#9041=CARTESIAN_POINT('',(0.00488518123328684,-0.027142978957963,0.0133445365358647));
#9042=CARTESIAN_POINT('',(0.00488518123328685,-0.0351281409840353,0.012857517627224));
#9043=CARTESIAN_POINT('',(0.0128851812332868,-0.0351281409840353,0.012857517627224));
#9044=CARTESIAN_POINT('',(0.0208851812332869,-0.0351281409840353,0.012857517627224));
#9045=CARTESIAN_POINT('',(0.0208851812332869,-0.027142978957963,0.0133445365358647));
#9046=CARTESIAN_POINT('',(0.0320171006023884,-0.0191578169318907,0.0138315554445053));
#9047=CARTESIAN_POINT('',(0.0400171006023884,-0.0191578169318907,0.0138315554445053));
#9048=CARTESIAN_POINT('',(0.0240171006023884,-0.0191578169318907,0.0138315554445053));
#9049=CARTESIAN_POINT('',(0.0240171006023884,-0.0271429789579631,0.0133445365358647));
#9050=CARTESIAN_POINT('',(0.0240171006023884,-0.0351281409840353,0.012857517627224));
#9051=CARTESIAN_POINT('',(0.0320171006023884,-0.0351281409840353,0.012857517627224));
#9052=CARTESIAN_POINT('',(0.0400171006023884,-0.0351281409840353,0.012857517627224));
#9053=CARTESIAN_POINT('',(0.0400171006023884,-0.0271429789579631,0.0133445365358647));
#9054=CARTESIAN_POINT('',(0.0512195080518723,-0.0191578169318907,0.0138315554445053));
#9055=CARTESIAN_POINT('',(0.0592195080518723,-0.0191578169318907,0.0138315554445053));
#9056=CARTESIAN_POINT('',(0.0432195080518722,-0.0191578169318907,0.0138315554445053));
#9057=CARTESIAN_POINT('',(0.0432195080518722,-0.0271429789579631,0.0133445365358647));
#9058=CARTESIAN_POINT('',(0.0432195080518722,-0.0351281409840353,0.012857517627224));
#9059=CARTESIAN_POINT('',(0.0512195080518723,-0.0351281409840353,0.012857517627224));
#9060=CARTESIAN_POINT('',(0.0592195080518723,-0.0351281409840353,0.012857517627224));
#9061=CARTESIAN_POINT('',(0.0592195080518723,-0.0271429789579631,0.0133445365358647));
#9062=CARTESIAN_POINT('',(0.0703911930322647,-0.0191578169318907,0.0138315554445053));
#9063=CARTESIAN_POINT('',(0.0783911930322647,-0.0191578169318907,0.0138315554445053));
#9064=CARTESIAN_POINT('',(0.0623911930322647,-0.0191578169318907,0.0138315554445053));
#9065=CARTESIAN_POINT('',(0.0623911930322647,-0.0271429789579631,0.0133445365358647));
#9066=CARTESIAN_POINT('',(0.0623911930322647,-0.0351281409840353,0.012857517627224));
#9067=CARTESIAN_POINT('',(0.0703911930322647,-0.0351281409840353,0.012857517627224));
#9068=CARTESIAN_POINT('',(0.0783911930322647,-0.0351281409840353,0.012857517627224));
#9069=CARTESIAN_POINT('',(0.0783911930322647,-0.0271429789579631,0.0133445365358647));
#9070=CARTESIAN_POINT('',(0.0895992442965508,-0.0191578169318907,0.0138315554445053));
#9071=CARTESIAN_POINT('',(0.0975992442965508,-0.0191578169318907,0.0138315554445053));
#9072=CARTESIAN_POINT('',(0.0815992442965508,-0.0191578169318907,0.0138315554445053));
#9073=CARTESIAN_POINT('',(0.0815992442965508,-0.027142978957963,0.0133445365358647));
#9074=CARTESIAN_POINT('',(0.0815992442965508,-0.0351281409840353,0.012857517627224));
#9075=CARTESIAN_POINT('',(0.0895992442965508,-0.0351281409840353,0.012857517627224));
#9076=CARTESIAN_POINT('',(0.0975992442965508,-0.0351281409840353,0.012857517627224));
#9077=CARTESIAN_POINT('',(0.0975992442965508,-0.0271429789579631,0.0133445365358647));
#9078=CARTESIAN_POINT('',(-0.0929346457123757,-0.0386258068848971,0.0126441932858687));
#9079=CARTESIAN_POINT('',(-0.0849346457123757,-0.0386258068848971,0.0126441932858687));
#9080=CARTESIAN_POINT('',(-0.100934645712376,-0.0386258068848971,0.0126441932858687));
#9081=CARTESIAN_POINT('',(-0.100934645712376,-0.0466109689109693,0.012157174377228));
#9082=CARTESIAN_POINT('',(-0.100934645712376,-0.0545961309370416,0.0116701554685874));
#9083=CARTESIAN_POINT('',(-0.0929346457123757,-0.0545961309370416,0.0116701554685874));
#9084=CARTESIAN_POINT('',(-0.0849346457123757,-0.0545961309370416,0.0116701554685874));
#9085=CARTESIAN_POINT('',(-0.0849346457123757,-0.0466109689109693,0.012157174377228));
#9086=CARTESIAN_POINT('',(-0.0736910477280617,-0.0386258068848971,0.0126441932858687));
#9087=CARTESIAN_POINT('',(-0.0656910477280617,-0.0386258068848971,0.0126441932858687));
#9088=CARTESIAN_POINT('',(-0.0816910477280617,-0.0386258068848971,0.0126441932858687));
#9089=CARTESIAN_POINT('',(-0.0816910477280617,-0.0466109689109693,0.012157174377228));
#9090=CARTESIAN_POINT('',(-0.0816910477280617,-0.0545961309370416,0.0116701554685874));
#9091=CARTESIAN_POINT('',(-0.0736910477280617,-0.0545961309370416,0.0116701554685874));
#9092=CARTESIAN_POINT('',(-0.0656910477280617,-0.0545961309370416,0.0116701554685874));
#9093=CARTESIAN_POINT('',(-0.0656910477280617,-0.0466109689109693,0.012157174377228));
#9094=CARTESIAN_POINT('',(-0.0544789806008339,-0.0386258068848971,0.0126441932858687));
#9095=CARTESIAN_POINT('',(-0.0464789806008339,-0.0386258068848971,0.0126441932858687));
#9096=CARTESIAN_POINT('',(-0.0624789806008339,-0.0386258068848971,0.0126441932858687));
#9097=CARTESIAN_POINT('',(-0.0624789806008339,-0.0466109689109693,0.012157174377228));
#9098=CARTESIAN_POINT('',(-0.0624789806008339,-0.0545961309370416,0.0116701554685874));
#9099=CARTESIAN_POINT('',(-0.0544789806008339,-0.0545961309370416,0.0116701554685874));
#9100=CARTESIAN_POINT('',(-0.0464789806008339,-0.0545961309370416,0.0116701554685874));
#9101=CARTESIAN_POINT('',(-0.0464789806008339,-0.0466109689109693,0.012157174377228));
#9102=CARTESIAN_POINT('',(-0.0353286191821098,-0.0386258068848971,0.0126441932858687));
#9103=CARTESIAN_POINT('',(-0.0273286191821098,-0.0386258068848971,0.0126441932858687));
#9104=CARTESIAN_POINT('',(-0.0433286191821098,-0.0386258068848971,0.0126441932858687));
#9105=CARTESIAN_POINT('',(-0.0433286191821098,-0.0466109689109693,0.012157174377228));
#9106=CARTESIAN_POINT('',(-0.0433286191821098,-0.0545961309370416,0.0116701554685874));
#9107=CARTESIAN_POINT('',(-0.0353286191821098,-0.0545961309370416,0.0116701554685874));
#9108=CARTESIAN_POINT('',(-0.0273286191821098,-0.0545961309370416,0.0116701554685874));
#9109=CARTESIAN_POINT('',(-0.0273286191821098,-0.0466109689109693,0.012157174377228));
#9110=CARTESIAN_POINT('',(-0.0161493625491857,-0.0386258068848971,0.0126441932858687));
#9111=CARTESIAN_POINT('',(-0.00814936254918577,-0.0386258068848971,0.0126441932858687));
#9112=CARTESIAN_POINT('',(-0.0241493625491857,-0.0386258068848971,0.0126441932858687));
#9113=CARTESIAN_POINT('',(-0.0241493625491857,-0.0466109689109693,0.012157174377228));
#9114=CARTESIAN_POINT('',(-0.0241493625491857,-0.0545961309370416,0.0116701554685874));
#9115=CARTESIAN_POINT('',(-0.0161493625491857,-0.0545961309370416,0.0116701554685874));
#9116=CARTESIAN_POINT('',(-0.00814936254918576,-0.0545961309370416,0.0116701554685874));
#9117=CARTESIAN_POINT('',(-0.00814936254918577,-0.0466109689109693,0.012157174377228));
#9118=CARTESIAN_POINT('',(0.00302575202658772,-0.0386258068848971,0.0126441932858687));
#9119=CARTESIAN_POINT('',(0.0110257520265877,-0.0386258068848971,0.0126441932858687));
#9120=CARTESIAN_POINT('',(-0.00497424797341229,-0.0386258068848971,0.0126441932858687));
#9121=CARTESIAN_POINT('',(-0.00497424797341229,-0.0466109689109693,0.012157174377228));
#9122=CARTESIAN_POINT('',(-0.00497424797341229,-0.0545961309370416,0.0116701554685874));
#9123=CARTESIAN_POINT('',(0.00302575202658771,-0.0545961309370416,0.0116701554685874));
#9124=CARTESIAN_POINT('',(0.0110257520265877,-0.0545961309370416,0.0116701554685874));
#9125=CARTESIAN_POINT('',(0.0110257520265877,-0.0466109689109693,0.012157174377228));
#9126=CARTESIAN_POINT('',(0.022187190130353,-0.0386258068848971,0.0126441932858687));
#9127=CARTESIAN_POINT('',(0.030187190130353,-0.0386258068848971,0.0126441932858687));
#9128=CARTESIAN_POINT('',(0.014187190130353,-0.0386258068848971,0.0126441932858687));
#9129=CARTESIAN_POINT('',(0.014187190130353,-0.0466109689109693,0.012157174377228));
#9130=CARTESIAN_POINT('',(0.014187190130353,-0.0545961309370416,0.0116701554685874));
#9131=CARTESIAN_POINT('',(0.022187190130353,-0.0545961309370416,0.0116701554685874));
#9132=CARTESIAN_POINT('',(0.030187190130353,-0.0545961309370416,0.0116701554685874));
#9133=CARTESIAN_POINT('',(0.030187190130353,-0.0466109689109693,0.012157174377228));
#9134=CARTESIAN_POINT('',(0.0413842238485813,-0.0386258068848971,0.0126441932858687));
#9135=CARTESIAN_POINT('',(0.0493842238485813,-0.0386258068848971,0.0126441932858687));
#9136=CARTESIAN_POINT('',(0.0333842238485813,-0.0386258068848971,0.0126441932858687));
#9137=CARTESIAN_POINT('',(0.0333842238485813,-0.0466109689109693,0.012157174377228));
#9138=CARTESIAN_POINT('',(0.0333842238485813,-0.0545961309370416,0.0116701554685874));
#9139=CARTESIAN_POINT('',(0.0413842238485813,-0.0545961309370416,0.0116701554685874));
#9140=CARTESIAN_POINT('',(0.0493842238485813,-0.0545961309370416,0.0116701554685874));
#9141=CARTESIAN_POINT('',(0.0493842238485813,-0.0466109689109693,0.012157174377228));
#9142=CARTESIAN_POINT('',(0.0606396496295929,-0.0386258068848971,0.0126441932858687));
#9143=CARTESIAN_POINT('',(0.0686396496295929,-0.0386258068848971,0.0126441932858687));
#9144=CARTESIAN_POINT('',(0.0526396496295929,-0.0386258068848971,0.0126441932858687));
#9145=CARTESIAN_POINT('',(0.0526396496295929,-0.0466109689109693,0.012157174377228));
#9146=CARTESIAN_POINT('',(0.0526396496295929,-0.0545961309370416,0.0116701554685874));
#9147=CARTESIAN_POINT('',(0.0606396496295929,-0.0545961309370416,0.0116701554685874));
#9148=CARTESIAN_POINT('',(0.0686396496295929,-0.0545961309370416,0.0116701554685874));
#9149=CARTESIAN_POINT('',(0.0686396496295929,-0.0466109689109693,0.012157174377228));
#9150=CARTESIAN_POINT('',(0.0797537490725517,-0.0386258068848971,0.0126441932858687));
#9151=CARTESIAN_POINT('',(0.0877537490725517,-0.0386258068848971,0.0126441932858687));
#9152=CARTESIAN_POINT('',(0.0717537490725517,-0.0386258068848971,0.0126441932858687));
#9153=CARTESIAN_POINT('',(0.0717537490725517,-0.0466109689109693,0.012157174377228));
#9154=CARTESIAN_POINT('',(0.0717537490725517,-0.0545961309370416,0.0116701554685874));
#9155=CARTESIAN_POINT('',(0.0797537490725517,-0.0545961309370416,0.0116701554685874));
#9156=CARTESIAN_POINT('',(0.0877537490725517,-0.0545961309370416,0.0116701554685874));
#9157=CARTESIAN_POINT('',(0.0877537490725517,-0.0466109689109693,0.012157174377228));
#9158=CARTESIAN_POINT('',(-0.13340125977993,-0.0577460940776535,0.0114780376873839));
#9159=CARTESIAN_POINT('',(-0.12540125977993,-0.0577460940776535,0.0114780376873839));
#9160=CARTESIAN_POINT('',(-0.14140125977993,-0.0577460940776535,0.0114780376873839));
#9161=CARTESIAN_POINT('',(-0.14140125977993,-0.0657312561037257,0.0109910187787432));
#9162=CARTESIAN_POINT('',(-0.14140125977993,-0.073716418129798,0.0105039998701026));
#9163=CARTESIAN_POINT('',(-0.13340125977993,-0.073716418129798,0.0105039998701026));
#9164=CARTESIAN_POINT('',(-0.12540125977993,-0.073716418129798,0.0105039998701026));
#9165=CARTESIAN_POINT('',(-0.12540125977993,-0.0657312561037257,0.0109910187787432));
#9166=CARTESIAN_POINT('',(-0.10958343744278,-0.0577460940776535,0.0114780376873839));
#9167=CARTESIAN_POINT('',(-0.10158343744278,-0.0577460940776535,0.0114780376873839));
#9168=CARTESIAN_POINT('',(-0.11758343744278,-0.0577460940776535,0.0114780376873839));
#9169=CARTESIAN_POINT('',(-0.11758343744278,-0.0657312561037257,0.0109910187787432));
#9170=CARTESIAN_POINT('',(-0.11758343744278,-0.073716418129798,0.0105039998701026));
#9171=CARTESIAN_POINT('',(-0.10958343744278,-0.073716418129798,0.0105039998701026));
#9172=CARTESIAN_POINT('',(-0.10158343744278,-0.073716418129798,0.0105039998701026));
#9173=CARTESIAN_POINT('',(-0.10158343744278,-0.0657312561037257,0.0109910187787432));
#9174=CARTESIAN_POINT('',(-0.0857423469424248,-0.0577460940776535,0.0114780376873839));
#9175=CARTESIAN_POINT('',(-0.0777423469424248,-0.0577460940776535,0.0114780376873839));
#9176=CARTESIAN_POINT('',(-0.0937423469424248,-0.0577460940776535,0.0114780376873839));
#9177=CARTESIAN_POINT('',(-0.0937423469424248,-0.0657312561037257,0.0109910187787432));
#9178=CARTESIAN_POINT('',(-0.0937423469424248,-0.073716418129798,0.0105039998701026));
#9179=CARTESIAN_POINT('',(-0.0857423469424248,-0.073716418129798,0.0105039998701026));
#9180=CARTESIAN_POINT('',(-0.0777423469424248,-0.073716418129798,0.0105039998701026));
#9181=CARTESIAN_POINT('',(-0.0777423469424248,-0.0657312561037257,0.0109910187787432));
#9182=CARTESIAN_POINT('',(0.0573167018592358,-0.0577460940776535,0.0114780376873839));
#9183=CARTESIAN_POINT('',(0.0653167018592358,-0.0577460940776535,0.0114780376873839));
#9184=CARTESIAN_POINT('',(0.0493167018592358,-0.0577460940776535,0.0114780376873839));
#9185=CARTESIAN_POINT('',(0.0493167018592358,-0.0657312561037257,0.0109910187787432));
#9186=CARTESIAN_POINT('',(0.0493167018592358,-0.073716418129798,0.0105039998701026));
#9187=CARTESIAN_POINT('',(0.0573167018592358,-0.073716418129798,0.0105039998701026));
#9188=CARTESIAN_POINT('',(0.0653167018592358,-0.073716418129798,0.0105039998701026));
#9189=CARTESIAN_POINT('',(0.0653167018592358,-0.0657312561037257,0.0109910187787432));
#9190=CARTESIAN_POINT('',(0.081152468919754,-0.0577460940776535,0.0114780376873839));
#9191=CARTESIAN_POINT('',(0.089152468919754,-0.0577460940776535,0.0114780376873839));
#9192=CARTESIAN_POINT('',(0.073152468919754,-0.0577460940776535,0.0114780376873839));
#9193=CARTESIAN_POINT('',(0.073152468919754,-0.0657312561037257,0.0109910187787432));
#9194=CARTESIAN_POINT('',(0.073152468919754,-0.073716418129798,0.0105039998701026));
#9195=CARTESIAN_POINT('',(0.081152468919754,-0.073716418129798,0.0105039998701026));
#9196=CARTESIAN_POINT('',(0.089152468919754,-0.073716418129798,0.0105039998701026));
#9197=CARTESIAN_POINT('',(0.089152468919754,-0.0657312561037257,0.0109910187787432));
#9198=CARTESIAN_POINT('',(0.105160921812057,-0.0577460940776535,0.0114780376873839));
#9199=CARTESIAN_POINT('',(0.113160921812057,-0.0577460940776535,0.0114780376873839));
#9200=CARTESIAN_POINT('',(0.0971609218120575,-0.0577460940776535,0.0114780376873839));
#9201=CARTESIAN_POINT('',(0.0971609218120575,-0.0657312561037257,0.0109910187787432));
#9202=CARTESIAN_POINT('',(0.0971609218120575,-0.073716418129798,0.0105039998701026));
#9203=CARTESIAN_POINT('',(0.105160921812057,-0.073716418129798,0.0105039998701026));
#9204=CARTESIAN_POINT('',(0.113160921812057,-0.073716418129798,0.0105039998701026));
#9205=CARTESIAN_POINT('',(0.113160921812057,-0.0657312561037257,0.0109910187787432));
#9206=CARTESIAN_POINT('',(0.128980159759521,-0.0577460940776535,0.0114780376873839));
#9207=CARTESIAN_POINT('',(0.136980159759521,-0.0577460940776535,0.0114780376873839));
#9208=CARTESIAN_POINT('',(0.120980159759521,-0.0577460940776535,0.0114780376873839));
#9209=CARTESIAN_POINT('',(0.120980159759521,-0.0657312561037257,0.0109910187787432));
#9210=CARTESIAN_POINT('',(0.120980159759521,-0.073716418129798,0.0105039998701026));
#9211=CARTESIAN_POINT('',(0.128980159759521,-0.073716418129798,0.0105039998701026));
#9212=CARTESIAN_POINT('',(0.136980159759521,-0.073716418129798,0.0105039998701026));
#9213=CARTESIAN_POINT('',(0.136980159759521,-0.0657312561037257,0.0109910187787432));
#9214=CARTESIAN_POINT('',(0.0316171006023884,-0.0567632900907275,0.0115379793796824));
#9215=CARTESIAN_POINT('',(0.0316171006023884,-0.0557804861038015,0.0115979210719809));
#9216=CARTESIAN_POINT('',(0.0316171006023884,-0.0577460940776535,0.0114780376873839));
#9217=CARTESIAN_POINT('',(-0.0412205497696996,-0.0577460940776535,0.0114780376873839));
#9218=CARTESIAN_POINT('',(-0.0601322501897812,-0.0577460940776535,0.0114780376873839));
#9219=CARTESIAN_POINT('',(-0.0601322501897812,-0.0569788007554956,0.0115248352796112));
#9220=CARTESIAN_POINT('',(-0.0601322501897812,-0.0562115074333377,0.0115716328718384));
#9221=CARTESIAN_POINT('',(-0.0641803108155728,-0.0562115074333377,0.0115716328718384));
#9222=CARTESIAN_POINT('',(-0.0682283714413643,-0.0562115074333377,0.0115716328718384));
#9223=CARTESIAN_POINT('',(-0.0682283714413643,-0.0664643301239621,0.0109463082383531));
#9224=CARTESIAN_POINT('',(-0.0682283714413643,-0.0767171528145865,0.0103209836048679));
#9225=CARTESIAN_POINT('',(-0.0641803108155728,-0.0767171528145865,0.0103209836048679));
#9226=CARTESIAN_POINT('',(-0.0601322501897812,-0.0767171528145865,0.0103209836048679));
#9227=CARTESIAN_POINT('',(-0.0601322501897812,-0.0752167854721922,0.0104124917374852));
#9228=CARTESIAN_POINT('',(-0.0601322501897812,-0.073716418129798,0.0105039998701026));
#9229=CARTESIAN_POINT('',(0.0126541256263852,-0.073716418129798,0.0105039998701026));
#9230=CARTESIAN_POINT('',(0.0316171006023884,-0.073716418129798,0.0105039998701026));
#9231=CARTESIAN_POINT('',(0.0316171006023884,-0.0750012748074241,0.0104256358375565));
#9232=CARTESIAN_POINT('',(0.0316171006023884,-0.0762861314850502,0.0103472718050104));
#9233=CARTESIAN_POINT('',(0.0356651612281799,-0.0762861314850502,0.0103472718050104));
#9234=CARTESIAN_POINT('',(0.0397132218539714,-0.0762861314850502,0.0103472718050104));
#9235=CARTESIAN_POINT('',(0.0397132218539714,-0.0660333087944258,0.0109725964384956));
#9236=CARTESIAN_POINT('',(0.0397132218539714,-0.0557804861038015,0.0115979210719809));
#9237=CARTESIAN_POINT('',(0.0356651612281799,-0.0557804861038015,0.0115979210719809));
#9238=CARTESIAN_POINT('',(0.128664253845215,-0.0186954320918887,0.0138597565203776));
#9239=CARTESIAN_POINT('',(0.128664253845215,-0.0182330472518867,0.0138879575962499));
#9240=CARTESIAN_POINT('',(0.128664253845215,-0.0191578169318907,0.0138315554445053));
#9241=CARTESIAN_POINT('',(0.120608373820782,-0.0191578169318907,0.0138315554445053));
#9242=CARTESIAN_POINT('',(0.112644270062447,-0.0191578169318907,0.0138315554445053));
#9243=CARTESIAN_POINT('',(0.112644270062447,-0.0186954320918887,0.0138597565203776));
#9244=CARTESIAN_POINT('',(0.112644270062447,-0.0182330472518867,0.0138879575962499));
#9245=CARTESIAN_POINT('',(0.1087879948318,-0.0182330472518867,0.0138879575962499));
#9246=CARTESIAN_POINT('',(0.104931719601154,-0.0182330472518867,0.0138879575962499));
#9247=CARTESIAN_POINT('',(0.104931719601154,-0.0274977558405062,0.0133228985215598));
#9248=CARTESIAN_POINT('',(0.104931719601154,-0.0367624644291256,0.0127578394468696));
#9249=CARTESIAN_POINT('',(0.102371457964182,-0.0367624644291256,0.0127578394468696));
#9250=CARTESIAN_POINT('',(0.0998111963272095,-0.0367624644291256,0.0127578394468696));
#9251=CARTESIAN_POINT('',(0.0998111963272095,-0.0470653632801177,0.0121294606440524));
#9252=CARTESIAN_POINT('',(0.0998111963272095,-0.0573682621311098,0.0115010818412351));
#9253=CARTESIAN_POINT('',(0.103915438055992,-0.0573682621311098,0.0115010818412351));
#9254=CARTESIAN_POINT('',(0.108019679784775,-0.0573682621311098,0.0115010818412351));
#9255=CARTESIAN_POINT('',(0.108019679784775,-0.0559821965340757,0.0115856186549112));
#9256=CARTESIAN_POINT('',(0.108019679784775,-0.0545961309370416,0.0116701554685874));
#9257=CARTESIAN_POINT('',(0.115751334092617,-0.0545961309370416,0.0116701554685874));
#9258=CARTESIAN_POINT('',(0.123482988400459,-0.0545961309370416,0.0116701554685874));
#9259=CARTESIAN_POINT('',(0.123482988400459,-0.0559821965340759,0.0115856186549112));
#9260=CARTESIAN_POINT('',(0.123482988400459,-0.0573682621311103,0.011501081841235));
#9261=CARTESIAN_POINT('',(0.127587230129242,-0.0573682621311103,0.011501081841235));
#9262=CARTESIAN_POINT('',(0.131691471858025,-0.0573682621311103,0.011501081841235));
#9263=CARTESIAN_POINT('',(0.131691471858025,-0.0477439974766973,0.0120880704149367));
#9264=CARTESIAN_POINT('',(0.131691471858025,-0.0381197328222843,0.0126750589886384));
#9265=CARTESIAN_POINT('',(0.134034138082266,-0.0381197328222843,0.0126750589886384));
#9266=CARTESIAN_POINT('',(0.136376804306507,-0.0381197328222843,0.0126750589886384));
#9267=CARTESIAN_POINT('',(0.136376804306507,-0.0281763900370855,0.0132815082924442));
#9268=CARTESIAN_POINT('',(0.136376804306507,-0.0182330472518867,0.0138879575962499));
#9269=CARTESIAN_POINT('',(0.132520529075861,-0.0182330472518867,0.0138879575962499));
#9270=CARTESIAN_POINT('',(-0.1160296002388,-0.0378157163403363,0.0126936011014677));
#9271=CARTESIAN_POINT('',(-0.1160296002388,-0.0371445847028604,0.0127345337458612));
#9272=CARTESIAN_POINT('',(-0.1160296002388,-0.0384868479778122,0.0126526684570742));
#9273=CARTESIAN_POINT('',(-0.123824914264679,-0.0384868479778122,0.0126526684570742));
#9274=CARTESIAN_POINT('',(-0.131620228290558,-0.0384868479778122,0.0126526684570742));
#9275=CARTESIAN_POINT('',(-0.131620228290558,-0.0378157163403363,0.0126936011014677));
#9276=CARTESIAN_POINT('',(-0.131620228290558,-0.0371445847028604,0.0127345337458612));
#9277=CARTESIAN_POINT('',(-0.135690495371819,-0.0371445847028604,0.0127345337458612));
#9278=CARTESIAN_POINT('',(-0.139760762453079,-0.0371445847028604,0.0127345337458612));
#9279=CARTESIAN_POINT('',(-0.139760762453079,-0.0472172439029126,0.0121201973711324));
#9280=CARTESIAN_POINT('',(-0.139760762453079,-0.0572899031029647,0.0115058609964037));
#9281=CARTESIAN_POINT('',(-0.135690495371819,-0.0572899031029647,0.0115058609964037));
#9282=CARTESIAN_POINT('',(-0.131620228290558,-0.0572899031029647,0.0115058609964037));
#9283=CARTESIAN_POINT('',(-0.131620228290558,-0.0558735375664607,0.0115922458180983));
#9284=CARTESIAN_POINT('',(-0.131620228290558,-0.0544571720299567,0.0116786306397928));
#9285=CARTESIAN_POINT('',(-0.123824914264679,-0.0544571720299567,0.0116786306397928));
#9286=CARTESIAN_POINT('',(-0.1160296002388,-0.0544571720299567,0.0116786306397928));
#9287=CARTESIAN_POINT('',(-0.1160296002388,-0.0558735375664607,0.0115922458180983));
#9288=CARTESIAN_POINT('',(-0.1160296002388,-0.0572899031029647,0.0115058609964037));
#9289=CARTESIAN_POINT('',(-0.111959333157539,-0.0572899031029647,0.0115058609964037));
#9290=CARTESIAN_POINT('',(-0.107889066076279,-0.0572899031029647,0.0115058609964037));
#9291=CARTESIAN_POINT('',(-0.107889066076279,-0.0472172439029126,0.0121201973711324));
#9292=CARTESIAN_POINT('',(-0.107889066076279,-0.0371445847028604,0.0127345337458612));
#9293=CARTESIAN_POINT('',(-0.111959333157539,-0.0371445847028604,0.0127345337458612));
#9294=CARTESIAN_POINT('',(-0.0560279352664948,-0.027142978957963,0.0133445365358647));
#9295=CARTESIAN_POINT('',(-0.0560279352664948,-0.0351281409840353,0.012857517627224));
#9296=CARTESIAN_POINT('',(-0.0560279352664948,-0.0191578169318908,0.0138315554445053));
#9297=CARTESIAN_POINT('',(-0.0640279352664948,-0.0191578169318908,0.0138315554445053));
#9298=CARTESIAN_POINT('',(-0.0720279352664948,-0.0191578169318907,0.0138315554445053));
#9299=CARTESIAN_POINT('',(-0.0720279352664948,-0.027142978957963,0.0133445365358647));
#9300=CARTESIAN_POINT('',(-0.0720279352664948,-0.0351281409840353,0.012857517627224));
#9301=CARTESIAN_POINT('',(-0.0640279352664948,-0.0351281409840353,0.012857517627224));
#9302=CARTESIAN_POINT('',(0.13209833548665,0.0200864764936767,0.0162250839530176));
#9303=CARTESIAN_POINT('',(0.13209833548665,0.0208824728898829,0.016273632159666));
#9304=CARTESIAN_POINT('',(0.13209833548665,0.0192904800974704,0.0161765357463692));
#9305=CARTESIAN_POINT('',(0.124250141760707,0.0192904800974704,0.0161765357463692));
#9306=CARTESIAN_POINT('',(0.116401948034763,0.0192904800974704,0.0161765357463692));
#9307=CARTESIAN_POINT('',(0.116401948034763,0.0200259288311528,0.0162213911216854));
#9308=CARTESIAN_POINT('',(0.116401948034763,0.020761377564835,0.0162662464970014));
#9309=CARTESIAN_POINT('',(0.112363565713167,0.020761377564835,0.0162662464970014));
#9310=CARTESIAN_POINT('',(0.108325183391571,0.0207613775648351,0.0162662464970014));
#9311=CARTESIAN_POINT('',(0.108325183391571,0.0106230720218815,0.0156479063199489));
#9312=CARTESIAN_POINT('',(0.108325183391571,0.000484766478927974,0.0150295661428963));
#9313=CARTESIAN_POINT('',(0.112363565713167,0.000484766478927974,0.0150295661428963));
#9314=CARTESIAN_POINT('',(0.116401948034763,0.000484766478927961,0.0150295661428963));
#9315=CARTESIAN_POINT('',(0.116401948034763,0.00190246126212691,0.0151160320359921));
#9316=CARTESIAN_POINT('',(0.116401948034763,0.00332015604532586,0.0152024979290879));
#9317=CARTESIAN_POINT('',(0.124250141760707,0.00332015604532587,0.0152024979290879));
#9318=CARTESIAN_POINT('',(0.13209833548665,0.00332015604532588,0.0152024979290879));
#9319=CARTESIAN_POINT('',(0.13209833548665,0.00190246126212692,0.0151160320359921));
#9320=CARTESIAN_POINT('',(0.13209833548665,0.000484766478927961,0.0150295661428963));
#9321=CARTESIAN_POINT('',(0.136136717808246,0.000484766478927974,0.0150295661428963));
#9322=CARTESIAN_POINT('',(0.140175100129843,0.000484766478927974,0.0150295661428963));
#9323=CARTESIAN_POINT('',(0.140175100129843,0.0106836196844054,0.0156515991512811));
#9324=CARTESIAN_POINT('',(0.140175100129843,0.0208824728898829,0.016273632159666));
#9325=CARTESIAN_POINT('',(0.136136717808246,0.0208824728898829,0.016273632159666));
#9326=CARTESIAN_POINT('',(0.14411,-0.024463528663817,0.0135079575101356));
#9327=CARTESIAN_POINT('',(0.14411,-0.025461673917076,0.0134470801465555));
#9328=CARTESIAN_POINT('',(-0.14411,-0.024463528663817,0.0135079575101356));
#9329=CARTESIAN_POINT('',(-0.14411,-0.025461673917076,0.0134470801465555));
#9330=CARTESIAN_POINT('',(-0.126448402249927,-2.59124319224035E-17,0.015));
#9331=CARTESIAN_POINT('',(-0.126448402249927,0.076174011172005,0.0196458899226644));
#9332=CARTESIAN_POINT('',(0.14396736,0.074750793262936,0.0195590871714404));
#9333=CARTESIAN_POINT('',(0.15121,0.074750793262936,0.0195590871714404));
#9334=CARTESIAN_POINT('',(0.15121,-1.38777878078145E-17,0.015));
#9335=CARTESIAN_POINT('',(0.15121,-0.074750793262936,0.0104409128285596));
#9336=CARTESIAN_POINT('',(0.14396736,-0.074750793262936,0.0104409128285597));
#9337=CARTESIAN_POINT('',(0.14396736,-0.08198,0.01));
#9338=CARTESIAN_POINT('',(-0.151212,-0.08198,0.01));
#9339=CARTESIAN_POINT('',(-0.14396736,-0.08198,0.01));
#9340=CARTESIAN_POINT('',(-0.14396736,-0.074750793262936,0.0104409128285597));
#9341=CARTESIAN_POINT('',(-0.15121,-0.074750793262936,0.0104409128285596));
#9342=CARTESIAN_POINT('',(-0.15121,-1.38777878078145E-17,0.015));
#9343=CARTESIAN_POINT('',(-0.15121,0.074750793262936,0.0195590871714404));
#9344=CARTESIAN_POINT('',(-0.14396736,0.074750793262936,0.0195590871714404));
#9345=CARTESIAN_POINT('',(-0.14396736,0.08198,0.02));
#9346=CARTESIAN_POINT('',(0.,0.08198,0.02));
#9347=CARTESIAN_POINT('',(-0.137808818853234,0.08198,0.02));
#9348=CARTESIAN_POINT('',(-0.137808818853234,-2.59124319224035E-17,0.015));
#9349=CARTESIAN_POINT('',(-0.137808818853234,0.076174011172005,0.0196458899226644));
#9350=CARTESIAN_POINT('',(0.000198229321207444,0.076174011172005,0.0196458899226644));
#9351=CARTESIAN_POINT('',(-0.14131,0.076174011172005,0.0196458899226644));
#9352=CARTESIAN_POINT('',(-0.14131,0.0726805027855984,0.0194328191501341));
#9353=CARTESIAN_POINT('',(-0.14481,0.0726805027855984,0.0194328191501341));
#9354=CARTESIAN_POINT('',(-0.14481,0.0488468673324676,0.0179791941529927));
#9355=CARTESIAN_POINT('',(-0.14481,0.0250132318793369,0.0165255691558512));
#9356=CARTESIAN_POINT('',(-0.14131,0.0250132318793369,0.0165255691558512));
#9357=CARTESIAN_POINT('',(-0.14131,0.0215197234929303,0.0163124983833209));
#9358=CARTESIAN_POINT('',(0.000198229321207444,0.0215197234929303,0.0163124983833209));
#9359=CARTESIAN_POINT('',(0.141706458642415,0.0215197234929303,0.0163124983833209));
#9360=CARTESIAN_POINT('',(0.141706458642415,0.0250132318793369,0.0165255691558512));
#9361=CARTESIAN_POINT('',(0.145206458642415,0.0250132318793369,0.0165255691558512));
#9362=CARTESIAN_POINT('',(0.145206458642415,0.0488468673324676,0.0179791941529927));
#9363=CARTESIAN_POINT('',(0.145206458642415,0.0726805027855984,0.0194328191501341));
#9364=CARTESIAN_POINT('',(0.141706458642415,0.0726805027855984,0.0194328191501341));
#9365=CARTESIAN_POINT('',(0.141706458642415,0.076174011172005,0.0196458899226644));
#9366=CARTESIAN_POINT('',(0.000198229321207444,0.076174011172005,0.0196458899226644));
#9367=CARTESIAN_POINT('',(0.000198229321207444,0.0760522564448448,0.0216421804291825));
#9368=CARTESIAN_POINT('',(-0.129104037168537,0.0761514828900867,0.0200152636329968));
#9369=CARTESIAN_POINT('',(-0.126448402249927,0.0761514828900867,0.0200152636329968));
#9370=CARTESIAN_POINT('',(-0.127005099685135,0.0760522564448448,0.0216421804291825));
#9371=CARTESIAN_POINT('',(-0.126448402249927,0.0760522564448448,0.0216421804291825));
#9372=CARTESIAN_POINT('',(0.141706458642415,0.0760522564448448,0.0216421804291825));
#9373=CARTESIAN_POINT('',(0.141706458642415,0.0760522564448448,0.0216421804291825));
#9374=CARTESIAN_POINT('',(0.000198229321207444,0.0760522564448448,0.0216421804291825));
#9375=CARTESIAN_POINT('',(0.,0.0817364905456797,0.0239925810130361));
#9376=CARTESIAN_POINT('',(-0.135153183934623,0.0819790690636133,0.0200152636329968));
#9377=CARTESIAN_POINT('',(-0.137620234915348,0.0819191226364199,0.020998145253259));
#9378=CARTESIAN_POINT('',(-0.137808818853234,0.0819790690636133,0.0200152636329968));
#9379=CARTESIAN_POINT('',(-0.137808818853234,0.0817364905456797,0.0239925810130361));
#9380=CARTESIAN_POINT('',(-0.14396736,0.0817364905456797,0.0239925810130361));
#9381=CARTESIAN_POINT('',(-0.14396736,0.0819191226364199,0.020998145253259));
#9382=CARTESIAN_POINT('',(0.14396736,0.0819191226364199,0.020998145253259));
#9383=CARTESIAN_POINT('',(-0.15121,-0.000243509454320344,0.0189925810130361));
#9384=CARTESIAN_POINT('',(-0.15121,-0.0749943027172564,0.0144334938415958));
#9385=CARTESIAN_POINT('',(-0.15121,-0.0748116706265161,0.0114390580818187));
#9386=CARTESIAN_POINT('',(-0.15121,0.074689915899356,0.0205572324246994));
#9387=CARTESIAN_POINT('',(-0.15121,0.0746899158993559,0.0205572324246994));
#9388=CARTESIAN_POINT('',(-0.15121,0.0745072838086157,0.0235516681844765));
#9389=CARTESIAN_POINT('',(-0.151212,-0.0822235094543204,0.0139925810130361));
#9390=CARTESIAN_POINT('',(0.14396736,-0.0822235094543204,0.0139925810130361));
#9391=CARTESIAN_POINT('',(0.14396736,-0.0820408773635801,0.010998145253259));
#9392=CARTESIAN_POINT('',(-0.14396736,-0.0820408773635801,0.010998145253259));
#9393=CARTESIAN_POINT('',(-0.14396736,-0.0820408773635801,0.010998145253259));
#9394=CARTESIAN_POINT('',(-0.14396736,-0.0822235094543204,0.0139925810130361));
#9395=CARTESIAN_POINT('',(0.,-0.0772235094543203,0.0142975334404575));
#9396=CARTESIAN_POINT('',(0.,-0.0771017547271602,0.0123012429339394));
#9397=CARTESIAN_POINT('',(-0.14621,-0.0771017547271602,0.0123012429339394));
#9398=CARTESIAN_POINT('',(0.14621,-0.0771017547271602,0.0123012429339394));
#9399=CARTESIAN_POINT('',(-0.14621,-0.0772235094543203,0.0142975334404575));
#9400=CARTESIAN_POINT('',(-0.14621,-0.0772235094543203,0.0142975334404575));
#9401=CARTESIAN_POINT('',(0.,-0.0772235094543203,0.0142975334404575));
#9402=CARTESIAN_POINT('',(0.14621,-0.0772235094543203,0.0142975334404575));
#9403=CARTESIAN_POINT('',(0.14621,-0.0772235094543203,0.0142975334404575));
#9404=CARTESIAN_POINT('',(-0.14621,6.03128031215883E-5,0.0190111112800185));
#9405=CARTESIAN_POINT('',(-0.14621,0.000182067530281754,0.0170148207735004));
#9406=CARTESIAN_POINT('',(-0.14621,0.0768582452728398,0.0216913380790968));
#9407=CARTESIAN_POINT('',(-0.14621,0.0767364905456796,0.0236876285856148));
#9408=CARTESIAN_POINT('',(-0.14621,0.0767364905456796,0.0236876285856148));
#9409=CARTESIAN_POINT('',(-0.14621,6.03128031215883E-5,0.0190111112800185));
#9410=CARTESIAN_POINT('',(0.,0.0767364905456797,0.0236876285856148));
#9411=CARTESIAN_POINT('',(0.,0.0768582452728398,0.0216913380790968));
#9412=CARTESIAN_POINT('',(-0.137213079871818,0.0768582452728398,0.0216913380790968));
#9413=CARTESIAN_POINT('',(-0.135153183934623,0.0769604698670152,0.0200152636329968));
#9414=CARTESIAN_POINT('',(-0.135153183934623,0.0767985014040602,0.0226708985516072));
#9415=CARTESIAN_POINT('',(0.,0.0767985014040602,0.0226708985516072));
#9416=CARTESIAN_POINT('',(-0.129104037168537,0.0767985014040602,0.0226708985516072));
#9417=CARTESIAN_POINT('',(-0.129104037168537,0.0769604698670152,0.0200152636329968));
#9418=CARTESIAN_POINT('',(-0.127044141231342,0.0768582452728398,0.0216913380790968));
#9419=CARTESIAN_POINT('',(0.,0.0768582452728398,0.0216913380790968));
#9420=CARTESIAN_POINT('',(0.14621,0.0768582452728398,0.0216913380790968));
#9421=CARTESIAN_POINT('',(0.14621,0.0767364905456797,0.0236876285856148));
#9422=CARTESIAN_POINT('',(0.14621,0.0767364905456797,0.0236876285856148));
#9423=CARTESIAN_POINT('',(0.,0.0767364905456797,0.0236876285856148));
#9424=CARTESIAN_POINT('',(0.14621,6.03128031215745E-5,0.0190111112800185));
#9425=CARTESIAN_POINT('',(0.14621,0.00018206753028174,0.0170148207735004));
#9426=CARTESIAN_POINT('',(0.14621,6.03128031215745E-5,0.0190111112800185));
#9427=CARTESIAN_POINT('',(0.15121,-0.000243509454320344,0.0189925810130361));
#9428=CARTESIAN_POINT('',(0.15121,0.0745072838086157,0.0235516681844765));
#9429=CARTESIAN_POINT('',(0.15121,0.0746899158993559,0.0205572324246994));
#9430=CARTESIAN_POINT('',(0.15121,-0.0748116706265161,0.0114390580818187));
#9431=CARTESIAN_POINT('',(0.15121,-0.0748116706265161,0.0114390580818187));
#9432=CARTESIAN_POINT('',(0.15121,-0.0749943027172564,0.0144334938415958));
#9433=CARTESIAN_POINT('',(0.,-0.000243509454320356,0.0189925810130361));
#9434=CARTESIAN_POINT('',(-0.14396736,-0.0749943027172564,0.0144334938415958));
#9435=CARTESIAN_POINT('',(-0.14821,-0.0749943027172564,0.0144334938415958));
#9436=CARTESIAN_POINT('',(-0.14396736,-0.0792290736945433,0.0141752131037764));
#9437=CARTESIAN_POINT('',(0.14396736,-0.0792290736945433,0.0141752131037764));
#9438=CARTESIAN_POINT('',(0.14396736,-0.0792290736945433,0.0141752131037764));
#9439=CARTESIAN_POINT('',(0.14396736,-0.0749943027172564,0.0144334938415958));
#9440=CARTESIAN_POINT('',(0.14821,-0.0749943027172564,0.0144334938415958));
#9441=CARTESIAN_POINT('',(0.14821,0.0745072838086157,0.0235516681844765));
#9442=CARTESIAN_POINT('',(0.14821,0.0745072838086157,0.0235516681844765));
#9443=CARTESIAN_POINT('',(0.14396736,0.0745072838086157,0.0235516681844765));
#9444=CARTESIAN_POINT('',(0.14396736,0.0787420547859026,0.0238099489222959));
#9445=CARTESIAN_POINT('',(-0.14396736,0.0787420547859026,0.0238099489222959));
#9446=CARTESIAN_POINT('',(-0.14396736,0.0787420547859026,0.0238099489222959));
#9447=CARTESIAN_POINT('',(-0.14396736,0.0745072838086157,0.0235516681844765));
#9448=CARTESIAN_POINT('',(-0.14821,0.0745072838086157,0.0235516681844765));
#9449=CARTESIAN_POINT('',(-0.14821,-0.0749943027172564,0.0144334938415958));
#9450=CARTESIAN_POINT('',(-0.13586950302124,0.019237210193757,0.0181770031755176));
#9451=CARTESIAN_POINT('',(-0.12786950302124,0.019237210193757,0.0181770031755176));
#9452=CARTESIAN_POINT('',(-0.12786950302124,0.019237210193757,0.0181770031755176));
#9453=CARTESIAN_POINT('',(-0.13586950302124,0.019237210193757,0.0181770031755176));
#9454=CARTESIAN_POINT('',(-0.14386950302124,0.019237210193757,0.0181770031755176));
#9455=CARTESIAN_POINT('',(-0.14386950302124,0.019237210193757,0.0181770031755176));
#9456=CARTESIAN_POINT('',(-0.12786950302124,0.0112520481676847,0.017689984266877));
#9457=CARTESIAN_POINT('',(-0.12786950302124,0.00326688614161248,0.0172029653582363));
#9458=CARTESIAN_POINT('',(-0.12786950302124,0.00326688614161248,0.0172029653582363));
#9459=CARTESIAN_POINT('',(-0.12786950302124,0.0112520481676847,0.017689984266877));
#9460=CARTESIAN_POINT('',(-0.13586950302124,0.00326688614161248,0.0172029653582363));
#9461=CARTESIAN_POINT('',(-0.14386950302124,0.00326688614161248,0.0172029653582363));
#9462=CARTESIAN_POINT('',(-0.14386950302124,0.00326688614161248,0.0172029653582363));
#9463=CARTESIAN_POINT('',(-0.13586950302124,0.00326688614161248,0.0172029653582363));
#9464=CARTESIAN_POINT('',(-0.11681950302124,0.0191687253703102,0.0181728262528873));
#9465=CARTESIAN_POINT('',(-0.10881950302124,0.0191687253703102,0.0181728262528873));
#9466=CARTESIAN_POINT('',(-0.10881950302124,0.0191687253703102,0.0181728262528873));
#9467=CARTESIAN_POINT('',(-0.11681950302124,0.0191687253703102,0.0181728262528873));
#9468=CARTESIAN_POINT('',(-0.12481950302124,0.0191687253703102,0.0181728262528873));
#9469=CARTESIAN_POINT('',(-0.12481950302124,0.0191687253703102,0.0181728262528873));
#9470=CARTESIAN_POINT('',(-0.10881950302124,0.011183563344238,0.0176858073442467));
#9471=CARTESIAN_POINT('',(-0.10881950302124,0.00319840131816569,0.017198788435606));
#9472=CARTESIAN_POINT('',(-0.10881950302124,0.00319840131816569,0.017198788435606));
#9473=CARTESIAN_POINT('',(-0.10881950302124,0.011183563344238,0.0176858073442467));
#9474=CARTESIAN_POINT('',(-0.11681950302124,0.00319840131816569,0.017198788435606));
#9475=CARTESIAN_POINT('',(-0.12481950302124,0.0031984013181657,0.017198788435606));
#9476=CARTESIAN_POINT('',(-0.12481950302124,0.0031984013181657,0.017198788435606));
#9477=CARTESIAN_POINT('',(-0.11681950302124,0.00319840131816569,0.017198788435606));
#9478=CARTESIAN_POINT('',(-0.0974683612585068,0.0191687253703102,0.0181728262528873));
#9479=CARTESIAN_POINT('',(-0.0894683612585068,0.0191687253703102,0.0181728262528873));
#9480=CARTESIAN_POINT('',(-0.0894683612585068,0.0191687253703102,0.0181728262528873));
#9481=CARTESIAN_POINT('',(-0.0974683612585068,0.0191687253703102,0.0181728262528873));
#9482=CARTESIAN_POINT('',(-0.105468361258507,0.0191687253703102,0.0181728262528873));
#9483=CARTESIAN_POINT('',(-0.105468361258507,0.0191687253703102,0.0181728262528873));
#9484=CARTESIAN_POINT('',(-0.0894683612585068,0.0111835633442379,0.0176858073442467));
#9485=CARTESIAN_POINT('',(-0.0894683612585068,0.00319840131816568,0.017198788435606));
#9486=CARTESIAN_POINT('',(-0.0894683612585068,0.00319840131816568,0.017198788435606));
#9487=CARTESIAN_POINT('',(-0.0894683612585068,0.0111835633442379,0.0176858073442467));
#9488=CARTESIAN_POINT('',(-0.0974683612585068,0.00319840131816568,0.017198788435606));
#9489=CARTESIAN_POINT('',(-0.105468361258507,0.00319840131816569,0.017198788435606));
#9490=CARTESIAN_POINT('',(-0.105468361258507,0.00319840131816569,0.017198788435606));
#9491=CARTESIAN_POINT('',(-0.0974683612585068,0.00319840131816568,0.017198788435606));
#9492=CARTESIAN_POINT('',(-0.0781213566660881,0.0191687253703102,0.0181728262528873));
#9493=CARTESIAN_POINT('',(-0.0701213566660881,0.0191687253703102,0.0181728262528873));
#9494=CARTESIAN_POINT('',(-0.0701213566660881,0.0191687253703102,0.0181728262528873));
#9495=CARTESIAN_POINT('',(-0.0781213566660881,0.0191687253703102,0.0181728262528873));
#9496=CARTESIAN_POINT('',(-0.0861213566660881,0.0191687253703102,0.0181728262528873));
#9497=CARTESIAN_POINT('',(-0.0861213566660881,0.0191687253703102,0.0181728262528873));
#9498=CARTESIAN_POINT('',(-0.0701213566660881,0.011183563344238,0.0176858073442467));
#9499=CARTESIAN_POINT('',(-0.0701213566660881,0.00319840131816569,0.017198788435606));
#9500=CARTESIAN_POINT('',(-0.0701213566660881,0.00319840131816569,0.017198788435606));
#9501=CARTESIAN_POINT('',(-0.0701213566660881,0.011183563344238,0.0176858073442467));
#9502=CARTESIAN_POINT('',(-0.0781213566660881,0.00319840131816569,0.017198788435606));
#9503=CARTESIAN_POINT('',(-0.0861213566660881,0.00319840131816569,0.017198788435606));
#9504=CARTESIAN_POINT('',(-0.0861213566660881,0.00319840131816569,0.017198788435606));
#9505=CARTESIAN_POINT('',(-0.0781213566660881,0.00319840131816569,0.017198788435606));
#9506=CARTESIAN_POINT('',(-0.0590045042335987,0.0191687253703102,0.0181728262528873));
#9507=CARTESIAN_POINT('',(-0.0510045042335987,0.0191687253703102,0.0181728262528873));
#9508=CARTESIAN_POINT('',(-0.0510045042335987,0.0191687253703102,0.0181728262528873));
#9509=CARTESIAN_POINT('',(-0.0590045042335987,0.0191687253703102,0.0181728262528873));
#9510=CARTESIAN_POINT('',(-0.0670045042335987,0.0191687253703102,0.0181728262528873));
#9511=CARTESIAN_POINT('',(-0.0670045042335987,0.0191687253703102,0.0181728262528873));
#9512=CARTESIAN_POINT('',(-0.0510045042335987,0.0111835633442379,0.0176858073442467));
#9513=CARTESIAN_POINT('',(-0.0510045042335987,0.00319840131816569,0.017198788435606));
#9514=CARTESIAN_POINT('',(-0.0510045042335987,0.00319840131816569,0.017198788435606));
#9515=CARTESIAN_POINT('',(-0.0510045042335987,0.0111835633442379,0.0176858073442467));
#9516=CARTESIAN_POINT('',(-0.0590045042335987,0.00319840131816569,0.017198788435606));
#9517=CARTESIAN_POINT('',(-0.0670045042335987,0.00319840131816567,0.017198788435606));
#9518=CARTESIAN_POINT('',(-0.0670045042335987,0.00319840131816567,0.017198788435606));
#9519=CARTESIAN_POINT('',(-0.0590045042335987,0.00319840131816569,0.017198788435606));
#9520=CARTESIAN_POINT('',(-0.0396557822823525,0.0191687253703102,0.0181728262528873));
#9521=CARTESIAN_POINT('',(-0.0316557822823525,0.0191687253703102,0.0181728262528873));
#9522=CARTESIAN_POINT('',(-0.0316557822823525,0.0191687253703102,0.0181728262528873));
#9523=CARTESIAN_POINT('',(-0.0396557822823525,0.0191687253703102,0.0181728262528873));
#9524=CARTESIAN_POINT('',(-0.0476557822823525,0.0191687253703102,0.0181728262528873));
#9525=CARTESIAN_POINT('',(-0.0476557822823525,0.0191687253703102,0.0181728262528873));
#9526=CARTESIAN_POINT('',(-0.0316557822823525,0.0111835633442379,0.0176858073442467));
#9527=CARTESIAN_POINT('',(-0.0316557822823525,0.00319840131816569,0.017198788435606));
#9528=CARTESIAN_POINT('',(-0.0316557822823525,0.00319840131816569,0.017198788435606));
#9529=CARTESIAN_POINT('',(-0.0316557822823525,0.0111835633442379,0.0176858073442467));
#9530=CARTESIAN_POINT('',(-0.0396557822823525,0.00319840131816569,0.017198788435606));
#9531=CARTESIAN_POINT('',(-0.0476557822823525,0.00319840131816568,0.017198788435606));
#9532=CARTESIAN_POINT('',(-0.0476557822823525,0.00319840131816568,0.017198788435606));
#9533=CARTESIAN_POINT('',(-0.0396557822823525,0.00319840131816569,0.017198788435606));
#9534=CARTESIAN_POINT('',(-0.0202933140099049,0.0191687253703102,0.0181728262528873));
#9535=CARTESIAN_POINT('',(-0.0122933140099049,0.0191687253703102,0.0181728262528873));
#9536=CARTESIAN_POINT('',(-0.0122933140099049,0.0191687253703102,0.0181728262528873));
#9537=CARTESIAN_POINT('',(-0.0202933140099049,0.0191687253703102,0.0181728262528873));
#9538=CARTESIAN_POINT('',(-0.0282933140099049,0.0191687253703102,0.0181728262528873));
#9539=CARTESIAN_POINT('',(-0.0282933140099049,0.0191687253703102,0.0181728262528873));
#9540=CARTESIAN_POINT('',(-0.0122933140099049,0.011183563344238,0.0176858073442467));
#9541=CARTESIAN_POINT('',(-0.0122933140099049,0.0031984013181657,0.017198788435606));
#9542=CARTESIAN_POINT('',(-0.0122933140099049,0.0031984013181657,0.017198788435606));
#9543=CARTESIAN_POINT('',(-0.0122933140099049,0.011183563344238,0.0176858073442467));
#9544=CARTESIAN_POINT('',(-0.0202933140099049,0.0031984013181657,0.017198788435606));
#9545=CARTESIAN_POINT('',(-0.0282933140099049,0.00319840131816573,0.017198788435606));
#9546=CARTESIAN_POINT('',(-0.0282933140099049,0.00319840131816573,0.017198788435606));
#9547=CARTESIAN_POINT('',(-0.0202933140099049,0.0031984013181657,0.017198788435606));
#9548=CARTESIAN_POINT('',(-0.0011421610834077,0.0191687253703102,0.0181728262528873));
#9549=CARTESIAN_POINT('',(0.0068578389165923,0.0191687253703102,0.0181728262528873));
#9550=CARTESIAN_POINT('',(0.0068578389165923,0.0191687253703102,0.0181728262528873));
#9551=CARTESIAN_POINT('',(-0.0011421610834077,0.0191687253703102,0.0181728262528873));
#9552=CARTESIAN_POINT('',(-0.0091421610834077,0.0191687253703102,0.0181728262528873));
#9553=CARTESIAN_POINT('',(-0.0091421610834077,0.0191687253703102,0.0181728262528873));
#9554=CARTESIAN_POINT('',(0.0068578389165923,0.0111835633442379,0.0176858073442467));
#9555=CARTESIAN_POINT('',(0.0068578389165923,0.0031984013181657,0.017198788435606));
#9556=CARTESIAN_POINT('',(0.0068578389165923,0.0031984013181657,0.017198788435606));
#9557=CARTESIAN_POINT('',(0.0068578389165923,0.0111835633442379,0.0176858073442467));
#9558=CARTESIAN_POINT('',(-0.0011421610834077,0.0031984013181657,0.017198788435606));
#9559=CARTESIAN_POINT('',(-0.0091421610834077,0.00319840131816568,0.017198788435606));
#9560=CARTESIAN_POINT('',(-0.0091421610834077,0.00319840131816568,0.017198788435606));
#9561=CARTESIAN_POINT('',(-0.0011421610834077,0.0031984013181657,0.017198788435606));
#9562=CARTESIAN_POINT('',(0.0182530377060175,0.0191687253703102,0.0181728262528873));
#9563=CARTESIAN_POINT('',(0.0262530377060175,0.0191687253703102,0.0181728262528873));
#9564=CARTESIAN_POINT('',(0.0262530377060175,0.0191687253703102,0.0181728262528873));
#9565=CARTESIAN_POINT('',(0.0182530377060175,0.0191687253703102,0.0181728262528873));
#9566=CARTESIAN_POINT('',(0.0102530377060175,0.0191687253703102,0.0181728262528873));
#9567=CARTESIAN_POINT('',(0.0102530377060175,0.0191687253703102,0.0181728262528873));
#9568=CARTESIAN_POINT('',(0.0262530377060175,0.011183563344238,0.0176858073442467));
#9569=CARTESIAN_POINT('',(0.0262530377060175,0.0031984013181657,0.017198788435606));
#9570=CARTESIAN_POINT('',(0.0262530377060175,0.0031984013181657,0.017198788435606));
#9571=CARTESIAN_POINT('',(0.0262530377060175,0.011183563344238,0.0176858073442467));
#9572=CARTESIAN_POINT('',(0.0182530377060175,0.0031984013181657,0.017198788435606));
#9573=CARTESIAN_POINT('',(0.0102530377060175,0.00319840131816569,0.017198788435606));
#9574=CARTESIAN_POINT('',(0.0102530377060175,0.00319840131816569,0.017198788435606));
#9575=CARTESIAN_POINT('',(0.0182530377060175,0.0031984013181657,0.017198788435606));
#9576=CARTESIAN_POINT('',(0.0373527146875859,0.0191687253703102,0.0181728262528873));
#9577=CARTESIAN_POINT('',(0.0453527146875858,0.0191687253703102,0.0181728262528873));
#9578=CARTESIAN_POINT('',(0.0453527146875858,0.0191687253703102,0.0181728262528873));
#9579=CARTESIAN_POINT('',(0.0373527146875859,0.0191687253703102,0.0181728262528873));
#9580=CARTESIAN_POINT('',(0.0293527146875858,0.0191687253703102,0.0181728262528873));
#9581=CARTESIAN_POINT('',(0.0293527146875858,0.0191687253703102,0.0181728262528873));
#9582=CARTESIAN_POINT('',(0.0453527146875858,0.011183563344238,0.0176858073442467));
#9583=CARTESIAN_POINT('',(0.0453527146875858,0.00319840131816571,0.017198788435606));
#9584=CARTESIAN_POINT('',(0.0453527146875858,0.00319840131816571,0.017198788435606));
#9585=CARTESIAN_POINT('',(0.0453527146875858,0.011183563344238,0.0176858073442467));
#9586=CARTESIAN_POINT('',(0.0373527146875859,0.0031984013181657,0.017198788435606));
#9587=CARTESIAN_POINT('',(0.0293527146875858,0.0031984013181657,0.017198788435606));
#9588=CARTESIAN_POINT('',(0.0293527146875858,0.0031984013181657,0.017198788435606));
#9589=CARTESIAN_POINT('',(0.0373527146875859,0.0031984013181657,0.017198788435606));
#9590=CARTESIAN_POINT('',(0.0566525161266327,0.0191687253703102,0.0181728262528873));
#9591=CARTESIAN_POINT('',(0.0646525161266327,0.0191687253703102,0.0181728262528873));
#9592=CARTESIAN_POINT('',(0.0646525161266327,0.0191687253703102,0.0181728262528873));
#9593=CARTESIAN_POINT('',(0.0566525161266327,0.0191687253703102,0.0181728262528873));
#9594=CARTESIAN_POINT('',(0.0486525161266327,0.0191687253703102,0.0181728262528873));
#9595=CARTESIAN_POINT('',(0.0486525161266327,0.0191687253703102,0.0181728262528873));
#9596=CARTESIAN_POINT('',(0.0646525161266327,0.011183563344238,0.0176858073442467));
#9597=CARTESIAN_POINT('',(0.0646525161266327,0.0031984013181657,0.017198788435606));
#9598=CARTESIAN_POINT('',(0.0646525161266327,0.0031984013181657,0.017198788435606));
#9599=CARTESIAN_POINT('',(0.0646525161266327,0.011183563344238,0.0176858073442467));
#9600=CARTESIAN_POINT('',(0.0566525161266327,0.0031984013181657,0.017198788435606));
#9601=CARTESIAN_POINT('',(0.0486525161266327,0.00319840131816569,0.017198788435606));
#9602=CARTESIAN_POINT('',(0.0486525161266327,0.00319840131816569,0.017198788435606));
#9603=CARTESIAN_POINT('',(0.0566525161266327,0.0031984013181657,0.017198788435606));
#9604=CARTESIAN_POINT('',(0.0759715139865875,0.0191687253703102,0.0181728262528873));
#9605=CARTESIAN_POINT('',(0.0839715139865875,0.0191687253703102,0.0181728262528873));
#9606=CARTESIAN_POINT('',(0.0839715139865875,0.0191687253703102,0.0181728262528873));
#9607=CARTESIAN_POINT('',(0.0759715139865875,0.0191687253703102,0.0181728262528873));
#9608=CARTESIAN_POINT('',(0.0679715139865875,0.0191687253703102,0.0181728262528873));
#9609=CARTESIAN_POINT('',(0.0679715139865875,0.0191687253703102,0.0181728262528873));
#9610=CARTESIAN_POINT('',(0.0839715139865875,0.011183563344238,0.0176858073442467));
#9611=CARTESIAN_POINT('',(0.0839715139865875,0.0031984013181657,0.017198788435606));
#9612=CARTESIAN_POINT('',(0.0839715139865875,0.0031984013181657,0.017198788435606));
#9613=CARTESIAN_POINT('',(0.0839715139865875,0.011183563344238,0.0176858073442467));
#9614=CARTESIAN_POINT('',(0.0759715139865875,0.0031984013181657,0.017198788435606));
#9615=CARTESIAN_POINT('',(0.0679715139865875,0.0031984013181657,0.017198788435606));
#9616=CARTESIAN_POINT('',(0.0679715139865875,0.0031984013181657,0.017198788435606));
#9617=CARTESIAN_POINT('',(0.0759715139865875,0.0031984013181657,0.017198788435606));
#9618=CARTESIAN_POINT('',(0.095293901860714,0.0191687253703102,0.0181728262528873));
#9619=CARTESIAN_POINT('',(0.103293901860714,0.0191687253703102,0.0181728262528873));
#9620=CARTESIAN_POINT('',(0.103293901860714,0.0191687253703102,0.0181728262528873));
#9621=CARTESIAN_POINT('',(0.095293901860714,0.0191687253703102,0.0181728262528873));
#9622=CARTESIAN_POINT('',(0.087293901860714,0.0191687253703102,0.0181728262528873));
#9623=CARTESIAN_POINT('',(0.087293901860714,0.0191687253703102,0.0181728262528873));
#9624=CARTESIAN_POINT('',(0.103293901860714,0.011183563344238,0.0176858073442467));
#9625=CARTESIAN_POINT('',(0.103293901860714,0.00319840131816571,0.017198788435606));
#9626=CARTESIAN_POINT('',(0.103293901860714,0.00319840131816571,0.017198788435606));
#9627=CARTESIAN_POINT('',(0.103293901860714,0.011183563344238,0.0176858073442467));
#9628=CARTESIAN_POINT('',(0.095293901860714,0.00319840131816571,0.017198788435606));
#9629=CARTESIAN_POINT('',(0.087293901860714,0.0031984013181657,0.017198788435606));
#9630=CARTESIAN_POINT('',(0.087293901860714,0.0031984013181657,0.017198788435606));
#9631=CARTESIAN_POINT('',(0.095293901860714,0.00319840131816571,0.017198788435606));
#9632=CARTESIAN_POINT('',(-0.131107702851295,-0.000343418241447431,0.0169827711411675));
#9633=CARTESIAN_POINT('',(-0.123107702851295,-0.000343418241447443,0.0169827711411675));
#9634=CARTESIAN_POINT('',(-0.123107702851295,-0.000343418241447443,0.0169827711411675));
#9635=CARTESIAN_POINT('',(-0.131107702851295,-0.000343418241447431,0.0169827711411675));
#9636=CARTESIAN_POINT('',(-0.139107702851295,-0.000343418241447435,0.0169827711411675));
#9637=CARTESIAN_POINT('',(-0.139107702851295,-0.000343418241447435,0.0169827711411675));
#9638=CARTESIAN_POINT('',(-0.123107702851295,-0.00832858026751975,0.0164957522325269));
#9639=CARTESIAN_POINT('',(-0.123107702851295,-0.0163137422935919,0.0160087333238862));
#9640=CARTESIAN_POINT('',(-0.123107702851295,-0.0163137422935919,0.0160087333238862));
#9641=CARTESIAN_POINT('',(-0.123107702851295,-0.00832858026751975,0.0164957522325269));
#9642=CARTESIAN_POINT('',(-0.131107702851295,-0.0163137422935919,0.0160087333238862));
#9643=CARTESIAN_POINT('',(-0.139107702851295,-0.0163137422935919,0.0160087333238862));
#9644=CARTESIAN_POINT('',(-0.139107702851295,-0.0163137422935919,0.0160087333238862));
#9645=CARTESIAN_POINT('',(-0.131107702851295,-0.0163137422935919,0.0160087333238862));
#9646=CARTESIAN_POINT('',(-0.1069296002388,-0.000343418241447427,0.0169827711411675));
#9647=CARTESIAN_POINT('',(-0.0989296002388001,-0.000343418241447426,0.0169827711411675));
#9648=CARTESIAN_POINT('',(-0.0989296002388001,-0.000343418241447426,0.0169827711411675));
#9649=CARTESIAN_POINT('',(-0.1069296002388,-0.000343418241447427,0.0169827711411675));
#9650=CARTESIAN_POINT('',(-0.1149296002388,-0.000343418241447422,0.0169827711411675));
#9651=CARTESIAN_POINT('',(-0.1149296002388,-0.000343418241447422,0.0169827711411675));
#9652=CARTESIAN_POINT('',(-0.0989296002388001,-0.00832858026751969,0.0164957522325269));
#9653=CARTESIAN_POINT('',(-0.0989296002388001,-0.0163137422935919,0.0160087333238862));
#9654=CARTESIAN_POINT('',(-0.0989296002388001,-0.0163137422935919,0.0160087333238862));
#9655=CARTESIAN_POINT('',(-0.0989296002388001,-0.00832858026751969,0.0164957522325269));
#9656=CARTESIAN_POINT('',(-0.1069296002388,-0.0163137422935919,0.0160087333238862));
#9657=CARTESIAN_POINT('',(-0.1149296002388,-0.0163137422935919,0.0160087333238862));
#9658=CARTESIAN_POINT('',(-0.1149296002388,-0.0163137422935919,0.0160087333238862));
#9659=CARTESIAN_POINT('',(-0.1069296002388,-0.0163137422935919,0.0160087333238862));
#9660=CARTESIAN_POINT('',(-0.0874525606632233,-0.000343418241447429,0.0169827711411675));
#9661=CARTESIAN_POINT('',(-0.0794525606632233,-0.000343418241447428,0.0169827711411675));
#9662=CARTESIAN_POINT('',(-0.0794525606632233,-0.000343418241447428,0.0169827711411675));
#9663=CARTESIAN_POINT('',(-0.0874525606632233,-0.000343418241447429,0.0169827711411675));
#9664=CARTESIAN_POINT('',(-0.0954525606632233,-0.000343418241447422,0.0169827711411675));
#9665=CARTESIAN_POINT('',(-0.0954525606632233,-0.000343418241447422,0.0169827711411675));
#9666=CARTESIAN_POINT('',(-0.0794525606632233,-0.00832858026751967,0.0164957522325269));
#9667=CARTESIAN_POINT('',(-0.0794525606632233,-0.0163137422935919,0.0160087333238862));
#9668=CARTESIAN_POINT('',(-0.0794525606632233,-0.0163137422935919,0.0160087333238862));
#9669=CARTESIAN_POINT('',(-0.0794525606632233,-0.00832858026751967,0.0164957522325269));
#9670=CARTESIAN_POINT('',(-0.0874525606632233,-0.0163137422935919,0.0160087333238862));
#9671=CARTESIAN_POINT('',(-0.0954525606632233,-0.0163137422935919,0.0160087333238862));
#9672=CARTESIAN_POINT('',(-0.0954525606632233,-0.0163137422935919,0.0160087333238862));
#9673=CARTESIAN_POINT('',(-0.0874525606632233,-0.0163137422935919,0.0160087333238862));
#9674=CARTESIAN_POINT('',(-0.0681789070367813,-0.000343418241447427,0.0169827711411675));
#9675=CARTESIAN_POINT('',(-0.0601789070367813,-0.000343418241447426,0.0169827711411675));
#9676=CARTESIAN_POINT('',(-0.0601789070367813,-0.000343418241447426,0.0169827711411675));
#9677=CARTESIAN_POINT('',(-0.0681789070367813,-0.000343418241447427,0.0169827711411675));
#9678=CARTESIAN_POINT('',(-0.0761789070367813,-0.00034341824144741,0.0169827711411675));
#9679=CARTESIAN_POINT('',(-0.0761789070367813,-0.00034341824144741,0.0169827711411675));
#9680=CARTESIAN_POINT('',(-0.0601789070367813,-0.00832858026751968,0.0164957522325269));
#9681=CARTESIAN_POINT('',(-0.0601789070367813,-0.0163137422935919,0.0160087333238862));
#9682=CARTESIAN_POINT('',(-0.0601789070367813,-0.0163137422935919,0.0160087333238862));
#9683=CARTESIAN_POINT('',(-0.0601789070367813,-0.00832858026751968,0.0164957522325269));
#9684=CARTESIAN_POINT('',(-0.0681789070367813,-0.0163137422935919,0.0160087333238862));
#9685=CARTESIAN_POINT('',(-0.0761789070367813,-0.0163137422935919,0.0160087333238862));
#9686=CARTESIAN_POINT('',(-0.0761789070367813,-0.0163137422935919,0.0160087333238862));
#9687=CARTESIAN_POINT('',(-0.0681789070367813,-0.0163137422935919,0.0160087333238862));
#9688=CARTESIAN_POINT('',(-0.0487424768507481,-0.000343418241447427,0.0169827711411675));
#9689=CARTESIAN_POINT('',(-0.0407424768507481,-0.000343418241447426,0.0169827711411675));
#9690=CARTESIAN_POINT('',(-0.0407424768507481,-0.000343418241447426,0.0169827711411675));
#9691=CARTESIAN_POINT('',(-0.0487424768507481,-0.000343418241447427,0.0169827711411675));
#9692=CARTESIAN_POINT('',(-0.0567424768507481,-0.00034341824144742,0.0169827711411675));
#9693=CARTESIAN_POINT('',(-0.0567424768507481,-0.00034341824144742,0.0169827711411675));
#9694=CARTESIAN_POINT('',(-0.0407424768507481,-0.00832858026751968,0.0164957522325269));
#9695=CARTESIAN_POINT('',(-0.0407424768507481,-0.0163137422935919,0.0160087333238862));
#9696=CARTESIAN_POINT('',(-0.0407424768507481,-0.0163137422935919,0.0160087333238862));
#9697=CARTESIAN_POINT('',(-0.0407424768507481,-0.00832858026751968,0.0164957522325269));
#9698=CARTESIAN_POINT('',(-0.0487424768507481,-0.0163137422935919,0.0160087333238862));
#9699=CARTESIAN_POINT('',(-0.0567424768507481,-0.0163137422935919,0.0160087333238862));
#9700=CARTESIAN_POINT('',(-0.0567424768507481,-0.0163137422935919,0.0160087333238862));
#9701=CARTESIAN_POINT('',(-0.0487424768507481,-0.0163137422935919,0.0160087333238862));
#9702=CARTESIAN_POINT('',(-0.0292103849351406,-0.000343418241447427,0.0169827711411675));
#9703=CARTESIAN_POINT('',(-0.0212103849351406,-0.000343418241447426,0.0169827711411675));
#9704=CARTESIAN_POINT('',(-0.0212103849351406,-0.000343418241447426,0.0169827711411675));
#9705=CARTESIAN_POINT('',(-0.0292103849351406,-0.000343418241447427,0.0169827711411675));
#9706=CARTESIAN_POINT('',(-0.0372103849351406,-0.000343418241447412,0.0169827711411675));
#9707=CARTESIAN_POINT('',(-0.0372103849351406,-0.000343418241447412,0.0169827711411675));
#9708=CARTESIAN_POINT('',(-0.0212103849351406,-0.00832858026751967,0.0164957522325269));
#9709=CARTESIAN_POINT('',(-0.0212103849351406,-0.0163137422935919,0.0160087333238862));
#9710=CARTESIAN_POINT('',(-0.0212103849351406,-0.0163137422935919,0.0160087333238862));
#9711=CARTESIAN_POINT('',(-0.0212103849351406,-0.00832858026751967,0.0164957522325269));
#9712=CARTESIAN_POINT('',(-0.0292103849351406,-0.0163137422935919,0.0160087333238862));
#9713=CARTESIAN_POINT('',(-0.0372103849351406,-0.0163137422935919,0.0160087333238862));
#9714=CARTESIAN_POINT('',(-0.0372103849351406,-0.0163137422935919,0.0160087333238862));
#9715=CARTESIAN_POINT('',(-0.0292103849351406,-0.0163137422935919,0.0160087333238862));
#9716=CARTESIAN_POINT('',(-0.00975607987493277,-0.000343418241447428,0.0169827711411675));
#9717=CARTESIAN_POINT('',(-0.00175607987493277,-0.000343418241447427,0.0169827711411675));
#9718=CARTESIAN_POINT('',(-0.00175607987493277,-0.000343418241447427,0.0169827711411675));
#9719=CARTESIAN_POINT('',(-0.00975607987493277,-0.000343418241447428,0.0169827711411675));
#9720=CARTESIAN_POINT('',(-0.0177560798749327,-0.00034341824144742,0.0169827711411675));
#9721=CARTESIAN_POINT('',(-0.0177560798749327,-0.00034341824144742,0.0169827711411675));
#9722=CARTESIAN_POINT('',(-0.00175607987493277,-0.00832858026751968,0.0164957522325269));
#9723=CARTESIAN_POINT('',(-0.00175607987493277,-0.0163137422935919,0.0160087333238862));
#9724=CARTESIAN_POINT('',(-0.00175607987493277,-0.0163137422935919,0.0160087333238862));
#9725=CARTESIAN_POINT('',(-0.00175607987493277,-0.00832858026751968,0.0164957522325269));
#9726=CARTESIAN_POINT('',(-0.00975607987493277,-0.0163137422935919,0.0160087333238862));
#9727=CARTESIAN_POINT('',(-0.0177560798749327,-0.0163137422935919,0.0160087333238862));
#9728=CARTESIAN_POINT('',(-0.0177560798749327,-0.0163137422935919,0.0160087333238862));
#9729=CARTESIAN_POINT('',(-0.00975607987493277,-0.0163137422935919,0.0160087333238862));
#9730=CARTESIAN_POINT('',(0.00955819897353649,-0.000343418241447429,0.0169827711411675));
#9731=CARTESIAN_POINT('',(0.0175581989735365,-0.000343418241447428,0.0169827711411675));
#9732=CARTESIAN_POINT('',(0.0175581989735365,-0.000343418241447428,0.0169827711411675));
#9733=CARTESIAN_POINT('',(0.00955819897353649,-0.000343418241447429,0.0169827711411675));
#9734=CARTESIAN_POINT('',(0.00155819897353649,-0.000343418241447417,0.0169827711411675));
#9735=CARTESIAN_POINT('',(0.00155819897353649,-0.000343418241447417,0.0169827711411675));
#9736=CARTESIAN_POINT('',(0.0175581989735365,-0.00832858026751968,0.0164957522325269));
#9737=CARTESIAN_POINT('',(0.0175581989735365,-0.0163137422935919,0.0160087333238862));
#9738=CARTESIAN_POINT('',(0.0175581989735365,-0.0163137422935919,0.0160087333238862));
#9739=CARTESIAN_POINT('',(0.0175581989735365,-0.00832858026751968,0.0164957522325269));
#9740=CARTESIAN_POINT('',(0.00955819897353649,-0.0163137422935919,0.0160087333238862));
#9741=CARTESIAN_POINT('',(0.00155819897353649,-0.0163137422935919,0.0160087333238862));
#9742=CARTESIAN_POINT('',(0.00155819897353649,-0.0163137422935919,0.0160087333238862));
#9743=CARTESIAN_POINT('',(0.00955819897353649,-0.0163137422935919,0.0160087333238862));
#9744=CARTESIAN_POINT('',(0.0290017370134592,-0.000343418241447428,0.0169827711411675));
#9745=CARTESIAN_POINT('',(0.0370017370134592,-0.000343418241447427,0.0169827711411675));
#9746=CARTESIAN_POINT('',(0.0370017370134592,-0.000343418241447427,0.0169827711411675));
#9747=CARTESIAN_POINT('',(0.0290017370134592,-0.000343418241447428,0.0169827711411675));
#9748=CARTESIAN_POINT('',(0.0210017370134592,-0.000343418241447412,0.0169827711411675));
#9749=CARTESIAN_POINT('',(0.0210017370134592,-0.000343418241447412,0.0169827711411675));
#9750=CARTESIAN_POINT('',(0.0370017370134592,-0.00832858026751968,0.0164957522325269));
#9751=CARTESIAN_POINT('',(0.0370017370134592,-0.0163137422935919,0.0160087333238862));
#9752=CARTESIAN_POINT('',(0.0370017370134592,-0.0163137422935919,0.0160087333238862));
#9753=CARTESIAN_POINT('',(0.0370017370134592,-0.00832858026751968,0.0164957522325269));
#9754=CARTESIAN_POINT('',(0.0290017370134592,-0.0163137422935919,0.0160087333238862));
#9755=CARTESIAN_POINT('',(0.0210017370134592,-0.0163137422935919,0.0160087333238862));
#9756=CARTESIAN_POINT('',(0.0210017370134592,-0.0163137422935919,0.0160087333238862));
#9757=CARTESIAN_POINT('',(0.0290017370134592,-0.0163137422935919,0.0160087333238862));
#9758=CARTESIAN_POINT('',(0.0482996739447117,-0.000343418241447426,0.0169827711411675));
#9759=CARTESIAN_POINT('',(0.0562996739447117,-0.000343418241447425,0.0169827711411675));
#9760=CARTESIAN_POINT('',(0.0562996739447117,-0.000343418241447425,0.0169827711411675));
#9761=CARTESIAN_POINT('',(0.0482996739447117,-0.000343418241447426,0.0169827711411675));
#9762=CARTESIAN_POINT('',(0.0402996739447117,-0.000343418241447417,0.0169827711411675));
#9763=CARTESIAN_POINT('',(0.0402996739447117,-0.000343418241447417,0.0169827711411675));
#9764=CARTESIAN_POINT('',(0.0562996739447117,-0.00832858026751968,0.0164957522325269));
#9765=CARTESIAN_POINT('',(0.0562996739447117,-0.0163137422935919,0.0160087333238862));
#9766=CARTESIAN_POINT('',(0.0562996739447117,-0.0163137422935919,0.0160087333238862));
#9767=CARTESIAN_POINT('',(0.0562996739447117,-0.00832858026751968,0.0164957522325269));
#9768=CARTESIAN_POINT('',(0.0482996739447117,-0.0163137422935919,0.0160087333238862));
#9769=CARTESIAN_POINT('',(0.0402996739447117,-0.0163137422935919,0.0160087333238862));
#9770=CARTESIAN_POINT('',(0.0402996739447117,-0.0163137422935919,0.0160087333238862));
#9771=CARTESIAN_POINT('',(0.0482996739447117,-0.0163137422935919,0.0160087333238862));
#9772=CARTESIAN_POINT('',(0.0674515813589096,-0.000343418241447427,0.0169827711411675));
#9773=CARTESIAN_POINT('',(0.0754515813589096,-0.000343418241447426,0.0169827711411675));
#9774=CARTESIAN_POINT('',(0.0754515813589096,-0.000343418241447426,0.0169827711411675));
#9775=CARTESIAN_POINT('',(0.0674515813589096,-0.000343418241447427,0.0169827711411675));
#9776=CARTESIAN_POINT('',(0.0594515813589096,-0.000343418241447417,0.0169827711411675));
#9777=CARTESIAN_POINT('',(0.0594515813589096,-0.000343418241447417,0.0169827711411675));
#9778=CARTESIAN_POINT('',(0.0754515813589096,-0.00832858026751968,0.0164957522325269));
#9779=CARTESIAN_POINT('',(0.0754515813589096,-0.0163137422935919,0.0160087333238862));
#9780=CARTESIAN_POINT('',(0.0754515813589096,-0.0163137422935919,0.0160087333238862));
#9781=CARTESIAN_POINT('',(0.0754515813589096,-0.00832858026751968,0.0164957522325269));
#9782=CARTESIAN_POINT('',(0.0674515813589096,-0.0163137422935919,0.0160087333238862));
#9783=CARTESIAN_POINT('',(0.0594515813589096,-0.0163137422935919,0.0160087333238862));
#9784=CARTESIAN_POINT('',(0.0594515813589096,-0.0163137422935919,0.0160087333238862));
#9785=CARTESIAN_POINT('',(0.0674515813589096,-0.0163137422935919,0.0160087333238862));
#9786=CARTESIAN_POINT('',(0.0867341905832291,-0.000343418241447428,0.0169827711411675));
#9787=CARTESIAN_POINT('',(0.0947341905832291,-0.000343418241447427,0.0169827711411675));
#9788=CARTESIAN_POINT('',(0.0947341905832291,-0.000343418241447427,0.0169827711411675));
#9789=CARTESIAN_POINT('',(0.0867341905832291,-0.000343418241447428,0.0169827711411675));
#9790=CARTESIAN_POINT('',(0.0787341905832291,-0.00034341824144741,0.0169827711411675));
#9791=CARTESIAN_POINT('',(0.0787341905832291,-0.00034341824144741,0.0169827711411675));
#9792=CARTESIAN_POINT('',(0.0947341905832291,-0.00832858026751968,0.0164957522325269));
#9793=CARTESIAN_POINT('',(0.0947341905832291,-0.0163137422935919,0.0160087333238862));
#9794=CARTESIAN_POINT('',(0.0947341905832291,-0.0163137422935919,0.0160087333238862));
#9795=CARTESIAN_POINT('',(0.0947341905832291,-0.00832858026751968,0.0164957522325269));
#9796=CARTESIAN_POINT('',(0.0867341905832291,-0.0163137422935919,0.0160087333238862));
#9797=CARTESIAN_POINT('',(0.0787341905832291,-0.0163137422935919,0.0160087333238862));
#9798=CARTESIAN_POINT('',(0.0787341905832291,-0.0163137422935919,0.0160087333238862));
#9799=CARTESIAN_POINT('',(0.0867341905832291,-0.0163137422935919,0.0160087333238862));
#9800=CARTESIAN_POINT('',(0.106273382902145,-0.000343418241447426,0.0169827711411675));
#9801=CARTESIAN_POINT('',(0.114273382902145,-0.000343418241447425,0.0169827711411675));
#9802=CARTESIAN_POINT('',(0.114273382902145,-0.000343418241447425,0.0169827711411675));
#9803=CARTESIAN_POINT('',(0.106273382902145,-0.000343418241447426,0.0169827711411675));
#9804=CARTESIAN_POINT('',(0.0982733829021454,-0.000343418241447414,0.0169827711411675));
#9805=CARTESIAN_POINT('',(0.0982733829021454,-0.000343418241447414,0.0169827711411675));
#9806=CARTESIAN_POINT('',(0.114273382902145,-0.00832858026751968,0.0164957522325269));
#9807=CARTESIAN_POINT('',(0.114273382902145,-0.0163137422935919,0.0160087333238862));
#9808=CARTESIAN_POINT('',(0.114273382902145,-0.0163137422935919,0.0160087333238862));
#9809=CARTESIAN_POINT('',(0.114273382902145,-0.00832858026751968,0.0164957522325269));
#9810=CARTESIAN_POINT('',(0.106273382902145,-0.0163137422935919,0.0160087333238862));
#9811=CARTESIAN_POINT('',(0.0982733829021454,-0.0163137422935919,0.0160087333238862));
#9812=CARTESIAN_POINT('',(0.0982733829021454,-0.0163137422935919,0.0160087333238862));
#9813=CARTESIAN_POINT('',(0.106273382902145,-0.0163137422935919,0.0160087333238862));
#9814=CARTESIAN_POINT('',(0.130324706435204,-0.000343418241447432,0.0169827711411675));
#9815=CARTESIAN_POINT('',(0.138324706435204,-0.000343418241447431,0.0169827711411675));
#9816=CARTESIAN_POINT('',(0.138324706435204,-0.000343418241447431,0.0169827711411675));
#9817=CARTESIAN_POINT('',(0.130324706435204,-0.000343418241447432,0.0169827711411675));
#9818=CARTESIAN_POINT('',(0.122324706435204,-0.00034341824144742,0.0169827711411675));
#9819=CARTESIAN_POINT('',(0.122324706435204,-0.00034341824144742,0.0169827711411675));
#9820=CARTESIAN_POINT('',(0.138324706435204,-0.00832858026751969,0.0164957522325269));
#9821=CARTESIAN_POINT('',(0.138324706435204,-0.0163137422935919,0.0160087333238862));
#9822=CARTESIAN_POINT('',(0.138324706435204,-0.0163137422935919,0.0160087333238862));
#9823=CARTESIAN_POINT('',(0.138324706435204,-0.00832858026751969,0.0164957522325269));
#9824=CARTESIAN_POINT('',(0.130324706435204,-0.0163137422935919,0.0160087333238862));
#9825=CARTESIAN_POINT('',(0.122324706435204,-0.0163137422935919,0.0160087333238862));
#9826=CARTESIAN_POINT('',(0.122324706435204,-0.0163137422935919,0.0160087333238862));
#9827=CARTESIAN_POINT('',(0.130324706435204,-0.0163137422935919,0.0160087333238862));
#9828=CARTESIAN_POINT('',(-0.128664493560791,-0.019279571659051,0.0158278459510234));
#9829=CARTESIAN_POINT('',(-0.120664493560791,-0.019279571659051,0.0158278459510234));
#9830=CARTESIAN_POINT('',(-0.120664493560791,-0.019279571659051,0.0158278459510234));
#9831=CARTESIAN_POINT('',(-0.128664493560791,-0.019279571659051,0.0158278459510234));
#9832=CARTESIAN_POINT('',(-0.136664493560791,-0.019279571659051,0.0158278459510234));
#9833=CARTESIAN_POINT('',(-0.136664493560791,-0.019279571659051,0.0158278459510234));
#9834=CARTESIAN_POINT('',(-0.120664493560791,-0.0272647336851232,0.0153408270423827));
#9835=CARTESIAN_POINT('',(-0.120664493560791,-0.0352498957111954,0.0148538081337421));
#9836=CARTESIAN_POINT('',(-0.120664493560791,-0.0352498957111954,0.0148538081337421));
#9837=CARTESIAN_POINT('',(-0.120664493560791,-0.0272647336851232,0.0153408270423827));
#9838=CARTESIAN_POINT('',(-0.128664493560791,-0.0352498957111954,0.0148538081337421));
#9839=CARTESIAN_POINT('',(-0.136664493560791,-0.0352498957111955,0.0148538081337421));
#9840=CARTESIAN_POINT('',(-0.136664493560791,-0.0352498957111955,0.0148538081337421));
#9841=CARTESIAN_POINT('',(-0.128664493560791,-0.0352498957111954,0.0148538081337421));
#9842=CARTESIAN_POINT('',(-0.102621532976627,-0.019279571659051,0.0158278459510234));
#9843=CARTESIAN_POINT('',(-0.0946215329766274,-0.019279571659051,0.0158278459510234));
#9844=CARTESIAN_POINT('',(-0.0946215329766274,-0.019279571659051,0.0158278459510234));
#9845=CARTESIAN_POINT('',(-0.102621532976627,-0.019279571659051,0.0158278459510234));
#9846=CARTESIAN_POINT('',(-0.110621532976627,-0.019279571659051,0.0158278459510234));
#9847=CARTESIAN_POINT('',(-0.110621532976627,-0.019279571659051,0.0158278459510234));
#9848=CARTESIAN_POINT('',(-0.0946215329766274,-0.0272647336851232,0.0153408270423827));
#9849=CARTESIAN_POINT('',(-0.0946215329766274,-0.0352498957111954,0.0148538081337421));
#9850=CARTESIAN_POINT('',(-0.0946215329766274,-0.0352498957111954,0.0148538081337421));
#9851=CARTESIAN_POINT('',(-0.0946215329766274,-0.0272647336851232,0.0153408270423827));
#9852=CARTESIAN_POINT('',(-0.102621532976627,-0.0352498957111954,0.0148538081337421));
#9853=CARTESIAN_POINT('',(-0.110621532976627,-0.0352498957111955,0.0148538081337421));
#9854=CARTESIAN_POINT('',(-0.110621532976627,-0.0352498957111955,0.0148538081337421));
#9855=CARTESIAN_POINT('',(-0.102621532976627,-0.0352498957111954,0.0148538081337421));
#9856=CARTESIAN_POINT('',(-0.0833299532532692,-0.019279571659051,0.0158278459510234));
#9857=CARTESIAN_POINT('',(-0.0753299532532692,-0.019279571659051,0.0158278459510234));
#9858=CARTESIAN_POINT('',(-0.0753299532532692,-0.019279571659051,0.0158278459510234));
#9859=CARTESIAN_POINT('',(-0.0833299532532692,-0.019279571659051,0.0158278459510234));
#9860=CARTESIAN_POINT('',(-0.0913299532532692,-0.019279571659051,0.0158278459510234));
#9861=CARTESIAN_POINT('',(-0.0913299532532692,-0.019279571659051,0.0158278459510234));
#9862=CARTESIAN_POINT('',(-0.0753299532532692,-0.0272647336851232,0.0153408270423827));
#9863=CARTESIAN_POINT('',(-0.0753299532532692,-0.0352498957111954,0.0148538081337421));
#9864=CARTESIAN_POINT('',(-0.0753299532532692,-0.0352498957111954,0.0148538081337421));
#9865=CARTESIAN_POINT('',(-0.0753299532532692,-0.0272647336851232,0.0153408270423827));
#9866=CARTESIAN_POINT('',(-0.0833299532532692,-0.0352498957111954,0.0148538081337421));
#9867=CARTESIAN_POINT('',(-0.0913299532532692,-0.0352498957111955,0.0148538081337421));
#9868=CARTESIAN_POINT('',(-0.0913299532532692,-0.0352498957111955,0.0148538081337421));
#9869=CARTESIAN_POINT('',(-0.0833299532532692,-0.0352498957111954,0.0148538081337421));
#9870=CARTESIAN_POINT('',(-0.0448855161666871,-0.019279571659051,0.0158278459510234));
#9871=CARTESIAN_POINT('',(-0.0368855161666871,-0.019279571659051,0.0158278459510234));
#9872=CARTESIAN_POINT('',(-0.0368855161666871,-0.019279571659051,0.0158278459510234));
#9873=CARTESIAN_POINT('',(-0.0448855161666871,-0.019279571659051,0.0158278459510234));
#9874=CARTESIAN_POINT('',(-0.052885516166687,-0.0192795716590509,0.0158278459510234));
#9875=CARTESIAN_POINT('',(-0.052885516166687,-0.0192795716590509,0.0158278459510234));
#9876=CARTESIAN_POINT('',(-0.0368855161666871,-0.0272647336851232,0.0153408270423827));
#9877=CARTESIAN_POINT('',(-0.0368855161666871,-0.0352498957111954,0.0148538081337421));
#9878=CARTESIAN_POINT('',(-0.0368855161666871,-0.0352498957111954,0.0148538081337421));
#9879=CARTESIAN_POINT('',(-0.0368855161666871,-0.0272647336851232,0.0153408270423827));
#9880=CARTESIAN_POINT('',(-0.0448855161666871,-0.0352498957111954,0.0148538081337421));
#9881=CARTESIAN_POINT('',(-0.052885516166687,-0.0352498957111954,0.0148538081337421));
#9882=CARTESIAN_POINT('',(-0.052885516166687,-0.0352498957111954,0.0148538081337421));
#9883=CARTESIAN_POINT('',(-0.0448855161666871,-0.0352498957111954,0.0148538081337421));
#9884=CARTESIAN_POINT('',(-0.0257799942046404,-0.019279571659051,0.0158278459510234));
#9885=CARTESIAN_POINT('',(-0.0177799942046404,-0.019279571659051,0.0158278459510234));
#9886=CARTESIAN_POINT('',(-0.0177799942046404,-0.019279571659051,0.0158278459510234));
#9887=CARTESIAN_POINT('',(-0.0257799942046404,-0.019279571659051,0.0158278459510234));
#9888=CARTESIAN_POINT('',(-0.0337799942046404,-0.0192795716590509,0.0158278459510234));
#9889=CARTESIAN_POINT('',(-0.0337799942046404,-0.0192795716590509,0.0158278459510234));
#9890=CARTESIAN_POINT('',(-0.0177799942046404,-0.0272647336851232,0.0153408270423827));
#9891=CARTESIAN_POINT('',(-0.0177799942046404,-0.0352498957111954,0.0148538081337421));
#9892=CARTESIAN_POINT('',(-0.0177799942046404,-0.0352498957111954,0.0148538081337421));
#9893=CARTESIAN_POINT('',(-0.0177799942046404,-0.0272647336851232,0.0153408270423827));
#9894=CARTESIAN_POINT('',(-0.0257799942046404,-0.0352498957111954,0.0148538081337421));
#9895=CARTESIAN_POINT('',(-0.0337799942046404,-0.0352498957111954,0.0148538081337421));
#9896=CARTESIAN_POINT('',(-0.0337799942046404,-0.0352498957111954,0.0148538081337421));
#9897=CARTESIAN_POINT('',(-0.0257799942046404,-0.0352498957111954,0.0148538081337421));
#9898=CARTESIAN_POINT('',(-0.00649108644574883,-0.019279571659051,0.0158278459510234));
#9899=CARTESIAN_POINT('',(0.00150891355425117,-0.019279571659051,0.0158278459510234));
#9900=CARTESIAN_POINT('',(0.00150891355425117,-0.019279571659051,0.0158278459510234));
#9901=CARTESIAN_POINT('',(-0.00649108644574883,-0.019279571659051,0.0158278459510234));
#9902=CARTESIAN_POINT('',(-0.0144910864457488,-0.019279571659051,0.0158278459510234));
#9903=CARTESIAN_POINT('',(-0.0144910864457488,-0.019279571659051,0.0158278459510234));
#9904=CARTESIAN_POINT('',(0.00150891355425117,-0.0272647336851232,0.0153408270423827));
#9905=CARTESIAN_POINT('',(0.00150891355425117,-0.0352498957111954,0.0148538081337421));
#9906=CARTESIAN_POINT('',(0.00150891355425117,-0.0352498957111954,0.0148538081337421));
#9907=CARTESIAN_POINT('',(0.00150891355425117,-0.0272647336851232,0.0153408270423827));
#9908=CARTESIAN_POINT('',(-0.00649108644574883,-0.0352498957111954,0.0148538081337421));
#9909=CARTESIAN_POINT('',(-0.0144910864457488,-0.0352498957111954,0.0148538081337421));
#9910=CARTESIAN_POINT('',(-0.0144910864457488,-0.0352498957111954,0.0148538081337421));
#9911=CARTESIAN_POINT('',(-0.00649108644574883,-0.0352498957111954,0.0148538081337421));
#9912=CARTESIAN_POINT('',(0.0128851812332868,-0.019279571659051,0.0158278459510234));
#9913=CARTESIAN_POINT('',(0.0208851812332869,-0.019279571659051,0.0158278459510234));
#9914=CARTESIAN_POINT('',(0.0208851812332869,-0.019279571659051,0.0158278459510234));
#9915=CARTESIAN_POINT('',(0.0128851812332868,-0.019279571659051,0.0158278459510234));
#9916=CARTESIAN_POINT('',(0.00488518123328684,-0.0192795716590509,0.0158278459510234));
#9917=CARTESIAN_POINT('',(0.00488518123328684,-0.0192795716590509,0.0158278459510234));
#9918=CARTESIAN_POINT('',(0.0208851812332869,-0.0272647336851232,0.0153408270423827));
#9919=CARTESIAN_POINT('',(0.0208851812332869,-0.0352498957111954,0.0148538081337421));
#9920=CARTESIAN_POINT('',(0.0208851812332869,-0.0352498957111954,0.0148538081337421));
#9921=CARTESIAN_POINT('',(0.0208851812332869,-0.0272647336851232,0.0153408270423827));
#9922=CARTESIAN_POINT('',(0.0128851812332868,-0.0352498957111954,0.0148538081337421));
#9923=CARTESIAN_POINT('',(0.00488518123328685,-0.0352498957111954,0.0148538081337421));
#9924=CARTESIAN_POINT('',(0.00488518123328685,-0.0352498957111954,0.0148538081337421));
#9925=CARTESIAN_POINT('',(0.0128851812332868,-0.0352498957111954,0.0148538081337421));
#9926=CARTESIAN_POINT('',(0.0320171006023884,-0.019279571659051,0.0158278459510234));
#9927=CARTESIAN_POINT('',(0.0400171006023884,-0.019279571659051,0.0158278459510234));
#9928=CARTESIAN_POINT('',(0.0400171006023884,-0.019279571659051,0.0158278459510234));
#9929=CARTESIAN_POINT('',(0.0320171006023884,-0.019279571659051,0.0158278459510234));
#9930=CARTESIAN_POINT('',(0.0240171006023884,-0.019279571659051,0.0158278459510234));
#9931=CARTESIAN_POINT('',(0.0240171006023884,-0.019279571659051,0.0158278459510234));
#9932=CARTESIAN_POINT('',(0.0400171006023884,-0.0272647336851232,0.0153408270423827));
#9933=CARTESIAN_POINT('',(0.0400171006023884,-0.0352498957111954,0.0148538081337421));
#9934=CARTESIAN_POINT('',(0.0400171006023884,-0.0352498957111954,0.0148538081337421));
#9935=CARTESIAN_POINT('',(0.0400171006023884,-0.0272647336851232,0.0153408270423827));
#9936=CARTESIAN_POINT('',(0.0320171006023884,-0.0352498957111954,0.0148538081337421));
#9937=CARTESIAN_POINT('',(0.0240171006023884,-0.0352498957111954,0.0148538081337421));
#9938=CARTESIAN_POINT('',(0.0240171006023884,-0.0352498957111954,0.0148538081337421));
#9939=CARTESIAN_POINT('',(0.0320171006023884,-0.0352498957111954,0.0148538081337421));
#9940=CARTESIAN_POINT('',(0.0512195080518723,-0.019279571659051,0.0158278459510234));
#9941=CARTESIAN_POINT('',(0.0592195080518723,-0.019279571659051,0.0158278459510234));
#9942=CARTESIAN_POINT('',(0.0592195080518723,-0.019279571659051,0.0158278459510234));
#9943=CARTESIAN_POINT('',(0.0512195080518723,-0.019279571659051,0.0158278459510234));
#9944=CARTESIAN_POINT('',(0.0432195080518722,-0.0192795716590509,0.0158278459510234));
#9945=CARTESIAN_POINT('',(0.0432195080518722,-0.0192795716590509,0.0158278459510234));
#9946=CARTESIAN_POINT('',(0.0592195080518723,-0.0272647336851232,0.0153408270423827));
#9947=CARTESIAN_POINT('',(0.0592195080518723,-0.0352498957111954,0.0148538081337421));
#9948=CARTESIAN_POINT('',(0.0592195080518723,-0.0352498957111954,0.0148538081337421));
#9949=CARTESIAN_POINT('',(0.0592195080518723,-0.0272647336851232,0.0153408270423827));
#9950=CARTESIAN_POINT('',(0.0512195080518723,-0.0352498957111954,0.0148538081337421));
#9951=CARTESIAN_POINT('',(0.0432195080518722,-0.0352498957111954,0.0148538081337421));
#9952=CARTESIAN_POINT('',(0.0432195080518722,-0.0352498957111954,0.0148538081337421));
#9953=CARTESIAN_POINT('',(0.0512195080518723,-0.0352498957111954,0.0148538081337421));
#9954=CARTESIAN_POINT('',(0.0703911930322647,-0.019279571659051,0.0158278459510234));
#9955=CARTESIAN_POINT('',(0.0783911930322647,-0.019279571659051,0.0158278459510234));
#9956=CARTESIAN_POINT('',(0.0783911930322647,-0.019279571659051,0.0158278459510234));
#9957=CARTESIAN_POINT('',(0.0703911930322647,-0.019279571659051,0.0158278459510234));
#9958=CARTESIAN_POINT('',(0.0623911930322647,-0.019279571659051,0.0158278459510234));
#9959=CARTESIAN_POINT('',(0.0623911930322647,-0.019279571659051,0.0158278459510234));
#9960=CARTESIAN_POINT('',(0.0783911930322647,-0.0272647336851232,0.0153408270423827));
#9961=CARTESIAN_POINT('',(0.0783911930322647,-0.0352498957111954,0.0148538081337421));
#9962=CARTESIAN_POINT('',(0.0783911930322647,-0.0352498957111954,0.0148538081337421));
#9963=CARTESIAN_POINT('',(0.0783911930322647,-0.0272647336851232,0.0153408270423827));
#9964=CARTESIAN_POINT('',(0.0703911930322647,-0.0352498957111954,0.0148538081337421));
#9965=CARTESIAN_POINT('',(0.0623911930322647,-0.0352498957111954,0.0148538081337421));
#9966=CARTESIAN_POINT('',(0.0623911930322647,-0.0352498957111954,0.0148538081337421));
#9967=CARTESIAN_POINT('',(0.0703911930322647,-0.0352498957111954,0.0148538081337421));
#9968=CARTESIAN_POINT('',(0.0895992442965508,-0.0192795716590509,0.0158278459510234));
#9969=CARTESIAN_POINT('',(0.0975992442965508,-0.0192795716590509,0.0158278459510234));
#9970=CARTESIAN_POINT('',(0.0975992442965508,-0.0192795716590509,0.0158278459510234));
#9971=CARTESIAN_POINT('',(0.0895992442965508,-0.0192795716590509,0.0158278459510234));
#9972=CARTESIAN_POINT('',(0.0815992442965508,-0.0192795716590509,0.0158278459510234));
#9973=CARTESIAN_POINT('',(0.0815992442965508,-0.0192795716590509,0.0158278459510234));
#9974=CARTESIAN_POINT('',(0.0975992442965508,-0.0272647336851232,0.0153408270423827));
#9975=CARTESIAN_POINT('',(0.0975992442965508,-0.0352498957111954,0.0148538081337421));
#9976=CARTESIAN_POINT('',(0.0975992442965508,-0.0352498957111954,0.0148538081337421));
#9977=CARTESIAN_POINT('',(0.0975992442965508,-0.0272647336851232,0.0153408270423827));
#9978=CARTESIAN_POINT('',(0.0895992442965508,-0.0352498957111954,0.0148538081337421));
#9979=CARTESIAN_POINT('',(0.0815992442965508,-0.0352498957111954,0.0148538081337421));
#9980=CARTESIAN_POINT('',(0.0815992442965508,-0.0352498957111954,0.0148538081337421));
#9981=CARTESIAN_POINT('',(0.0895992442965508,-0.0352498957111954,0.0148538081337421));
#9982=CARTESIAN_POINT('',(-0.0929346457123757,-0.0387475616120572,0.0146404837923868));
#9983=CARTESIAN_POINT('',(-0.0849346457123757,-0.0387475616120572,0.0146404837923868));
#9984=CARTESIAN_POINT('',(-0.0849346457123757,-0.0387475616120572,0.0146404837923868));
#9985=CARTESIAN_POINT('',(-0.0929346457123757,-0.0387475616120572,0.0146404837923868));
#9986=CARTESIAN_POINT('',(-0.100934645712376,-0.0387475616120572,0.0146404837923868));
#9987=CARTESIAN_POINT('',(-0.100934645712376,-0.0387475616120572,0.0146404837923868));
#9988=CARTESIAN_POINT('',(-0.0849346457123757,-0.0467327236381295,0.0141534648837461));
#9989=CARTESIAN_POINT('',(-0.0849346457123757,-0.0547178856642017,0.0136664459751054));
#9990=CARTESIAN_POINT('',(-0.0849346457123757,-0.0547178856642017,0.0136664459751054));
#9991=CARTESIAN_POINT('',(-0.0849346457123757,-0.0467327236381295,0.0141534648837461));
#9992=CARTESIAN_POINT('',(-0.0929346457123757,-0.0547178856642017,0.0136664459751054));
#9993=CARTESIAN_POINT('',(-0.100934645712376,-0.0547178856642017,0.0136664459751054));
#9994=CARTESIAN_POINT('',(-0.100934645712376,-0.0547178856642017,0.0136664459751054));
#9995=CARTESIAN_POINT('',(-0.0929346457123757,-0.0547178856642017,0.0136664459751054));
#9996=CARTESIAN_POINT('',(-0.0736910477280617,-0.0387475616120572,0.0146404837923868));
#9997=CARTESIAN_POINT('',(-0.0656910477280617,-0.0387475616120572,0.0146404837923868));
#9998=CARTESIAN_POINT('',(-0.0656910477280617,-0.0387475616120572,0.0146404837923868));
#9999=CARTESIAN_POINT('',(-0.0736910477280617,-0.0387475616120572,0.0146404837923868));
#10000=CARTESIAN_POINT('',(-0.0816910477280617,-0.0387475616120572,0.0146404837923868));
#10001=CARTESIAN_POINT('',(-0.0816910477280617,-0.0387475616120572,0.0146404837923868));
#10002=CARTESIAN_POINT('',(-0.0656910477280617,-0.0467327236381295,0.0141534648837461));
#10003=CARTESIAN_POINT('',(-0.0656910477280617,-0.0547178856642017,0.0136664459751054));
#10004=CARTESIAN_POINT('',(-0.0656910477280617,-0.0547178856642017,0.0136664459751054));
#10005=CARTESIAN_POINT('',(-0.0656910477280617,-0.0467327236381295,0.0141534648837461));
#10006=CARTESIAN_POINT('',(-0.0736910477280617,-0.0547178856642017,0.0136664459751054));
#10007=CARTESIAN_POINT('',(-0.0816910477280617,-0.0547178856642017,0.0136664459751054));
#10008=CARTESIAN_POINT('',(-0.0816910477280617,-0.0547178856642017,0.0136664459751054));
#10009=CARTESIAN_POINT('',(-0.0736910477280617,-0.0547178856642017,0.0136664459751054));
#10010=CARTESIAN_POINT('',(-0.0544789806008339,-0.0387475616120572,0.0146404837923868));
#10011=CARTESIAN_POINT('',(-0.0464789806008339,-0.0387475616120572,0.0146404837923868));
#10012=CARTESIAN_POINT('',(-0.0464789806008339,-0.0387475616120572,0.0146404837923868));
#10013=CARTESIAN_POINT('',(-0.0544789806008339,-0.0387475616120572,0.0146404837923868));
#10014=CARTESIAN_POINT('',(-0.0624789806008339,-0.0387475616120572,0.0146404837923868));
#10015=CARTESIAN_POINT('',(-0.0624789806008339,-0.0387475616120572,0.0146404837923868));
#10016=CARTESIAN_POINT('',(-0.0464789806008339,-0.0467327236381295,0.0141534648837461));
#10017=CARTESIAN_POINT('',(-0.0464789806008339,-0.0547178856642017,0.0136664459751054));
#10018=CARTESIAN_POINT('',(-0.0464789806008339,-0.0547178856642017,0.0136664459751054));
#10019=CARTESIAN_POINT('',(-0.0464789806008339,-0.0467327236381295,0.0141534648837461));
#10020=CARTESIAN_POINT('',(-0.0544789806008339,-0.0547178856642017,0.0136664459751054));
#10021=CARTESIAN_POINT('',(-0.0624789806008339,-0.0547178856642017,0.0136664459751054));
#10022=CARTESIAN_POINT('',(-0.0624789806008339,-0.0547178856642017,0.0136664459751054));
#10023=CARTESIAN_POINT('',(-0.0544789806008339,-0.0547178856642017,0.0136664459751054));
#10024=CARTESIAN_POINT('',(-0.0353286191821098,-0.0387475616120572,0.0146404837923868));
#10025=CARTESIAN_POINT('',(-0.0273286191821098,-0.0387475616120572,0.0146404837923868));
#10026=CARTESIAN_POINT('',(-0.0273286191821098,-0.0387475616120572,0.0146404837923868));
#10027=CARTESIAN_POINT('',(-0.0353286191821098,-0.0387475616120572,0.0146404837923868));
#10028=CARTESIAN_POINT('',(-0.0433286191821098,-0.0387475616120572,0.0146404837923868));
#10029=CARTESIAN_POINT('',(-0.0433286191821098,-0.0387475616120572,0.0146404837923868));
#10030=CARTESIAN_POINT('',(-0.0273286191821098,-0.0467327236381295,0.0141534648837461));
#10031=CARTESIAN_POINT('',(-0.0273286191821098,-0.0547178856642017,0.0136664459751054));
#10032=CARTESIAN_POINT('',(-0.0273286191821098,-0.0547178856642017,0.0136664459751054));
#10033=CARTESIAN_POINT('',(-0.0273286191821098,-0.0467327236381295,0.0141534648837461));
#10034=CARTESIAN_POINT('',(-0.0353286191821098,-0.0547178856642017,0.0136664459751054));
#10035=CARTESIAN_POINT('',(-0.0433286191821098,-0.0547178856642017,0.0136664459751054));
#10036=CARTESIAN_POINT('',(-0.0433286191821098,-0.0547178856642017,0.0136664459751054));
#10037=CARTESIAN_POINT('',(-0.0353286191821098,-0.0547178856642017,0.0136664459751054));
#10038=CARTESIAN_POINT('',(-0.0161493625491857,-0.0387475616120572,0.0146404837923868));
#10039=CARTESIAN_POINT('',(-0.00814936254918577,-0.0387475616120572,0.0146404837923868));
#10040=CARTESIAN_POINT('',(-0.00814936254918577,-0.0387475616120572,0.0146404837923868));
#10041=CARTESIAN_POINT('',(-0.0161493625491857,-0.0387475616120572,0.0146404837923868));
#10042=CARTESIAN_POINT('',(-0.0241493625491857,-0.0387475616120572,0.0146404837923868));
#10043=CARTESIAN_POINT('',(-0.0241493625491857,-0.0387475616120572,0.0146404837923868));
#10044=CARTESIAN_POINT('',(-0.00814936254918577,-0.0467327236381295,0.0141534648837461));
#10045=CARTESIAN_POINT('',(-0.00814936254918576,-0.0547178856642017,0.0136664459751054));
#10046=CARTESIAN_POINT('',(-0.00814936254918576,-0.0547178856642017,0.0136664459751054));
#10047=CARTESIAN_POINT('',(-0.00814936254918577,-0.0467327236381295,0.0141534648837461));
#10048=CARTESIAN_POINT('',(-0.0161493625491857,-0.0547178856642017,0.0136664459751054));
#10049=CARTESIAN_POINT('',(-0.0241493625491857,-0.0547178856642017,0.0136664459751054));
#10050=CARTESIAN_POINT('',(-0.0241493625491857,-0.0547178856642017,0.0136664459751054));
#10051=CARTESIAN_POINT('',(-0.0161493625491857,-0.0547178856642017,0.0136664459751054));
#10052=CARTESIAN_POINT('',(0.00302575202658772,-0.0387475616120572,0.0146404837923868));
#10053=CARTESIAN_POINT('',(0.0110257520265877,-0.0387475616120572,0.0146404837923868));
#10054=CARTESIAN_POINT('',(0.0110257520265877,-0.0387475616120572,0.0146404837923868));
#10055=CARTESIAN_POINT('',(0.00302575202658772,-0.0387475616120572,0.0146404837923868));
#10056=CARTESIAN_POINT('',(-0.00497424797341229,-0.0387475616120572,0.0146404837923868));
#10057=CARTESIAN_POINT('',(-0.00497424797341229,-0.0387475616120572,0.0146404837923868));
#10058=CARTESIAN_POINT('',(0.0110257520265877,-0.0467327236381295,0.0141534648837461));
#10059=CARTESIAN_POINT('',(0.0110257520265877,-0.0547178856642017,0.0136664459751054));
#10060=CARTESIAN_POINT('',(0.0110257520265877,-0.0547178856642017,0.0136664459751054));
#10061=CARTESIAN_POINT('',(0.0110257520265877,-0.0467327236381295,0.0141534648837461));
#10062=CARTESIAN_POINT('',(0.00302575202658771,-0.0547178856642017,0.0136664459751054));
#10063=CARTESIAN_POINT('',(-0.00497424797341229,-0.0547178856642017,0.0136664459751054));
#10064=CARTESIAN_POINT('',(-0.00497424797341229,-0.0547178856642017,0.0136664459751054));
#10065=CARTESIAN_POINT('',(0.00302575202658771,-0.0547178856642017,0.0136664459751054));
#10066=CARTESIAN_POINT('',(0.022187190130353,-0.0387475616120572,0.0146404837923868));
#10067=CARTESIAN_POINT('',(0.030187190130353,-0.0387475616120572,0.0146404837923868));
#10068=CARTESIAN_POINT('',(0.030187190130353,-0.0387475616120572,0.0146404837923868));
#10069=CARTESIAN_POINT('',(0.022187190130353,-0.0387475616120572,0.0146404837923868));
#10070=CARTESIAN_POINT('',(0.014187190130353,-0.0387475616120572,0.0146404837923868));
#10071=CARTESIAN_POINT('',(0.014187190130353,-0.0387475616120572,0.0146404837923868));
#10072=CARTESIAN_POINT('',(0.030187190130353,-0.0467327236381295,0.0141534648837461));
#10073=CARTESIAN_POINT('',(0.030187190130353,-0.0547178856642017,0.0136664459751054));
#10074=CARTESIAN_POINT('',(0.030187190130353,-0.0547178856642017,0.0136664459751054));
#10075=CARTESIAN_POINT('',(0.030187190130353,-0.0467327236381295,0.0141534648837461));
#10076=CARTESIAN_POINT('',(0.022187190130353,-0.0547178856642017,0.0136664459751054));
#10077=CARTESIAN_POINT('',(0.014187190130353,-0.0547178856642017,0.0136664459751054));
#10078=CARTESIAN_POINT('',(0.014187190130353,-0.0547178856642017,0.0136664459751054));
#10079=CARTESIAN_POINT('',(0.022187190130353,-0.0547178856642017,0.0136664459751054));
#10080=CARTESIAN_POINT('',(0.0413842238485813,-0.0387475616120572,0.0146404837923868));
#10081=CARTESIAN_POINT('',(0.0493842238485813,-0.0387475616120572,0.0146404837923868));
#10082=CARTESIAN_POINT('',(0.0493842238485813,-0.0387475616120572,0.0146404837923868));
#10083=CARTESIAN_POINT('',(0.0413842238485813,-0.0387475616120572,0.0146404837923868));
#10084=CARTESIAN_POINT('',(0.0333842238485813,-0.0387475616120572,0.0146404837923868));
#10085=CARTESIAN_POINT('',(0.0333842238485813,-0.0387475616120572,0.0146404837923868));
#10086=CARTESIAN_POINT('',(0.0493842238485813,-0.0467327236381295,0.0141534648837461));
#10087=CARTESIAN_POINT('',(0.0493842238485813,-0.0547178856642017,0.0136664459751054));
#10088=CARTESIAN_POINT('',(0.0493842238485813,-0.0547178856642017,0.0136664459751054));
#10089=CARTESIAN_POINT('',(0.0493842238485813,-0.0467327236381295,0.0141534648837461));
#10090=CARTESIAN_POINT('',(0.0413842238485813,-0.0547178856642017,0.0136664459751054));
#10091=CARTESIAN_POINT('',(0.0333842238485813,-0.0547178856642017,0.0136664459751054));
#10092=CARTESIAN_POINT('',(0.0333842238485813,-0.0547178856642017,0.0136664459751054));
#10093=CARTESIAN_POINT('',(0.0413842238485813,-0.0547178856642017,0.0136664459751054));
#10094=CARTESIAN_POINT('',(0.0606396496295929,-0.0387475616120572,0.0146404837923868));
#10095=CARTESIAN_POINT('',(0.0686396496295929,-0.0387475616120572,0.0146404837923868));
#10096=CARTESIAN_POINT('',(0.0686396496295929,-0.0387475616120572,0.0146404837923868));
#10097=CARTESIAN_POINT('',(0.0606396496295929,-0.0387475616120572,0.0146404837923868));
#10098=CARTESIAN_POINT('',(0.0526396496295929,-0.0387475616120572,0.0146404837923868));
#10099=CARTESIAN_POINT('',(0.0526396496295929,-0.0387475616120572,0.0146404837923868));
#10100=CARTESIAN_POINT('',(0.0686396496295929,-0.0467327236381295,0.0141534648837461));
#10101=CARTESIAN_POINT('',(0.0686396496295929,-0.0547178856642017,0.0136664459751054));
#10102=CARTESIAN_POINT('',(0.0686396496295929,-0.0547178856642017,0.0136664459751054));
#10103=CARTESIAN_POINT('',(0.0686396496295929,-0.0467327236381295,0.0141534648837461));
#10104=CARTESIAN_POINT('',(0.0606396496295929,-0.0547178856642017,0.0136664459751054));
#10105=CARTESIAN_POINT('',(0.0526396496295929,-0.0547178856642017,0.0136664459751054));
#10106=CARTESIAN_POINT('',(0.0526396496295929,-0.0547178856642017,0.0136664459751054));
#10107=CARTESIAN_POINT('',(0.0606396496295929,-0.0547178856642017,0.0136664459751054));
#10108=CARTESIAN_POINT('',(0.0797537490725517,-0.0387475616120572,0.0146404837923868));
#10109=CARTESIAN_POINT('',(0.0877537490725517,-0.0387475616120572,0.0146404837923868));
#10110=CARTESIAN_POINT('',(0.0877537490725517,-0.0387475616120572,0.0146404837923868));
#10111=CARTESIAN_POINT('',(0.0797537490725517,-0.0387475616120572,0.0146404837923868));
#10112=CARTESIAN_POINT('',(0.0717537490725517,-0.0387475616120572,0.0146404837923868));
#10113=CARTESIAN_POINT('',(0.0717537490725517,-0.0387475616120572,0.0146404837923868));
#10114=CARTESIAN_POINT('',(0.0877537490725517,-0.0467327236381295,0.0141534648837461));
#10115=CARTESIAN_POINT('',(0.0877537490725517,-0.0547178856642017,0.0136664459751054));
#10116=CARTESIAN_POINT('',(0.0877537490725517,-0.0547178856642017,0.0136664459751054));
#10117=CARTESIAN_POINT('',(0.0877537490725517,-0.0467327236381295,0.0141534648837461));
#10118=CARTESIAN_POINT('',(0.0797537490725517,-0.0547178856642017,0.0136664459751054));
#10119=CARTESIAN_POINT('',(0.0717537490725517,-0.0547178856642017,0.0136664459751054));
#10120=CARTESIAN_POINT('',(0.0717537490725517,-0.0547178856642017,0.0136664459751054));
#10121=CARTESIAN_POINT('',(0.0797537490725517,-0.0547178856642017,0.0136664459751054));
#10122=CARTESIAN_POINT('',(-0.13340125977993,-0.0578678488048136,0.013474328193902));
#10123=CARTESIAN_POINT('',(-0.12540125977993,-0.0578678488048137,0.013474328193902));
#10124=CARTESIAN_POINT('',(-0.12540125977993,-0.0578678488048137,0.013474328193902));
#10125=CARTESIAN_POINT('',(-0.13340125977993,-0.0578678488048136,0.013474328193902));
#10126=CARTESIAN_POINT('',(-0.14140125977993,-0.0578678488048136,0.013474328193902));
#10127=CARTESIAN_POINT('',(-0.14140125977993,-0.0578678488048136,0.013474328193902));
#10128=CARTESIAN_POINT('',(-0.12540125977993,-0.0658530108308859,0.0129873092852613));
#10129=CARTESIAN_POINT('',(-0.12540125977993,-0.0738381728569582,0.0125002903766207));
#10130=CARTESIAN_POINT('',(-0.12540125977993,-0.0738381728569582,0.0125002903766207));
#10131=CARTESIAN_POINT('',(-0.12540125977993,-0.0658530108308859,0.0129873092852613));
#10132=CARTESIAN_POINT('',(-0.13340125977993,-0.0738381728569582,0.0125002903766207));
#10133=CARTESIAN_POINT('',(-0.14140125977993,-0.0738381728569582,0.0125002903766207));
#10134=CARTESIAN_POINT('',(-0.14140125977993,-0.0738381728569582,0.0125002903766207));
#10135=CARTESIAN_POINT('',(-0.13340125977993,-0.0738381728569582,0.0125002903766207));
#10136=CARTESIAN_POINT('',(-0.10958343744278,-0.0578678488048137,0.013474328193902));
#10137=CARTESIAN_POINT('',(-0.10158343744278,-0.0578678488048137,0.013474328193902));
#10138=CARTESIAN_POINT('',(-0.10158343744278,-0.0578678488048137,0.013474328193902));
#10139=CARTESIAN_POINT('',(-0.10958343744278,-0.0578678488048137,0.013474328193902));
#10140=CARTESIAN_POINT('',(-0.11758343744278,-0.0578678488048137,0.013474328193902));
#10141=CARTESIAN_POINT('',(-0.11758343744278,-0.0578678488048137,0.013474328193902));
#10142=CARTESIAN_POINT('',(-0.10158343744278,-0.0658530108308859,0.0129873092852613));
#10143=CARTESIAN_POINT('',(-0.10158343744278,-0.0738381728569582,0.0125002903766207));
#10144=CARTESIAN_POINT('',(-0.10158343744278,-0.0738381728569582,0.0125002903766207));
#10145=CARTESIAN_POINT('',(-0.10158343744278,-0.0658530108308859,0.0129873092852613));
#10146=CARTESIAN_POINT('',(-0.10958343744278,-0.0738381728569582,0.0125002903766207));
#10147=CARTESIAN_POINT('',(-0.11758343744278,-0.0738381728569582,0.0125002903766207));
#10148=CARTESIAN_POINT('',(-0.11758343744278,-0.0738381728569582,0.0125002903766207));
#10149=CARTESIAN_POINT('',(-0.10958343744278,-0.0738381728569582,0.0125002903766207));
#10150=CARTESIAN_POINT('',(-0.0857423469424248,-0.0578678488048137,0.013474328193902));
#10151=CARTESIAN_POINT('',(-0.0777423469424248,-0.0578678488048137,0.013474328193902));
#10152=CARTESIAN_POINT('',(-0.0777423469424248,-0.0578678488048137,0.013474328193902));
#10153=CARTESIAN_POINT('',(-0.0857423469424248,-0.0578678488048137,0.013474328193902));
#10154=CARTESIAN_POINT('',(-0.0937423469424248,-0.0578678488048137,0.013474328193902));
#10155=CARTESIAN_POINT('',(-0.0937423469424248,-0.0578678488048137,0.013474328193902));
#10156=CARTESIAN_POINT('',(-0.0777423469424248,-0.0658530108308859,0.0129873092852613));
#10157=CARTESIAN_POINT('',(-0.0777423469424248,-0.0738381728569582,0.0125002903766207));
#10158=CARTESIAN_POINT('',(-0.0777423469424248,-0.0738381728569582,0.0125002903766207));
#10159=CARTESIAN_POINT('',(-0.0777423469424248,-0.0658530108308859,0.0129873092852613));
#10160=CARTESIAN_POINT('',(-0.0857423469424248,-0.0738381728569582,0.0125002903766207));
#10161=CARTESIAN_POINT('',(-0.0937423469424248,-0.0738381728569582,0.0125002903766207));
#10162=CARTESIAN_POINT('',(-0.0937423469424248,-0.0738381728569582,0.0125002903766207));
#10163=CARTESIAN_POINT('',(-0.0857423469424248,-0.0738381728569582,0.0125002903766207));
#10164=CARTESIAN_POINT('',(0.0573167018592358,-0.0578678488048136,0.013474328193902));
#10165=CARTESIAN_POINT('',(0.0653167018592358,-0.0578678488048136,0.013474328193902));
#10166=CARTESIAN_POINT('',(0.0653167018592358,-0.0578678488048136,0.013474328193902));
#10167=CARTESIAN_POINT('',(0.0573167018592358,-0.0578678488048136,0.013474328193902));
#10168=CARTESIAN_POINT('',(0.0493167018592358,-0.0578678488048136,0.013474328193902));
#10169=CARTESIAN_POINT('',(0.0493167018592358,-0.0578678488048136,0.013474328193902));
#10170=CARTESIAN_POINT('',(0.0653167018592358,-0.0658530108308859,0.0129873092852613));
#10171=CARTESIAN_POINT('',(0.0653167018592358,-0.0738381728569582,0.0125002903766207));
#10172=CARTESIAN_POINT('',(0.0653167018592358,-0.0738381728569582,0.0125002903766207));
#10173=CARTESIAN_POINT('',(0.0653167018592358,-0.0658530108308859,0.0129873092852613));
#10174=CARTESIAN_POINT('',(0.0573167018592358,-0.0738381728569582,0.0125002903766207));
#10175=CARTESIAN_POINT('',(0.0493167018592358,-0.0738381728569582,0.0125002903766207));
#10176=CARTESIAN_POINT('',(0.0493167018592358,-0.0738381728569582,0.0125002903766207));
#10177=CARTESIAN_POINT('',(0.0573167018592358,-0.0738381728569582,0.0125002903766207));
#10178=CARTESIAN_POINT('',(0.081152468919754,-0.0578678488048136,0.013474328193902));
#10179=CARTESIAN_POINT('',(0.089152468919754,-0.0578678488048136,0.013474328193902));
#10180=CARTESIAN_POINT('',(0.089152468919754,-0.0578678488048136,0.013474328193902));
#10181=CARTESIAN_POINT('',(0.081152468919754,-0.0578678488048136,0.013474328193902));
#10182=CARTESIAN_POINT('',(0.073152468919754,-0.0578678488048136,0.013474328193902));
#10183=CARTESIAN_POINT('',(0.073152468919754,-0.0578678488048136,0.013474328193902));
#10184=CARTESIAN_POINT('',(0.089152468919754,-0.0658530108308859,0.0129873092852613));
#10185=CARTESIAN_POINT('',(0.089152468919754,-0.0738381728569582,0.0125002903766207));
#10186=CARTESIAN_POINT('',(0.089152468919754,-0.0738381728569582,0.0125002903766207));
#10187=CARTESIAN_POINT('',(0.089152468919754,-0.0658530108308859,0.0129873092852613));
#10188=CARTESIAN_POINT('',(0.081152468919754,-0.0738381728569582,0.0125002903766207));
#10189=CARTESIAN_POINT('',(0.073152468919754,-0.0738381728569582,0.0125002903766207));
#10190=CARTESIAN_POINT('',(0.073152468919754,-0.0738381728569582,0.0125002903766207));
#10191=CARTESIAN_POINT('',(0.081152468919754,-0.0738381728569582,0.0125002903766207));
#10192=CARTESIAN_POINT('',(0.105160921812057,-0.0578678488048137,0.013474328193902));
#10193=CARTESIAN_POINT('',(0.113160921812057,-0.0578678488048137,0.013474328193902));
#10194=CARTESIAN_POINT('',(0.113160921812057,-0.0578678488048137,0.013474328193902));
#10195=CARTESIAN_POINT('',(0.105160921812057,-0.0578678488048137,0.013474328193902));
#10196=CARTESIAN_POINT('',(0.0971609218120575,-0.0578678488048137,0.013474328193902));
#10197=CARTESIAN_POINT('',(0.0971609218120575,-0.0578678488048137,0.013474328193902));
#10198=CARTESIAN_POINT('',(0.113160921812057,-0.0658530108308859,0.0129873092852613));
#10199=CARTESIAN_POINT('',(0.113160921812057,-0.0738381728569582,0.0125002903766207));
#10200=CARTESIAN_POINT('',(0.113160921812057,-0.0738381728569582,0.0125002903766207));
#10201=CARTESIAN_POINT('',(0.113160921812057,-0.0658530108308859,0.0129873092852613));
#10202=CARTESIAN_POINT('',(0.105160921812057,-0.0738381728569582,0.0125002903766207));
#10203=CARTESIAN_POINT('',(0.0971609218120575,-0.0738381728569582,0.0125002903766207));
#10204=CARTESIAN_POINT('',(0.0971609218120575,-0.0738381728569582,0.0125002903766207));
#10205=CARTESIAN_POINT('',(0.105160921812057,-0.0738381728569582,0.0125002903766207));
#10206=CARTESIAN_POINT('',(0.128980159759521,-0.0578678488048136,0.013474328193902));
#10207=CARTESIAN_POINT('',(0.136980159759521,-0.0578678488048136,0.013474328193902));
#10208=CARTESIAN_POINT('',(0.136980159759521,-0.0578678488048136,0.013474328193902));
#10209=CARTESIAN_POINT('',(0.128980159759521,-0.0578678488048136,0.013474328193902));
#10210=CARTESIAN_POINT('',(0.120980159759521,-0.0578678488048136,0.013474328193902));
#10211=CARTESIAN_POINT('',(0.120980159759521,-0.0578678488048136,0.013474328193902));
#10212=CARTESIAN_POINT('',(0.136980159759521,-0.0658530108308859,0.0129873092852613));
#10213=CARTESIAN_POINT('',(0.136980159759521,-0.0738381728569582,0.0125002903766207));
#10214=CARTESIAN_POINT('',(0.136980159759521,-0.0738381728569582,0.0125002903766207));
#10215=CARTESIAN_POINT('',(0.136980159759521,-0.0658530108308859,0.0129873092852613));
#10216=CARTESIAN_POINT('',(0.128980159759521,-0.0738381728569582,0.0125002903766207));
#10217=CARTESIAN_POINT('',(0.120980159759521,-0.0738381728569582,0.0125002903766207));
#10218=CARTESIAN_POINT('',(0.120980159759521,-0.0738381728569582,0.0125002903766207));
#10219=CARTESIAN_POINT('',(0.128980159759521,-0.0738381728569582,0.0125002903766207));
#10220=CARTESIAN_POINT('',(0.141706458642415,0.0248914771521767,0.0185218596623693));
#10221=CARTESIAN_POINT('',(0.141706458642415,0.0213979687657701,0.018308788889839));
#10222=CARTESIAN_POINT('',(0.141706458642415,0.0213979687657701,0.018308788889839));
#10223=CARTESIAN_POINT('',(0.141706458642415,0.0248914771521767,0.0185218596623693));
#10224=CARTESIAN_POINT('',(0.145206458642415,0.0248914771521767,0.0185218596623693));
#10225=CARTESIAN_POINT('',(0.145206458642415,0.0248914771521767,0.0185218596623693));
#10226=CARTESIAN_POINT('',(0.000198229321207444,0.0213979687657701,0.018308788889839));
#10227=CARTESIAN_POINT('',(-0.14131,0.0213979687657701,0.018308788889839));
#10228=CARTESIAN_POINT('',(-0.14131,0.0213979687657701,0.018308788889839));
#10229=CARTESIAN_POINT('',(0.000198229321207444,0.0213979687657701,0.018308788889839));
#10230=CARTESIAN_POINT('',(-0.14131,0.0248914771521767,0.0185218596623693));
#10231=CARTESIAN_POINT('',(-0.14481,0.0248914771521767,0.0185218596623693));
#10232=CARTESIAN_POINT('',(-0.14481,0.0248914771521767,0.0185218596623693));
#10233=CARTESIAN_POINT('',(-0.14131,0.0248914771521767,0.0185218596623693));
#10234=CARTESIAN_POINT('',(-0.14481,0.0487251126053075,0.0199754846595107));
#10235=CARTESIAN_POINT('',(-0.14481,0.0725587480584382,0.0214291096566522));
#10236=CARTESIAN_POINT('',(-0.14481,0.0725587480584382,0.0214291096566522));
#10237=CARTESIAN_POINT('',(-0.14481,0.0487251126053075,0.0199754846595107));
#10238=CARTESIAN_POINT('',(-0.14131,0.0725587480584382,0.0214291096566522));
#10239=CARTESIAN_POINT('',(-0.14131,0.0760522564448448,0.0216421804291825));
#10240=CARTESIAN_POINT('',(-0.14131,0.0760522564448448,0.0216421804291825));
#10241=CARTESIAN_POINT('',(-0.14131,0.0725587480584382,0.0214291096566522));
#10242=CARTESIAN_POINT('',(0.000198229321207444,0.0760522564448448,0.0216421804291825));
#10243=CARTESIAN_POINT('',(-0.137808818853234,0.0760522564448448,0.0216421804291825));
#10244=CARTESIAN_POINT('',(-0.137808818853234,0.0761514828900867,0.0200152636329968));
#10245=CARTESIAN_POINT('',(-0.135153183934623,0.0761514828900867,0.0200152636329968));
#10246=CARTESIAN_POINT('',(-0.137252121418026,0.0760522564448448,0.0216421804291825));
#10247=CARTESIAN_POINT('',(0.000198229321207444,0.0760522564448448,0.0216421804291825));
#10248=CARTESIAN_POINT('',(0.141706458642415,0.0725587480584382,0.0214291096566522));
#10249=CARTESIAN_POINT('',(0.145206458642415,0.0725587480584382,0.0214291096566522));
#10250=CARTESIAN_POINT('',(0.145206458642415,0.0725587480584382,0.0214291096566522));
#10251=CARTESIAN_POINT('',(0.141706458642415,0.0725587480584382,0.0214291096566522));
#10252=CARTESIAN_POINT('',(0.0316171006023884,-0.0568850448178876,0.0135342698862005));
#10253=CARTESIAN_POINT('',(0.0316171006023884,-0.0559022408309616,0.0135942115784989));
#10254=CARTESIAN_POINT('',(0.0316171006023884,-0.0559022408309616,0.0135942115784989));
#10255=CARTESIAN_POINT('',(0.0316171006023884,-0.0568850448178876,0.0135342698862005));
#10256=CARTESIAN_POINT('',(0.0316171006023884,-0.0578678488048137,0.013474328193902));
#10257=CARTESIAN_POINT('',(0.0316171006023884,-0.0578678488048137,0.013474328193902));
#10258=CARTESIAN_POINT('',(0.0356651612281799,-0.0559022408309616,0.0135942115784989));
#10259=CARTESIAN_POINT('',(0.0397132218539714,-0.0559022408309616,0.0135942115784989));
#10260=CARTESIAN_POINT('',(0.0397132218539714,-0.0559022408309616,0.0135942115784989));
#10261=CARTESIAN_POINT('',(0.0356651612281799,-0.0559022408309616,0.0135942115784989));
#10262=CARTESIAN_POINT('',(0.0397132218539714,-0.066155063521586,0.0129688869450137));
#10263=CARTESIAN_POINT('',(0.0397132218539714,-0.0764078862122104,0.0123435623115284));
#10264=CARTESIAN_POINT('',(0.0397132218539714,-0.0764078862122104,0.0123435623115284));
#10265=CARTESIAN_POINT('',(0.0397132218539714,-0.066155063521586,0.0129688869450137));
#10266=CARTESIAN_POINT('',(0.0356651612281799,-0.0764078862122104,0.0123435623115284));
#10267=CARTESIAN_POINT('',(0.0316171006023884,-0.0764078862122104,0.0123435623115284));
#10268=CARTESIAN_POINT('',(0.0316171006023884,-0.0764078862122104,0.0123435623115284));
#10269=CARTESIAN_POINT('',(0.0356651612281799,-0.0764078862122104,0.0123435623115284));
#10270=CARTESIAN_POINT('',(0.0316171006023884,-0.0751230295345843,0.0124219263440745));
#10271=CARTESIAN_POINT('',(0.0316171006023884,-0.0738381728569582,0.0125002903766207));
#10272=CARTESIAN_POINT('',(0.0316171006023884,-0.0738381728569582,0.0125002903766207));
#10273=CARTESIAN_POINT('',(0.0316171006023884,-0.0751230295345843,0.0124219263440745));
#10274=CARTESIAN_POINT('',(0.0126541256263852,-0.0738381728569582,0.0125002903766207));
#10275=CARTESIAN_POINT('',(-0.0601322501897812,-0.0738381728569582,0.0125002903766207));
#10276=CARTESIAN_POINT('',(-0.0601322501897812,-0.0738381728569582,0.0125002903766207));
#10277=CARTESIAN_POINT('',(0.0126541256263852,-0.0738381728569582,0.0125002903766207));
#10278=CARTESIAN_POINT('',(-0.0601322501897812,-0.0753385401993524,0.0124087822440033));
#10279=CARTESIAN_POINT('',(-0.0601322501897812,-0.0768389075417466,0.0123172741113859));
#10280=CARTESIAN_POINT('',(-0.0601322501897812,-0.0768389075417466,0.0123172741113859));
#10281=CARTESIAN_POINT('',(-0.0601322501897812,-0.0753385401993524,0.0124087822440033));
#10282=CARTESIAN_POINT('',(-0.0641803108155728,-0.0768389075417466,0.0123172741113859));
#10283=CARTESIAN_POINT('',(-0.0682283714413643,-0.0768389075417466,0.0123172741113859));
#10284=CARTESIAN_POINT('',(-0.0682283714413643,-0.0768389075417466,0.0123172741113859));
#10285=CARTESIAN_POINT('',(-0.0641803108155728,-0.0768389075417466,0.0123172741113859));
#10286=CARTESIAN_POINT('',(-0.0682283714413643,-0.0665860848511223,0.0129425987448712));
#10287=CARTESIAN_POINT('',(-0.0682283714413643,-0.0563332621604979,0.0135679233783565));
#10288=CARTESIAN_POINT('',(-0.0682283714413643,-0.0563332621604979,0.0135679233783565));
#10289=CARTESIAN_POINT('',(-0.0682283714413643,-0.0665860848511223,0.0129425987448712));
#10290=CARTESIAN_POINT('',(-0.0641803108155728,-0.0563332621604979,0.0135679233783565));
#10291=CARTESIAN_POINT('',(-0.0601322501897812,-0.0563332621604979,0.0135679233783565));
#10292=CARTESIAN_POINT('',(-0.0601322501897812,-0.0563332621604979,0.0135679233783565));
#10293=CARTESIAN_POINT('',(-0.0641803108155728,-0.0563332621604979,0.0135679233783565));
#10294=CARTESIAN_POINT('',(-0.0601322501897812,-0.0571005554826558,0.0135211257861292));
#10295=CARTESIAN_POINT('',(-0.0601322501897812,-0.0578678488048137,0.013474328193902));
#10296=CARTESIAN_POINT('',(-0.0601322501897812,-0.0578678488048137,0.013474328193902));
#10297=CARTESIAN_POINT('',(-0.0601322501897812,-0.0571005554826558,0.0135211257861292));
#10298=CARTESIAN_POINT('',(0.128664253845215,-0.0188171868190489,0.0158560470268957));
#10299=CARTESIAN_POINT('',(0.128664253845215,-0.018354801979047,0.015884248102768));
#10300=CARTESIAN_POINT('',(0.128664253845215,-0.018354801979047,0.015884248102768));
#10301=CARTESIAN_POINT('',(0.128664253845215,-0.0188171868190489,0.0158560470268957));
#10302=CARTESIAN_POINT('',(0.128664253845215,-0.0192795716590509,0.0158278459510234));
#10303=CARTESIAN_POINT('',(0.128664253845215,-0.0192795716590509,0.0158278459510234));
#10304=CARTESIAN_POINT('',(0.132520529075861,-0.018354801979047,0.015884248102768));
#10305=CARTESIAN_POINT('',(0.136376804306507,-0.0183548019790469,0.015884248102768));
#10306=CARTESIAN_POINT('',(0.136376804306507,-0.0183548019790469,0.015884248102768));
#10307=CARTESIAN_POINT('',(0.132520529075861,-0.018354801979047,0.015884248102768));
#10308=CARTESIAN_POINT('',(0.136376804306507,-0.0282981447642457,0.0152777987989622));
#10309=CARTESIAN_POINT('',(0.136376804306507,-0.0382414875494444,0.0146713494951565));
#10310=CARTESIAN_POINT('',(0.136376804306507,-0.0382414875494444,0.0146713494951565));
#10311=CARTESIAN_POINT('',(0.136376804306507,-0.0282981447642457,0.0152777987989622));
#10312=CARTESIAN_POINT('',(0.134034138082266,-0.0382414875494444,0.0146713494951565));
#10313=CARTESIAN_POINT('',(0.131691471858025,-0.0382414875494444,0.0146713494951565));
#10314=CARTESIAN_POINT('',(0.131691471858025,-0.0382414875494444,0.0146713494951565));
#10315=CARTESIAN_POINT('',(0.134034138082266,-0.0382414875494444,0.0146713494951565));
#10316=CARTESIAN_POINT('',(0.131691471858025,-0.0478657522038574,0.0140843609214548));
#10317=CARTESIAN_POINT('',(0.131691471858025,-0.0574900168582705,0.0134973723477531));
#10318=CARTESIAN_POINT('',(0.131691471858025,-0.0574900168582705,0.0134973723477531));
#10319=CARTESIAN_POINT('',(0.131691471858025,-0.0478657522038574,0.0140843609214548));
#10320=CARTESIAN_POINT('',(0.127587230129242,-0.0574900168582705,0.0134973723477531));
#10321=CARTESIAN_POINT('',(0.123482988400459,-0.0574900168582705,0.0134973723477531));
#10322=CARTESIAN_POINT('',(0.123482988400459,-0.0574900168582705,0.0134973723477531));
#10323=CARTESIAN_POINT('',(0.127587230129242,-0.0574900168582705,0.0134973723477531));
#10324=CARTESIAN_POINT('',(0.123482988400459,-0.0561039512612361,0.0135819091614293));
#10325=CARTESIAN_POINT('',(0.123482988400459,-0.0547178856642017,0.0136664459751054));
#10326=CARTESIAN_POINT('',(0.123482988400459,-0.0547178856642017,0.0136664459751054));
#10327=CARTESIAN_POINT('',(0.123482988400459,-0.0561039512612361,0.0135819091614293));
#10328=CARTESIAN_POINT('',(0.115751334092617,-0.0547178856642017,0.0136664459751054));
#10329=CARTESIAN_POINT('',(0.108019679784775,-0.0547178856642017,0.0136664459751054));
#10330=CARTESIAN_POINT('',(0.108019679784775,-0.0547178856642017,0.0136664459751054));
#10331=CARTESIAN_POINT('',(0.115751334092617,-0.0547178856642017,0.0136664459751054));
#10332=CARTESIAN_POINT('',(0.108019679784775,-0.0561039512612358,0.0135819091614293));
#10333=CARTESIAN_POINT('',(0.108019679784775,-0.0574900168582699,0.0134973723477531));
#10334=CARTESIAN_POINT('',(0.108019679784775,-0.0574900168582699,0.0134973723477531));
#10335=CARTESIAN_POINT('',(0.108019679784775,-0.0561039512612358,0.0135819091614293));
#10336=CARTESIAN_POINT('',(0.103915438055992,-0.0574900168582699,0.0134973723477531));
#10337=CARTESIAN_POINT('',(0.0998111963272095,-0.0574900168582699,0.0134973723477531));
#10338=CARTESIAN_POINT('',(0.0998111963272095,-0.0574900168582699,0.0134973723477531));
#10339=CARTESIAN_POINT('',(0.103915438055992,-0.0574900168582699,0.0134973723477531));
#10340=CARTESIAN_POINT('',(0.0998111963272095,-0.0471871180072779,0.0141257511505704));
#10341=CARTESIAN_POINT('',(0.0998111963272095,-0.0368842191562857,0.0147541299533877));
#10342=CARTESIAN_POINT('',(0.0998111963272095,-0.0368842191562857,0.0147541299533877));
#10343=CARTESIAN_POINT('',(0.0998111963272095,-0.0471871180072779,0.0141257511505704));
#10344=CARTESIAN_POINT('',(0.102371457964182,-0.0368842191562857,0.0147541299533877));
#10345=CARTESIAN_POINT('',(0.104931719601154,-0.0368842191562857,0.0147541299533877));
#10346=CARTESIAN_POINT('',(0.104931719601154,-0.0368842191562857,0.0147541299533877));
#10347=CARTESIAN_POINT('',(0.102371457964182,-0.0368842191562857,0.0147541299533877));
#10348=CARTESIAN_POINT('',(0.104931719601154,-0.0276195105676664,0.0153191890280778));
#10349=CARTESIAN_POINT('',(0.104931719601154,-0.0183548019790469,0.015884248102768));
#10350=CARTESIAN_POINT('',(0.104931719601154,-0.0183548019790469,0.015884248102768));
#10351=CARTESIAN_POINT('',(0.104931719601154,-0.0276195105676664,0.0153191890280778));
#10352=CARTESIAN_POINT('',(0.1087879948318,-0.018354801979047,0.015884248102768));
#10353=CARTESIAN_POINT('',(0.112644270062447,-0.018354801979047,0.015884248102768));
#10354=CARTESIAN_POINT('',(0.112644270062447,-0.018354801979047,0.015884248102768));
#10355=CARTESIAN_POINT('',(0.1087879948318,-0.018354801979047,0.015884248102768));
#10356=CARTESIAN_POINT('',(0.112644270062447,-0.0188171868190489,0.0158560470268957));
#10357=CARTESIAN_POINT('',(0.112644270062447,-0.0192795716590509,0.0158278459510234));
#10358=CARTESIAN_POINT('',(0.112644270062447,-0.0192795716590509,0.0158278459510234));
#10359=CARTESIAN_POINT('',(0.112644270062447,-0.0188171868190489,0.0158560470268957));
#10360=CARTESIAN_POINT('',(-0.1160296002388,-0.0379374710674965,0.0146898916079857));
#10361=CARTESIAN_POINT('',(-0.1160296002388,-0.0372663394300206,0.0147308242523792));
#10362=CARTESIAN_POINT('',(-0.1160296002388,-0.0372663394300206,0.0147308242523792));
#10363=CARTESIAN_POINT('',(-0.1160296002388,-0.0379374710674965,0.0146898916079857));
#10364=CARTESIAN_POINT('',(-0.1160296002388,-0.0386086027049724,0.0146489589635922));
#10365=CARTESIAN_POINT('',(-0.1160296002388,-0.0386086027049724,0.0146489589635922));
#10366=CARTESIAN_POINT('',(-0.111959333157539,-0.0372663394300206,0.0147308242523792));
#10367=CARTESIAN_POINT('',(-0.107889066076279,-0.0372663394300206,0.0147308242523792));
#10368=CARTESIAN_POINT('',(-0.107889066076279,-0.0372663394300206,0.0147308242523792));
#10369=CARTESIAN_POINT('',(-0.111959333157539,-0.0372663394300206,0.0147308242523792));
#10370=CARTESIAN_POINT('',(-0.107889066076279,-0.0473389986300727,0.0141164878776505));
#10371=CARTESIAN_POINT('',(-0.107889066076279,-0.0574116578301249,0.0135021515029218));
#10372=CARTESIAN_POINT('',(-0.107889066076279,-0.0574116578301249,0.0135021515029218));
#10373=CARTESIAN_POINT('',(-0.107889066076279,-0.0473389986300727,0.0141164878776505));
#10374=CARTESIAN_POINT('',(-0.111959333157539,-0.0574116578301249,0.0135021515029218));
#10375=CARTESIAN_POINT('',(-0.1160296002388,-0.0574116578301249,0.0135021515029218));
#10376=CARTESIAN_POINT('',(-0.1160296002388,-0.0574116578301249,0.0135021515029218));
#10377=CARTESIAN_POINT('',(-0.111959333157539,-0.0574116578301249,0.0135021515029218));
#10378=CARTESIAN_POINT('',(-0.1160296002388,-0.0559952922936209,0.0135885363246163));
#10379=CARTESIAN_POINT('',(-0.1160296002388,-0.0545789267571169,0.0136749211463109));
#10380=CARTESIAN_POINT('',(-0.1160296002388,-0.0545789267571169,0.0136749211463109));
#10381=CARTESIAN_POINT('',(-0.1160296002388,-0.0559952922936209,0.0135885363246163));
#10382=CARTESIAN_POINT('',(-0.123824914264679,-0.0545789267571169,0.0136749211463109));
#10383=CARTESIAN_POINT('',(-0.131620228290558,-0.0545789267571169,0.0136749211463109));
#10384=CARTESIAN_POINT('',(-0.131620228290558,-0.0545789267571169,0.0136749211463109));
#10385=CARTESIAN_POINT('',(-0.123824914264679,-0.0545789267571169,0.0136749211463109));
#10386=CARTESIAN_POINT('',(-0.131620228290558,-0.0559952922936209,0.0135885363246163));
#10387=CARTESIAN_POINT('',(-0.131620228290558,-0.0574116578301249,0.0135021515029218));
#10388=CARTESIAN_POINT('',(-0.131620228290558,-0.0574116578301249,0.0135021515029218));
#10389=CARTESIAN_POINT('',(-0.131620228290558,-0.0559952922936209,0.0135885363246163));
#10390=CARTESIAN_POINT('',(-0.135690495371819,-0.0574116578301249,0.0135021515029218));
#10391=CARTESIAN_POINT('',(-0.139760762453079,-0.0574116578301249,0.0135021515029218));
#10392=CARTESIAN_POINT('',(-0.139760762453079,-0.0574116578301249,0.0135021515029218));
#10393=CARTESIAN_POINT('',(-0.135690495371819,-0.0574116578301249,0.0135021515029218));
#10394=CARTESIAN_POINT('',(-0.139760762453079,-0.0473389986300727,0.0141164878776505));
#10395=CARTESIAN_POINT('',(-0.139760762453079,-0.0372663394300206,0.0147308242523792));
#10396=CARTESIAN_POINT('',(-0.139760762453079,-0.0372663394300206,0.0147308242523792));
#10397=CARTESIAN_POINT('',(-0.139760762453079,-0.0473389986300727,0.0141164878776505));
#10398=CARTESIAN_POINT('',(-0.135690495371819,-0.0372663394300206,0.0147308242523792));
#10399=CARTESIAN_POINT('',(-0.131620228290558,-0.0372663394300206,0.0147308242523792));
#10400=CARTESIAN_POINT('',(-0.131620228290558,-0.0372663394300206,0.0147308242523792));
#10401=CARTESIAN_POINT('',(-0.135690495371819,-0.0372663394300206,0.0147308242523792));
#10402=CARTESIAN_POINT('',(-0.131620228290558,-0.0379374710674965,0.0146898916079857));
#10403=CARTESIAN_POINT('',(-0.131620228290558,-0.0386086027049724,0.0146489589635922));
#10404=CARTESIAN_POINT('',(-0.131620228290558,-0.0386086027049724,0.0146489589635922));
#10405=CARTESIAN_POINT('',(-0.131620228290558,-0.0379374710674965,0.0146898916079857));
#10406=CARTESIAN_POINT('',(-0.0560279352664948,-0.0272647336851232,0.0153408270423827));
#10407=CARTESIAN_POINT('',(-0.0560279352664948,-0.0352498957111954,0.0148538081337421));
#10408=CARTESIAN_POINT('',(-0.0560279352664948,-0.0352498957111954,0.0148538081337421));
#10409=CARTESIAN_POINT('',(-0.0560279352664948,-0.0272647336851232,0.0153408270423827));
#10410=CARTESIAN_POINT('',(-0.0560279352664948,-0.019279571659051,0.0158278459510234));
#10411=CARTESIAN_POINT('',(-0.0560279352664948,-0.019279571659051,0.0158278459510234));
#10412=CARTESIAN_POINT('',(-0.0640279352664948,-0.0352498957111954,0.0148538081337421));
#10413=CARTESIAN_POINT('',(-0.0720279352664948,-0.0352498957111954,0.0148538081337421));
#10414=CARTESIAN_POINT('',(-0.0720279352664948,-0.0352498957111954,0.0148538081337421));
#10415=CARTESIAN_POINT('',(-0.0640279352664948,-0.0352498957111954,0.0148538081337421));
#10416=CARTESIAN_POINT('',(-0.0720279352664948,-0.0272647336851232,0.0153408270423827));
#10417=CARTESIAN_POINT('',(-0.0720279352664948,-0.0192795716590509,0.0158278459510234));
#10418=CARTESIAN_POINT('',(-0.0720279352664948,-0.0192795716590509,0.0158278459510234));
#10419=CARTESIAN_POINT('',(-0.0720279352664948,-0.0272647336851232,0.0153408270423827));
#10420=CARTESIAN_POINT('',(0.13209833548665,0.0199647217665165,0.0182213744595357));
#10421=CARTESIAN_POINT('',(0.13209833548665,0.0207607181627227,0.018269922666184));
#10422=CARTESIAN_POINT('',(0.13209833548665,0.0207607181627227,0.018269922666184));
#10423=CARTESIAN_POINT('',(0.13209833548665,0.0199647217665165,0.0182213744595357));
#10424=CARTESIAN_POINT('',(0.13209833548665,0.0191687253703102,0.0181728262528873));
#10425=CARTESIAN_POINT('',(0.13209833548665,0.0191687253703102,0.0181728262528873));
#10426=CARTESIAN_POINT('',(0.136136717808246,0.0207607181627227,0.018269922666184));
#10427=CARTESIAN_POINT('',(0.140175100129843,0.0207607181627227,0.018269922666184));
#10428=CARTESIAN_POINT('',(0.140175100129843,0.0207607181627227,0.018269922666184));
#10429=CARTESIAN_POINT('',(0.136136717808246,0.0207607181627227,0.018269922666184));
#10430=CARTESIAN_POINT('',(0.140175100129843,0.0105618649572452,0.0176478896577992));
#10431=CARTESIAN_POINT('',(0.140175100129843,0.000363011751767809,0.0170258566494144));
#10432=CARTESIAN_POINT('',(0.140175100129843,0.000363011751767809,0.0170258566494144));
#10433=CARTESIAN_POINT('',(0.140175100129843,0.0105618649572452,0.0176478896577992));
#10434=CARTESIAN_POINT('',(0.136136717808246,0.000363011751767809,0.0170258566494144));
#10435=CARTESIAN_POINT('',(0.13209833548665,0.000363011751767796,0.0170258566494144));
#10436=CARTESIAN_POINT('',(0.13209833548665,0.000363011751767796,0.0170258566494144));
#10437=CARTESIAN_POINT('',(0.136136717808246,0.000363011751767809,0.0170258566494144));
#10438=CARTESIAN_POINT('',(0.13209833548665,0.00178070653496675,0.0171123225425102));
#10439=CARTESIAN_POINT('',(0.13209833548665,0.00319840131816571,0.017198788435606));
#10440=CARTESIAN_POINT('',(0.13209833548665,0.00319840131816571,0.017198788435606));
#10441=CARTESIAN_POINT('',(0.13209833548665,0.00178070653496675,0.0171123225425102));
#10442=CARTESIAN_POINT('',(0.124250141760707,0.00319840131816571,0.017198788435606));
#10443=CARTESIAN_POINT('',(0.116401948034763,0.0031984013181657,0.017198788435606));
#10444=CARTESIAN_POINT('',(0.116401948034763,0.0031984013181657,0.017198788435606));
#10445=CARTESIAN_POINT('',(0.124250141760707,0.00319840131816571,0.017198788435606));
#10446=CARTESIAN_POINT('',(0.116401948034763,0.00178070653496674,0.0171123225425102));
#10447=CARTESIAN_POINT('',(0.116401948034763,0.000363011751767796,0.0170258566494144));
#10448=CARTESIAN_POINT('',(0.116401948034763,0.000363011751767796,0.0170258566494144));
#10449=CARTESIAN_POINT('',(0.116401948034763,0.00178070653496674,0.0171123225425102));
#10450=CARTESIAN_POINT('',(0.112363565713167,0.000363011751767809,0.0170258566494144));
#10451=CARTESIAN_POINT('',(0.108325183391571,0.000363011751767809,0.0170258566494144));
#10452=CARTESIAN_POINT('',(0.108325183391571,0.000363011751767809,0.0170258566494144));
#10453=CARTESIAN_POINT('',(0.112363565713167,0.000363011751767809,0.0170258566494144));
#10454=CARTESIAN_POINT('',(0.108325183391571,0.0105013172947214,0.0176441968264669));
#10455=CARTESIAN_POINT('',(0.108325183391571,0.0206396228376749,0.0182625370035195));
#10456=CARTESIAN_POINT('',(0.108325183391571,0.0206396228376749,0.0182625370035195));
#10457=CARTESIAN_POINT('',(0.108325183391571,0.0105013172947214,0.0176441968264669));
#10458=CARTESIAN_POINT('',(0.112363565713167,0.0206396228376749,0.0182625370035195));
#10459=CARTESIAN_POINT('',(0.116401948034763,0.0206396228376749,0.0182625370035195));
#10460=CARTESIAN_POINT('',(0.116401948034763,0.0206396228376749,0.0182625370035195));
#10461=CARTESIAN_POINT('',(0.112363565713167,0.0206396228376749,0.0182625370035195));
#10462=CARTESIAN_POINT('',(0.116401948034763,0.0199041741039926,0.0182176816282034));
#10463=CARTESIAN_POINT('',(0.116401948034763,0.0191687253703102,0.0181728262528873));
#10464=CARTESIAN_POINT('',(0.116401948034763,0.0191687253703102,0.0181728262528873));
#10465=CARTESIAN_POINT('',(0.116401948034763,0.0199041741039926,0.0182176816282034));
#10466=CARTESIAN_POINT('',(-0.12481950302124,0.011183563344238,0.0176858073442467));
#10467=CARTESIAN_POINT('',(-0.12481950302124,0.011183563344238,0.0176858073442467));
#10468=CARTESIAN_POINT('',(-0.105468361258507,0.0111835633442379,0.0176858073442467));
#10469=CARTESIAN_POINT('',(-0.105468361258507,0.0111835633442379,0.0176858073442467));
#10470=CARTESIAN_POINT('',(-0.0861213566660881,0.0111835633442379,0.0176858073442467));
#10471=CARTESIAN_POINT('',(-0.0861213566660881,0.0111835633442379,0.0176858073442467));
#10472=CARTESIAN_POINT('',(-0.0670045042335987,0.0111835633442379,0.0176858073442467));
#10473=CARTESIAN_POINT('',(-0.0670045042335987,0.0111835633442379,0.0176858073442467));
#10474=CARTESIAN_POINT('',(-0.0476557822823525,0.0111835633442379,0.0176858073442467));
#10475=CARTESIAN_POINT('',(-0.0476557822823525,0.0111835633442379,0.0176858073442467));
#10476=CARTESIAN_POINT('',(-0.0282933140099049,0.011183563344238,0.0176858073442467));
#10477=CARTESIAN_POINT('',(-0.0282933140099049,0.011183563344238,0.0176858073442467));
#10478=CARTESIAN_POINT('',(-0.0091421610834077,0.0111835633442379,0.0176858073442467));
#10479=CARTESIAN_POINT('',(-0.0091421610834077,0.0111835633442379,0.0176858073442467));
#10480=CARTESIAN_POINT('',(0.0102530377060175,0.011183563344238,0.0176858073442467));
#10481=CARTESIAN_POINT('',(0.0102530377060175,0.011183563344238,0.0176858073442467));
#10482=CARTESIAN_POINT('',(0.0293527146875858,0.011183563344238,0.0176858073442467));
#10483=CARTESIAN_POINT('',(0.0293527146875858,0.011183563344238,0.0176858073442467));
#10484=CARTESIAN_POINT('',(0.0486525161266327,0.011183563344238,0.0176858073442467));
#10485=CARTESIAN_POINT('',(0.0486525161266327,0.011183563344238,0.0176858073442467));
#10486=CARTESIAN_POINT('',(0.0679715139865875,0.011183563344238,0.0176858073442467));
#10487=CARTESIAN_POINT('',(0.0679715139865875,0.011183563344238,0.0176858073442467));
#10488=CARTESIAN_POINT('',(0.087293901860714,0.011183563344238,0.0176858073442467));
#10489=CARTESIAN_POINT('',(0.087293901860714,0.011183563344238,0.0176858073442467));
#10490=CARTESIAN_POINT('',(-0.139107702851295,-0.00832858026751969,0.0164957522325269));
#10491=CARTESIAN_POINT('',(-0.139107702851295,-0.00832858026751969,0.0164957522325269));
#10492=CARTESIAN_POINT('',(-0.1149296002388,-0.00832858026751969,0.0164957522325269));
#10493=CARTESIAN_POINT('',(-0.1149296002388,-0.00832858026751969,0.0164957522325269));
#10494=CARTESIAN_POINT('',(-0.0954525606632233,-0.00832858026751967,0.0164957522325269));
#10495=CARTESIAN_POINT('',(-0.0954525606632233,-0.00832858026751967,0.0164957522325269));
#10496=CARTESIAN_POINT('',(-0.0761789070367813,-0.00832858026751967,0.0164957522325269));
#10497=CARTESIAN_POINT('',(-0.0761789070367813,-0.00832858026751967,0.0164957522325269));
#10498=CARTESIAN_POINT('',(-0.0567424768507481,-0.00832858026751968,0.0164957522325269));
#10499=CARTESIAN_POINT('',(-0.0567424768507481,-0.00832858026751968,0.0164957522325269));
#10500=CARTESIAN_POINT('',(-0.0372103849351406,-0.00832858026751968,0.0164957522325269));
#10501=CARTESIAN_POINT('',(-0.0372103849351406,-0.00832858026751968,0.0164957522325269));
#10502=CARTESIAN_POINT('',(-0.0177560798749327,-0.00832858026751968,0.0164957522325269));
#10503=CARTESIAN_POINT('',(-0.0177560798749327,-0.00832858026751968,0.0164957522325269));
#10504=CARTESIAN_POINT('',(0.00155819897353649,-0.00832858026751969,0.0164957522325269));
#10505=CARTESIAN_POINT('',(0.00155819897353649,-0.00832858026751969,0.0164957522325269));
#10506=CARTESIAN_POINT('',(0.0210017370134592,-0.00832858026751968,0.0164957522325269));
#10507=CARTESIAN_POINT('',(0.0210017370134592,-0.00832858026751968,0.0164957522325269));
#10508=CARTESIAN_POINT('',(0.0402996739447117,-0.00832858026751968,0.0164957522325269));
#10509=CARTESIAN_POINT('',(0.0402996739447117,-0.00832858026751968,0.0164957522325269));
#10510=CARTESIAN_POINT('',(0.0594515813589096,-0.00832858026751969,0.0164957522325269));
#10511=CARTESIAN_POINT('',(0.0594515813589096,-0.00832858026751969,0.0164957522325269));
#10512=CARTESIAN_POINT('',(0.0787341905832291,-0.00832858026751968,0.0164957522325269));
#10513=CARTESIAN_POINT('',(0.0787341905832291,-0.00832858026751968,0.0164957522325269));
#10514=CARTESIAN_POINT('',(0.0982733829021454,-0.00832858026751968,0.0164957522325269));
#10515=CARTESIAN_POINT('',(0.0982733829021454,-0.00832858026751968,0.0164957522325269));
#10516=CARTESIAN_POINT('',(0.122324706435204,-0.00832858026751969,0.0164957522325269));
#10517=CARTESIAN_POINT('',(0.122324706435204,-0.00832858026751969,0.0164957522325269));
#10518=CARTESIAN_POINT('',(-0.136664493560791,-0.0272647336851232,0.0153408270423827));
#10519=CARTESIAN_POINT('',(-0.136664493560791,-0.0272647336851232,0.0153408270423827));
#10520=CARTESIAN_POINT('',(-0.110621532976627,-0.0272647336851232,0.0153408270423827));
#10521=CARTESIAN_POINT('',(-0.110621532976627,-0.0272647336851232,0.0153408270423827));
#10522=CARTESIAN_POINT('',(-0.0913299532532692,-0.0272647336851232,0.0153408270423827));
#10523=CARTESIAN_POINT('',(-0.0913299532532692,-0.0272647336851232,0.0153408270423827));
#10524=CARTESIAN_POINT('',(-0.052885516166687,-0.0272647336851232,0.0153408270423827));
#10525=CARTESIAN_POINT('',(-0.052885516166687,-0.0272647336851232,0.0153408270423827));
#10526=CARTESIAN_POINT('',(-0.0337799942046404,-0.0272647336851232,0.0153408270423827));
#10527=CARTESIAN_POINT('',(-0.0337799942046404,-0.0272647336851232,0.0153408270423827));
#10528=CARTESIAN_POINT('',(-0.0144910864457488,-0.0272647336851232,0.0153408270423827));
#10529=CARTESIAN_POINT('',(-0.0144910864457488,-0.0272647336851232,0.0153408270423827));
#10530=CARTESIAN_POINT('',(0.00488518123328684,-0.0272647336851232,0.0153408270423827));
#10531=CARTESIAN_POINT('',(0.00488518123328684,-0.0272647336851232,0.0153408270423827));
#10532=CARTESIAN_POINT('',(0.0240171006023884,-0.0272647336851232,0.0153408270423827));
#10533=CARTESIAN_POINT('',(0.0240171006023884,-0.0272647336851232,0.0153408270423827));
#10534=CARTESIAN_POINT('',(0.0432195080518722,-0.0272647336851232,0.0153408270423827));
#10535=CARTESIAN_POINT('',(0.0432195080518722,-0.0272647336851232,0.0153408270423827));
#10536=CARTESIAN_POINT('',(0.0623911930322647,-0.0272647336851232,0.0153408270423827));
#10537=CARTESIAN_POINT('',(0.0623911930322647,-0.0272647336851232,0.0153408270423827));
#10538=CARTESIAN_POINT('',(0.0815992442965508,-0.0272647336851232,0.0153408270423827));
#10539=CARTESIAN_POINT('',(0.0815992442965508,-0.0272647336851232,0.0153408270423827));
#10540=CARTESIAN_POINT('',(-0.100934645712376,-0.0467327236381295,0.0141534648837461));
#10541=CARTESIAN_POINT('',(-0.100934645712376,-0.0467327236381295,0.0141534648837461));
#10542=CARTESIAN_POINT('',(-0.0816910477280617,-0.0467327236381295,0.0141534648837461));
#10543=CARTESIAN_POINT('',(-0.0816910477280617,-0.0467327236381295,0.0141534648837461));
#10544=CARTESIAN_POINT('',(-0.0624789806008339,-0.0467327236381295,0.0141534648837461));
#10545=CARTESIAN_POINT('',(-0.0624789806008339,-0.0467327236381295,0.0141534648837461));
#10546=CARTESIAN_POINT('',(-0.0433286191821098,-0.0467327236381295,0.0141534648837461));
#10547=CARTESIAN_POINT('',(-0.0433286191821098,-0.0467327236381295,0.0141534648837461));
#10548=CARTESIAN_POINT('',(-0.0241493625491857,-0.0467327236381295,0.0141534648837461));
#10549=CARTESIAN_POINT('',(-0.0241493625491857,-0.0467327236381295,0.0141534648837461));
#10550=CARTESIAN_POINT('',(-0.00497424797341229,-0.0467327236381295,0.0141534648837461));
#10551=CARTESIAN_POINT('',(-0.00497424797341229,-0.0467327236381295,0.0141534648837461));
#10552=CARTESIAN_POINT('',(0.014187190130353,-0.0467327236381295,0.0141534648837461));
#10553=CARTESIAN_POINT('',(0.014187190130353,-0.0467327236381295,0.0141534648837461));
#10554=CARTESIAN_POINT('',(0.0333842238485813,-0.0467327236381295,0.0141534648837461));
#10555=CARTESIAN_POINT('',(0.0333842238485813,-0.0467327236381295,0.0141534648837461));
#10556=CARTESIAN_POINT('',(0.0526396496295929,-0.0467327236381295,0.0141534648837461));
#10557=CARTESIAN_POINT('',(0.0526396496295929,-0.0467327236381295,0.0141534648837461));
#10558=CARTESIAN_POINT('',(0.0717537490725517,-0.0467327236381295,0.0141534648837461));
#10559=CARTESIAN_POINT('',(0.0717537490725517,-0.0467327236381295,0.0141534648837461));
#10560=CARTESIAN_POINT('',(-0.14140125977993,-0.0658530108308859,0.0129873092852613));
#10561=CARTESIAN_POINT('',(-0.14140125977993,-0.0658530108308859,0.0129873092852613));
#10562=CARTESIAN_POINT('',(-0.11758343744278,-0.0658530108308859,0.0129873092852613));
#10563=CARTESIAN_POINT('',(-0.11758343744278,-0.0658530108308859,0.0129873092852613));
#10564=CARTESIAN_POINT('',(-0.0937423469424248,-0.0658530108308859,0.0129873092852613));
#10565=CARTESIAN_POINT('',(-0.0937423469424248,-0.0658530108308859,0.0129873092852613));
#10566=CARTESIAN_POINT('',(0.0493167018592358,-0.0658530108308859,0.0129873092852613));
#10567=CARTESIAN_POINT('',(0.0493167018592358,-0.0658530108308859,0.0129873092852613));
#10568=CARTESIAN_POINT('',(0.073152468919754,-0.0658530108308859,0.0129873092852613));
#10569=CARTESIAN_POINT('',(0.073152468919754,-0.0658530108308859,0.0129873092852613));
#10570=CARTESIAN_POINT('',(0.0971609218120575,-0.0658530108308859,0.0129873092852613));
#10571=CARTESIAN_POINT('',(0.0971609218120575,-0.0658530108308859,0.0129873092852613));
#10572=CARTESIAN_POINT('',(0.120980159759521,-0.0658530108308859,0.0129873092852613));
#10573=CARTESIAN_POINT('',(0.120980159759521,-0.0658530108308859,0.0129873092852613));
#10574=CARTESIAN_POINT('',(0.145206458642415,0.0487251126053075,0.0199754846595107));
#10575=CARTESIAN_POINT('',(0.145206458642415,0.0487251126053075,0.0199754846595107));
#10576=CARTESIAN_POINT('',(-0.0412205497696996,-0.0578678488048137,0.013474328193902));
#10577=CARTESIAN_POINT('',(-0.0412205497696996,-0.0578678488048137,0.013474328193902));
#10578=CARTESIAN_POINT('',(0.120608373820782,-0.0192795716590509,0.0158278459510234));
#10579=CARTESIAN_POINT('',(0.120608373820782,-0.0192795716590509,0.0158278459510234));
#10580=CARTESIAN_POINT('',(-0.123824914264679,-0.0386086027049724,0.0146489589635922));
#10581=CARTESIAN_POINT('',(-0.123824914264679,-0.0386086027049724,0.0146489589635922));
#10582=CARTESIAN_POINT('',(-0.0640279352664948,-0.019279571659051,0.0158278459510234));
#10583=CARTESIAN_POINT('',(-0.0640279352664948,-0.019279571659051,0.0158278459510234));
#10584=CARTESIAN_POINT('',(0.124250141760707,0.0191687253703102,0.0181728262528873));
#10585=CARTESIAN_POINT('',(0.124250141760707,0.0191687253703102,0.0181728262528873));
#10586=CARTESIAN_POINT('',(-0.14386950302124,0.0112520481676847,0.017689984266877));
#10587=CARTESIAN_POINT('',(-0.14386950302124,0.0112520481676847,0.017689984266877));
#10588=CARTESIAN_POINT('',(0.,-0.000121754727160191,0.0169962905065181));
#10589=CARTESIAN_POINT('',(-0.135153183934623,0.0493773286545852,0.0200152636329968));
#10590=CARTESIAN_POINT('',(-0.129104037168537,0.0493773286545852,0.0200152636329968));
#10591=CARTESIAN_POINT('',(-0.14411,-0.0245852833909771,0.0155042480166537));
#10592=CARTESIAN_POINT('',(-0.14411,-0.0255834286442361,0.0154433706530736));
#10593=CARTESIAN_POINT('',(0.14411,-0.0245852833909771,0.0155042480166537));
#10594=CARTESIAN_POINT('',(0.14411,-0.0255834286442361,0.0154433706530736));
#10595=CARTESIAN_POINT('',(0.14411,-0.0246583362272732,0.0167020223205645));
#10596=CARTESIAN_POINT('',(-0.14411,-0.0246583362272732,0.0167020223205645));
#10597=CARTESIAN_POINT('',(-0.14396736,-0.0749943027172564,0.0144334938415958));
#10598=CARTESIAN_POINT('',(-0.14396736,-0.0748116706265161,0.0114390580818187));
#10599=CARTESIAN_POINT('',(-0.14396736,0.0745072838086157,0.0235516681844765));
#10600=CARTESIAN_POINT('',(-0.14396736,0.0746899158993559,0.0205572324246994));
#10601=CARTESIAN_POINT('',(0.14396736,0.0745072838086157,0.0235516681844765));
#10602=CARTESIAN_POINT('',(0.14396736,0.0746899158993559,0.0205572324246994));
#10603=CARTESIAN_POINT('',(0.14396736,-0.0749943027172564,0.0144334938415958));
#10604=CARTESIAN_POINT('',(0.14396736,-0.0748116706265161,0.0114390580818187));
#10605=CARTESIAN_POINT('',(0.,0.0789246868766428,0.0208155131625188));
#10606=CARTESIAN_POINT('',(-0.137620234915348,0.0819191226364199,0.020998145253259));
#10607=CARTESIAN_POINT('',(-0.137217046824704,0.081857399683382,0.0220101547912687));
#10608=CARTESIAN_POINT('',(-0.136244548084955,0.0812821314800126,0.0226708985516072));
#10609=CARTESIAN_POINT('',(-0.135153183934623,0.0812821314800126,0.0226708985516072));
#10610=CARTESIAN_POINT('',(-0.135153183934623,0.0812821314800126,0.0226708985516072));
#10611=CARTESIAN_POINT('',(-0.14396736,0.0789246868766428,0.0208155131625188));
#10612=CARTESIAN_POINT('',(0.14396736,0.0789246868766428,0.0208155131625188));
#10613=CARTESIAN_POINT('',(-0.129104037168537,0.0812821314800126,0.0226708985516072));
#10614=CARTESIAN_POINT('',(-0.128012853588049,0.0812821314800126,0.0226708985516072));
#10615=CARTESIAN_POINT('',(-0.127039995056663,0.0818574271199523,0.0220097049412626));
#10616=CARTESIAN_POINT('',(-0.126636986187813,0.0819191226364199,0.020998145253259));
#10617=CARTESIAN_POINT('',(-0.129104037168537,0.0812821314800126,0.0226708985516072));
#10618=CARTESIAN_POINT('',(0.,0.0812821314800126,0.0226708985516072));
#10619=CARTESIAN_POINT('',(-0.14396736,0.0746899158993559,0.0205572324246994));
#10620=CARTESIAN_POINT('',(-0.14821,0.0746899158993559,0.0205572324246994));
#10621=CARTESIAN_POINT('',(0.14396736,0.0746899158993559,0.0205572324246994));
#10622=CARTESIAN_POINT('',(0.14821,0.0746899158993559,0.0205572324246994));
#10623=CARTESIAN_POINT('',(-0.14821,-6.08773635801083E-5,0.0159981452532591));
#10624=CARTESIAN_POINT('',(-0.14821,-0.0748116706265161,0.0114390580818187));
#10625=CARTESIAN_POINT('',(0.14821,-6.08773635801083E-5,0.0159981452532591));
#10626=CARTESIAN_POINT('',(0.14821,-0.0748116706265161,0.0114390580818187));
#10627=CARTESIAN_POINT('',(-0.14396736,-0.0748116706265161,0.0114390580818187));
#10628=CARTESIAN_POINT('',(-0.14396736,-0.079046441603803,0.0111807773439993));
#10629=CARTESIAN_POINT('',(0.14396736,-0.0748116706265161,0.0114390580818187));
#10630=CARTESIAN_POINT('',(0.14396736,-0.079046441603803,0.0111807773439993));
#10631=CARTESIAN_POINT('',(0.,-0.079046441603803,0.0111807773439993));
#10632=CARTESIAN_POINT('',(-0.126448402249927,0.0715082976257234,0.018894901665856));
#10633=CARTESIAN_POINT('',(-0.126448402249927,0.0715082976257234,0.0200152636329968));
#10634=CARTESIAN_POINT('',(-0.137808818853234,0.0715082976257234,0.018894901665856));
#10635=CARTESIAN_POINT('',(-0.137808818853234,0.0715082976257234,0.0200152636329968));
#10636=CARTESIAN_POINT('',(-0.135153183934623,0.0715082976257234,0.0200152636329968));
#10637=CARTESIAN_POINT('',(-0.135153183934623,0.0715082976257234,0.0226708985516072));
#10638=CARTESIAN_POINT('',(-0.13212861055158,0.0715082976257234,0.0226708985516072));
#10639=CARTESIAN_POINT('',(-0.129104037168537,0.0715082976257234,0.0226708985516072));
#10640=CARTESIAN_POINT('',(-0.129104037168537,0.0715082976257234,0.0200152636329968));
#10641=MECHANICAL_DESIGN_GEOMETRIC_PRESENTATION_REPRESENTATION('',(#6786),
#10642);
#10642=(
GEOMETRIC_REPRESENTATION_CONTEXT(3)
GLOBAL_UNCERTAINTY_ASSIGNED_CONTEXT((#10643))
GLOBAL_UNIT_ASSIGNED_CONTEXT((#10646,#10645,#10644))
REPRESENTATION_CONTEXT('Part 1','TOP_LEVEL_ASSEMBLY_PART')
);
#10643=UNCERTAINTY_MEASURE_WITH_UNIT(LENGTH_MEASURE(2.E-5),#10646,
'DISTANCE_ACCURACY_VALUE','Maximum Tolerance applied to model');
#10644=(
NAMED_UNIT(*)
SI_UNIT($,.STERADIAN.)
SOLID_ANGLE_UNIT()
);
#10645=(
NAMED_UNIT(*)
PLANE_ANGLE_UNIT()
SI_UNIT($,.RADIAN.)
);
#10646=(
LENGTH_UNIT()
NAMED_UNIT(*)
SI_UNIT($,.METRE.)
);
#10647=PRODUCT_DEFINITION_SHAPE('','',#10648);
#10648=PRODUCT_DEFINITION('','',#10650,#10649);
#10649=PRODUCT_DEFINITION_CONTEXT('',#10656,'design');
#10650=PRODUCT_DEFINITION_FORMATION_WITH_SPECIFIED_SOURCE('','',#10652,
 .NOT_KNOWN.);
#10651=PRODUCT_RELATED_PRODUCT_CATEGORY('','',(#10652));
#10652=PRODUCT('Part 1','Part 1','Part 1',(#10654));
#10653=PRODUCT_CATEGORY('','');
#10654=PRODUCT_CONTEXT('',#10656,'mechanical');
#10655=APPLICATION_PROTOCOL_DEFINITION('international standard',
'ap242_managed_model_based_3d_engineering',2020,#10656);
#10656=APPLICATION_CONTEXT('managed model based 3d engineering');
ENDSEC;
END-ISO-10303-21;
