ISO-10303-21;
HEADER;
/* Generated by software containing ST-Developer
 * from STEP Tools, Inc. (www.steptools.com) 
 */
/* OPTION: using custom renumber hook */

FILE_DESCRIPTION(
/* description */ ('STEP AP242 Edition 2',
'CAx-IF Rec.Pracs.---Representation and Presentation of Product Manufa
cturing Information (PMI)---4.0---2014-10-13',
'CAx-IF Rec.Pracs.---3D Tessellated Geometry---0.4---2014-09-14','2;1',
'CAx-IF Rec.Pracs.---User Defined Attributes---1.5---2016-08-15'),
/* implementation_level */ '2;1');

FILE_NAME(
/* name */ 'Part Studio 1',
/* time_stamp */ '2026-08-02T18:20:03Z',
/* author */ (''),
/* organization */ (''),
/* preprocessor_version */ 'ST-DEVELOPER v20',
/* originating_system */ 'ONSHAPE BY PTC INC, 1.218',
/* authorisation */ '  ');

FILE_SCHEMA (('AP242_MANAGED_MODEL_BASED_3D_ENGINEERING_MIM_LF { 1 0 10303 442 3 1 4 }'));
ENDSEC;

DATA;
#10=SHAPE_REPRESENTATION_RELATIONSHIP('','',#7445,#12);
#11=SHAPE_REPRESENTATION_RELATIONSHIP('','',#7446,#13);
#12=ADVANCED_BREP_SHAPE_REPRESENTATION('',(#7441),#11701);
#13=ADVANCED_BREP_SHAPE_REPRESENTATION('',(#7442),#11702);
#14=TOROIDAL_SURFACE('',#7786,0.00424264,0.003);
#15=TOROIDAL_SURFACE('',#7788,0.00424264,0.003);
#16=TOROIDAL_SURFACE('',#7794,0.00424264,0.003);
#17=TOROIDAL_SURFACE('',#7796,0.00424264,0.003);
#18=B_SPLINE_CURVE_WITH_KNOTS('',3,(#11484,#11485,#11486,#11487),
 .UNSPECIFIED.,.F.,.F.,(4,4),(0.,0.00321685962777824),.UNSPECIFIED.);
#19=B_SPLINE_CURVE_WITH_KNOTS('',3,(#11491,#11492,#11493,#11494),
 .UNSPECIFIED.,.F.,.F.,(4,4),(0.,0.00321595542720932),.UNSPECIFIED.);
#20=CYLINDRICAL_SURFACE('',#7653,0.0035);
#21=CYLINDRICAL_SURFACE('',#7656,0.0035);
#22=CYLINDRICAL_SURFACE('',#7659,0.0035);
#23=CYLINDRICAL_SURFACE('',#7663,0.0035);
#24=CYLINDRICAL_SURFACE('',#7773,0.001);
#25=CYLINDRICAL_SURFACE('',#7774,0.001);
#26=CYLINDRICAL_SURFACE('',#7775,0.00724264);
#27=CYLINDRICAL_SURFACE('',#7777,0.00724264);
#28=CYLINDRICAL_SURFACE('',#7779,0.00724264);
#29=CYLINDRICAL_SURFACE('',#7781,0.00724264);
#30=CYLINDRICAL_SURFACE('',#7783,0.003);
#31=CYLINDRICAL_SURFACE('',#7790,0.003);
#32=CYLINDRICAL_SURFACE('',#7792,0.003);
#33=CYLINDRICAL_SURFACE('',#7798,0.003);
#34=CYLINDRICAL_SURFACE('',#7801,0.0026556349186104);
#35=CYLINDRICAL_SURFACE('',#7803,0.0026556349186104);
#36=CYLINDRICAL_SURFACE('',#7845,0.001);
#37=CYLINDRICAL_SURFACE('',#7846,0.001);
#38=CYLINDRICAL_SURFACE('',#7847,0.001);
#39=CYLINDRICAL_SURFACE('',#7848,0.001);
#40=CYLINDRICAL_SURFACE('',#7849,0.00724264);
#41=CYLINDRICAL_SURFACE('',#7850,0.00724264);
#42=CYLINDRICAL_SURFACE('',#7851,0.00724264);
#43=CYLINDRICAL_SURFACE('',#7852,0.00724264);
#44=CYLINDRICAL_SURFACE('',#7855,0.00265563491861039);
#45=CYLINDRICAL_SURFACE('',#7857,0.0026556349186104);
#46=CIRCLE('',#7451,0.001);
#47=CIRCLE('',#7452,0.001);
#48=CIRCLE('',#7453,0.00724264);
#49=CIRCLE('',#7454,0.00724264);
#50=CIRCLE('',#7455,0.00724264);
#51=CIRCLE('',#7456,0.00724264);
#52=CIRCLE('',#7457,0.0035);
#53=CIRCLE('',#7458,0.0035);
#54=CIRCLE('',#7459,0.0035);
#55=CIRCLE('',#7460,0.0035);
#56=CIRCLE('',#7475,0.00424264);
#57=CIRCLE('',#7476,0.00424264);
#58=CIRCLE('',#7477,0.00424264);
#59=CIRCLE('',#7478,0.00424264);
#60=CIRCLE('',#7654,0.0035);
#61=CIRCLE('',#7657,0.0035);
#62=CIRCLE('',#7660,0.0035);
#63=CIRCLE('',#7664,0.0035);
#64=CIRCLE('',#7771,0.001);
#65=CIRCLE('',#7772,0.001);
#66=CIRCLE('',#7776,0.00724264);
#67=CIRCLE('',#7778,0.00724264);
#68=CIRCLE('',#7780,0.00724264);
#69=CIRCLE('',#7782,0.00724264);
#70=CIRCLE('',#7784,0.003);
#71=CIRCLE('',#7785,0.003);
#72=CIRCLE('',#7787,0.003);
#73=CIRCLE('',#7789,0.003);
#74=CIRCLE('',#7791,0.003);
#75=CIRCLE('',#7793,0.003);
#76=CIRCLE('',#7795,0.003);
#77=CIRCLE('',#7797,0.003);
#78=CIRCLE('',#7811,0.0026556349186104);
#79=CIRCLE('',#7812,0.00265563491861039);
#80=CIRCLE('',#7817,0.00724264);
#81=CIRCLE('',#7818,0.00724264);
#82=CIRCLE('',#7819,0.00724264);
#83=CIRCLE('',#7820,0.00724264);
#84=CIRCLE('',#7822,0.0026556349186104);
#85=CIRCLE('',#7823,0.00265563491861039);
#86=CIRCLE('',#7830,0.001);
#87=CIRCLE('',#7831,0.001);
#88=CIRCLE('',#7837,0.001);
#89=CIRCLE('',#7838,0.001);
#90=ELLIPSE('',#7449,0.00266056960140773,0.0026556349186104);
#91=ELLIPSE('',#7462,0.00266056960140773,0.0026556349186104);
#92=ELLIPSE('',#7464,0.00266056960140773,0.0026556349186104);
#93=ELLIPSE('',#7470,0.00266056960140773,0.0026556349186104);
#94=ELLIPSE('',#7471,0.00266056960140773,0.0026556349186104);
#95=ELLIPSE('',#7662,0.00266056960140773,0.0026556349186104);
#96=ELLIPSE('',#7769,0.0436226991846811,0.0026556349186104);
#97=ELLIPSE('',#7770,0.0436226991846812,0.0026556349186104);
#98=ELLIPSE('',#7806,0.00725609822453409,0.00724264);
#99=ELLIPSE('',#7807,0.00725609822453409,0.00724264);
#100=ELLIPSE('',#7808,0.00725609822453409,0.00724264);
#101=ELLIPSE('',#7809,0.00725609822453409,0.00724264);
#102=ELLIPSE('',#7815,0.00100185819321878,0.001);
#103=ELLIPSE('',#7816,0.00100185819321878,0.001);
#104=ELLIPSE('',#7843,0.00100185819321878,0.001);
#105=ELLIPSE('',#7844,0.00100185819321878,0.001);
#106=ORIENTED_EDGE('',*,*,#2148,.F.);
#107=ORIENTED_EDGE('',*,*,#2149,.T.);
#108=ORIENTED_EDGE('',*,*,#2150,.T.);
#109=ORIENTED_EDGE('',*,*,#2151,.T.);
#110=ORIENTED_EDGE('',*,*,#2152,.T.);
#111=ORIENTED_EDGE('',*,*,#2153,.T.);
#112=ORIENTED_EDGE('',*,*,#2154,.T.);
#113=ORIENTED_EDGE('',*,*,#2155,.F.);
#114=ORIENTED_EDGE('',*,*,#2156,.F.);
#115=ORIENTED_EDGE('',*,*,#2157,.T.);
#116=ORIENTED_EDGE('',*,*,#2158,.T.);
#117=ORIENTED_EDGE('',*,*,#2159,.F.);
#118=ORIENTED_EDGE('',*,*,#2160,.F.);
#119=ORIENTED_EDGE('',*,*,#2161,.T.);
#120=ORIENTED_EDGE('',*,*,#2162,.T.);
#121=ORIENTED_EDGE('',*,*,#2163,.F.);
#122=ORIENTED_EDGE('',*,*,#2164,.F.);
#123=ORIENTED_EDGE('',*,*,#2165,.T.);
#124=ORIENTED_EDGE('',*,*,#2166,.T.);
#125=ORIENTED_EDGE('',*,*,#2167,.F.);
#126=ORIENTED_EDGE('',*,*,#2168,.F.);
#127=ORIENTED_EDGE('',*,*,#2169,.T.);
#128=ORIENTED_EDGE('',*,*,#2170,.T.);
#129=ORIENTED_EDGE('',*,*,#2171,.F.);
#130=ORIENTED_EDGE('',*,*,#2172,.F.);
#131=ORIENTED_EDGE('',*,*,#2173,.T.);
#132=ORIENTED_EDGE('',*,*,#2174,.T.);
#133=ORIENTED_EDGE('',*,*,#2175,.F.);
#134=ORIENTED_EDGE('',*,*,#2176,.F.);
#135=ORIENTED_EDGE('',*,*,#2177,.T.);
#136=ORIENTED_EDGE('',*,*,#2178,.T.);
#137=ORIENTED_EDGE('',*,*,#2179,.F.);
#138=ORIENTED_EDGE('',*,*,#2180,.F.);
#139=ORIENTED_EDGE('',*,*,#2181,.T.);
#140=ORIENTED_EDGE('',*,*,#2182,.T.);
#141=ORIENTED_EDGE('',*,*,#2183,.F.);
#142=ORIENTED_EDGE('',*,*,#2184,.F.);
#143=ORIENTED_EDGE('',*,*,#2185,.T.);
#144=ORIENTED_EDGE('',*,*,#2186,.T.);
#145=ORIENTED_EDGE('',*,*,#2187,.F.);
#146=ORIENTED_EDGE('',*,*,#2188,.F.);
#147=ORIENTED_EDGE('',*,*,#2189,.T.);
#148=ORIENTED_EDGE('',*,*,#2190,.T.);
#149=ORIENTED_EDGE('',*,*,#2191,.F.);
#150=ORIENTED_EDGE('',*,*,#2192,.F.);
#151=ORIENTED_EDGE('',*,*,#2193,.T.);
#152=ORIENTED_EDGE('',*,*,#2194,.T.);
#153=ORIENTED_EDGE('',*,*,#2195,.F.);
#154=ORIENTED_EDGE('',*,*,#2196,.F.);
#155=ORIENTED_EDGE('',*,*,#2197,.T.);
#156=ORIENTED_EDGE('',*,*,#2198,.T.);
#157=ORIENTED_EDGE('',*,*,#2199,.F.);
#158=ORIENTED_EDGE('',*,*,#2200,.F.);
#159=ORIENTED_EDGE('',*,*,#2201,.T.);
#160=ORIENTED_EDGE('',*,*,#2202,.T.);
#161=ORIENTED_EDGE('',*,*,#2203,.F.);
#162=ORIENTED_EDGE('',*,*,#2204,.F.);
#163=ORIENTED_EDGE('',*,*,#2205,.T.);
#164=ORIENTED_EDGE('',*,*,#2206,.T.);
#165=ORIENTED_EDGE('',*,*,#2207,.F.);
#166=ORIENTED_EDGE('',*,*,#2208,.F.);
#167=ORIENTED_EDGE('',*,*,#2209,.T.);
#168=ORIENTED_EDGE('',*,*,#2210,.T.);
#169=ORIENTED_EDGE('',*,*,#2211,.F.);
#170=ORIENTED_EDGE('',*,*,#2212,.F.);
#171=ORIENTED_EDGE('',*,*,#2213,.T.);
#172=ORIENTED_EDGE('',*,*,#2214,.T.);
#173=ORIENTED_EDGE('',*,*,#2215,.F.);
#174=ORIENTED_EDGE('',*,*,#2216,.F.);
#175=ORIENTED_EDGE('',*,*,#2217,.T.);
#176=ORIENTED_EDGE('',*,*,#2218,.T.);
#177=ORIENTED_EDGE('',*,*,#2219,.F.);
#178=ORIENTED_EDGE('',*,*,#2220,.F.);
#179=ORIENTED_EDGE('',*,*,#2221,.T.);
#180=ORIENTED_EDGE('',*,*,#2222,.T.);
#181=ORIENTED_EDGE('',*,*,#2223,.F.);
#182=ORIENTED_EDGE('',*,*,#2224,.F.);
#183=ORIENTED_EDGE('',*,*,#2225,.T.);
#184=ORIENTED_EDGE('',*,*,#2226,.T.);
#185=ORIENTED_EDGE('',*,*,#2227,.F.);
#186=ORIENTED_EDGE('',*,*,#2228,.F.);
#187=ORIENTED_EDGE('',*,*,#2229,.T.);
#188=ORIENTED_EDGE('',*,*,#2230,.T.);
#189=ORIENTED_EDGE('',*,*,#2231,.F.);
#190=ORIENTED_EDGE('',*,*,#2232,.F.);
#191=ORIENTED_EDGE('',*,*,#2233,.T.);
#192=ORIENTED_EDGE('',*,*,#2234,.T.);
#193=ORIENTED_EDGE('',*,*,#2235,.F.);
#194=ORIENTED_EDGE('',*,*,#2236,.F.);
#195=ORIENTED_EDGE('',*,*,#2237,.T.);
#196=ORIENTED_EDGE('',*,*,#2238,.T.);
#197=ORIENTED_EDGE('',*,*,#2239,.F.);
#198=ORIENTED_EDGE('',*,*,#2240,.F.);
#199=ORIENTED_EDGE('',*,*,#2241,.T.);
#200=ORIENTED_EDGE('',*,*,#2242,.T.);
#201=ORIENTED_EDGE('',*,*,#2243,.F.);
#202=ORIENTED_EDGE('',*,*,#2244,.F.);
#203=ORIENTED_EDGE('',*,*,#2245,.T.);
#204=ORIENTED_EDGE('',*,*,#2246,.T.);
#205=ORIENTED_EDGE('',*,*,#2247,.F.);
#206=ORIENTED_EDGE('',*,*,#2248,.F.);
#207=ORIENTED_EDGE('',*,*,#2249,.T.);
#208=ORIENTED_EDGE('',*,*,#2250,.T.);
#209=ORIENTED_EDGE('',*,*,#2251,.F.);
#210=ORIENTED_EDGE('',*,*,#2252,.F.);
#211=ORIENTED_EDGE('',*,*,#2253,.T.);
#212=ORIENTED_EDGE('',*,*,#2254,.T.);
#213=ORIENTED_EDGE('',*,*,#2255,.F.);
#214=ORIENTED_EDGE('',*,*,#2256,.F.);
#215=ORIENTED_EDGE('',*,*,#2257,.T.);
#216=ORIENTED_EDGE('',*,*,#2258,.T.);
#217=ORIENTED_EDGE('',*,*,#2259,.F.);
#218=ORIENTED_EDGE('',*,*,#2260,.F.);
#219=ORIENTED_EDGE('',*,*,#2261,.T.);
#220=ORIENTED_EDGE('',*,*,#2262,.T.);
#221=ORIENTED_EDGE('',*,*,#2263,.F.);
#222=ORIENTED_EDGE('',*,*,#2264,.F.);
#223=ORIENTED_EDGE('',*,*,#2265,.T.);
#224=ORIENTED_EDGE('',*,*,#2266,.T.);
#225=ORIENTED_EDGE('',*,*,#2267,.F.);
#226=ORIENTED_EDGE('',*,*,#2268,.F.);
#227=ORIENTED_EDGE('',*,*,#2269,.T.);
#228=ORIENTED_EDGE('',*,*,#2270,.T.);
#229=ORIENTED_EDGE('',*,*,#2271,.F.);
#230=ORIENTED_EDGE('',*,*,#2272,.F.);
#231=ORIENTED_EDGE('',*,*,#2273,.T.);
#232=ORIENTED_EDGE('',*,*,#2274,.T.);
#233=ORIENTED_EDGE('',*,*,#2275,.F.);
#234=ORIENTED_EDGE('',*,*,#2276,.F.);
#235=ORIENTED_EDGE('',*,*,#2277,.T.);
#236=ORIENTED_EDGE('',*,*,#2278,.T.);
#237=ORIENTED_EDGE('',*,*,#2279,.F.);
#238=ORIENTED_EDGE('',*,*,#2280,.F.);
#239=ORIENTED_EDGE('',*,*,#2281,.T.);
#240=ORIENTED_EDGE('',*,*,#2282,.T.);
#241=ORIENTED_EDGE('',*,*,#2283,.F.);
#242=ORIENTED_EDGE('',*,*,#2284,.F.);
#243=ORIENTED_EDGE('',*,*,#2285,.T.);
#244=ORIENTED_EDGE('',*,*,#2286,.T.);
#245=ORIENTED_EDGE('',*,*,#2287,.F.);
#246=ORIENTED_EDGE('',*,*,#2288,.F.);
#247=ORIENTED_EDGE('',*,*,#2289,.T.);
#248=ORIENTED_EDGE('',*,*,#2290,.T.);
#249=ORIENTED_EDGE('',*,*,#2291,.F.);
#250=ORIENTED_EDGE('',*,*,#2292,.F.);
#251=ORIENTED_EDGE('',*,*,#2293,.T.);
#252=ORIENTED_EDGE('',*,*,#2294,.T.);
#253=ORIENTED_EDGE('',*,*,#2295,.F.);
#254=ORIENTED_EDGE('',*,*,#2296,.F.);
#255=ORIENTED_EDGE('',*,*,#2297,.T.);
#256=ORIENTED_EDGE('',*,*,#2298,.T.);
#257=ORIENTED_EDGE('',*,*,#2299,.F.);
#258=ORIENTED_EDGE('',*,*,#2300,.F.);
#259=ORIENTED_EDGE('',*,*,#2301,.T.);
#260=ORIENTED_EDGE('',*,*,#2302,.T.);
#261=ORIENTED_EDGE('',*,*,#2303,.F.);
#262=ORIENTED_EDGE('',*,*,#2304,.F.);
#263=ORIENTED_EDGE('',*,*,#2305,.T.);
#264=ORIENTED_EDGE('',*,*,#2306,.T.);
#265=ORIENTED_EDGE('',*,*,#2307,.F.);
#266=ORIENTED_EDGE('',*,*,#2308,.F.);
#267=ORIENTED_EDGE('',*,*,#2309,.T.);
#268=ORIENTED_EDGE('',*,*,#2310,.T.);
#269=ORIENTED_EDGE('',*,*,#2311,.F.);
#270=ORIENTED_EDGE('',*,*,#2312,.F.);
#271=ORIENTED_EDGE('',*,*,#2313,.T.);
#272=ORIENTED_EDGE('',*,*,#2314,.T.);
#273=ORIENTED_EDGE('',*,*,#2315,.F.);
#274=ORIENTED_EDGE('',*,*,#2316,.F.);
#275=ORIENTED_EDGE('',*,*,#2317,.T.);
#276=ORIENTED_EDGE('',*,*,#2318,.T.);
#277=ORIENTED_EDGE('',*,*,#2319,.F.);
#278=ORIENTED_EDGE('',*,*,#2320,.F.);
#279=ORIENTED_EDGE('',*,*,#2321,.T.);
#280=ORIENTED_EDGE('',*,*,#2322,.T.);
#281=ORIENTED_EDGE('',*,*,#2323,.F.);
#282=ORIENTED_EDGE('',*,*,#2324,.F.);
#283=ORIENTED_EDGE('',*,*,#2325,.T.);
#284=ORIENTED_EDGE('',*,*,#2326,.T.);
#285=ORIENTED_EDGE('',*,*,#2327,.F.);
#286=ORIENTED_EDGE('',*,*,#2328,.F.);
#287=ORIENTED_EDGE('',*,*,#2329,.T.);
#288=ORIENTED_EDGE('',*,*,#2330,.T.);
#289=ORIENTED_EDGE('',*,*,#2331,.F.);
#290=ORIENTED_EDGE('',*,*,#2332,.F.);
#291=ORIENTED_EDGE('',*,*,#2333,.T.);
#292=ORIENTED_EDGE('',*,*,#2334,.T.);
#293=ORIENTED_EDGE('',*,*,#2335,.F.);
#294=ORIENTED_EDGE('',*,*,#2336,.F.);
#295=ORIENTED_EDGE('',*,*,#2337,.T.);
#296=ORIENTED_EDGE('',*,*,#2338,.T.);
#297=ORIENTED_EDGE('',*,*,#2339,.F.);
#298=ORIENTED_EDGE('',*,*,#2340,.F.);
#299=ORIENTED_EDGE('',*,*,#2341,.T.);
#300=ORIENTED_EDGE('',*,*,#2342,.T.);
#301=ORIENTED_EDGE('',*,*,#2343,.F.);
#302=ORIENTED_EDGE('',*,*,#2344,.F.);
#303=ORIENTED_EDGE('',*,*,#2345,.T.);
#304=ORIENTED_EDGE('',*,*,#2346,.T.);
#305=ORIENTED_EDGE('',*,*,#2347,.F.);
#306=ORIENTED_EDGE('',*,*,#2348,.F.);
#307=ORIENTED_EDGE('',*,*,#2349,.T.);
#308=ORIENTED_EDGE('',*,*,#2350,.T.);
#309=ORIENTED_EDGE('',*,*,#2351,.F.);
#310=ORIENTED_EDGE('',*,*,#2352,.F.);
#311=ORIENTED_EDGE('',*,*,#2353,.T.);
#312=ORIENTED_EDGE('',*,*,#2354,.T.);
#313=ORIENTED_EDGE('',*,*,#2355,.F.);
#314=ORIENTED_EDGE('',*,*,#2356,.F.);
#315=ORIENTED_EDGE('',*,*,#2357,.T.);
#316=ORIENTED_EDGE('',*,*,#2358,.T.);
#317=ORIENTED_EDGE('',*,*,#2359,.F.);
#318=ORIENTED_EDGE('',*,*,#2360,.F.);
#319=ORIENTED_EDGE('',*,*,#2361,.T.);
#320=ORIENTED_EDGE('',*,*,#2362,.T.);
#321=ORIENTED_EDGE('',*,*,#2363,.F.);
#322=ORIENTED_EDGE('',*,*,#2364,.F.);
#323=ORIENTED_EDGE('',*,*,#2365,.T.);
#324=ORIENTED_EDGE('',*,*,#2366,.T.);
#325=ORIENTED_EDGE('',*,*,#2367,.F.);
#326=ORIENTED_EDGE('',*,*,#2368,.F.);
#327=ORIENTED_EDGE('',*,*,#2369,.T.);
#328=ORIENTED_EDGE('',*,*,#2370,.T.);
#329=ORIENTED_EDGE('',*,*,#2371,.F.);
#330=ORIENTED_EDGE('',*,*,#2372,.F.);
#331=ORIENTED_EDGE('',*,*,#2373,.T.);
#332=ORIENTED_EDGE('',*,*,#2374,.T.);
#333=ORIENTED_EDGE('',*,*,#2375,.F.);
#334=ORIENTED_EDGE('',*,*,#2376,.F.);
#335=ORIENTED_EDGE('',*,*,#2377,.T.);
#336=ORIENTED_EDGE('',*,*,#2378,.T.);
#337=ORIENTED_EDGE('',*,*,#2379,.F.);
#338=ORIENTED_EDGE('',*,*,#2380,.F.);
#339=ORIENTED_EDGE('',*,*,#2381,.T.);
#340=ORIENTED_EDGE('',*,*,#2382,.T.);
#341=ORIENTED_EDGE('',*,*,#2383,.F.);
#342=ORIENTED_EDGE('',*,*,#2384,.F.);
#343=ORIENTED_EDGE('',*,*,#2385,.T.);
#344=ORIENTED_EDGE('',*,*,#2386,.T.);
#345=ORIENTED_EDGE('',*,*,#2387,.F.);
#346=ORIENTED_EDGE('',*,*,#2388,.F.);
#347=ORIENTED_EDGE('',*,*,#2389,.T.);
#348=ORIENTED_EDGE('',*,*,#2390,.F.);
#349=ORIENTED_EDGE('',*,*,#2391,.T.);
#350=ORIENTED_EDGE('',*,*,#2392,.T.);
#351=ORIENTED_EDGE('',*,*,#2393,.F.);
#352=ORIENTED_EDGE('',*,*,#2394,.F.);
#353=ORIENTED_EDGE('',*,*,#2395,.T.);
#354=ORIENTED_EDGE('',*,*,#2396,.T.);
#355=ORIENTED_EDGE('',*,*,#2397,.F.);
#356=ORIENTED_EDGE('',*,*,#2398,.T.);
#357=ORIENTED_EDGE('',*,*,#2399,.F.);
#358=ORIENTED_EDGE('',*,*,#2400,.F.);
#359=ORIENTED_EDGE('',*,*,#2401,.T.);
#360=ORIENTED_EDGE('',*,*,#2402,.T.);
#361=ORIENTED_EDGE('',*,*,#2403,.F.);
#362=ORIENTED_EDGE('',*,*,#2404,.F.);
#363=ORIENTED_EDGE('',*,*,#2405,.T.);
#364=ORIENTED_EDGE('',*,*,#2406,.T.);
#365=ORIENTED_EDGE('',*,*,#2407,.F.);
#366=ORIENTED_EDGE('',*,*,#2408,.F.);
#367=ORIENTED_EDGE('',*,*,#2409,.T.);
#368=ORIENTED_EDGE('',*,*,#2410,.T.);
#369=ORIENTED_EDGE('',*,*,#2411,.F.);
#370=ORIENTED_EDGE('',*,*,#2412,.F.);
#371=ORIENTED_EDGE('',*,*,#2413,.T.);
#372=ORIENTED_EDGE('',*,*,#2414,.T.);
#373=ORIENTED_EDGE('',*,*,#2415,.F.);
#374=ORIENTED_EDGE('',*,*,#2416,.F.);
#375=ORIENTED_EDGE('',*,*,#2417,.T.);
#376=ORIENTED_EDGE('',*,*,#2418,.T.);
#377=ORIENTED_EDGE('',*,*,#2419,.F.);
#378=ORIENTED_EDGE('',*,*,#2420,.F.);
#379=ORIENTED_EDGE('',*,*,#2421,.T.);
#380=ORIENTED_EDGE('',*,*,#2422,.T.);
#381=ORIENTED_EDGE('',*,*,#2423,.F.);
#382=ORIENTED_EDGE('',*,*,#2424,.F.);
#383=ORIENTED_EDGE('',*,*,#2425,.T.);
#384=ORIENTED_EDGE('',*,*,#2426,.T.);
#385=ORIENTED_EDGE('',*,*,#2427,.F.);
#386=ORIENTED_EDGE('',*,*,#2428,.F.);
#387=ORIENTED_EDGE('',*,*,#2429,.F.);
#388=ORIENTED_EDGE('',*,*,#2430,.F.);
#389=ORIENTED_EDGE('',*,*,#2431,.F.);
#390=ORIENTED_EDGE('',*,*,#2152,.F.);
#391=ORIENTED_EDGE('',*,*,#2432,.T.);
#392=ORIENTED_EDGE('',*,*,#2433,.F.);
#393=ORIENTED_EDGE('',*,*,#2434,.T.);
#394=ORIENTED_EDGE('',*,*,#2435,.F.);
#395=ORIENTED_EDGE('',*,*,#2436,.T.);
#396=ORIENTED_EDGE('',*,*,#2437,.F.);
#397=ORIENTED_EDGE('',*,*,#2438,.T.);
#398=ORIENTED_EDGE('',*,*,#2439,.F.);
#399=ORIENTED_EDGE('',*,*,#2440,.T.);
#400=ORIENTED_EDGE('',*,*,#2441,.T.);
#401=ORIENTED_EDGE('',*,*,#2442,.T.);
#402=ORIENTED_EDGE('',*,*,#2443,.F.);
#403=ORIENTED_EDGE('',*,*,#2444,.T.);
#404=ORIENTED_EDGE('',*,*,#2445,.F.);
#405=ORIENTED_EDGE('',*,*,#2446,.T.);
#406=ORIENTED_EDGE('',*,*,#2447,.T.);
#407=ORIENTED_EDGE('',*,*,#2448,.T.);
#408=ORIENTED_EDGE('',*,*,#2449,.T.);
#409=ORIENTED_EDGE('',*,*,#2450,.F.);
#410=ORIENTED_EDGE('',*,*,#2451,.T.);
#411=ORIENTED_EDGE('',*,*,#2449,.F.);
#412=ORIENTED_EDGE('',*,*,#2452,.F.);
#413=ORIENTED_EDGE('',*,*,#2453,.T.);
#414=ORIENTED_EDGE('',*,*,#2454,.T.);
#415=ORIENTED_EDGE('',*,*,#2455,.T.);
#416=ORIENTED_EDGE('',*,*,#2439,.T.);
#417=ORIENTED_EDGE('',*,*,#2456,.T.);
#418=ORIENTED_EDGE('',*,*,#2457,.T.);
#419=ORIENTED_EDGE('',*,*,#2458,.T.);
#420=ORIENTED_EDGE('',*,*,#2459,.T.);
#421=ORIENTED_EDGE('',*,*,#2460,.T.);
#422=ORIENTED_EDGE('',*,*,#2437,.T.);
#423=ORIENTED_EDGE('',*,*,#2461,.T.);
#424=ORIENTED_EDGE('',*,*,#2462,.T.);
#425=ORIENTED_EDGE('',*,*,#2463,.T.);
#426=ORIENTED_EDGE('',*,*,#2435,.T.);
#427=ORIENTED_EDGE('',*,*,#2464,.F.);
#428=ORIENTED_EDGE('',*,*,#2465,.F.);
#429=ORIENTED_EDGE('',*,*,#2466,.T.);
#430=ORIENTED_EDGE('',*,*,#2467,.T.);
#431=ORIENTED_EDGE('',*,*,#2465,.T.);
#432=ORIENTED_EDGE('',*,*,#2468,.T.);
#433=ORIENTED_EDGE('',*,*,#2469,.F.);
#434=ORIENTED_EDGE('',*,*,#2470,.F.);
#435=ORIENTED_EDGE('',*,*,#2471,.T.);
#436=ORIENTED_EDGE('',*,*,#2472,.T.);
#437=ORIENTED_EDGE('',*,*,#2473,.T.);
#438=ORIENTED_EDGE('',*,*,#2474,.T.);
#439=ORIENTED_EDGE('',*,*,#2475,.T.);
#440=ORIENTED_EDGE('',*,*,#2476,.F.);
#441=ORIENTED_EDGE('',*,*,#2477,.F.);
#442=ORIENTED_EDGE('',*,*,#2469,.T.);
#443=ORIENTED_EDGE('',*,*,#2478,.F.);
#444=ORIENTED_EDGE('',*,*,#2467,.F.);
#445=ORIENTED_EDGE('',*,*,#2479,.T.);
#446=ORIENTED_EDGE('',*,*,#2476,.T.);
#447=ORIENTED_EDGE('',*,*,#2480,.T.);
#448=ORIENTED_EDGE('',*,*,#2481,.T.);
#449=ORIENTED_EDGE('',*,*,#2482,.T.);
#450=ORIENTED_EDGE('',*,*,#2433,.T.);
#451=ORIENTED_EDGE('',*,*,#2483,.T.);
#452=ORIENTED_EDGE('',*,*,#2484,.T.);
#453=ORIENTED_EDGE('',*,*,#2485,.T.);
#454=ORIENTED_EDGE('',*,*,#2486,.T.);
#455=ORIENTED_EDGE('',*,*,#2487,.T.);
#456=ORIENTED_EDGE('',*,*,#2488,.T.);
#457=ORIENTED_EDGE('',*,*,#2489,.T.);
#458=ORIENTED_EDGE('',*,*,#2490,.T.);
#459=ORIENTED_EDGE('',*,*,#2466,.F.);
#460=ORIENTED_EDGE('',*,*,#2470,.T.);
#461=ORIENTED_EDGE('',*,*,#2477,.T.);
#462=ORIENTED_EDGE('',*,*,#2479,.F.);
#463=ORIENTED_EDGE('',*,*,#2153,.F.);
#464=ORIENTED_EDGE('',*,*,#2491,.F.);
#465=ORIENTED_EDGE('',*,*,#2492,.T.);
#466=ORIENTED_EDGE('',*,*,#2493,.T.);
#467=ORIENTED_EDGE('',*,*,#2156,.T.);
#468=ORIENTED_EDGE('',*,*,#2494,.F.);
#469=ORIENTED_EDGE('',*,*,#2495,.F.);
#470=ORIENTED_EDGE('',*,*,#2491,.T.);
#471=ORIENTED_EDGE('',*,*,#2155,.T.);
#472=ORIENTED_EDGE('',*,*,#2496,.F.);
#473=ORIENTED_EDGE('',*,*,#2497,.F.);
#474=ORIENTED_EDGE('',*,*,#2494,.T.);
#475=ORIENTED_EDGE('',*,*,#2157,.F.);
#476=ORIENTED_EDGE('',*,*,#2498,.F.);
#477=ORIENTED_EDGE('',*,*,#2499,.T.);
#478=ORIENTED_EDGE('',*,*,#2500,.T.);
#479=ORIENTED_EDGE('',*,*,#2160,.T.);
#480=ORIENTED_EDGE('',*,*,#2501,.F.);
#481=ORIENTED_EDGE('',*,*,#2502,.F.);
#482=ORIENTED_EDGE('',*,*,#2498,.T.);
#483=ORIENTED_EDGE('',*,*,#2159,.T.);
#484=ORIENTED_EDGE('',*,*,#2503,.F.);
#485=ORIENTED_EDGE('',*,*,#2504,.F.);
#486=ORIENTED_EDGE('',*,*,#2501,.T.);
#487=ORIENTED_EDGE('',*,*,#2161,.F.);
#488=ORIENTED_EDGE('',*,*,#2505,.F.);
#489=ORIENTED_EDGE('',*,*,#2506,.T.);
#490=ORIENTED_EDGE('',*,*,#2507,.T.);
#491=ORIENTED_EDGE('',*,*,#2164,.T.);
#492=ORIENTED_EDGE('',*,*,#2508,.F.);
#493=ORIENTED_EDGE('',*,*,#2509,.F.);
#494=ORIENTED_EDGE('',*,*,#2505,.T.);
#495=ORIENTED_EDGE('',*,*,#2163,.T.);
#496=ORIENTED_EDGE('',*,*,#2510,.F.);
#497=ORIENTED_EDGE('',*,*,#2511,.F.);
#498=ORIENTED_EDGE('',*,*,#2508,.T.);
#499=ORIENTED_EDGE('',*,*,#2165,.F.);
#500=ORIENTED_EDGE('',*,*,#2512,.F.);
#501=ORIENTED_EDGE('',*,*,#2513,.T.);
#502=ORIENTED_EDGE('',*,*,#2514,.T.);
#503=ORIENTED_EDGE('',*,*,#2168,.T.);
#504=ORIENTED_EDGE('',*,*,#2515,.F.);
#505=ORIENTED_EDGE('',*,*,#2516,.F.);
#506=ORIENTED_EDGE('',*,*,#2512,.T.);
#507=ORIENTED_EDGE('',*,*,#2167,.T.);
#508=ORIENTED_EDGE('',*,*,#2517,.F.);
#509=ORIENTED_EDGE('',*,*,#2518,.F.);
#510=ORIENTED_EDGE('',*,*,#2515,.T.);
#511=ORIENTED_EDGE('',*,*,#2169,.F.);
#512=ORIENTED_EDGE('',*,*,#2519,.F.);
#513=ORIENTED_EDGE('',*,*,#2520,.T.);
#514=ORIENTED_EDGE('',*,*,#2521,.T.);
#515=ORIENTED_EDGE('',*,*,#2172,.T.);
#516=ORIENTED_EDGE('',*,*,#2522,.F.);
#517=ORIENTED_EDGE('',*,*,#2523,.F.);
#518=ORIENTED_EDGE('',*,*,#2519,.T.);
#519=ORIENTED_EDGE('',*,*,#2171,.T.);
#520=ORIENTED_EDGE('',*,*,#2524,.F.);
#521=ORIENTED_EDGE('',*,*,#2525,.F.);
#522=ORIENTED_EDGE('',*,*,#2522,.T.);
#523=ORIENTED_EDGE('',*,*,#2173,.F.);
#524=ORIENTED_EDGE('',*,*,#2526,.F.);
#525=ORIENTED_EDGE('',*,*,#2527,.T.);
#526=ORIENTED_EDGE('',*,*,#2528,.T.);
#527=ORIENTED_EDGE('',*,*,#2176,.T.);
#528=ORIENTED_EDGE('',*,*,#2529,.F.);
#529=ORIENTED_EDGE('',*,*,#2530,.F.);
#530=ORIENTED_EDGE('',*,*,#2526,.T.);
#531=ORIENTED_EDGE('',*,*,#2175,.T.);
#532=ORIENTED_EDGE('',*,*,#2531,.F.);
#533=ORIENTED_EDGE('',*,*,#2532,.F.);
#534=ORIENTED_EDGE('',*,*,#2529,.T.);
#535=ORIENTED_EDGE('',*,*,#2177,.F.);
#536=ORIENTED_EDGE('',*,*,#2533,.F.);
#537=ORIENTED_EDGE('',*,*,#2534,.T.);
#538=ORIENTED_EDGE('',*,*,#2535,.T.);
#539=ORIENTED_EDGE('',*,*,#2180,.T.);
#540=ORIENTED_EDGE('',*,*,#2536,.F.);
#541=ORIENTED_EDGE('',*,*,#2537,.F.);
#542=ORIENTED_EDGE('',*,*,#2533,.T.);
#543=ORIENTED_EDGE('',*,*,#2179,.T.);
#544=ORIENTED_EDGE('',*,*,#2538,.F.);
#545=ORIENTED_EDGE('',*,*,#2539,.F.);
#546=ORIENTED_EDGE('',*,*,#2536,.T.);
#547=ORIENTED_EDGE('',*,*,#2181,.F.);
#548=ORIENTED_EDGE('',*,*,#2540,.F.);
#549=ORIENTED_EDGE('',*,*,#2541,.T.);
#550=ORIENTED_EDGE('',*,*,#2542,.T.);
#551=ORIENTED_EDGE('',*,*,#2184,.T.);
#552=ORIENTED_EDGE('',*,*,#2543,.F.);
#553=ORIENTED_EDGE('',*,*,#2544,.F.);
#554=ORIENTED_EDGE('',*,*,#2540,.T.);
#555=ORIENTED_EDGE('',*,*,#2183,.T.);
#556=ORIENTED_EDGE('',*,*,#2545,.F.);
#557=ORIENTED_EDGE('',*,*,#2546,.F.);
#558=ORIENTED_EDGE('',*,*,#2543,.T.);
#559=ORIENTED_EDGE('',*,*,#2185,.F.);
#560=ORIENTED_EDGE('',*,*,#2547,.F.);
#561=ORIENTED_EDGE('',*,*,#2548,.T.);
#562=ORIENTED_EDGE('',*,*,#2549,.T.);
#563=ORIENTED_EDGE('',*,*,#2188,.T.);
#564=ORIENTED_EDGE('',*,*,#2550,.F.);
#565=ORIENTED_EDGE('',*,*,#2551,.F.);
#566=ORIENTED_EDGE('',*,*,#2547,.T.);
#567=ORIENTED_EDGE('',*,*,#2187,.T.);
#568=ORIENTED_EDGE('',*,*,#2552,.F.);
#569=ORIENTED_EDGE('',*,*,#2553,.F.);
#570=ORIENTED_EDGE('',*,*,#2550,.T.);
#571=ORIENTED_EDGE('',*,*,#2189,.F.);
#572=ORIENTED_EDGE('',*,*,#2554,.F.);
#573=ORIENTED_EDGE('',*,*,#2555,.T.);
#574=ORIENTED_EDGE('',*,*,#2556,.T.);
#575=ORIENTED_EDGE('',*,*,#2192,.T.);
#576=ORIENTED_EDGE('',*,*,#2557,.F.);
#577=ORIENTED_EDGE('',*,*,#2558,.F.);
#578=ORIENTED_EDGE('',*,*,#2554,.T.);
#579=ORIENTED_EDGE('',*,*,#2191,.T.);
#580=ORIENTED_EDGE('',*,*,#2559,.F.);
#581=ORIENTED_EDGE('',*,*,#2560,.F.);
#582=ORIENTED_EDGE('',*,*,#2557,.T.);
#583=ORIENTED_EDGE('',*,*,#2193,.F.);
#584=ORIENTED_EDGE('',*,*,#2561,.F.);
#585=ORIENTED_EDGE('',*,*,#2562,.T.);
#586=ORIENTED_EDGE('',*,*,#2563,.T.);
#587=ORIENTED_EDGE('',*,*,#2196,.T.);
#588=ORIENTED_EDGE('',*,*,#2564,.F.);
#589=ORIENTED_EDGE('',*,*,#2565,.F.);
#590=ORIENTED_EDGE('',*,*,#2561,.T.);
#591=ORIENTED_EDGE('',*,*,#2195,.T.);
#592=ORIENTED_EDGE('',*,*,#2566,.F.);
#593=ORIENTED_EDGE('',*,*,#2567,.F.);
#594=ORIENTED_EDGE('',*,*,#2564,.T.);
#595=ORIENTED_EDGE('',*,*,#2197,.F.);
#596=ORIENTED_EDGE('',*,*,#2568,.F.);
#597=ORIENTED_EDGE('',*,*,#2569,.T.);
#598=ORIENTED_EDGE('',*,*,#2570,.T.);
#599=ORIENTED_EDGE('',*,*,#2200,.T.);
#600=ORIENTED_EDGE('',*,*,#2571,.F.);
#601=ORIENTED_EDGE('',*,*,#2572,.F.);
#602=ORIENTED_EDGE('',*,*,#2568,.T.);
#603=ORIENTED_EDGE('',*,*,#2199,.T.);
#604=ORIENTED_EDGE('',*,*,#2573,.F.);
#605=ORIENTED_EDGE('',*,*,#2574,.F.);
#606=ORIENTED_EDGE('',*,*,#2571,.T.);
#607=ORIENTED_EDGE('',*,*,#2201,.F.);
#608=ORIENTED_EDGE('',*,*,#2575,.F.);
#609=ORIENTED_EDGE('',*,*,#2576,.T.);
#610=ORIENTED_EDGE('',*,*,#2577,.T.);
#611=ORIENTED_EDGE('',*,*,#2204,.T.);
#612=ORIENTED_EDGE('',*,*,#2578,.F.);
#613=ORIENTED_EDGE('',*,*,#2579,.F.);
#614=ORIENTED_EDGE('',*,*,#2575,.T.);
#615=ORIENTED_EDGE('',*,*,#2203,.T.);
#616=ORIENTED_EDGE('',*,*,#2580,.F.);
#617=ORIENTED_EDGE('',*,*,#2581,.F.);
#618=ORIENTED_EDGE('',*,*,#2578,.T.);
#619=ORIENTED_EDGE('',*,*,#2205,.F.);
#620=ORIENTED_EDGE('',*,*,#2582,.F.);
#621=ORIENTED_EDGE('',*,*,#2583,.T.);
#622=ORIENTED_EDGE('',*,*,#2584,.T.);
#623=ORIENTED_EDGE('',*,*,#2208,.T.);
#624=ORIENTED_EDGE('',*,*,#2585,.F.);
#625=ORIENTED_EDGE('',*,*,#2586,.F.);
#626=ORIENTED_EDGE('',*,*,#2582,.T.);
#627=ORIENTED_EDGE('',*,*,#2207,.T.);
#628=ORIENTED_EDGE('',*,*,#2587,.F.);
#629=ORIENTED_EDGE('',*,*,#2588,.F.);
#630=ORIENTED_EDGE('',*,*,#2585,.T.);
#631=ORIENTED_EDGE('',*,*,#2209,.F.);
#632=ORIENTED_EDGE('',*,*,#2589,.F.);
#633=ORIENTED_EDGE('',*,*,#2590,.T.);
#634=ORIENTED_EDGE('',*,*,#2591,.T.);
#635=ORIENTED_EDGE('',*,*,#2212,.T.);
#636=ORIENTED_EDGE('',*,*,#2592,.F.);
#637=ORIENTED_EDGE('',*,*,#2593,.F.);
#638=ORIENTED_EDGE('',*,*,#2589,.T.);
#639=ORIENTED_EDGE('',*,*,#2211,.T.);
#640=ORIENTED_EDGE('',*,*,#2594,.F.);
#641=ORIENTED_EDGE('',*,*,#2595,.F.);
#642=ORIENTED_EDGE('',*,*,#2592,.T.);
#643=ORIENTED_EDGE('',*,*,#2213,.F.);
#644=ORIENTED_EDGE('',*,*,#2596,.F.);
#645=ORIENTED_EDGE('',*,*,#2597,.T.);
#646=ORIENTED_EDGE('',*,*,#2598,.T.);
#647=ORIENTED_EDGE('',*,*,#2216,.T.);
#648=ORIENTED_EDGE('',*,*,#2599,.F.);
#649=ORIENTED_EDGE('',*,*,#2600,.F.);
#650=ORIENTED_EDGE('',*,*,#2596,.T.);
#651=ORIENTED_EDGE('',*,*,#2215,.T.);
#652=ORIENTED_EDGE('',*,*,#2601,.F.);
#653=ORIENTED_EDGE('',*,*,#2602,.F.);
#654=ORIENTED_EDGE('',*,*,#2599,.T.);
#655=ORIENTED_EDGE('',*,*,#2217,.F.);
#656=ORIENTED_EDGE('',*,*,#2603,.F.);
#657=ORIENTED_EDGE('',*,*,#2604,.T.);
#658=ORIENTED_EDGE('',*,*,#2605,.T.);
#659=ORIENTED_EDGE('',*,*,#2220,.T.);
#660=ORIENTED_EDGE('',*,*,#2606,.F.);
#661=ORIENTED_EDGE('',*,*,#2607,.F.);
#662=ORIENTED_EDGE('',*,*,#2603,.T.);
#663=ORIENTED_EDGE('',*,*,#2219,.T.);
#664=ORIENTED_EDGE('',*,*,#2608,.F.);
#665=ORIENTED_EDGE('',*,*,#2609,.F.);
#666=ORIENTED_EDGE('',*,*,#2606,.T.);
#667=ORIENTED_EDGE('',*,*,#2221,.F.);
#668=ORIENTED_EDGE('',*,*,#2610,.F.);
#669=ORIENTED_EDGE('',*,*,#2611,.T.);
#670=ORIENTED_EDGE('',*,*,#2612,.T.);
#671=ORIENTED_EDGE('',*,*,#2224,.T.);
#672=ORIENTED_EDGE('',*,*,#2613,.F.);
#673=ORIENTED_EDGE('',*,*,#2614,.F.);
#674=ORIENTED_EDGE('',*,*,#2610,.T.);
#675=ORIENTED_EDGE('',*,*,#2223,.T.);
#676=ORIENTED_EDGE('',*,*,#2615,.F.);
#677=ORIENTED_EDGE('',*,*,#2616,.F.);
#678=ORIENTED_EDGE('',*,*,#2613,.T.);
#679=ORIENTED_EDGE('',*,*,#2225,.F.);
#680=ORIENTED_EDGE('',*,*,#2617,.F.);
#681=ORIENTED_EDGE('',*,*,#2618,.T.);
#682=ORIENTED_EDGE('',*,*,#2619,.T.);
#683=ORIENTED_EDGE('',*,*,#2228,.T.);
#684=ORIENTED_EDGE('',*,*,#2620,.F.);
#685=ORIENTED_EDGE('',*,*,#2621,.F.);
#686=ORIENTED_EDGE('',*,*,#2617,.T.);
#687=ORIENTED_EDGE('',*,*,#2227,.T.);
#688=ORIENTED_EDGE('',*,*,#2622,.F.);
#689=ORIENTED_EDGE('',*,*,#2623,.F.);
#690=ORIENTED_EDGE('',*,*,#2620,.T.);
#691=ORIENTED_EDGE('',*,*,#2229,.F.);
#692=ORIENTED_EDGE('',*,*,#2624,.F.);
#693=ORIENTED_EDGE('',*,*,#2625,.T.);
#694=ORIENTED_EDGE('',*,*,#2626,.T.);
#695=ORIENTED_EDGE('',*,*,#2232,.T.);
#696=ORIENTED_EDGE('',*,*,#2627,.F.);
#697=ORIENTED_EDGE('',*,*,#2628,.F.);
#698=ORIENTED_EDGE('',*,*,#2624,.T.);
#699=ORIENTED_EDGE('',*,*,#2231,.T.);
#700=ORIENTED_EDGE('',*,*,#2629,.F.);
#701=ORIENTED_EDGE('',*,*,#2630,.F.);
#702=ORIENTED_EDGE('',*,*,#2627,.T.);
#703=ORIENTED_EDGE('',*,*,#2233,.F.);
#704=ORIENTED_EDGE('',*,*,#2631,.F.);
#705=ORIENTED_EDGE('',*,*,#2632,.T.);
#706=ORIENTED_EDGE('',*,*,#2633,.T.);
#707=ORIENTED_EDGE('',*,*,#2236,.T.);
#708=ORIENTED_EDGE('',*,*,#2634,.F.);
#709=ORIENTED_EDGE('',*,*,#2635,.F.);
#710=ORIENTED_EDGE('',*,*,#2631,.T.);
#711=ORIENTED_EDGE('',*,*,#2235,.T.);
#712=ORIENTED_EDGE('',*,*,#2636,.F.);
#713=ORIENTED_EDGE('',*,*,#2637,.F.);
#714=ORIENTED_EDGE('',*,*,#2634,.T.);
#715=ORIENTED_EDGE('',*,*,#2237,.F.);
#716=ORIENTED_EDGE('',*,*,#2638,.F.);
#717=ORIENTED_EDGE('',*,*,#2639,.T.);
#718=ORIENTED_EDGE('',*,*,#2640,.T.);
#719=ORIENTED_EDGE('',*,*,#2240,.T.);
#720=ORIENTED_EDGE('',*,*,#2641,.F.);
#721=ORIENTED_EDGE('',*,*,#2642,.F.);
#722=ORIENTED_EDGE('',*,*,#2638,.T.);
#723=ORIENTED_EDGE('',*,*,#2239,.T.);
#724=ORIENTED_EDGE('',*,*,#2643,.F.);
#725=ORIENTED_EDGE('',*,*,#2644,.F.);
#726=ORIENTED_EDGE('',*,*,#2641,.T.);
#727=ORIENTED_EDGE('',*,*,#2241,.F.);
#728=ORIENTED_EDGE('',*,*,#2645,.F.);
#729=ORIENTED_EDGE('',*,*,#2646,.T.);
#730=ORIENTED_EDGE('',*,*,#2647,.T.);
#731=ORIENTED_EDGE('',*,*,#2244,.T.);
#732=ORIENTED_EDGE('',*,*,#2648,.F.);
#733=ORIENTED_EDGE('',*,*,#2649,.F.);
#734=ORIENTED_EDGE('',*,*,#2645,.T.);
#735=ORIENTED_EDGE('',*,*,#2243,.T.);
#736=ORIENTED_EDGE('',*,*,#2650,.F.);
#737=ORIENTED_EDGE('',*,*,#2651,.F.);
#738=ORIENTED_EDGE('',*,*,#2648,.T.);
#739=ORIENTED_EDGE('',*,*,#2245,.F.);
#740=ORIENTED_EDGE('',*,*,#2652,.F.);
#741=ORIENTED_EDGE('',*,*,#2653,.T.);
#742=ORIENTED_EDGE('',*,*,#2654,.T.);
#743=ORIENTED_EDGE('',*,*,#2248,.T.);
#744=ORIENTED_EDGE('',*,*,#2655,.F.);
#745=ORIENTED_EDGE('',*,*,#2656,.F.);
#746=ORIENTED_EDGE('',*,*,#2652,.T.);
#747=ORIENTED_EDGE('',*,*,#2247,.T.);
#748=ORIENTED_EDGE('',*,*,#2657,.F.);
#749=ORIENTED_EDGE('',*,*,#2658,.F.);
#750=ORIENTED_EDGE('',*,*,#2655,.T.);
#751=ORIENTED_EDGE('',*,*,#2249,.F.);
#752=ORIENTED_EDGE('',*,*,#2659,.F.);
#753=ORIENTED_EDGE('',*,*,#2660,.T.);
#754=ORIENTED_EDGE('',*,*,#2661,.T.);
#755=ORIENTED_EDGE('',*,*,#2252,.T.);
#756=ORIENTED_EDGE('',*,*,#2662,.F.);
#757=ORIENTED_EDGE('',*,*,#2663,.F.);
#758=ORIENTED_EDGE('',*,*,#2659,.T.);
#759=ORIENTED_EDGE('',*,*,#2251,.T.);
#760=ORIENTED_EDGE('',*,*,#2664,.F.);
#761=ORIENTED_EDGE('',*,*,#2665,.F.);
#762=ORIENTED_EDGE('',*,*,#2662,.T.);
#763=ORIENTED_EDGE('',*,*,#2253,.F.);
#764=ORIENTED_EDGE('',*,*,#2666,.F.);
#765=ORIENTED_EDGE('',*,*,#2667,.T.);
#766=ORIENTED_EDGE('',*,*,#2668,.T.);
#767=ORIENTED_EDGE('',*,*,#2256,.T.);
#768=ORIENTED_EDGE('',*,*,#2669,.F.);
#769=ORIENTED_EDGE('',*,*,#2670,.F.);
#770=ORIENTED_EDGE('',*,*,#2666,.T.);
#771=ORIENTED_EDGE('',*,*,#2255,.T.);
#772=ORIENTED_EDGE('',*,*,#2671,.F.);
#773=ORIENTED_EDGE('',*,*,#2672,.F.);
#774=ORIENTED_EDGE('',*,*,#2669,.T.);
#775=ORIENTED_EDGE('',*,*,#2257,.F.);
#776=ORIENTED_EDGE('',*,*,#2673,.F.);
#777=ORIENTED_EDGE('',*,*,#2674,.T.);
#778=ORIENTED_EDGE('',*,*,#2675,.T.);
#779=ORIENTED_EDGE('',*,*,#2260,.T.);
#780=ORIENTED_EDGE('',*,*,#2676,.F.);
#781=ORIENTED_EDGE('',*,*,#2677,.F.);
#782=ORIENTED_EDGE('',*,*,#2673,.T.);
#783=ORIENTED_EDGE('',*,*,#2259,.T.);
#784=ORIENTED_EDGE('',*,*,#2678,.F.);
#785=ORIENTED_EDGE('',*,*,#2679,.F.);
#786=ORIENTED_EDGE('',*,*,#2676,.T.);
#787=ORIENTED_EDGE('',*,*,#2261,.F.);
#788=ORIENTED_EDGE('',*,*,#2680,.F.);
#789=ORIENTED_EDGE('',*,*,#2681,.T.);
#790=ORIENTED_EDGE('',*,*,#2682,.T.);
#791=ORIENTED_EDGE('',*,*,#2264,.T.);
#792=ORIENTED_EDGE('',*,*,#2683,.F.);
#793=ORIENTED_EDGE('',*,*,#2684,.F.);
#794=ORIENTED_EDGE('',*,*,#2680,.T.);
#795=ORIENTED_EDGE('',*,*,#2263,.T.);
#796=ORIENTED_EDGE('',*,*,#2685,.F.);
#797=ORIENTED_EDGE('',*,*,#2686,.F.);
#798=ORIENTED_EDGE('',*,*,#2683,.T.);
#799=ORIENTED_EDGE('',*,*,#2265,.F.);
#800=ORIENTED_EDGE('',*,*,#2687,.F.);
#801=ORIENTED_EDGE('',*,*,#2688,.T.);
#802=ORIENTED_EDGE('',*,*,#2689,.T.);
#803=ORIENTED_EDGE('',*,*,#2268,.T.);
#804=ORIENTED_EDGE('',*,*,#2690,.F.);
#805=ORIENTED_EDGE('',*,*,#2691,.F.);
#806=ORIENTED_EDGE('',*,*,#2687,.T.);
#807=ORIENTED_EDGE('',*,*,#2267,.T.);
#808=ORIENTED_EDGE('',*,*,#2692,.F.);
#809=ORIENTED_EDGE('',*,*,#2693,.F.);
#810=ORIENTED_EDGE('',*,*,#2690,.T.);
#811=ORIENTED_EDGE('',*,*,#2269,.F.);
#812=ORIENTED_EDGE('',*,*,#2694,.F.);
#813=ORIENTED_EDGE('',*,*,#2695,.T.);
#814=ORIENTED_EDGE('',*,*,#2696,.T.);
#815=ORIENTED_EDGE('',*,*,#2272,.T.);
#816=ORIENTED_EDGE('',*,*,#2697,.F.);
#817=ORIENTED_EDGE('',*,*,#2698,.F.);
#818=ORIENTED_EDGE('',*,*,#2694,.T.);
#819=ORIENTED_EDGE('',*,*,#2271,.T.);
#820=ORIENTED_EDGE('',*,*,#2699,.F.);
#821=ORIENTED_EDGE('',*,*,#2700,.F.);
#822=ORIENTED_EDGE('',*,*,#2697,.T.);
#823=ORIENTED_EDGE('',*,*,#2273,.F.);
#824=ORIENTED_EDGE('',*,*,#2701,.F.);
#825=ORIENTED_EDGE('',*,*,#2702,.T.);
#826=ORIENTED_EDGE('',*,*,#2703,.T.);
#827=ORIENTED_EDGE('',*,*,#2276,.T.);
#828=ORIENTED_EDGE('',*,*,#2704,.F.);
#829=ORIENTED_EDGE('',*,*,#2705,.F.);
#830=ORIENTED_EDGE('',*,*,#2701,.T.);
#831=ORIENTED_EDGE('',*,*,#2275,.T.);
#832=ORIENTED_EDGE('',*,*,#2706,.F.);
#833=ORIENTED_EDGE('',*,*,#2707,.F.);
#834=ORIENTED_EDGE('',*,*,#2704,.T.);
#835=ORIENTED_EDGE('',*,*,#2277,.F.);
#836=ORIENTED_EDGE('',*,*,#2708,.F.);
#837=ORIENTED_EDGE('',*,*,#2709,.T.);
#838=ORIENTED_EDGE('',*,*,#2710,.T.);
#839=ORIENTED_EDGE('',*,*,#2280,.T.);
#840=ORIENTED_EDGE('',*,*,#2711,.F.);
#841=ORIENTED_EDGE('',*,*,#2712,.F.);
#842=ORIENTED_EDGE('',*,*,#2708,.T.);
#843=ORIENTED_EDGE('',*,*,#2279,.T.);
#844=ORIENTED_EDGE('',*,*,#2713,.F.);
#845=ORIENTED_EDGE('',*,*,#2714,.F.);
#846=ORIENTED_EDGE('',*,*,#2711,.T.);
#847=ORIENTED_EDGE('',*,*,#2281,.F.);
#848=ORIENTED_EDGE('',*,*,#2715,.F.);
#849=ORIENTED_EDGE('',*,*,#2716,.T.);
#850=ORIENTED_EDGE('',*,*,#2717,.T.);
#851=ORIENTED_EDGE('',*,*,#2284,.T.);
#852=ORIENTED_EDGE('',*,*,#2718,.F.);
#853=ORIENTED_EDGE('',*,*,#2719,.F.);
#854=ORIENTED_EDGE('',*,*,#2715,.T.);
#855=ORIENTED_EDGE('',*,*,#2283,.T.);
#856=ORIENTED_EDGE('',*,*,#2720,.F.);
#857=ORIENTED_EDGE('',*,*,#2721,.F.);
#858=ORIENTED_EDGE('',*,*,#2718,.T.);
#859=ORIENTED_EDGE('',*,*,#2285,.F.);
#860=ORIENTED_EDGE('',*,*,#2722,.F.);
#861=ORIENTED_EDGE('',*,*,#2723,.T.);
#862=ORIENTED_EDGE('',*,*,#2724,.T.);
#863=ORIENTED_EDGE('',*,*,#2288,.T.);
#864=ORIENTED_EDGE('',*,*,#2725,.F.);
#865=ORIENTED_EDGE('',*,*,#2726,.F.);
#866=ORIENTED_EDGE('',*,*,#2722,.T.);
#867=ORIENTED_EDGE('',*,*,#2287,.T.);
#868=ORIENTED_EDGE('',*,*,#2727,.F.);
#869=ORIENTED_EDGE('',*,*,#2728,.F.);
#870=ORIENTED_EDGE('',*,*,#2725,.T.);
#871=ORIENTED_EDGE('',*,*,#2289,.F.);
#872=ORIENTED_EDGE('',*,*,#2729,.F.);
#873=ORIENTED_EDGE('',*,*,#2730,.T.);
#874=ORIENTED_EDGE('',*,*,#2731,.T.);
#875=ORIENTED_EDGE('',*,*,#2292,.T.);
#876=ORIENTED_EDGE('',*,*,#2732,.F.);
#877=ORIENTED_EDGE('',*,*,#2733,.F.);
#878=ORIENTED_EDGE('',*,*,#2729,.T.);
#879=ORIENTED_EDGE('',*,*,#2291,.T.);
#880=ORIENTED_EDGE('',*,*,#2734,.F.);
#881=ORIENTED_EDGE('',*,*,#2735,.F.);
#882=ORIENTED_EDGE('',*,*,#2732,.T.);
#883=ORIENTED_EDGE('',*,*,#2293,.F.);
#884=ORIENTED_EDGE('',*,*,#2736,.F.);
#885=ORIENTED_EDGE('',*,*,#2737,.T.);
#886=ORIENTED_EDGE('',*,*,#2738,.T.);
#887=ORIENTED_EDGE('',*,*,#2296,.T.);
#888=ORIENTED_EDGE('',*,*,#2739,.F.);
#889=ORIENTED_EDGE('',*,*,#2740,.F.);
#890=ORIENTED_EDGE('',*,*,#2736,.T.);
#891=ORIENTED_EDGE('',*,*,#2295,.T.);
#892=ORIENTED_EDGE('',*,*,#2741,.F.);
#893=ORIENTED_EDGE('',*,*,#2742,.F.);
#894=ORIENTED_EDGE('',*,*,#2739,.T.);
#895=ORIENTED_EDGE('',*,*,#2297,.F.);
#896=ORIENTED_EDGE('',*,*,#2743,.F.);
#897=ORIENTED_EDGE('',*,*,#2744,.T.);
#898=ORIENTED_EDGE('',*,*,#2745,.T.);
#899=ORIENTED_EDGE('',*,*,#2300,.T.);
#900=ORIENTED_EDGE('',*,*,#2746,.F.);
#901=ORIENTED_EDGE('',*,*,#2747,.F.);
#902=ORIENTED_EDGE('',*,*,#2743,.T.);
#903=ORIENTED_EDGE('',*,*,#2299,.T.);
#904=ORIENTED_EDGE('',*,*,#2748,.F.);
#905=ORIENTED_EDGE('',*,*,#2749,.F.);
#906=ORIENTED_EDGE('',*,*,#2746,.T.);
#907=ORIENTED_EDGE('',*,*,#2301,.F.);
#908=ORIENTED_EDGE('',*,*,#2750,.F.);
#909=ORIENTED_EDGE('',*,*,#2751,.T.);
#910=ORIENTED_EDGE('',*,*,#2752,.T.);
#911=ORIENTED_EDGE('',*,*,#2304,.T.);
#912=ORIENTED_EDGE('',*,*,#2753,.F.);
#913=ORIENTED_EDGE('',*,*,#2754,.F.);
#914=ORIENTED_EDGE('',*,*,#2750,.T.);
#915=ORIENTED_EDGE('',*,*,#2303,.T.);
#916=ORIENTED_EDGE('',*,*,#2755,.F.);
#917=ORIENTED_EDGE('',*,*,#2756,.F.);
#918=ORIENTED_EDGE('',*,*,#2753,.T.);
#919=ORIENTED_EDGE('',*,*,#2305,.F.);
#920=ORIENTED_EDGE('',*,*,#2757,.F.);
#921=ORIENTED_EDGE('',*,*,#2758,.T.);
#922=ORIENTED_EDGE('',*,*,#2759,.T.);
#923=ORIENTED_EDGE('',*,*,#2308,.T.);
#924=ORIENTED_EDGE('',*,*,#2760,.F.);
#925=ORIENTED_EDGE('',*,*,#2761,.F.);
#926=ORIENTED_EDGE('',*,*,#2757,.T.);
#927=ORIENTED_EDGE('',*,*,#2307,.T.);
#928=ORIENTED_EDGE('',*,*,#2762,.F.);
#929=ORIENTED_EDGE('',*,*,#2763,.F.);
#930=ORIENTED_EDGE('',*,*,#2760,.T.);
#931=ORIENTED_EDGE('',*,*,#2309,.F.);
#932=ORIENTED_EDGE('',*,*,#2764,.F.);
#933=ORIENTED_EDGE('',*,*,#2765,.T.);
#934=ORIENTED_EDGE('',*,*,#2766,.T.);
#935=ORIENTED_EDGE('',*,*,#2312,.T.);
#936=ORIENTED_EDGE('',*,*,#2767,.F.);
#937=ORIENTED_EDGE('',*,*,#2768,.F.);
#938=ORIENTED_EDGE('',*,*,#2764,.T.);
#939=ORIENTED_EDGE('',*,*,#2311,.T.);
#940=ORIENTED_EDGE('',*,*,#2769,.F.);
#941=ORIENTED_EDGE('',*,*,#2770,.F.);
#942=ORIENTED_EDGE('',*,*,#2767,.T.);
#943=ORIENTED_EDGE('',*,*,#2313,.F.);
#944=ORIENTED_EDGE('',*,*,#2771,.F.);
#945=ORIENTED_EDGE('',*,*,#2772,.T.);
#946=ORIENTED_EDGE('',*,*,#2773,.T.);
#947=ORIENTED_EDGE('',*,*,#2316,.T.);
#948=ORIENTED_EDGE('',*,*,#2774,.F.);
#949=ORIENTED_EDGE('',*,*,#2775,.F.);
#950=ORIENTED_EDGE('',*,*,#2771,.T.);
#951=ORIENTED_EDGE('',*,*,#2315,.T.);
#952=ORIENTED_EDGE('',*,*,#2776,.F.);
#953=ORIENTED_EDGE('',*,*,#2777,.F.);
#954=ORIENTED_EDGE('',*,*,#2774,.T.);
#955=ORIENTED_EDGE('',*,*,#2317,.F.);
#956=ORIENTED_EDGE('',*,*,#2778,.F.);
#957=ORIENTED_EDGE('',*,*,#2779,.T.);
#958=ORIENTED_EDGE('',*,*,#2780,.T.);
#959=ORIENTED_EDGE('',*,*,#2320,.T.);
#960=ORIENTED_EDGE('',*,*,#2781,.F.);
#961=ORIENTED_EDGE('',*,*,#2782,.F.);
#962=ORIENTED_EDGE('',*,*,#2778,.T.);
#963=ORIENTED_EDGE('',*,*,#2319,.T.);
#964=ORIENTED_EDGE('',*,*,#2783,.F.);
#965=ORIENTED_EDGE('',*,*,#2784,.F.);
#966=ORIENTED_EDGE('',*,*,#2781,.T.);
#967=ORIENTED_EDGE('',*,*,#2321,.F.);
#968=ORIENTED_EDGE('',*,*,#2785,.F.);
#969=ORIENTED_EDGE('',*,*,#2786,.T.);
#970=ORIENTED_EDGE('',*,*,#2787,.T.);
#971=ORIENTED_EDGE('',*,*,#2324,.T.);
#972=ORIENTED_EDGE('',*,*,#2788,.F.);
#973=ORIENTED_EDGE('',*,*,#2789,.F.);
#974=ORIENTED_EDGE('',*,*,#2785,.T.);
#975=ORIENTED_EDGE('',*,*,#2323,.T.);
#976=ORIENTED_EDGE('',*,*,#2790,.F.);
#977=ORIENTED_EDGE('',*,*,#2791,.F.);
#978=ORIENTED_EDGE('',*,*,#2788,.T.);
#979=ORIENTED_EDGE('',*,*,#2325,.F.);
#980=ORIENTED_EDGE('',*,*,#2792,.F.);
#981=ORIENTED_EDGE('',*,*,#2793,.T.);
#982=ORIENTED_EDGE('',*,*,#2794,.T.);
#983=ORIENTED_EDGE('',*,*,#2328,.T.);
#984=ORIENTED_EDGE('',*,*,#2795,.F.);
#985=ORIENTED_EDGE('',*,*,#2796,.F.);
#986=ORIENTED_EDGE('',*,*,#2792,.T.);
#987=ORIENTED_EDGE('',*,*,#2327,.T.);
#988=ORIENTED_EDGE('',*,*,#2797,.F.);
#989=ORIENTED_EDGE('',*,*,#2798,.F.);
#990=ORIENTED_EDGE('',*,*,#2795,.T.);
#991=ORIENTED_EDGE('',*,*,#2329,.F.);
#992=ORIENTED_EDGE('',*,*,#2799,.F.);
#993=ORIENTED_EDGE('',*,*,#2800,.T.);
#994=ORIENTED_EDGE('',*,*,#2801,.T.);
#995=ORIENTED_EDGE('',*,*,#2332,.T.);
#996=ORIENTED_EDGE('',*,*,#2802,.F.);
#997=ORIENTED_EDGE('',*,*,#2803,.F.);
#998=ORIENTED_EDGE('',*,*,#2799,.T.);
#999=ORIENTED_EDGE('',*,*,#2331,.T.);
#1000=ORIENTED_EDGE('',*,*,#2804,.F.);
#1001=ORIENTED_EDGE('',*,*,#2805,.F.);
#1002=ORIENTED_EDGE('',*,*,#2802,.T.);
#1003=ORIENTED_EDGE('',*,*,#2333,.F.);
#1004=ORIENTED_EDGE('',*,*,#2806,.F.);
#1005=ORIENTED_EDGE('',*,*,#2807,.T.);
#1006=ORIENTED_EDGE('',*,*,#2808,.T.);
#1007=ORIENTED_EDGE('',*,*,#2336,.T.);
#1008=ORIENTED_EDGE('',*,*,#2809,.F.);
#1009=ORIENTED_EDGE('',*,*,#2810,.F.);
#1010=ORIENTED_EDGE('',*,*,#2806,.T.);
#1011=ORIENTED_EDGE('',*,*,#2335,.T.);
#1012=ORIENTED_EDGE('',*,*,#2811,.F.);
#1013=ORIENTED_EDGE('',*,*,#2812,.F.);
#1014=ORIENTED_EDGE('',*,*,#2809,.T.);
#1015=ORIENTED_EDGE('',*,*,#2337,.F.);
#1016=ORIENTED_EDGE('',*,*,#2813,.F.);
#1017=ORIENTED_EDGE('',*,*,#2814,.T.);
#1018=ORIENTED_EDGE('',*,*,#2815,.T.);
#1019=ORIENTED_EDGE('',*,*,#2340,.T.);
#1020=ORIENTED_EDGE('',*,*,#2816,.F.);
#1021=ORIENTED_EDGE('',*,*,#2817,.F.);
#1022=ORIENTED_EDGE('',*,*,#2813,.T.);
#1023=ORIENTED_EDGE('',*,*,#2339,.T.);
#1024=ORIENTED_EDGE('',*,*,#2818,.F.);
#1025=ORIENTED_EDGE('',*,*,#2819,.F.);
#1026=ORIENTED_EDGE('',*,*,#2816,.T.);
#1027=ORIENTED_EDGE('',*,*,#2341,.F.);
#1028=ORIENTED_EDGE('',*,*,#2820,.F.);
#1029=ORIENTED_EDGE('',*,*,#2821,.T.);
#1030=ORIENTED_EDGE('',*,*,#2822,.T.);
#1031=ORIENTED_EDGE('',*,*,#2344,.T.);
#1032=ORIENTED_EDGE('',*,*,#2823,.F.);
#1033=ORIENTED_EDGE('',*,*,#2824,.F.);
#1034=ORIENTED_EDGE('',*,*,#2820,.T.);
#1035=ORIENTED_EDGE('',*,*,#2343,.T.);
#1036=ORIENTED_EDGE('',*,*,#2825,.F.);
#1037=ORIENTED_EDGE('',*,*,#2826,.F.);
#1038=ORIENTED_EDGE('',*,*,#2823,.T.);
#1039=ORIENTED_EDGE('',*,*,#2345,.F.);
#1040=ORIENTED_EDGE('',*,*,#2827,.F.);
#1041=ORIENTED_EDGE('',*,*,#2828,.T.);
#1042=ORIENTED_EDGE('',*,*,#2829,.T.);
#1043=ORIENTED_EDGE('',*,*,#2348,.T.);
#1044=ORIENTED_EDGE('',*,*,#2830,.F.);
#1045=ORIENTED_EDGE('',*,*,#2831,.F.);
#1046=ORIENTED_EDGE('',*,*,#2827,.T.);
#1047=ORIENTED_EDGE('',*,*,#2347,.T.);
#1048=ORIENTED_EDGE('',*,*,#2832,.F.);
#1049=ORIENTED_EDGE('',*,*,#2833,.F.);
#1050=ORIENTED_EDGE('',*,*,#2830,.T.);
#1051=ORIENTED_EDGE('',*,*,#2349,.F.);
#1052=ORIENTED_EDGE('',*,*,#2834,.F.);
#1053=ORIENTED_EDGE('',*,*,#2835,.T.);
#1054=ORIENTED_EDGE('',*,*,#2836,.T.);
#1055=ORIENTED_EDGE('',*,*,#2352,.T.);
#1056=ORIENTED_EDGE('',*,*,#2837,.F.);
#1057=ORIENTED_EDGE('',*,*,#2838,.F.);
#1058=ORIENTED_EDGE('',*,*,#2834,.T.);
#1059=ORIENTED_EDGE('',*,*,#2351,.T.);
#1060=ORIENTED_EDGE('',*,*,#2839,.F.);
#1061=ORIENTED_EDGE('',*,*,#2840,.F.);
#1062=ORIENTED_EDGE('',*,*,#2837,.T.);
#1063=ORIENTED_EDGE('',*,*,#2353,.F.);
#1064=ORIENTED_EDGE('',*,*,#2841,.F.);
#1065=ORIENTED_EDGE('',*,*,#2842,.T.);
#1066=ORIENTED_EDGE('',*,*,#2843,.T.);
#1067=ORIENTED_EDGE('',*,*,#2356,.T.);
#1068=ORIENTED_EDGE('',*,*,#2844,.F.);
#1069=ORIENTED_EDGE('',*,*,#2845,.F.);
#1070=ORIENTED_EDGE('',*,*,#2841,.T.);
#1071=ORIENTED_EDGE('',*,*,#2355,.T.);
#1072=ORIENTED_EDGE('',*,*,#2846,.F.);
#1073=ORIENTED_EDGE('',*,*,#2847,.F.);
#1074=ORIENTED_EDGE('',*,*,#2844,.T.);
#1075=ORIENTED_EDGE('',*,*,#2357,.F.);
#1076=ORIENTED_EDGE('',*,*,#2848,.F.);
#1077=ORIENTED_EDGE('',*,*,#2849,.T.);
#1078=ORIENTED_EDGE('',*,*,#2850,.T.);
#1079=ORIENTED_EDGE('',*,*,#2360,.T.);
#1080=ORIENTED_EDGE('',*,*,#2851,.F.);
#1081=ORIENTED_EDGE('',*,*,#2852,.F.);
#1082=ORIENTED_EDGE('',*,*,#2848,.T.);
#1083=ORIENTED_EDGE('',*,*,#2359,.T.);
#1084=ORIENTED_EDGE('',*,*,#2853,.F.);
#1085=ORIENTED_EDGE('',*,*,#2854,.F.);
#1086=ORIENTED_EDGE('',*,*,#2851,.T.);
#1087=ORIENTED_EDGE('',*,*,#2361,.F.);
#1088=ORIENTED_EDGE('',*,*,#2855,.F.);
#1089=ORIENTED_EDGE('',*,*,#2856,.T.);
#1090=ORIENTED_EDGE('',*,*,#2857,.T.);
#1091=ORIENTED_EDGE('',*,*,#2364,.T.);
#1092=ORIENTED_EDGE('',*,*,#2858,.F.);
#1093=ORIENTED_EDGE('',*,*,#2859,.F.);
#1094=ORIENTED_EDGE('',*,*,#2855,.T.);
#1095=ORIENTED_EDGE('',*,*,#2363,.T.);
#1096=ORIENTED_EDGE('',*,*,#2860,.F.);
#1097=ORIENTED_EDGE('',*,*,#2861,.F.);
#1098=ORIENTED_EDGE('',*,*,#2858,.T.);
#1099=ORIENTED_EDGE('',*,*,#2365,.F.);
#1100=ORIENTED_EDGE('',*,*,#2862,.F.);
#1101=ORIENTED_EDGE('',*,*,#2863,.T.);
#1102=ORIENTED_EDGE('',*,*,#2864,.T.);
#1103=ORIENTED_EDGE('',*,*,#2368,.T.);
#1104=ORIENTED_EDGE('',*,*,#2865,.F.);
#1105=ORIENTED_EDGE('',*,*,#2866,.F.);
#1106=ORIENTED_EDGE('',*,*,#2862,.T.);
#1107=ORIENTED_EDGE('',*,*,#2367,.T.);
#1108=ORIENTED_EDGE('',*,*,#2867,.F.);
#1109=ORIENTED_EDGE('',*,*,#2868,.F.);
#1110=ORIENTED_EDGE('',*,*,#2865,.T.);
#1111=ORIENTED_EDGE('',*,*,#2369,.F.);
#1112=ORIENTED_EDGE('',*,*,#2869,.F.);
#1113=ORIENTED_EDGE('',*,*,#2870,.T.);
#1114=ORIENTED_EDGE('',*,*,#2871,.T.);
#1115=ORIENTED_EDGE('',*,*,#2372,.T.);
#1116=ORIENTED_EDGE('',*,*,#2872,.F.);
#1117=ORIENTED_EDGE('',*,*,#2873,.F.);
#1118=ORIENTED_EDGE('',*,*,#2869,.T.);
#1119=ORIENTED_EDGE('',*,*,#2371,.T.);
#1120=ORIENTED_EDGE('',*,*,#2874,.F.);
#1121=ORIENTED_EDGE('',*,*,#2875,.F.);
#1122=ORIENTED_EDGE('',*,*,#2872,.T.);
#1123=ORIENTED_EDGE('',*,*,#2373,.F.);
#1124=ORIENTED_EDGE('',*,*,#2876,.F.);
#1125=ORIENTED_EDGE('',*,*,#2877,.T.);
#1126=ORIENTED_EDGE('',*,*,#2878,.T.);
#1127=ORIENTED_EDGE('',*,*,#2376,.T.);
#1128=ORIENTED_EDGE('',*,*,#2879,.F.);
#1129=ORIENTED_EDGE('',*,*,#2880,.F.);
#1130=ORIENTED_EDGE('',*,*,#2876,.T.);
#1131=ORIENTED_EDGE('',*,*,#2375,.T.);
#1132=ORIENTED_EDGE('',*,*,#2881,.F.);
#1133=ORIENTED_EDGE('',*,*,#2882,.F.);
#1134=ORIENTED_EDGE('',*,*,#2879,.T.);
#1135=ORIENTED_EDGE('',*,*,#2377,.F.);
#1136=ORIENTED_EDGE('',*,*,#2883,.F.);
#1137=ORIENTED_EDGE('',*,*,#2884,.T.);
#1138=ORIENTED_EDGE('',*,*,#2885,.T.);
#1139=ORIENTED_EDGE('',*,*,#2380,.T.);
#1140=ORIENTED_EDGE('',*,*,#2886,.F.);
#1141=ORIENTED_EDGE('',*,*,#2887,.F.);
#1142=ORIENTED_EDGE('',*,*,#2883,.T.);
#1143=ORIENTED_EDGE('',*,*,#2379,.T.);
#1144=ORIENTED_EDGE('',*,*,#2888,.F.);
#1145=ORIENTED_EDGE('',*,*,#2889,.F.);
#1146=ORIENTED_EDGE('',*,*,#2886,.T.);
#1147=ORIENTED_EDGE('',*,*,#2381,.F.);
#1148=ORIENTED_EDGE('',*,*,#2890,.F.);
#1149=ORIENTED_EDGE('',*,*,#2891,.T.);
#1150=ORIENTED_EDGE('',*,*,#2892,.T.);
#1151=ORIENTED_EDGE('',*,*,#2384,.T.);
#1152=ORIENTED_EDGE('',*,*,#2893,.F.);
#1153=ORIENTED_EDGE('',*,*,#2894,.F.);
#1154=ORIENTED_EDGE('',*,*,#2890,.T.);
#1155=ORIENTED_EDGE('',*,*,#2383,.T.);
#1156=ORIENTED_EDGE('',*,*,#2895,.F.);
#1157=ORIENTED_EDGE('',*,*,#2896,.F.);
#1158=ORIENTED_EDGE('',*,*,#2893,.T.);
#1159=ORIENTED_EDGE('',*,*,#2446,.F.);
#1160=ORIENTED_EDGE('',*,*,#2897,.F.);
#1161=ORIENTED_EDGE('',*,*,#2898,.T.);
#1162=ORIENTED_EDGE('',*,*,#2899,.T.);
#1163=ORIENTED_EDGE('',*,*,#2445,.T.);
#1164=ORIENTED_EDGE('',*,*,#2900,.F.);
#1165=ORIENTED_EDGE('',*,*,#2901,.F.);
#1166=ORIENTED_EDGE('',*,*,#2897,.T.);
#1167=ORIENTED_EDGE('',*,*,#2444,.F.);
#1168=ORIENTED_EDGE('',*,*,#2902,.F.);
#1169=ORIENTED_EDGE('',*,*,#2903,.T.);
#1170=ORIENTED_EDGE('',*,*,#2900,.T.);
#1171=ORIENTED_EDGE('',*,*,#2443,.T.);
#1172=ORIENTED_EDGE('',*,*,#2904,.F.);
#1173=ORIENTED_EDGE('',*,*,#2905,.F.);
#1174=ORIENTED_EDGE('',*,*,#2902,.T.);
#1175=ORIENTED_EDGE('',*,*,#2442,.F.);
#1176=ORIENTED_EDGE('',*,*,#2906,.F.);
#1177=ORIENTED_EDGE('',*,*,#2907,.T.);
#1178=ORIENTED_EDGE('',*,*,#2904,.T.);
#1179=ORIENTED_EDGE('',*,*,#2908,.F.);
#1180=ORIENTED_EDGE('',*,*,#2909,.F.);
#1181=ORIENTED_EDGE('',*,*,#2910,.T.);
#1182=ORIENTED_EDGE('',*,*,#2906,.T.);
#1183=ORIENTED_EDGE('',*,*,#2441,.F.);
#1184=ORIENTED_EDGE('',*,*,#2448,.F.);
#1185=ORIENTED_EDGE('',*,*,#2911,.F.);
#1186=ORIENTED_EDGE('',*,*,#2912,.T.);
#1187=ORIENTED_EDGE('',*,*,#2452,.T.);
#1188=ORIENTED_EDGE('',*,*,#2385,.F.);
#1189=ORIENTED_EDGE('',*,*,#2913,.F.);
#1190=ORIENTED_EDGE('',*,*,#2914,.T.);
#1191=ORIENTED_EDGE('',*,*,#2915,.T.);
#1192=ORIENTED_EDGE('',*,*,#2400,.T.);
#1193=ORIENTED_EDGE('',*,*,#2916,.F.);
#1194=ORIENTED_EDGE('',*,*,#2917,.F.);
#1195=ORIENTED_EDGE('',*,*,#2913,.T.);
#1196=ORIENTED_EDGE('',*,*,#2399,.T.);
#1197=ORIENTED_EDGE('',*,*,#2918,.F.);
#1198=ORIENTED_EDGE('',*,*,#2919,.F.);
#1199=ORIENTED_EDGE('',*,*,#2916,.T.);
#1200=ORIENTED_EDGE('',*,*,#2398,.F.);
#1201=ORIENTED_EDGE('',*,*,#2920,.F.);
#1202=ORIENTED_EDGE('',*,*,#2921,.T.);
#1203=ORIENTED_EDGE('',*,*,#2918,.T.);
#1204=ORIENTED_EDGE('',*,*,#2397,.T.);
#1205=ORIENTED_EDGE('',*,*,#2922,.F.);
#1206=ORIENTED_EDGE('',*,*,#2923,.F.);
#1207=ORIENTED_EDGE('',*,*,#2920,.T.);
#1208=ORIENTED_EDGE('',*,*,#2396,.F.);
#1209=ORIENTED_EDGE('',*,*,#2924,.F.);
#1210=ORIENTED_EDGE('',*,*,#2925,.T.);
#1211=ORIENTED_EDGE('',*,*,#2922,.T.);
#1212=ORIENTED_EDGE('',*,*,#2395,.F.);
#1213=ORIENTED_EDGE('',*,*,#2926,.F.);
#1214=ORIENTED_EDGE('',*,*,#2927,.T.);
#1215=ORIENTED_EDGE('',*,*,#2924,.T.);
#1216=ORIENTED_EDGE('',*,*,#2394,.T.);
#1217=ORIENTED_EDGE('',*,*,#2928,.F.);
#1218=ORIENTED_EDGE('',*,*,#2929,.F.);
#1219=ORIENTED_EDGE('',*,*,#2926,.T.);
#1220=ORIENTED_EDGE('',*,*,#2393,.T.);
#1221=ORIENTED_EDGE('',*,*,#2930,.F.);
#1222=ORIENTED_EDGE('',*,*,#2931,.F.);
#1223=ORIENTED_EDGE('',*,*,#2928,.T.);
#1224=ORIENTED_EDGE('',*,*,#2392,.F.);
#1225=ORIENTED_EDGE('',*,*,#2932,.F.);
#1226=ORIENTED_EDGE('',*,*,#2933,.T.);
#1227=ORIENTED_EDGE('',*,*,#2930,.T.);
#1228=ORIENTED_EDGE('',*,*,#2391,.F.);
#1229=ORIENTED_EDGE('',*,*,#2934,.F.);
#1230=ORIENTED_EDGE('',*,*,#2935,.T.);
#1231=ORIENTED_EDGE('',*,*,#2932,.T.);
#1232=ORIENTED_EDGE('',*,*,#2390,.T.);
#1233=ORIENTED_EDGE('',*,*,#2936,.F.);
#1234=ORIENTED_EDGE('',*,*,#2937,.F.);
#1235=ORIENTED_EDGE('',*,*,#2934,.T.);
#1236=ORIENTED_EDGE('',*,*,#2389,.F.);
#1237=ORIENTED_EDGE('',*,*,#2938,.F.);
#1238=ORIENTED_EDGE('',*,*,#2939,.T.);
#1239=ORIENTED_EDGE('',*,*,#2936,.T.);
#1240=ORIENTED_EDGE('',*,*,#2388,.T.);
#1241=ORIENTED_EDGE('',*,*,#2940,.F.);
#1242=ORIENTED_EDGE('',*,*,#2941,.F.);
#1243=ORIENTED_EDGE('',*,*,#2938,.T.);
#1244=ORIENTED_EDGE('',*,*,#2387,.T.);
#1245=ORIENTED_EDGE('',*,*,#2942,.F.);
#1246=ORIENTED_EDGE('',*,*,#2943,.F.);
#1247=ORIENTED_EDGE('',*,*,#2940,.T.);
#1248=ORIENTED_EDGE('',*,*,#2401,.F.);
#1249=ORIENTED_EDGE('',*,*,#2944,.F.);
#1250=ORIENTED_EDGE('',*,*,#2945,.T.);
#1251=ORIENTED_EDGE('',*,*,#2946,.T.);
#1252=ORIENTED_EDGE('',*,*,#2412,.T.);
#1253=ORIENTED_EDGE('',*,*,#2947,.F.);
#1254=ORIENTED_EDGE('',*,*,#2948,.F.);
#1255=ORIENTED_EDGE('',*,*,#2944,.T.);
#1256=ORIENTED_EDGE('',*,*,#2411,.T.);
#1257=ORIENTED_EDGE('',*,*,#2949,.F.);
#1258=ORIENTED_EDGE('',*,*,#2950,.F.);
#1259=ORIENTED_EDGE('',*,*,#2947,.T.);
#1260=ORIENTED_EDGE('',*,*,#2410,.F.);
#1261=ORIENTED_EDGE('',*,*,#2951,.F.);
#1262=ORIENTED_EDGE('',*,*,#2952,.T.);
#1263=ORIENTED_EDGE('',*,*,#2949,.T.);
#1264=ORIENTED_EDGE('',*,*,#2409,.F.);
#1265=ORIENTED_EDGE('',*,*,#2953,.F.);
#1266=ORIENTED_EDGE('',*,*,#2954,.T.);
#1267=ORIENTED_EDGE('',*,*,#2951,.T.);
#1268=ORIENTED_EDGE('',*,*,#2408,.T.);
#1269=ORIENTED_EDGE('',*,*,#2955,.F.);
#1270=ORIENTED_EDGE('',*,*,#2956,.F.);
#1271=ORIENTED_EDGE('',*,*,#2953,.T.);
#1272=ORIENTED_EDGE('',*,*,#2407,.T.);
#1273=ORIENTED_EDGE('',*,*,#2957,.F.);
#1274=ORIENTED_EDGE('',*,*,#2958,.F.);
#1275=ORIENTED_EDGE('',*,*,#2955,.T.);
#1276=ORIENTED_EDGE('',*,*,#2406,.F.);
#1277=ORIENTED_EDGE('',*,*,#2959,.F.);
#1278=ORIENTED_EDGE('',*,*,#2960,.T.);
#1279=ORIENTED_EDGE('',*,*,#2957,.T.);
#1280=ORIENTED_EDGE('',*,*,#2405,.F.);
#1281=ORIENTED_EDGE('',*,*,#2961,.F.);
#1282=ORIENTED_EDGE('',*,*,#2962,.T.);
#1283=ORIENTED_EDGE('',*,*,#2959,.T.);
#1284=ORIENTED_EDGE('',*,*,#2404,.T.);
#1285=ORIENTED_EDGE('',*,*,#2963,.F.);
#1286=ORIENTED_EDGE('',*,*,#2964,.F.);
#1287=ORIENTED_EDGE('',*,*,#2961,.T.);
#1288=ORIENTED_EDGE('',*,*,#2403,.T.);
#1289=ORIENTED_EDGE('',*,*,#2965,.F.);
#1290=ORIENTED_EDGE('',*,*,#2966,.F.);
#1291=ORIENTED_EDGE('',*,*,#2963,.T.);
#1292=ORIENTED_EDGE('',*,*,#2413,.F.);
#1293=ORIENTED_EDGE('',*,*,#2967,.F.);
#1294=ORIENTED_EDGE('',*,*,#2968,.T.);
#1295=ORIENTED_EDGE('',*,*,#2969,.T.);
#1296=ORIENTED_EDGE('',*,*,#2416,.T.);
#1297=ORIENTED_EDGE('',*,*,#2970,.F.);
#1298=ORIENTED_EDGE('',*,*,#2971,.F.);
#1299=ORIENTED_EDGE('',*,*,#2967,.T.);
#1300=ORIENTED_EDGE('',*,*,#2415,.T.);
#1301=ORIENTED_EDGE('',*,*,#2972,.F.);
#1302=ORIENTED_EDGE('',*,*,#2973,.F.);
#1303=ORIENTED_EDGE('',*,*,#2970,.T.);
#1304=ORIENTED_EDGE('',*,*,#2417,.F.);
#1305=ORIENTED_EDGE('',*,*,#2974,.F.);
#1306=ORIENTED_EDGE('',*,*,#2975,.T.);
#1307=ORIENTED_EDGE('',*,*,#2976,.T.);
#1308=ORIENTED_EDGE('',*,*,#2428,.T.);
#1309=ORIENTED_EDGE('',*,*,#2977,.F.);
#1310=ORIENTED_EDGE('',*,*,#2978,.F.);
#1311=ORIENTED_EDGE('',*,*,#2974,.T.);
#1312=ORIENTED_EDGE('',*,*,#2427,.T.);
#1313=ORIENTED_EDGE('',*,*,#2979,.F.);
#1314=ORIENTED_EDGE('',*,*,#2980,.F.);
#1315=ORIENTED_EDGE('',*,*,#2977,.T.);
#1316=ORIENTED_EDGE('',*,*,#2426,.F.);
#1317=ORIENTED_EDGE('',*,*,#2981,.F.);
#1318=ORIENTED_EDGE('',*,*,#2982,.T.);
#1319=ORIENTED_EDGE('',*,*,#2979,.T.);
#1320=ORIENTED_EDGE('',*,*,#2425,.F.);
#1321=ORIENTED_EDGE('',*,*,#2983,.F.);
#1322=ORIENTED_EDGE('',*,*,#2984,.T.);
#1323=ORIENTED_EDGE('',*,*,#2981,.T.);
#1324=ORIENTED_EDGE('',*,*,#2424,.T.);
#1325=ORIENTED_EDGE('',*,*,#2985,.F.);
#1326=ORIENTED_EDGE('',*,*,#2986,.F.);
#1327=ORIENTED_EDGE('',*,*,#2983,.T.);
#1328=ORIENTED_EDGE('',*,*,#2423,.T.);
#1329=ORIENTED_EDGE('',*,*,#2987,.F.);
#1330=ORIENTED_EDGE('',*,*,#2988,.F.);
#1331=ORIENTED_EDGE('',*,*,#2985,.T.);
#1332=ORIENTED_EDGE('',*,*,#2422,.F.);
#1333=ORIENTED_EDGE('',*,*,#2989,.F.);
#1334=ORIENTED_EDGE('',*,*,#2990,.T.);
#1335=ORIENTED_EDGE('',*,*,#2987,.T.);
#1336=ORIENTED_EDGE('',*,*,#2421,.F.);
#1337=ORIENTED_EDGE('',*,*,#2991,.F.);
#1338=ORIENTED_EDGE('',*,*,#2992,.T.);
#1339=ORIENTED_EDGE('',*,*,#2989,.T.);
#1340=ORIENTED_EDGE('',*,*,#2420,.T.);
#1341=ORIENTED_EDGE('',*,*,#2993,.F.);
#1342=ORIENTED_EDGE('',*,*,#2994,.F.);
#1343=ORIENTED_EDGE('',*,*,#2991,.T.);
#1344=ORIENTED_EDGE('',*,*,#2419,.T.);
#1345=ORIENTED_EDGE('',*,*,#2995,.F.);
#1346=ORIENTED_EDGE('',*,*,#2996,.F.);
#1347=ORIENTED_EDGE('',*,*,#2993,.T.);
#1348=ORIENTED_EDGE('',*,*,#2158,.F.);
#1349=ORIENTED_EDGE('',*,*,#2500,.F.);
#1350=ORIENTED_EDGE('',*,*,#2997,.T.);
#1351=ORIENTED_EDGE('',*,*,#2503,.T.);
#1352=ORIENTED_EDGE('',*,*,#2162,.F.);
#1353=ORIENTED_EDGE('',*,*,#2507,.F.);
#1354=ORIENTED_EDGE('',*,*,#2998,.T.);
#1355=ORIENTED_EDGE('',*,*,#2510,.T.);
#1356=ORIENTED_EDGE('',*,*,#2166,.F.);
#1357=ORIENTED_EDGE('',*,*,#2514,.F.);
#1358=ORIENTED_EDGE('',*,*,#2999,.T.);
#1359=ORIENTED_EDGE('',*,*,#2517,.T.);
#1360=ORIENTED_EDGE('',*,*,#2170,.F.);
#1361=ORIENTED_EDGE('',*,*,#2521,.F.);
#1362=ORIENTED_EDGE('',*,*,#3000,.T.);
#1363=ORIENTED_EDGE('',*,*,#2524,.T.);
#1364=ORIENTED_EDGE('',*,*,#2174,.F.);
#1365=ORIENTED_EDGE('',*,*,#2528,.F.);
#1366=ORIENTED_EDGE('',*,*,#3001,.T.);
#1367=ORIENTED_EDGE('',*,*,#2531,.T.);
#1368=ORIENTED_EDGE('',*,*,#2178,.F.);
#1369=ORIENTED_EDGE('',*,*,#2535,.F.);
#1370=ORIENTED_EDGE('',*,*,#3002,.T.);
#1371=ORIENTED_EDGE('',*,*,#2538,.T.);
#1372=ORIENTED_EDGE('',*,*,#2182,.F.);
#1373=ORIENTED_EDGE('',*,*,#2542,.F.);
#1374=ORIENTED_EDGE('',*,*,#3003,.T.);
#1375=ORIENTED_EDGE('',*,*,#2545,.T.);
#1376=ORIENTED_EDGE('',*,*,#2186,.F.);
#1377=ORIENTED_EDGE('',*,*,#2549,.F.);
#1378=ORIENTED_EDGE('',*,*,#3004,.T.);
#1379=ORIENTED_EDGE('',*,*,#2552,.T.);
#1380=ORIENTED_EDGE('',*,*,#2190,.F.);
#1381=ORIENTED_EDGE('',*,*,#2556,.F.);
#1382=ORIENTED_EDGE('',*,*,#3005,.T.);
#1383=ORIENTED_EDGE('',*,*,#2559,.T.);
#1384=ORIENTED_EDGE('',*,*,#2194,.F.);
#1385=ORIENTED_EDGE('',*,*,#2563,.F.);
#1386=ORIENTED_EDGE('',*,*,#3006,.T.);
#1387=ORIENTED_EDGE('',*,*,#2566,.T.);
#1388=ORIENTED_EDGE('',*,*,#2198,.F.);
#1389=ORIENTED_EDGE('',*,*,#2570,.F.);
#1390=ORIENTED_EDGE('',*,*,#3007,.T.);
#1391=ORIENTED_EDGE('',*,*,#2573,.T.);
#1392=ORIENTED_EDGE('',*,*,#2202,.F.);
#1393=ORIENTED_EDGE('',*,*,#2577,.F.);
#1394=ORIENTED_EDGE('',*,*,#3008,.T.);
#1395=ORIENTED_EDGE('',*,*,#2580,.T.);
#1396=ORIENTED_EDGE('',*,*,#2206,.F.);
#1397=ORIENTED_EDGE('',*,*,#2584,.F.);
#1398=ORIENTED_EDGE('',*,*,#3009,.T.);
#1399=ORIENTED_EDGE('',*,*,#2587,.T.);
#1400=ORIENTED_EDGE('',*,*,#2210,.F.);
#1401=ORIENTED_EDGE('',*,*,#2591,.F.);
#1402=ORIENTED_EDGE('',*,*,#3010,.T.);
#1403=ORIENTED_EDGE('',*,*,#2594,.T.);
#1404=ORIENTED_EDGE('',*,*,#2214,.F.);
#1405=ORIENTED_EDGE('',*,*,#2598,.F.);
#1406=ORIENTED_EDGE('',*,*,#3011,.T.);
#1407=ORIENTED_EDGE('',*,*,#2601,.T.);
#1408=ORIENTED_EDGE('',*,*,#2218,.F.);
#1409=ORIENTED_EDGE('',*,*,#2605,.F.);
#1410=ORIENTED_EDGE('',*,*,#3012,.T.);
#1411=ORIENTED_EDGE('',*,*,#2608,.T.);
#1412=ORIENTED_EDGE('',*,*,#2222,.F.);
#1413=ORIENTED_EDGE('',*,*,#2612,.F.);
#1414=ORIENTED_EDGE('',*,*,#3013,.T.);
#1415=ORIENTED_EDGE('',*,*,#2615,.T.);
#1416=ORIENTED_EDGE('',*,*,#2226,.F.);
#1417=ORIENTED_EDGE('',*,*,#2619,.F.);
#1418=ORIENTED_EDGE('',*,*,#3014,.T.);
#1419=ORIENTED_EDGE('',*,*,#2622,.T.);
#1420=ORIENTED_EDGE('',*,*,#2230,.F.);
#1421=ORIENTED_EDGE('',*,*,#2626,.F.);
#1422=ORIENTED_EDGE('',*,*,#3015,.T.);
#1423=ORIENTED_EDGE('',*,*,#2629,.T.);
#1424=ORIENTED_EDGE('',*,*,#2234,.F.);
#1425=ORIENTED_EDGE('',*,*,#2633,.F.);
#1426=ORIENTED_EDGE('',*,*,#3016,.T.);
#1427=ORIENTED_EDGE('',*,*,#2636,.T.);
#1428=ORIENTED_EDGE('',*,*,#2238,.F.);
#1429=ORIENTED_EDGE('',*,*,#2640,.F.);
#1430=ORIENTED_EDGE('',*,*,#3017,.T.);
#1431=ORIENTED_EDGE('',*,*,#2643,.T.);
#1432=ORIENTED_EDGE('',*,*,#2242,.F.);
#1433=ORIENTED_EDGE('',*,*,#2647,.F.);
#1434=ORIENTED_EDGE('',*,*,#3018,.T.);
#1435=ORIENTED_EDGE('',*,*,#2650,.T.);
#1436=ORIENTED_EDGE('',*,*,#2246,.F.);
#1437=ORIENTED_EDGE('',*,*,#2654,.F.);
#1438=ORIENTED_EDGE('',*,*,#3019,.T.);
#1439=ORIENTED_EDGE('',*,*,#2657,.T.);
#1440=ORIENTED_EDGE('',*,*,#2250,.F.);
#1441=ORIENTED_EDGE('',*,*,#2661,.F.);
#1442=ORIENTED_EDGE('',*,*,#3020,.T.);
#1443=ORIENTED_EDGE('',*,*,#2664,.T.);
#1444=ORIENTED_EDGE('',*,*,#2254,.F.);
#1445=ORIENTED_EDGE('',*,*,#2668,.F.);
#1446=ORIENTED_EDGE('',*,*,#3021,.T.);
#1447=ORIENTED_EDGE('',*,*,#2671,.T.);
#1448=ORIENTED_EDGE('',*,*,#2258,.F.);
#1449=ORIENTED_EDGE('',*,*,#2675,.F.);
#1450=ORIENTED_EDGE('',*,*,#3022,.T.);
#1451=ORIENTED_EDGE('',*,*,#2678,.T.);
#1452=ORIENTED_EDGE('',*,*,#2262,.F.);
#1453=ORIENTED_EDGE('',*,*,#2682,.F.);
#1454=ORIENTED_EDGE('',*,*,#3023,.T.);
#1455=ORIENTED_EDGE('',*,*,#2685,.T.);
#1456=ORIENTED_EDGE('',*,*,#2266,.F.);
#1457=ORIENTED_EDGE('',*,*,#2689,.F.);
#1458=ORIENTED_EDGE('',*,*,#3024,.T.);
#1459=ORIENTED_EDGE('',*,*,#2692,.T.);
#1460=ORIENTED_EDGE('',*,*,#2270,.F.);
#1461=ORIENTED_EDGE('',*,*,#2696,.F.);
#1462=ORIENTED_EDGE('',*,*,#3025,.T.);
#1463=ORIENTED_EDGE('',*,*,#2699,.T.);
#1464=ORIENTED_EDGE('',*,*,#2274,.F.);
#1465=ORIENTED_EDGE('',*,*,#2703,.F.);
#1466=ORIENTED_EDGE('',*,*,#3026,.T.);
#1467=ORIENTED_EDGE('',*,*,#2706,.T.);
#1468=ORIENTED_EDGE('',*,*,#2278,.F.);
#1469=ORIENTED_EDGE('',*,*,#2710,.F.);
#1470=ORIENTED_EDGE('',*,*,#3027,.T.);
#1471=ORIENTED_EDGE('',*,*,#2713,.T.);
#1472=ORIENTED_EDGE('',*,*,#2282,.F.);
#1473=ORIENTED_EDGE('',*,*,#2717,.F.);
#1474=ORIENTED_EDGE('',*,*,#3028,.T.);
#1475=ORIENTED_EDGE('',*,*,#2720,.T.);
#1476=ORIENTED_EDGE('',*,*,#2286,.F.);
#1477=ORIENTED_EDGE('',*,*,#2724,.F.);
#1478=ORIENTED_EDGE('',*,*,#3029,.T.);
#1479=ORIENTED_EDGE('',*,*,#2727,.T.);
#1480=ORIENTED_EDGE('',*,*,#2290,.F.);
#1481=ORIENTED_EDGE('',*,*,#2731,.F.);
#1482=ORIENTED_EDGE('',*,*,#3030,.T.);
#1483=ORIENTED_EDGE('',*,*,#2734,.T.);
#1484=ORIENTED_EDGE('',*,*,#2294,.F.);
#1485=ORIENTED_EDGE('',*,*,#2738,.F.);
#1486=ORIENTED_EDGE('',*,*,#3031,.T.);
#1487=ORIENTED_EDGE('',*,*,#2741,.T.);
#1488=ORIENTED_EDGE('',*,*,#2298,.F.);
#1489=ORIENTED_EDGE('',*,*,#2745,.F.);
#1490=ORIENTED_EDGE('',*,*,#3032,.T.);
#1491=ORIENTED_EDGE('',*,*,#2748,.T.);
#1492=ORIENTED_EDGE('',*,*,#2302,.F.);
#1493=ORIENTED_EDGE('',*,*,#2752,.F.);
#1494=ORIENTED_EDGE('',*,*,#3033,.T.);
#1495=ORIENTED_EDGE('',*,*,#2755,.T.);
#1496=ORIENTED_EDGE('',*,*,#2306,.F.);
#1497=ORIENTED_EDGE('',*,*,#2759,.F.);
#1498=ORIENTED_EDGE('',*,*,#3034,.T.);
#1499=ORIENTED_EDGE('',*,*,#2762,.T.);
#1500=ORIENTED_EDGE('',*,*,#2310,.F.);
#1501=ORIENTED_EDGE('',*,*,#2766,.F.);
#1502=ORIENTED_EDGE('',*,*,#3035,.T.);
#1503=ORIENTED_EDGE('',*,*,#2769,.T.);
#1504=ORIENTED_EDGE('',*,*,#2314,.F.);
#1505=ORIENTED_EDGE('',*,*,#2773,.F.);
#1506=ORIENTED_EDGE('',*,*,#3036,.T.);
#1507=ORIENTED_EDGE('',*,*,#2776,.T.);
#1508=ORIENTED_EDGE('',*,*,#2318,.F.);
#1509=ORIENTED_EDGE('',*,*,#2780,.F.);
#1510=ORIENTED_EDGE('',*,*,#3037,.T.);
#1511=ORIENTED_EDGE('',*,*,#2783,.T.);
#1512=ORIENTED_EDGE('',*,*,#2322,.F.);
#1513=ORIENTED_EDGE('',*,*,#2787,.F.);
#1514=ORIENTED_EDGE('',*,*,#3038,.T.);
#1515=ORIENTED_EDGE('',*,*,#2790,.T.);
#1516=ORIENTED_EDGE('',*,*,#2326,.F.);
#1517=ORIENTED_EDGE('',*,*,#2794,.F.);
#1518=ORIENTED_EDGE('',*,*,#3039,.T.);
#1519=ORIENTED_EDGE('',*,*,#2797,.T.);
#1520=ORIENTED_EDGE('',*,*,#2330,.F.);
#1521=ORIENTED_EDGE('',*,*,#2801,.F.);
#1522=ORIENTED_EDGE('',*,*,#3040,.T.);
#1523=ORIENTED_EDGE('',*,*,#2804,.T.);
#1524=ORIENTED_EDGE('',*,*,#2334,.F.);
#1525=ORIENTED_EDGE('',*,*,#2808,.F.);
#1526=ORIENTED_EDGE('',*,*,#3041,.T.);
#1527=ORIENTED_EDGE('',*,*,#2811,.T.);
#1528=ORIENTED_EDGE('',*,*,#2338,.F.);
#1529=ORIENTED_EDGE('',*,*,#2815,.F.);
#1530=ORIENTED_EDGE('',*,*,#3042,.T.);
#1531=ORIENTED_EDGE('',*,*,#2818,.T.);
#1532=ORIENTED_EDGE('',*,*,#2342,.F.);
#1533=ORIENTED_EDGE('',*,*,#2822,.F.);
#1534=ORIENTED_EDGE('',*,*,#3043,.T.);
#1535=ORIENTED_EDGE('',*,*,#2825,.T.);
#1536=ORIENTED_EDGE('',*,*,#2346,.F.);
#1537=ORIENTED_EDGE('',*,*,#2829,.F.);
#1538=ORIENTED_EDGE('',*,*,#3044,.T.);
#1539=ORIENTED_EDGE('',*,*,#2832,.T.);
#1540=ORIENTED_EDGE('',*,*,#2350,.F.);
#1541=ORIENTED_EDGE('',*,*,#2836,.F.);
#1542=ORIENTED_EDGE('',*,*,#3045,.T.);
#1543=ORIENTED_EDGE('',*,*,#2839,.T.);
#1544=ORIENTED_EDGE('',*,*,#2354,.F.);
#1545=ORIENTED_EDGE('',*,*,#2843,.F.);
#1546=ORIENTED_EDGE('',*,*,#3046,.T.);
#1547=ORIENTED_EDGE('',*,*,#2846,.T.);
#1548=ORIENTED_EDGE('',*,*,#2358,.F.);
#1549=ORIENTED_EDGE('',*,*,#2850,.F.);
#1550=ORIENTED_EDGE('',*,*,#3047,.T.);
#1551=ORIENTED_EDGE('',*,*,#2853,.T.);
#1552=ORIENTED_EDGE('',*,*,#2362,.F.);
#1553=ORIENTED_EDGE('',*,*,#2857,.F.);
#1554=ORIENTED_EDGE('',*,*,#3048,.T.);
#1555=ORIENTED_EDGE('',*,*,#2860,.T.);
#1556=ORIENTED_EDGE('',*,*,#2366,.F.);
#1557=ORIENTED_EDGE('',*,*,#2864,.F.);
#1558=ORIENTED_EDGE('',*,*,#3049,.T.);
#1559=ORIENTED_EDGE('',*,*,#2867,.T.);
#1560=ORIENTED_EDGE('',*,*,#2370,.F.);
#1561=ORIENTED_EDGE('',*,*,#2871,.F.);
#1562=ORIENTED_EDGE('',*,*,#3050,.T.);
#1563=ORIENTED_EDGE('',*,*,#2874,.T.);
#1564=ORIENTED_EDGE('',*,*,#2374,.F.);
#1565=ORIENTED_EDGE('',*,*,#2878,.F.);
#1566=ORIENTED_EDGE('',*,*,#3051,.T.);
#1567=ORIENTED_EDGE('',*,*,#2881,.T.);
#1568=ORIENTED_EDGE('',*,*,#2378,.F.);
#1569=ORIENTED_EDGE('',*,*,#2885,.F.);
#1570=ORIENTED_EDGE('',*,*,#3052,.T.);
#1571=ORIENTED_EDGE('',*,*,#2888,.T.);
#1572=ORIENTED_EDGE('',*,*,#2382,.F.);
#1573=ORIENTED_EDGE('',*,*,#2892,.F.);
#1574=ORIENTED_EDGE('',*,*,#3053,.T.);
#1575=ORIENTED_EDGE('',*,*,#2895,.T.);
#1576=ORIENTED_EDGE('',*,*,#2447,.F.);
#1577=ORIENTED_EDGE('',*,*,#2899,.F.);
#1578=ORIENTED_EDGE('',*,*,#3054,.T.);
#1579=ORIENTED_EDGE('',*,*,#2911,.T.);
#1580=ORIENTED_EDGE('',*,*,#2386,.F.);
#1581=ORIENTED_EDGE('',*,*,#2915,.F.);
#1582=ORIENTED_EDGE('',*,*,#3055,.T.);
#1583=ORIENTED_EDGE('',*,*,#2942,.T.);
#1584=ORIENTED_EDGE('',*,*,#2402,.F.);
#1585=ORIENTED_EDGE('',*,*,#2946,.F.);
#1586=ORIENTED_EDGE('',*,*,#3056,.T.);
#1587=ORIENTED_EDGE('',*,*,#2965,.T.);
#1588=ORIENTED_EDGE('',*,*,#2414,.F.);
#1589=ORIENTED_EDGE('',*,*,#2969,.F.);
#1590=ORIENTED_EDGE('',*,*,#3057,.T.);
#1591=ORIENTED_EDGE('',*,*,#2972,.T.);
#1592=ORIENTED_EDGE('',*,*,#2418,.F.);
#1593=ORIENTED_EDGE('',*,*,#2976,.F.);
#1594=ORIENTED_EDGE('',*,*,#3058,.T.);
#1595=ORIENTED_EDGE('',*,*,#2995,.T.);
#1596=ORIENTED_EDGE('',*,*,#2154,.F.);
#1597=ORIENTED_EDGE('',*,*,#2493,.F.);
#1598=ORIENTED_EDGE('',*,*,#3059,.T.);
#1599=ORIENTED_EDGE('',*,*,#2496,.T.);
#1600=ORIENTED_EDGE('',*,*,#3060,.F.);
#1601=ORIENTED_EDGE('',*,*,#2471,.F.);
#1602=ORIENTED_EDGE('',*,*,#2468,.F.);
#1603=ORIENTED_EDGE('',*,*,#2464,.T.);
#1604=ORIENTED_EDGE('',*,*,#2478,.T.);
#1605=ORIENTED_EDGE('',*,*,#2475,.F.);
#1606=ORIENTED_EDGE('',*,*,#3061,.F.);
#1607=ORIENTED_EDGE('',*,*,#2453,.F.);
#1608=ORIENTED_EDGE('',*,*,#2912,.F.);
#1609=ORIENTED_EDGE('',*,*,#3054,.F.);
#1610=ORIENTED_EDGE('',*,*,#2898,.F.);
#1611=ORIENTED_EDGE('',*,*,#2901,.T.);
#1612=ORIENTED_EDGE('',*,*,#2903,.F.);
#1613=ORIENTED_EDGE('',*,*,#2905,.T.);
#1614=ORIENTED_EDGE('',*,*,#2907,.F.);
#1615=ORIENTED_EDGE('',*,*,#2910,.F.);
#1616=ORIENTED_EDGE('',*,*,#3062,.T.);
#1617=ORIENTED_EDGE('',*,*,#3063,.T.);
#1618=ORIENTED_EDGE('',*,*,#2975,.F.);
#1619=ORIENTED_EDGE('',*,*,#2978,.T.);
#1620=ORIENTED_EDGE('',*,*,#2980,.T.);
#1621=ORIENTED_EDGE('',*,*,#2982,.F.);
#1622=ORIENTED_EDGE('',*,*,#2984,.F.);
#1623=ORIENTED_EDGE('',*,*,#2986,.T.);
#1624=ORIENTED_EDGE('',*,*,#2988,.T.);
#1625=ORIENTED_EDGE('',*,*,#2990,.F.);
#1626=ORIENTED_EDGE('',*,*,#2992,.F.);
#1627=ORIENTED_EDGE('',*,*,#2994,.T.);
#1628=ORIENTED_EDGE('',*,*,#2996,.T.);
#1629=ORIENTED_EDGE('',*,*,#3058,.F.);
#1630=ORIENTED_EDGE('',*,*,#2968,.F.);
#1631=ORIENTED_EDGE('',*,*,#2971,.T.);
#1632=ORIENTED_EDGE('',*,*,#2973,.T.);
#1633=ORIENTED_EDGE('',*,*,#3057,.F.);
#1634=ORIENTED_EDGE('',*,*,#2945,.F.);
#1635=ORIENTED_EDGE('',*,*,#2948,.T.);
#1636=ORIENTED_EDGE('',*,*,#2950,.T.);
#1637=ORIENTED_EDGE('',*,*,#2952,.F.);
#1638=ORIENTED_EDGE('',*,*,#2954,.F.);
#1639=ORIENTED_EDGE('',*,*,#2956,.T.);
#1640=ORIENTED_EDGE('',*,*,#2958,.T.);
#1641=ORIENTED_EDGE('',*,*,#2960,.F.);
#1642=ORIENTED_EDGE('',*,*,#2962,.F.);
#1643=ORIENTED_EDGE('',*,*,#2964,.T.);
#1644=ORIENTED_EDGE('',*,*,#2966,.T.);
#1645=ORIENTED_EDGE('',*,*,#3056,.F.);
#1646=ORIENTED_EDGE('',*,*,#2914,.F.);
#1647=ORIENTED_EDGE('',*,*,#2917,.T.);
#1648=ORIENTED_EDGE('',*,*,#2919,.T.);
#1649=ORIENTED_EDGE('',*,*,#2921,.F.);
#1650=ORIENTED_EDGE('',*,*,#2923,.T.);
#1651=ORIENTED_EDGE('',*,*,#2925,.F.);
#1652=ORIENTED_EDGE('',*,*,#2927,.F.);
#1653=ORIENTED_EDGE('',*,*,#2929,.T.);
#1654=ORIENTED_EDGE('',*,*,#2931,.T.);
#1655=ORIENTED_EDGE('',*,*,#2933,.F.);
#1656=ORIENTED_EDGE('',*,*,#2935,.F.);
#1657=ORIENTED_EDGE('',*,*,#2937,.T.);
#1658=ORIENTED_EDGE('',*,*,#2939,.F.);
#1659=ORIENTED_EDGE('',*,*,#2941,.T.);
#1660=ORIENTED_EDGE('',*,*,#2943,.T.);
#1661=ORIENTED_EDGE('',*,*,#3055,.F.);
#1662=ORIENTED_EDGE('',*,*,#2891,.F.);
#1663=ORIENTED_EDGE('',*,*,#2894,.T.);
#1664=ORIENTED_EDGE('',*,*,#2896,.T.);
#1665=ORIENTED_EDGE('',*,*,#3053,.F.);
#1666=ORIENTED_EDGE('',*,*,#2884,.F.);
#1667=ORIENTED_EDGE('',*,*,#2887,.T.);
#1668=ORIENTED_EDGE('',*,*,#2889,.T.);
#1669=ORIENTED_EDGE('',*,*,#3052,.F.);
#1670=ORIENTED_EDGE('',*,*,#2877,.F.);
#1671=ORIENTED_EDGE('',*,*,#2880,.T.);
#1672=ORIENTED_EDGE('',*,*,#2882,.T.);
#1673=ORIENTED_EDGE('',*,*,#3051,.F.);
#1674=ORIENTED_EDGE('',*,*,#2870,.F.);
#1675=ORIENTED_EDGE('',*,*,#2873,.T.);
#1676=ORIENTED_EDGE('',*,*,#2875,.T.);
#1677=ORIENTED_EDGE('',*,*,#3050,.F.);
#1678=ORIENTED_EDGE('',*,*,#2863,.F.);
#1679=ORIENTED_EDGE('',*,*,#2866,.T.);
#1680=ORIENTED_EDGE('',*,*,#2868,.T.);
#1681=ORIENTED_EDGE('',*,*,#3049,.F.);
#1682=ORIENTED_EDGE('',*,*,#2856,.F.);
#1683=ORIENTED_EDGE('',*,*,#2859,.T.);
#1684=ORIENTED_EDGE('',*,*,#2861,.T.);
#1685=ORIENTED_EDGE('',*,*,#3048,.F.);
#1686=ORIENTED_EDGE('',*,*,#2849,.F.);
#1687=ORIENTED_EDGE('',*,*,#2852,.T.);
#1688=ORIENTED_EDGE('',*,*,#2854,.T.);
#1689=ORIENTED_EDGE('',*,*,#3047,.F.);
#1690=ORIENTED_EDGE('',*,*,#2842,.F.);
#1691=ORIENTED_EDGE('',*,*,#2845,.T.);
#1692=ORIENTED_EDGE('',*,*,#2847,.T.);
#1693=ORIENTED_EDGE('',*,*,#3046,.F.);
#1694=ORIENTED_EDGE('',*,*,#2835,.F.);
#1695=ORIENTED_EDGE('',*,*,#2838,.T.);
#1696=ORIENTED_EDGE('',*,*,#2840,.T.);
#1697=ORIENTED_EDGE('',*,*,#3045,.F.);
#1698=ORIENTED_EDGE('',*,*,#2828,.F.);
#1699=ORIENTED_EDGE('',*,*,#2831,.T.);
#1700=ORIENTED_EDGE('',*,*,#2833,.T.);
#1701=ORIENTED_EDGE('',*,*,#3044,.F.);
#1702=ORIENTED_EDGE('',*,*,#2821,.F.);
#1703=ORIENTED_EDGE('',*,*,#2824,.T.);
#1704=ORIENTED_EDGE('',*,*,#2826,.T.);
#1705=ORIENTED_EDGE('',*,*,#3043,.F.);
#1706=ORIENTED_EDGE('',*,*,#2814,.F.);
#1707=ORIENTED_EDGE('',*,*,#2817,.T.);
#1708=ORIENTED_EDGE('',*,*,#2819,.T.);
#1709=ORIENTED_EDGE('',*,*,#3042,.F.);
#1710=ORIENTED_EDGE('',*,*,#2807,.F.);
#1711=ORIENTED_EDGE('',*,*,#2810,.T.);
#1712=ORIENTED_EDGE('',*,*,#2812,.T.);
#1713=ORIENTED_EDGE('',*,*,#3041,.F.);
#1714=ORIENTED_EDGE('',*,*,#2800,.F.);
#1715=ORIENTED_EDGE('',*,*,#2803,.T.);
#1716=ORIENTED_EDGE('',*,*,#2805,.T.);
#1717=ORIENTED_EDGE('',*,*,#3040,.F.);
#1718=ORIENTED_EDGE('',*,*,#2793,.F.);
#1719=ORIENTED_EDGE('',*,*,#2796,.T.);
#1720=ORIENTED_EDGE('',*,*,#2798,.T.);
#1721=ORIENTED_EDGE('',*,*,#3039,.F.);
#1722=ORIENTED_EDGE('',*,*,#2786,.F.);
#1723=ORIENTED_EDGE('',*,*,#2789,.T.);
#1724=ORIENTED_EDGE('',*,*,#2791,.T.);
#1725=ORIENTED_EDGE('',*,*,#3038,.F.);
#1726=ORIENTED_EDGE('',*,*,#2779,.F.);
#1727=ORIENTED_EDGE('',*,*,#2782,.T.);
#1728=ORIENTED_EDGE('',*,*,#2784,.T.);
#1729=ORIENTED_EDGE('',*,*,#3037,.F.);
#1730=ORIENTED_EDGE('',*,*,#2772,.F.);
#1731=ORIENTED_EDGE('',*,*,#2775,.T.);
#1732=ORIENTED_EDGE('',*,*,#2777,.T.);
#1733=ORIENTED_EDGE('',*,*,#3036,.F.);
#1734=ORIENTED_EDGE('',*,*,#2765,.F.);
#1735=ORIENTED_EDGE('',*,*,#2768,.T.);
#1736=ORIENTED_EDGE('',*,*,#2770,.T.);
#1737=ORIENTED_EDGE('',*,*,#3035,.F.);
#1738=ORIENTED_EDGE('',*,*,#2758,.F.);
#1739=ORIENTED_EDGE('',*,*,#2761,.T.);
#1740=ORIENTED_EDGE('',*,*,#2763,.T.);
#1741=ORIENTED_EDGE('',*,*,#3034,.F.);
#1742=ORIENTED_EDGE('',*,*,#2751,.F.);
#1743=ORIENTED_EDGE('',*,*,#2754,.T.);
#1744=ORIENTED_EDGE('',*,*,#2756,.T.);
#1745=ORIENTED_EDGE('',*,*,#3033,.F.);
#1746=ORIENTED_EDGE('',*,*,#2744,.F.);
#1747=ORIENTED_EDGE('',*,*,#2747,.T.);
#1748=ORIENTED_EDGE('',*,*,#2749,.T.);
#1749=ORIENTED_EDGE('',*,*,#3032,.F.);
#1750=ORIENTED_EDGE('',*,*,#2737,.F.);
#1751=ORIENTED_EDGE('',*,*,#2740,.T.);
#1752=ORIENTED_EDGE('',*,*,#2742,.T.);
#1753=ORIENTED_EDGE('',*,*,#3031,.F.);
#1754=ORIENTED_EDGE('',*,*,#2730,.F.);
#1755=ORIENTED_EDGE('',*,*,#2733,.T.);
#1756=ORIENTED_EDGE('',*,*,#2735,.T.);
#1757=ORIENTED_EDGE('',*,*,#3030,.F.);
#1758=ORIENTED_EDGE('',*,*,#2723,.F.);
#1759=ORIENTED_EDGE('',*,*,#2726,.T.);
#1760=ORIENTED_EDGE('',*,*,#2728,.T.);
#1761=ORIENTED_EDGE('',*,*,#3029,.F.);
#1762=ORIENTED_EDGE('',*,*,#2716,.F.);
#1763=ORIENTED_EDGE('',*,*,#2719,.T.);
#1764=ORIENTED_EDGE('',*,*,#2721,.T.);
#1765=ORIENTED_EDGE('',*,*,#3028,.F.);
#1766=ORIENTED_EDGE('',*,*,#2709,.F.);
#1767=ORIENTED_EDGE('',*,*,#2712,.T.);
#1768=ORIENTED_EDGE('',*,*,#2714,.T.);
#1769=ORIENTED_EDGE('',*,*,#3027,.F.);
#1770=ORIENTED_EDGE('',*,*,#2702,.F.);
#1771=ORIENTED_EDGE('',*,*,#2705,.T.);
#1772=ORIENTED_EDGE('',*,*,#2707,.T.);
#1773=ORIENTED_EDGE('',*,*,#3026,.F.);
#1774=ORIENTED_EDGE('',*,*,#2695,.F.);
#1775=ORIENTED_EDGE('',*,*,#2698,.T.);
#1776=ORIENTED_EDGE('',*,*,#2700,.T.);
#1777=ORIENTED_EDGE('',*,*,#3025,.F.);
#1778=ORIENTED_EDGE('',*,*,#2688,.F.);
#1779=ORIENTED_EDGE('',*,*,#2691,.T.);
#1780=ORIENTED_EDGE('',*,*,#2693,.T.);
#1781=ORIENTED_EDGE('',*,*,#3024,.F.);
#1782=ORIENTED_EDGE('',*,*,#2681,.F.);
#1783=ORIENTED_EDGE('',*,*,#2684,.T.);
#1784=ORIENTED_EDGE('',*,*,#2686,.T.);
#1785=ORIENTED_EDGE('',*,*,#3023,.F.);
#1786=ORIENTED_EDGE('',*,*,#2674,.F.);
#1787=ORIENTED_EDGE('',*,*,#2677,.T.);
#1788=ORIENTED_EDGE('',*,*,#2679,.T.);
#1789=ORIENTED_EDGE('',*,*,#3022,.F.);
#1790=ORIENTED_EDGE('',*,*,#2667,.F.);
#1791=ORIENTED_EDGE('',*,*,#2670,.T.);
#1792=ORIENTED_EDGE('',*,*,#2672,.T.);
#1793=ORIENTED_EDGE('',*,*,#3021,.F.);
#1794=ORIENTED_EDGE('',*,*,#2660,.F.);
#1795=ORIENTED_EDGE('',*,*,#2663,.T.);
#1796=ORIENTED_EDGE('',*,*,#2665,.T.);
#1797=ORIENTED_EDGE('',*,*,#3020,.F.);
#1798=ORIENTED_EDGE('',*,*,#2653,.F.);
#1799=ORIENTED_EDGE('',*,*,#2656,.T.);
#1800=ORIENTED_EDGE('',*,*,#2658,.T.);
#1801=ORIENTED_EDGE('',*,*,#3019,.F.);
#1802=ORIENTED_EDGE('',*,*,#2646,.F.);
#1803=ORIENTED_EDGE('',*,*,#2649,.T.);
#1804=ORIENTED_EDGE('',*,*,#2651,.T.);
#1805=ORIENTED_EDGE('',*,*,#3018,.F.);
#1806=ORIENTED_EDGE('',*,*,#2639,.F.);
#1807=ORIENTED_EDGE('',*,*,#2642,.T.);
#1808=ORIENTED_EDGE('',*,*,#2644,.T.);
#1809=ORIENTED_EDGE('',*,*,#3017,.F.);
#1810=ORIENTED_EDGE('',*,*,#2632,.F.);
#1811=ORIENTED_EDGE('',*,*,#2635,.T.);
#1812=ORIENTED_EDGE('',*,*,#2637,.T.);
#1813=ORIENTED_EDGE('',*,*,#3016,.F.);
#1814=ORIENTED_EDGE('',*,*,#2625,.F.);
#1815=ORIENTED_EDGE('',*,*,#2628,.T.);
#1816=ORIENTED_EDGE('',*,*,#2630,.T.);
#1817=ORIENTED_EDGE('',*,*,#3015,.F.);
#1818=ORIENTED_EDGE('',*,*,#2618,.F.);
#1819=ORIENTED_EDGE('',*,*,#2621,.T.);
#1820=ORIENTED_EDGE('',*,*,#2623,.T.);
#1821=ORIENTED_EDGE('',*,*,#3014,.F.);
#1822=ORIENTED_EDGE('',*,*,#2611,.F.);
#1823=ORIENTED_EDGE('',*,*,#2614,.T.);
#1824=ORIENTED_EDGE('',*,*,#2616,.T.);
#1825=ORIENTED_EDGE('',*,*,#3013,.F.);
#1826=ORIENTED_EDGE('',*,*,#2604,.F.);
#1827=ORIENTED_EDGE('',*,*,#2607,.T.);
#1828=ORIENTED_EDGE('',*,*,#2609,.T.);
#1829=ORIENTED_EDGE('',*,*,#3012,.F.);
#1830=ORIENTED_EDGE('',*,*,#2597,.F.);
#1831=ORIENTED_EDGE('',*,*,#2600,.T.);
#1832=ORIENTED_EDGE('',*,*,#2602,.T.);
#1833=ORIENTED_EDGE('',*,*,#3011,.F.);
#1834=ORIENTED_EDGE('',*,*,#2590,.F.);
#1835=ORIENTED_EDGE('',*,*,#2593,.T.);
#1836=ORIENTED_EDGE('',*,*,#2595,.T.);
#1837=ORIENTED_EDGE('',*,*,#3010,.F.);
#1838=ORIENTED_EDGE('',*,*,#2583,.F.);
#1839=ORIENTED_EDGE('',*,*,#2586,.T.);
#1840=ORIENTED_EDGE('',*,*,#2588,.T.);
#1841=ORIENTED_EDGE('',*,*,#3009,.F.);
#1842=ORIENTED_EDGE('',*,*,#2576,.F.);
#1843=ORIENTED_EDGE('',*,*,#2579,.T.);
#1844=ORIENTED_EDGE('',*,*,#2581,.T.);
#1845=ORIENTED_EDGE('',*,*,#3008,.F.);
#1846=ORIENTED_EDGE('',*,*,#2569,.F.);
#1847=ORIENTED_EDGE('',*,*,#2572,.T.);
#1848=ORIENTED_EDGE('',*,*,#2574,.T.);
#1849=ORIENTED_EDGE('',*,*,#3007,.F.);
#1850=ORIENTED_EDGE('',*,*,#2562,.F.);
#1851=ORIENTED_EDGE('',*,*,#2565,.T.);
#1852=ORIENTED_EDGE('',*,*,#2567,.T.);
#1853=ORIENTED_EDGE('',*,*,#3006,.F.);
#1854=ORIENTED_EDGE('',*,*,#2555,.F.);
#1855=ORIENTED_EDGE('',*,*,#2558,.T.);
#1856=ORIENTED_EDGE('',*,*,#2560,.T.);
#1857=ORIENTED_EDGE('',*,*,#3005,.F.);
#1858=ORIENTED_EDGE('',*,*,#2548,.F.);
#1859=ORIENTED_EDGE('',*,*,#2551,.T.);
#1860=ORIENTED_EDGE('',*,*,#2553,.T.);
#1861=ORIENTED_EDGE('',*,*,#3004,.F.);
#1862=ORIENTED_EDGE('',*,*,#2541,.F.);
#1863=ORIENTED_EDGE('',*,*,#2544,.T.);
#1864=ORIENTED_EDGE('',*,*,#2546,.T.);
#1865=ORIENTED_EDGE('',*,*,#3003,.F.);
#1866=ORIENTED_EDGE('',*,*,#2534,.F.);
#1867=ORIENTED_EDGE('',*,*,#2537,.T.);
#1868=ORIENTED_EDGE('',*,*,#2539,.T.);
#1869=ORIENTED_EDGE('',*,*,#3002,.F.);
#1870=ORIENTED_EDGE('',*,*,#2527,.F.);
#1871=ORIENTED_EDGE('',*,*,#2530,.T.);
#1872=ORIENTED_EDGE('',*,*,#2532,.T.);
#1873=ORIENTED_EDGE('',*,*,#3001,.F.);
#1874=ORIENTED_EDGE('',*,*,#2520,.F.);
#1875=ORIENTED_EDGE('',*,*,#2523,.T.);
#1876=ORIENTED_EDGE('',*,*,#2525,.T.);
#1877=ORIENTED_EDGE('',*,*,#3000,.F.);
#1878=ORIENTED_EDGE('',*,*,#2513,.F.);
#1879=ORIENTED_EDGE('',*,*,#2516,.T.);
#1880=ORIENTED_EDGE('',*,*,#2518,.T.);
#1881=ORIENTED_EDGE('',*,*,#2999,.F.);
#1882=ORIENTED_EDGE('',*,*,#2506,.F.);
#1883=ORIENTED_EDGE('',*,*,#2509,.T.);
#1884=ORIENTED_EDGE('',*,*,#2511,.T.);
#1885=ORIENTED_EDGE('',*,*,#2998,.F.);
#1886=ORIENTED_EDGE('',*,*,#2499,.F.);
#1887=ORIENTED_EDGE('',*,*,#2502,.T.);
#1888=ORIENTED_EDGE('',*,*,#2504,.T.);
#1889=ORIENTED_EDGE('',*,*,#2997,.F.);
#1890=ORIENTED_EDGE('',*,*,#2492,.F.);
#1891=ORIENTED_EDGE('',*,*,#2495,.T.);
#1892=ORIENTED_EDGE('',*,*,#2497,.T.);
#1893=ORIENTED_EDGE('',*,*,#3059,.F.);
#1894=ORIENTED_EDGE('',*,*,#3063,.F.);
#1895=ORIENTED_EDGE('',*,*,#2429,.T.);
#1896=ORIENTED_EDGE('',*,*,#3062,.F.);
#1897=ORIENTED_EDGE('',*,*,#2430,.T.);
#1898=ORIENTED_EDGE('',*,*,#2463,.F.);
#1899=ORIENTED_EDGE('',*,*,#3064,.T.);
#1900=ORIENTED_EDGE('',*,*,#2458,.F.);
#1901=ORIENTED_EDGE('',*,*,#2436,.F.);
#1902=ORIENTED_EDGE('',*,*,#2460,.F.);
#1903=ORIENTED_EDGE('',*,*,#3065,.T.);
#1904=ORIENTED_EDGE('',*,*,#2456,.F.);
#1905=ORIENTED_EDGE('',*,*,#2438,.F.);
#1906=ORIENTED_EDGE('',*,*,#2151,.F.);
#1907=ORIENTED_EDGE('',*,*,#3066,.T.);
#1908=ORIENTED_EDGE('',*,*,#2480,.F.);
#1909=ORIENTED_EDGE('',*,*,#2432,.F.);
#1910=ORIENTED_EDGE('',*,*,#2482,.F.);
#1911=ORIENTED_EDGE('',*,*,#3067,.T.);
#1912=ORIENTED_EDGE('',*,*,#2461,.F.);
#1913=ORIENTED_EDGE('',*,*,#2434,.F.);
#1914=ORIENTED_EDGE('',*,*,#3068,.F.);
#1915=ORIENTED_EDGE('',*,*,#2457,.F.);
#1916=ORIENTED_EDGE('',*,*,#3069,.F.);
#1917=ORIENTED_EDGE('',*,*,#2488,.F.);
#1918=ORIENTED_EDGE('',*,*,#3070,.F.);
#1919=ORIENTED_EDGE('',*,*,#2150,.F.);
#1920=ORIENTED_EDGE('',*,*,#3071,.F.);
#1921=ORIENTED_EDGE('',*,*,#3072,.F.);
#1922=ORIENTED_EDGE('',*,*,#3069,.T.);
#1923=ORIENTED_EDGE('',*,*,#3065,.F.);
#1924=ORIENTED_EDGE('',*,*,#3073,.F.);
#1925=ORIENTED_EDGE('',*,*,#2489,.F.);
#1926=ORIENTED_EDGE('',*,*,#3070,.T.);
#1927=ORIENTED_EDGE('',*,*,#2487,.F.);
#1928=ORIENTED_EDGE('',*,*,#3074,.F.);
#1929=ORIENTED_EDGE('',*,*,#3066,.F.);
#1930=ORIENTED_EDGE('',*,*,#3073,.T.);
#1931=ORIENTED_EDGE('',*,*,#2459,.F.);
#1932=ORIENTED_EDGE('',*,*,#3075,.F.);
#1933=ORIENTED_EDGE('',*,*,#2490,.F.);
#1934=ORIENTED_EDGE('',*,*,#3074,.T.);
#1935=ORIENTED_EDGE('',*,*,#2486,.F.);
#1936=ORIENTED_EDGE('',*,*,#3076,.F.);
#1937=ORIENTED_EDGE('',*,*,#2481,.F.);
#1938=ORIENTED_EDGE('',*,*,#3075,.T.);
#1939=ORIENTED_EDGE('',*,*,#3064,.F.);
#1940=ORIENTED_EDGE('',*,*,#3077,.F.);
#1941=ORIENTED_EDGE('',*,*,#2483,.F.);
#1942=ORIENTED_EDGE('',*,*,#3076,.T.);
#1943=ORIENTED_EDGE('',*,*,#2485,.F.);
#1944=ORIENTED_EDGE('',*,*,#3078,.F.);
#1945=ORIENTED_EDGE('',*,*,#3067,.F.);
#1946=ORIENTED_EDGE('',*,*,#3077,.T.);
#1947=ORIENTED_EDGE('',*,*,#2462,.F.);
#1948=ORIENTED_EDGE('',*,*,#3078,.T.);
#1949=ORIENTED_EDGE('',*,*,#2484,.F.);
#1950=ORIENTED_EDGE('',*,*,#2148,.T.);
#1951=ORIENTED_EDGE('',*,*,#2431,.T.);
#1952=ORIENTED_EDGE('',*,*,#2451,.F.);
#1953=ORIENTED_EDGE('',*,*,#3079,.T.);
#1954=ORIENTED_EDGE('',*,*,#3080,.F.);
#1955=ORIENTED_EDGE('',*,*,#2908,.T.);
#1956=ORIENTED_EDGE('',*,*,#2440,.F.);
#1957=ORIENTED_EDGE('',*,*,#2455,.F.);
#1958=ORIENTED_EDGE('',*,*,#3060,.T.);
#1959=ORIENTED_EDGE('',*,*,#2909,.T.);
#1960=ORIENTED_EDGE('',*,*,#3080,.T.);
#1961=ORIENTED_EDGE('',*,*,#2454,.F.);
#1962=ORIENTED_EDGE('',*,*,#3068,.T.);
#1963=ORIENTED_EDGE('',*,*,#3081,.F.);
#1964=ORIENTED_EDGE('',*,*,#2472,.F.);
#1965=ORIENTED_EDGE('',*,*,#3081,.T.);
#1966=ORIENTED_EDGE('',*,*,#3072,.T.);
#1967=ORIENTED_EDGE('',*,*,#3082,.F.);
#1968=ORIENTED_EDGE('',*,*,#2473,.F.);
#1969=ORIENTED_EDGE('',*,*,#3082,.T.);
#1970=ORIENTED_EDGE('',*,*,#3071,.T.);
#1971=ORIENTED_EDGE('',*,*,#2149,.F.);
#1972=ORIENTED_EDGE('',*,*,#3079,.F.);
#1973=ORIENTED_EDGE('',*,*,#2450,.T.);
#1974=ORIENTED_EDGE('',*,*,#3061,.T.);
#1975=ORIENTED_EDGE('',*,*,#2474,.F.);
#1976=ORIENTED_EDGE('',*,*,#3083,.F.);
#1977=ORIENTED_EDGE('',*,*,#3084,.T.);
#1978=ORIENTED_EDGE('',*,*,#3085,.F.);
#1979=ORIENTED_EDGE('',*,*,#3086,.F.);
#1980=ORIENTED_EDGE('',*,*,#3087,.T.);
#1981=ORIENTED_EDGE('',*,*,#3088,.T.);
#1982=ORIENTED_EDGE('',*,*,#3089,.T.);
#1983=ORIENTED_EDGE('',*,*,#3090,.T.);
#1984=ORIENTED_EDGE('',*,*,#3091,.T.);
#1985=ORIENTED_EDGE('',*,*,#3092,.T.);
#1986=ORIENTED_EDGE('',*,*,#3093,.T.);
#1987=ORIENTED_EDGE('',*,*,#3094,.T.);
#1988=ORIENTED_EDGE('',*,*,#3095,.T.);
#1989=ORIENTED_EDGE('',*,*,#3096,.T.);
#1990=ORIENTED_EDGE('',*,*,#3097,.T.);
#1991=ORIENTED_EDGE('',*,*,#3098,.T.);
#1992=ORIENTED_EDGE('',*,*,#3084,.F.);
#1993=ORIENTED_EDGE('',*,*,#3099,.T.);
#1994=ORIENTED_EDGE('',*,*,#3100,.F.);
#1995=ORIENTED_EDGE('',*,*,#3101,.T.);
#1996=ORIENTED_EDGE('',*,*,#3102,.F.);
#1997=ORIENTED_EDGE('',*,*,#3103,.F.);
#1998=ORIENTED_EDGE('',*,*,#3088,.F.);
#1999=ORIENTED_EDGE('',*,*,#3104,.T.);
#2000=ORIENTED_EDGE('',*,*,#3105,.F.);
#2001=ORIENTED_EDGE('',*,*,#3106,.F.);
#2002=ORIENTED_EDGE('',*,*,#3107,.T.);
#2003=ORIENTED_EDGE('',*,*,#3108,.T.);
#2004=ORIENTED_EDGE('',*,*,#3092,.F.);
#2005=ORIENTED_EDGE('',*,*,#3109,.T.);
#2006=ORIENTED_EDGE('',*,*,#3110,.F.);
#2007=ORIENTED_EDGE('',*,*,#3111,.F.);
#2008=ORIENTED_EDGE('',*,*,#3112,.T.);
#2009=ORIENTED_EDGE('',*,*,#3113,.T.);
#2010=ORIENTED_EDGE('',*,*,#3107,.F.);
#2011=ORIENTED_EDGE('',*,*,#3114,.T.);
#2012=ORIENTED_EDGE('',*,*,#3115,.F.);
#2013=ORIENTED_EDGE('',*,*,#3116,.T.);
#2014=ORIENTED_EDGE('',*,*,#3117,.T.);
#2015=ORIENTED_EDGE('',*,*,#3118,.T.);
#2016=ORIENTED_EDGE('',*,*,#3119,.F.);
#2017=ORIENTED_EDGE('',*,*,#3120,.T.);
#2018=ORIENTED_EDGE('',*,*,#3098,.F.);
#2019=ORIENTED_EDGE('',*,*,#3121,.T.);
#2020=ORIENTED_EDGE('',*,*,#3115,.T.);
#2021=ORIENTED_EDGE('',*,*,#3122,.T.);
#2022=ORIENTED_EDGE('',*,*,#3090,.F.);
#2023=ORIENTED_EDGE('',*,*,#3123,.F.);
#2024=ORIENTED_EDGE('',*,*,#3124,.F.);
#2025=ORIENTED_EDGE('',*,*,#3125,.T.);
#2026=ORIENTED_EDGE('',*,*,#3094,.F.);
#2027=ORIENTED_EDGE('',*,*,#3126,.T.);
#2028=ORIENTED_EDGE('',*,*,#3112,.F.);
#2029=ORIENTED_EDGE('',*,*,#3127,.T.);
#2030=ORIENTED_EDGE('',*,*,#3117,.F.);
#2031=ORIENTED_EDGE('',*,*,#3128,.T.);
#2032=ORIENTED_EDGE('',*,*,#3096,.F.);
#2033=ORIENTED_EDGE('',*,*,#3129,.T.);
#2034=ORIENTED_EDGE('',*,*,#3130,.T.);
#2035=ORIENTED_EDGE('',*,*,#3131,.T.);
#2036=ORIENTED_EDGE('',*,*,#3132,.F.);
#2037=ORIENTED_EDGE('',*,*,#3086,.T.);
#2038=ORIENTED_EDGE('',*,*,#3133,.F.);
#2039=ORIENTED_EDGE('',*,*,#3104,.F.);
#2040=ORIENTED_EDGE('',*,*,#3087,.F.);
#2041=ORIENTED_EDGE('',*,*,#3132,.T.);
#2042=ORIENTED_EDGE('',*,*,#3106,.T.);
#2043=ORIENTED_EDGE('',*,*,#3134,.T.);
#2044=ORIENTED_EDGE('',*,*,#3130,.F.);
#2045=ORIENTED_EDGE('',*,*,#3085,.T.);
#2046=ORIENTED_EDGE('',*,*,#3135,.T.);
#2047=ORIENTED_EDGE('',*,*,#3136,.T.);
#2048=ORIENTED_EDGE('',*,*,#3137,.T.);
#2049=ORIENTED_EDGE('',*,*,#3138,.T.);
#2050=ORIENTED_EDGE('',*,*,#3139,.F.);
#2051=ORIENTED_EDGE('',*,*,#3140,.F.);
#2052=ORIENTED_EDGE('',*,*,#3131,.F.);
#2053=ORIENTED_EDGE('',*,*,#3134,.F.);
#2054=ORIENTED_EDGE('',*,*,#3105,.T.);
#2055=ORIENTED_EDGE('',*,*,#3133,.T.);
#2056=ORIENTED_EDGE('',*,*,#3141,.T.);
#2057=ORIENTED_EDGE('',*,*,#3142,.T.);
#2058=ORIENTED_EDGE('',*,*,#3143,.T.);
#2059=ORIENTED_EDGE('',*,*,#3137,.F.);
#2060=ORIENTED_EDGE('',*,*,#3144,.F.);
#2061=ORIENTED_EDGE('',*,*,#3143,.F.);
#2062=ORIENTED_EDGE('',*,*,#3145,.T.);
#2063=ORIENTED_EDGE('',*,*,#3146,.T.);
#2064=ORIENTED_EDGE('',*,*,#3138,.F.);
#2065=ORIENTED_EDGE('',*,*,#3147,.F.);
#2066=ORIENTED_EDGE('',*,*,#3148,.F.);
#2067=ORIENTED_EDGE('',*,*,#3149,.T.);
#2068=ORIENTED_EDGE('',*,*,#3139,.T.);
#2069=ORIENTED_EDGE('',*,*,#3146,.F.);
#2070=ORIENTED_EDGE('',*,*,#3140,.T.);
#2071=ORIENTED_EDGE('',*,*,#3149,.F.);
#2072=ORIENTED_EDGE('',*,*,#3150,.F.);
#2073=ORIENTED_EDGE('',*,*,#3144,.T.);
#2074=ORIENTED_EDGE('',*,*,#3151,.F.);
#2075=ORIENTED_EDGE('',*,*,#3152,.F.);
#2076=ORIENTED_EDGE('',*,*,#3153,.F.);
#2077=ORIENTED_EDGE('',*,*,#3154,.F.);
#2078=ORIENTED_EDGE('',*,*,#3155,.F.);
#2079=ORIENTED_EDGE('',*,*,#3156,.T.);
#2080=ORIENTED_EDGE('',*,*,#3157,.F.);
#2081=ORIENTED_EDGE('',*,*,#3141,.F.);
#2082=ORIENTED_EDGE('',*,*,#3150,.T.);
#2083=ORIENTED_EDGE('',*,*,#3148,.T.);
#2084=ORIENTED_EDGE('',*,*,#3156,.F.);
#2085=ORIENTED_EDGE('',*,*,#3158,.T.);
#2086=ORIENTED_EDGE('',*,*,#3159,.T.);
#2087=ORIENTED_EDGE('',*,*,#3158,.F.);
#2088=ORIENTED_EDGE('',*,*,#3155,.T.);
#2089=ORIENTED_EDGE('',*,*,#3160,.T.);
#2090=ORIENTED_EDGE('',*,*,#3161,.F.);
#2091=ORIENTED_EDGE('',*,*,#3160,.F.);
#2092=ORIENTED_EDGE('',*,*,#3154,.T.);
#2093=ORIENTED_EDGE('',*,*,#3162,.F.);
#2094=ORIENTED_EDGE('',*,*,#3163,.T.);
#2095=ORIENTED_EDGE('',*,*,#3164,.T.);
#2096=ORIENTED_EDGE('',*,*,#3162,.T.);
#2097=ORIENTED_EDGE('',*,*,#3153,.T.);
#2098=ORIENTED_EDGE('',*,*,#3147,.T.);
#2099=ORIENTED_EDGE('',*,*,#3145,.F.);
#2100=ORIENTED_EDGE('',*,*,#3142,.F.);
#2101=ORIENTED_EDGE('',*,*,#3157,.T.);
#2102=ORIENTED_EDGE('',*,*,#3159,.F.);
#2103=ORIENTED_EDGE('',*,*,#3161,.T.);
#2104=ORIENTED_EDGE('',*,*,#3164,.F.);
#2105=ORIENTED_EDGE('',*,*,#3111,.T.);
#2106=ORIENTED_EDGE('',*,*,#3163,.F.);
#2107=ORIENTED_EDGE('',*,*,#3110,.T.);
#2108=ORIENTED_EDGE('',*,*,#3136,.F.);
#2109=ORIENTED_EDGE('',*,*,#3152,.T.);
#2110=ORIENTED_EDGE('',*,*,#3135,.F.);
#2111=ORIENTED_EDGE('',*,*,#3151,.T.);
#2112=ORIENTED_EDGE('',*,*,#3093,.F.);
#2113=ORIENTED_EDGE('',*,*,#3108,.F.);
#2114=ORIENTED_EDGE('',*,*,#3113,.F.);
#2115=ORIENTED_EDGE('',*,*,#3126,.F.);
#2116=ORIENTED_EDGE('',*,*,#3091,.F.);
#2117=ORIENTED_EDGE('',*,*,#3122,.F.);
#2118=ORIENTED_EDGE('',*,*,#3114,.F.);
#2119=ORIENTED_EDGE('',*,*,#3109,.F.);
#2120=ORIENTED_EDGE('',*,*,#3097,.F.);
#2121=ORIENTED_EDGE('',*,*,#3128,.F.);
#2122=ORIENTED_EDGE('',*,*,#3116,.F.);
#2123=ORIENTED_EDGE('',*,*,#3121,.F.);
#2124=ORIENTED_EDGE('',*,*,#3095,.F.);
#2125=ORIENTED_EDGE('',*,*,#3127,.F.);
#2126=ORIENTED_EDGE('',*,*,#3118,.F.);
#2127=ORIENTED_EDGE('',*,*,#3129,.F.);
#2128=ORIENTED_EDGE('',*,*,#3083,.T.);
#2129=ORIENTED_EDGE('',*,*,#3120,.F.);
#2130=ORIENTED_EDGE('',*,*,#3165,.F.);
#2131=ORIENTED_EDGE('',*,*,#3099,.F.);
#2132=ORIENTED_EDGE('',*,*,#3103,.T.);
#2133=ORIENTED_EDGE('',*,*,#3166,.T.);
#2134=ORIENTED_EDGE('',*,*,#3123,.T.);
#2135=ORIENTED_EDGE('',*,*,#3089,.F.);
#2136=ORIENTED_EDGE('',*,*,#3102,.T.);
#2137=ORIENTED_EDGE('',*,*,#3167,.T.);
#2138=ORIENTED_EDGE('',*,*,#3124,.T.);
#2139=ORIENTED_EDGE('',*,*,#3166,.F.);
#2140=ORIENTED_EDGE('',*,*,#3168,.T.);
#2141=ORIENTED_EDGE('',*,*,#3125,.F.);
#2142=ORIENTED_EDGE('',*,*,#3167,.F.);
#2143=ORIENTED_EDGE('',*,*,#3101,.F.);
#2144=ORIENTED_EDGE('',*,*,#3100,.T.);
#2145=ORIENTED_EDGE('',*,*,#3165,.T.);
#2146=ORIENTED_EDGE('',*,*,#3119,.T.);
#2147=ORIENTED_EDGE('',*,*,#3168,.F.);
#2148=EDGE_CURVE('',#3169,#3170,#3851,.T.);
#2149=EDGE_CURVE('',#3169,#3171,#90,.T.);
#2150=EDGE_CURVE('',#3171,#3172,#3852,.F.);
#2151=EDGE_CURVE('',#3172,#3173,#3853,.T.);
#2152=EDGE_CURVE('',#3173,#3170,#3854,.T.);
#2153=EDGE_CURVE('',#3174,#3175,#3855,.T.);
#2154=EDGE_CURVE('',#3175,#3176,#3856,.T.);
#2155=EDGE_CURVE('',#3177,#3176,#3857,.T.);
#2156=EDGE_CURVE('',#3174,#3177,#3858,.T.);
#2157=EDGE_CURVE('',#3178,#3179,#3859,.T.);
#2158=EDGE_CURVE('',#3179,#3180,#3860,.T.);
#2159=EDGE_CURVE('',#3181,#3180,#3861,.T.);
#2160=EDGE_CURVE('',#3178,#3181,#3862,.T.);
#2161=EDGE_CURVE('',#3182,#3183,#3863,.T.);
#2162=EDGE_CURVE('',#3183,#3184,#3864,.T.);
#2163=EDGE_CURVE('',#3185,#3184,#3865,.T.);
#2164=EDGE_CURVE('',#3182,#3185,#3866,.T.);
#2165=EDGE_CURVE('',#3186,#3187,#3867,.T.);
#2166=EDGE_CURVE('',#3187,#3188,#3868,.T.);
#2167=EDGE_CURVE('',#3189,#3188,#3869,.T.);
#2168=EDGE_CURVE('',#3186,#3189,#3870,.T.);
#2169=EDGE_CURVE('',#3190,#3191,#3871,.T.);
#2170=EDGE_CURVE('',#3191,#3192,#3872,.T.);
#2171=EDGE_CURVE('',#3193,#3192,#3873,.T.);
#2172=EDGE_CURVE('',#3190,#3193,#3874,.T.);
#2173=EDGE_CURVE('',#3194,#3195,#3875,.T.);
#2174=EDGE_CURVE('',#3195,#3196,#3876,.T.);
#2175=EDGE_CURVE('',#3197,#3196,#3877,.T.);
#2176=EDGE_CURVE('',#3194,#3197,#3878,.T.);
#2177=EDGE_CURVE('',#3198,#3199,#3879,.T.);
#2178=EDGE_CURVE('',#3199,#3200,#3880,.T.);
#2179=EDGE_CURVE('',#3201,#3200,#3881,.T.);
#2180=EDGE_CURVE('',#3198,#3201,#3882,.T.);
#2181=EDGE_CURVE('',#3202,#3203,#3883,.T.);
#2182=EDGE_CURVE('',#3203,#3204,#3884,.T.);
#2183=EDGE_CURVE('',#3205,#3204,#3885,.T.);
#2184=EDGE_CURVE('',#3202,#3205,#3886,.T.);
#2185=EDGE_CURVE('',#3206,#3207,#3887,.T.);
#2186=EDGE_CURVE('',#3207,#3208,#3888,.T.);
#2187=EDGE_CURVE('',#3209,#3208,#3889,.T.);
#2188=EDGE_CURVE('',#3206,#3209,#3890,.T.);
#2189=EDGE_CURVE('',#3210,#3211,#3891,.T.);
#2190=EDGE_CURVE('',#3211,#3212,#3892,.T.);
#2191=EDGE_CURVE('',#3213,#3212,#3893,.T.);
#2192=EDGE_CURVE('',#3210,#3213,#3894,.T.);
#2193=EDGE_CURVE('',#3214,#3215,#3895,.T.);
#2194=EDGE_CURVE('',#3215,#3216,#3896,.T.);
#2195=EDGE_CURVE('',#3217,#3216,#3897,.T.);
#2196=EDGE_CURVE('',#3214,#3217,#3898,.T.);
#2197=EDGE_CURVE('',#3218,#3219,#3899,.T.);
#2198=EDGE_CURVE('',#3219,#3220,#3900,.T.);
#2199=EDGE_CURVE('',#3221,#3220,#3901,.T.);
#2200=EDGE_CURVE('',#3218,#3221,#3902,.T.);
#2201=EDGE_CURVE('',#3222,#3223,#3903,.T.);
#2202=EDGE_CURVE('',#3223,#3224,#3904,.T.);
#2203=EDGE_CURVE('',#3225,#3224,#3905,.T.);
#2204=EDGE_CURVE('',#3222,#3225,#3906,.T.);
#2205=EDGE_CURVE('',#3226,#3227,#3907,.T.);
#2206=EDGE_CURVE('',#3227,#3228,#3908,.T.);
#2207=EDGE_CURVE('',#3229,#3228,#3909,.T.);
#2208=EDGE_CURVE('',#3226,#3229,#3910,.T.);
#2209=EDGE_CURVE('',#3230,#3231,#3911,.T.);
#2210=EDGE_CURVE('',#3231,#3232,#3912,.T.);
#2211=EDGE_CURVE('',#3233,#3232,#3913,.T.);
#2212=EDGE_CURVE('',#3230,#3233,#3914,.T.);
#2213=EDGE_CURVE('',#3234,#3235,#3915,.T.);
#2214=EDGE_CURVE('',#3235,#3236,#3916,.T.);
#2215=EDGE_CURVE('',#3237,#3236,#3917,.T.);
#2216=EDGE_CURVE('',#3234,#3237,#3918,.T.);
#2217=EDGE_CURVE('',#3238,#3239,#3919,.T.);
#2218=EDGE_CURVE('',#3239,#3240,#3920,.T.);
#2219=EDGE_CURVE('',#3241,#3240,#3921,.T.);
#2220=EDGE_CURVE('',#3238,#3241,#3922,.T.);
#2221=EDGE_CURVE('',#3242,#3243,#3923,.T.);
#2222=EDGE_CURVE('',#3243,#3244,#3924,.T.);
#2223=EDGE_CURVE('',#3245,#3244,#3925,.T.);
#2224=EDGE_CURVE('',#3242,#3245,#3926,.T.);
#2225=EDGE_CURVE('',#3246,#3247,#3927,.T.);
#2226=EDGE_CURVE('',#3247,#3248,#3928,.T.);
#2227=EDGE_CURVE('',#3249,#3248,#3929,.T.);
#2228=EDGE_CURVE('',#3246,#3249,#3930,.T.);
#2229=EDGE_CURVE('',#3250,#3251,#3931,.T.);
#2230=EDGE_CURVE('',#3251,#3252,#3932,.T.);
#2231=EDGE_CURVE('',#3253,#3252,#3933,.T.);
#2232=EDGE_CURVE('',#3250,#3253,#3934,.T.);
#2233=EDGE_CURVE('',#3254,#3255,#3935,.T.);
#2234=EDGE_CURVE('',#3255,#3256,#3936,.T.);
#2235=EDGE_CURVE('',#3257,#3256,#3937,.T.);
#2236=EDGE_CURVE('',#3254,#3257,#3938,.T.);
#2237=EDGE_CURVE('',#3258,#3259,#3939,.T.);
#2238=EDGE_CURVE('',#3259,#3260,#3940,.T.);
#2239=EDGE_CURVE('',#3261,#3260,#3941,.T.);
#2240=EDGE_CURVE('',#3258,#3261,#3942,.T.);
#2241=EDGE_CURVE('',#3262,#3263,#3943,.T.);
#2242=EDGE_CURVE('',#3263,#3264,#3944,.T.);
#2243=EDGE_CURVE('',#3265,#3264,#3945,.T.);
#2244=EDGE_CURVE('',#3262,#3265,#3946,.T.);
#2245=EDGE_CURVE('',#3266,#3267,#3947,.T.);
#2246=EDGE_CURVE('',#3267,#3268,#3948,.T.);
#2247=EDGE_CURVE('',#3269,#3268,#3949,.T.);
#2248=EDGE_CURVE('',#3266,#3269,#3950,.T.);
#2249=EDGE_CURVE('',#3270,#3271,#3951,.T.);
#2250=EDGE_CURVE('',#3271,#3272,#3952,.T.);
#2251=EDGE_CURVE('',#3273,#3272,#3953,.T.);
#2252=EDGE_CURVE('',#3270,#3273,#3954,.T.);
#2253=EDGE_CURVE('',#3274,#3275,#3955,.T.);
#2254=EDGE_CURVE('',#3275,#3276,#3956,.T.);
#2255=EDGE_CURVE('',#3277,#3276,#3957,.T.);
#2256=EDGE_CURVE('',#3274,#3277,#3958,.T.);
#2257=EDGE_CURVE('',#3278,#3279,#3959,.T.);
#2258=EDGE_CURVE('',#3279,#3280,#3960,.T.);
#2259=EDGE_CURVE('',#3281,#3280,#3961,.T.);
#2260=EDGE_CURVE('',#3278,#3281,#3962,.T.);
#2261=EDGE_CURVE('',#3282,#3283,#3963,.T.);
#2262=EDGE_CURVE('',#3283,#3284,#3964,.T.);
#2263=EDGE_CURVE('',#3285,#3284,#3965,.T.);
#2264=EDGE_CURVE('',#3282,#3285,#3966,.T.);
#2265=EDGE_CURVE('',#3286,#3287,#3967,.T.);
#2266=EDGE_CURVE('',#3287,#3288,#3968,.T.);
#2267=EDGE_CURVE('',#3289,#3288,#3969,.T.);
#2268=EDGE_CURVE('',#3286,#3289,#3970,.T.);
#2269=EDGE_CURVE('',#3290,#3291,#3971,.T.);
#2270=EDGE_CURVE('',#3291,#3292,#3972,.T.);
#2271=EDGE_CURVE('',#3293,#3292,#3973,.T.);
#2272=EDGE_CURVE('',#3290,#3293,#3974,.T.);
#2273=EDGE_CURVE('',#3294,#3295,#3975,.T.);
#2274=EDGE_CURVE('',#3295,#3296,#3976,.T.);
#2275=EDGE_CURVE('',#3297,#3296,#3977,.T.);
#2276=EDGE_CURVE('',#3294,#3297,#3978,.T.);
#2277=EDGE_CURVE('',#3298,#3299,#3979,.T.);
#2278=EDGE_CURVE('',#3299,#3300,#3980,.T.);
#2279=EDGE_CURVE('',#3301,#3300,#3981,.T.);
#2280=EDGE_CURVE('',#3298,#3301,#3982,.T.);
#2281=EDGE_CURVE('',#3302,#3303,#3983,.T.);
#2282=EDGE_CURVE('',#3303,#3304,#3984,.T.);
#2283=EDGE_CURVE('',#3305,#3304,#3985,.T.);
#2284=EDGE_CURVE('',#3302,#3305,#3986,.T.);
#2285=EDGE_CURVE('',#3306,#3307,#3987,.T.);
#2286=EDGE_CURVE('',#3307,#3308,#3988,.T.);
#2287=EDGE_CURVE('',#3309,#3308,#3989,.T.);
#2288=EDGE_CURVE('',#3306,#3309,#3990,.T.);
#2289=EDGE_CURVE('',#3310,#3311,#3991,.T.);
#2290=EDGE_CURVE('',#3311,#3312,#3992,.T.);
#2291=EDGE_CURVE('',#3313,#3312,#3993,.T.);
#2292=EDGE_CURVE('',#3310,#3313,#3994,.T.);
#2293=EDGE_CURVE('',#3314,#3315,#3995,.T.);
#2294=EDGE_CURVE('',#3315,#3316,#3996,.T.);
#2295=EDGE_CURVE('',#3317,#3316,#3997,.T.);
#2296=EDGE_CURVE('',#3314,#3317,#3998,.T.);
#2297=EDGE_CURVE('',#3318,#3319,#3999,.T.);
#2298=EDGE_CURVE('',#3319,#3320,#4000,.T.);
#2299=EDGE_CURVE('',#3321,#3320,#4001,.T.);
#2300=EDGE_CURVE('',#3318,#3321,#4002,.T.);
#2301=EDGE_CURVE('',#3322,#3323,#4003,.T.);
#2302=EDGE_CURVE('',#3323,#3324,#4004,.T.);
#2303=EDGE_CURVE('',#3325,#3324,#4005,.T.);
#2304=EDGE_CURVE('',#3322,#3325,#4006,.T.);
#2305=EDGE_CURVE('',#3326,#3327,#4007,.T.);
#2306=EDGE_CURVE('',#3327,#3328,#4008,.T.);
#2307=EDGE_CURVE('',#3329,#3328,#4009,.T.);
#2308=EDGE_CURVE('',#3326,#3329,#4010,.T.);
#2309=EDGE_CURVE('',#3330,#3331,#4011,.T.);
#2310=EDGE_CURVE('',#3331,#3332,#4012,.T.);
#2311=EDGE_CURVE('',#3333,#3332,#4013,.T.);
#2312=EDGE_CURVE('',#3330,#3333,#4014,.T.);
#2313=EDGE_CURVE('',#3334,#3335,#4015,.T.);
#2314=EDGE_CURVE('',#3335,#3336,#4016,.T.);
#2315=EDGE_CURVE('',#3337,#3336,#4017,.T.);
#2316=EDGE_CURVE('',#3334,#3337,#4018,.T.);
#2317=EDGE_CURVE('',#3338,#3339,#4019,.T.);
#2318=EDGE_CURVE('',#3339,#3340,#4020,.T.);
#2319=EDGE_CURVE('',#3341,#3340,#4021,.T.);
#2320=EDGE_CURVE('',#3338,#3341,#4022,.T.);
#2321=EDGE_CURVE('',#3342,#3343,#4023,.T.);
#2322=EDGE_CURVE('',#3343,#3344,#4024,.T.);
#2323=EDGE_CURVE('',#3345,#3344,#4025,.T.);
#2324=EDGE_CURVE('',#3342,#3345,#4026,.T.);
#2325=EDGE_CURVE('',#3346,#3347,#4027,.T.);
#2326=EDGE_CURVE('',#3347,#3348,#4028,.T.);
#2327=EDGE_CURVE('',#3349,#3348,#4029,.T.);
#2328=EDGE_CURVE('',#3346,#3349,#4030,.T.);
#2329=EDGE_CURVE('',#3350,#3351,#4031,.T.);
#2330=EDGE_CURVE('',#3351,#3352,#4032,.T.);
#2331=EDGE_CURVE('',#3353,#3352,#4033,.T.);
#2332=EDGE_CURVE('',#3350,#3353,#4034,.T.);
#2333=EDGE_CURVE('',#3354,#3355,#4035,.T.);
#2334=EDGE_CURVE('',#3355,#3356,#4036,.T.);
#2335=EDGE_CURVE('',#3357,#3356,#4037,.T.);
#2336=EDGE_CURVE('',#3354,#3357,#4038,.T.);
#2337=EDGE_CURVE('',#3358,#3359,#4039,.T.);
#2338=EDGE_CURVE('',#3359,#3360,#4040,.T.);
#2339=EDGE_CURVE('',#3361,#3360,#4041,.T.);
#2340=EDGE_CURVE('',#3358,#3361,#4042,.T.);
#2341=EDGE_CURVE('',#3362,#3363,#4043,.T.);
#2342=EDGE_CURVE('',#3363,#3364,#4044,.T.);
#2343=EDGE_CURVE('',#3365,#3364,#4045,.T.);
#2344=EDGE_CURVE('',#3362,#3365,#4046,.T.);
#2345=EDGE_CURVE('',#3366,#3367,#4047,.T.);
#2346=EDGE_CURVE('',#3367,#3368,#4048,.T.);
#2347=EDGE_CURVE('',#3369,#3368,#4049,.T.);
#2348=EDGE_CURVE('',#3366,#3369,#4050,.T.);
#2349=EDGE_CURVE('',#3370,#3371,#4051,.T.);
#2350=EDGE_CURVE('',#3371,#3372,#4052,.T.);
#2351=EDGE_CURVE('',#3373,#3372,#4053,.T.);
#2352=EDGE_CURVE('',#3370,#3373,#4054,.T.);
#2353=EDGE_CURVE('',#3374,#3375,#4055,.T.);
#2354=EDGE_CURVE('',#3375,#3376,#4056,.T.);
#2355=EDGE_CURVE('',#3377,#3376,#4057,.T.);
#2356=EDGE_CURVE('',#3374,#3377,#4058,.T.);
#2357=EDGE_CURVE('',#3378,#3379,#4059,.T.);
#2358=EDGE_CURVE('',#3379,#3380,#4060,.T.);
#2359=EDGE_CURVE('',#3381,#3380,#4061,.T.);
#2360=EDGE_CURVE('',#3378,#3381,#4062,.T.);
#2361=EDGE_CURVE('',#3382,#3383,#4063,.T.);
#2362=EDGE_CURVE('',#3383,#3384,#4064,.T.);
#2363=EDGE_CURVE('',#3385,#3384,#4065,.T.);
#2364=EDGE_CURVE('',#3382,#3385,#4066,.T.);
#2365=EDGE_CURVE('',#3386,#3387,#4067,.T.);
#2366=EDGE_CURVE('',#3387,#3388,#4068,.T.);
#2367=EDGE_CURVE('',#3389,#3388,#4069,.T.);
#2368=EDGE_CURVE('',#3386,#3389,#4070,.T.);
#2369=EDGE_CURVE('',#3390,#3391,#4071,.T.);
#2370=EDGE_CURVE('',#3391,#3392,#4072,.T.);
#2371=EDGE_CURVE('',#3393,#3392,#4073,.T.);
#2372=EDGE_CURVE('',#3390,#3393,#4074,.T.);
#2373=EDGE_CURVE('',#3394,#3395,#4075,.T.);
#2374=EDGE_CURVE('',#3395,#3396,#4076,.T.);
#2375=EDGE_CURVE('',#3397,#3396,#4077,.T.);
#2376=EDGE_CURVE('',#3394,#3397,#4078,.T.);
#2377=EDGE_CURVE('',#3398,#3399,#4079,.T.);
#2378=EDGE_CURVE('',#3399,#3400,#4080,.T.);
#2379=EDGE_CURVE('',#3401,#3400,#4081,.T.);
#2380=EDGE_CURVE('',#3398,#3401,#4082,.T.);
#2381=EDGE_CURVE('',#3402,#3403,#4083,.T.);
#2382=EDGE_CURVE('',#3403,#3404,#4084,.T.);
#2383=EDGE_CURVE('',#3405,#3404,#4085,.T.);
#2384=EDGE_CURVE('',#3402,#3405,#4086,.T.);
#2385=EDGE_CURVE('',#3406,#3407,#4087,.T.);
#2386=EDGE_CURVE('',#3407,#3408,#4088,.T.);
#2387=EDGE_CURVE('',#3409,#3408,#4089,.T.);
#2388=EDGE_CURVE('',#3410,#3409,#4090,.T.);
#2389=EDGE_CURVE('',#3410,#3411,#4091,.T.);
#2390=EDGE_CURVE('',#3412,#3411,#4092,.T.);
#2391=EDGE_CURVE('',#3412,#3413,#4093,.T.);
#2392=EDGE_CURVE('',#3413,#3414,#4094,.T.);
#2393=EDGE_CURVE('',#3415,#3414,#4095,.T.);
#2394=EDGE_CURVE('',#3416,#3415,#4096,.T.);
#2395=EDGE_CURVE('',#3416,#3417,#4097,.T.);
#2396=EDGE_CURVE('',#3417,#3418,#4098,.T.);
#2397=EDGE_CURVE('',#3419,#3418,#4099,.T.);
#2398=EDGE_CURVE('',#3419,#3420,#4100,.T.);
#2399=EDGE_CURVE('',#3421,#3420,#4101,.T.);
#2400=EDGE_CURVE('',#3406,#3421,#4102,.T.);
#2401=EDGE_CURVE('',#3422,#3423,#4103,.T.);
#2402=EDGE_CURVE('',#3423,#3424,#4104,.T.);
#2403=EDGE_CURVE('',#3425,#3424,#4105,.T.);
#2404=EDGE_CURVE('',#3426,#3425,#4106,.T.);
#2405=EDGE_CURVE('',#3426,#3427,#4107,.T.);
#2406=EDGE_CURVE('',#3427,#3428,#4108,.T.);
#2407=EDGE_CURVE('',#3429,#3428,#4109,.T.);
#2408=EDGE_CURVE('',#3430,#3429,#4110,.T.);
#2409=EDGE_CURVE('',#3430,#3431,#4111,.T.);
#2410=EDGE_CURVE('',#3431,#3432,#4112,.T.);
#2411=EDGE_CURVE('',#3433,#3432,#4113,.T.);
#2412=EDGE_CURVE('',#3422,#3433,#4114,.T.);
#2413=EDGE_CURVE('',#3434,#3435,#4115,.T.);
#2414=EDGE_CURVE('',#3435,#3436,#4116,.T.);
#2415=EDGE_CURVE('',#3437,#3436,#4117,.T.);
#2416=EDGE_CURVE('',#3434,#3437,#4118,.T.);
#2417=EDGE_CURVE('',#3438,#3439,#4119,.T.);
#2418=EDGE_CURVE('',#3439,#3440,#4120,.T.);
#2419=EDGE_CURVE('',#3441,#3440,#4121,.T.);
#2420=EDGE_CURVE('',#3442,#3441,#4122,.T.);
#2421=EDGE_CURVE('',#3442,#3443,#4123,.T.);
#2422=EDGE_CURVE('',#3443,#3444,#4124,.T.);
#2423=EDGE_CURVE('',#3445,#3444,#4125,.T.);
#2424=EDGE_CURVE('',#3446,#3445,#4126,.T.);
#2425=EDGE_CURVE('',#3446,#3447,#4127,.T.);
#2426=EDGE_CURVE('',#3447,#3448,#4128,.T.);
#2427=EDGE_CURVE('',#3449,#3448,#4129,.T.);
#2428=EDGE_CURVE('',#3438,#3449,#4130,.T.);
#2429=EDGE_CURVE('',#3450,#3450,#46,.F.);
#2430=EDGE_CURVE('',#3451,#3451,#47,.F.);
#2431=EDGE_CURVE('',#3170,#3452,#4131,.T.);
#2432=EDGE_CURVE('',#3173,#3453,#48,.F.);
#2433=EDGE_CURVE('',#3454,#3453,#4132,.T.);
#2434=EDGE_CURVE('',#3454,#3455,#49,.F.);
#2435=EDGE_CURVE('',#3456,#3455,#4133,.T.);
#2436=EDGE_CURVE('',#3456,#3457,#50,.F.);
#2437=EDGE_CURVE('',#3458,#3457,#4134,.T.);
#2438=EDGE_CURVE('',#3458,#3459,#51,.F.);
#2439=EDGE_CURVE('',#3460,#3459,#4135,.T.);
#2440=EDGE_CURVE('',#3460,#3461,#4136,.T.);
#2441=EDGE_CURVE('',#3461,#3462,#4137,.T.);
#2442=EDGE_CURVE('',#3462,#3463,#52,.T.);
#2443=EDGE_CURVE('',#3464,#3463,#4138,.T.);
#2444=EDGE_CURVE('',#3464,#3465,#53,.T.);
#2445=EDGE_CURVE('',#3466,#3465,#4139,.T.);
#2446=EDGE_CURVE('',#3466,#3467,#54,.T.);
#2447=EDGE_CURVE('',#3467,#3468,#4140,.T.);
#2448=EDGE_CURVE('',#3468,#3469,#55,.T.);
#2449=EDGE_CURVE('',#3469,#3452,#4141,.T.);
#2450=EDGE_CURVE('',#3470,#3471,#91,.T.);
#2451=EDGE_CURVE('',#3470,#3452,#4142,.T.);
#2452=EDGE_CURVE('',#3472,#3469,#4143,.T.);
#2453=EDGE_CURVE('',#3472,#3471,#4144,.T.);
#2454=EDGE_CURVE('',#3473,#3474,#92,.T.);
#2455=EDGE_CURVE('',#3474,#3460,#4145,.T.);
#2456=EDGE_CURVE('',#3459,#3475,#4146,.F.);
#2457=EDGE_CURVE('',#3475,#3473,#4147,.F.);
#2458=EDGE_CURVE('',#3457,#3476,#4148,.F.);
#2459=EDGE_CURVE('',#3476,#3477,#4149,.F.);
#2460=EDGE_CURVE('',#3477,#3458,#4150,.T.);
#2461=EDGE_CURVE('',#3455,#3478,#4151,.F.);
#2462=EDGE_CURVE('',#3478,#3479,#4152,.F.);
#2463=EDGE_CURVE('',#3479,#3456,#4153,.T.);
#2464=EDGE_CURVE('',#3480,#3481,#4154,.T.);
#2465=EDGE_CURVE('',#3482,#3480,#4155,.T.);
#2466=EDGE_CURVE('',#3482,#3483,#4156,.T.);
#2467=EDGE_CURVE('',#3483,#3481,#4157,.T.);
#2468=EDGE_CURVE('',#3480,#3484,#4158,.T.);
#2469=EDGE_CURVE('',#3485,#3484,#4159,.T.);
#2470=EDGE_CURVE('',#3482,#3485,#4160,.T.);
#2471=EDGE_CURVE('',#3484,#3486,#4161,.T.);
#2472=EDGE_CURVE('',#3486,#3487,#93,.T.);
#2473=EDGE_CURVE('',#3487,#3488,#4162,.T.);
#2474=EDGE_CURVE('',#3488,#3489,#94,.T.);
#2475=EDGE_CURVE('',#3489,#3490,#4163,.T.);
#2476=EDGE_CURVE('',#3491,#3490,#4164,.T.);
#2477=EDGE_CURVE('',#3485,#3491,#4165,.T.);
#2478=EDGE_CURVE('',#3481,#3490,#4166,.T.);
#2479=EDGE_CURVE('',#3483,#3491,#4167,.T.);
#2480=EDGE_CURVE('',#3453,#3492,#4168,.F.);
#2481=EDGE_CURVE('',#3492,#3493,#4169,.F.);
#2482=EDGE_CURVE('',#3493,#3454,#4170,.T.);
#2483=EDGE_CURVE('',#3494,#3495,#56,.T.);
#2484=EDGE_CURVE('',#3495,#3496,#4171,.T.);
#2485=EDGE_CURVE('',#3496,#3497,#57,.T.);
#2486=EDGE_CURVE('',#3497,#3498,#4172,.T.);
#2487=EDGE_CURVE('',#3498,#3499,#58,.T.);
#2488=EDGE_CURVE('',#3499,#3500,#4173,.T.);
#2489=EDGE_CURVE('',#3500,#3501,#59,.T.);
#2490=EDGE_CURVE('',#3501,#3494,#4174,.T.);
#2491=EDGE_CURVE('',#3502,#3174,#4175,.T.);
#2492=EDGE_CURVE('',#3502,#3503,#4176,.T.);
#2493=EDGE_CURVE('',#3503,#3175,#4177,.T.);
#2494=EDGE_CURVE('',#3504,#3177,#4178,.T.);
#2495=EDGE_CURVE('',#3502,#3504,#4179,.T.);
#2496=EDGE_CURVE('',#3505,#3176,#4180,.T.);
#2497=EDGE_CURVE('',#3504,#3505,#4181,.T.);
#2498=EDGE_CURVE('',#3506,#3178,#4182,.T.);
#2499=EDGE_CURVE('',#3506,#3507,#4183,.T.);
#2500=EDGE_CURVE('',#3507,#3179,#4184,.T.);
#2501=EDGE_CURVE('',#3508,#3181,#4185,.T.);
#2502=EDGE_CURVE('',#3506,#3508,#4186,.T.);
#2503=EDGE_CURVE('',#3509,#3180,#4187,.T.);
#2504=EDGE_CURVE('',#3508,#3509,#4188,.T.);
#2505=EDGE_CURVE('',#3510,#3182,#4189,.T.);
#2506=EDGE_CURVE('',#3510,#3511,#4190,.T.);
#2507=EDGE_CURVE('',#3511,#3183,#4191,.T.);
#2508=EDGE_CURVE('',#3512,#3185,#4192,.T.);
#2509=EDGE_CURVE('',#3510,#3512,#4193,.T.);
#2510=EDGE_CURVE('',#3513,#3184,#4194,.T.);
#2511=EDGE_CURVE('',#3512,#3513,#4195,.T.);
#2512=EDGE_CURVE('',#3514,#3186,#4196,.T.);
#2513=EDGE_CURVE('',#3514,#3515,#4197,.T.);
#2514=EDGE_CURVE('',#3515,#3187,#4198,.T.);
#2515=EDGE_CURVE('',#3516,#3189,#4199,.T.);
#2516=EDGE_CURVE('',#3514,#3516,#4200,.T.);
#2517=EDGE_CURVE('',#3517,#3188,#4201,.T.);
#2518=EDGE_CURVE('',#3516,#3517,#4202,.T.);
#2519=EDGE_CURVE('',#3518,#3190,#4203,.T.);
#2520=EDGE_CURVE('',#3518,#3519,#4204,.T.);
#2521=EDGE_CURVE('',#3519,#3191,#4205,.T.);
#2522=EDGE_CURVE('',#3520,#3193,#4206,.T.);
#2523=EDGE_CURVE('',#3518,#3520,#4207,.T.);
#2524=EDGE_CURVE('',#3521,#3192,#4208,.T.);
#2525=EDGE_CURVE('',#3520,#3521,#4209,.T.);
#2526=EDGE_CURVE('',#3522,#3194,#4210,.T.);
#2527=EDGE_CURVE('',#3522,#3523,#4211,.T.);
#2528=EDGE_CURVE('',#3523,#3195,#4212,.T.);
#2529=EDGE_CURVE('',#3524,#3197,#4213,.T.);
#2530=EDGE_CURVE('',#3522,#3524,#4214,.T.);
#2531=EDGE_CURVE('',#3525,#3196,#4215,.T.);
#2532=EDGE_CURVE('',#3524,#3525,#4216,.T.);
#2533=EDGE_CURVE('',#3526,#3198,#4217,.T.);
#2534=EDGE_CURVE('',#3526,#3527,#4218,.T.);
#2535=EDGE_CURVE('',#3527,#3199,#4219,.T.);
#2536=EDGE_CURVE('',#3528,#3201,#4220,.T.);
#2537=EDGE_CURVE('',#3526,#3528,#4221,.T.);
#2538=EDGE_CURVE('',#3529,#3200,#4222,.T.);
#2539=EDGE_CURVE('',#3528,#3529,#4223,.T.);
#2540=EDGE_CURVE('',#3530,#3202,#4224,.T.);
#2541=EDGE_CURVE('',#3530,#3531,#4225,.T.);
#2542=EDGE_CURVE('',#3531,#3203,#4226,.T.);
#2543=EDGE_CURVE('',#3532,#3205,#4227,.T.);
#2544=EDGE_CURVE('',#3530,#3532,#4228,.T.);
#2545=EDGE_CURVE('',#3533,#3204,#4229,.T.);
#2546=EDGE_CURVE('',#3532,#3533,#4230,.T.);
#2547=EDGE_CURVE('',#3534,#3206,#4231,.T.);
#2548=EDGE_CURVE('',#3534,#3535,#4232,.T.);
#2549=EDGE_CURVE('',#3535,#3207,#4233,.T.);
#2550=EDGE_CURVE('',#3536,#3209,#4234,.T.);
#2551=EDGE_CURVE('',#3534,#3536,#4235,.T.);
#2552=EDGE_CURVE('',#3537,#3208,#4236,.T.);
#2553=EDGE_CURVE('',#3536,#3537,#4237,.T.);
#2554=EDGE_CURVE('',#3538,#3210,#4238,.T.);
#2555=EDGE_CURVE('',#3538,#3539,#4239,.T.);
#2556=EDGE_CURVE('',#3539,#3211,#4240,.T.);
#2557=EDGE_CURVE('',#3540,#3213,#4241,.T.);
#2558=EDGE_CURVE('',#3538,#3540,#4242,.T.);
#2559=EDGE_CURVE('',#3541,#3212,#4243,.T.);
#2560=EDGE_CURVE('',#3540,#3541,#4244,.T.);
#2561=EDGE_CURVE('',#3542,#3214,#4245,.T.);
#2562=EDGE_CURVE('',#3542,#3543,#4246,.T.);
#2563=EDGE_CURVE('',#3543,#3215,#4247,.T.);
#2564=EDGE_CURVE('',#3544,#3217,#4248,.T.);
#2565=EDGE_CURVE('',#3542,#3544,#4249,.T.);
#2566=EDGE_CURVE('',#3545,#3216,#4250,.T.);
#2567=EDGE_CURVE('',#3544,#3545,#4251,.T.);
#2568=EDGE_CURVE('',#3546,#3218,#4252,.T.);
#2569=EDGE_CURVE('',#3546,#3547,#4253,.T.);
#2570=EDGE_CURVE('',#3547,#3219,#4254,.T.);
#2571=EDGE_CURVE('',#3548,#3221,#4255,.T.);
#2572=EDGE_CURVE('',#3546,#3548,#4256,.T.);
#2573=EDGE_CURVE('',#3549,#3220,#4257,.T.);
#2574=EDGE_CURVE('',#3548,#3549,#4258,.T.);
#2575=EDGE_CURVE('',#3550,#3222,#4259,.T.);
#2576=EDGE_CURVE('',#3550,#3551,#4260,.T.);
#2577=EDGE_CURVE('',#3551,#3223,#4261,.T.);
#2578=EDGE_CURVE('',#3552,#3225,#4262,.T.);
#2579=EDGE_CURVE('',#3550,#3552,#4263,.T.);
#2580=EDGE_CURVE('',#3553,#3224,#4264,.T.);
#2581=EDGE_CURVE('',#3552,#3553,#4265,.T.);
#2582=EDGE_CURVE('',#3554,#3226,#4266,.T.);
#2583=EDGE_CURVE('',#3554,#3555,#4267,.T.);
#2584=EDGE_CURVE('',#3555,#3227,#4268,.T.);
#2585=EDGE_CURVE('',#3556,#3229,#4269,.T.);
#2586=EDGE_CURVE('',#3554,#3556,#4270,.T.);
#2587=EDGE_CURVE('',#3557,#3228,#4271,.T.);
#2588=EDGE_CURVE('',#3556,#3557,#4272,.T.);
#2589=EDGE_CURVE('',#3558,#3230,#4273,.T.);
#2590=EDGE_CURVE('',#3558,#3559,#4274,.T.);
#2591=EDGE_CURVE('',#3559,#3231,#4275,.T.);
#2592=EDGE_CURVE('',#3560,#3233,#4276,.T.);
#2593=EDGE_CURVE('',#3558,#3560,#4277,.T.);
#2594=EDGE_CURVE('',#3561,#3232,#4278,.T.);
#2595=EDGE_CURVE('',#3560,#3561,#4279,.T.);
#2596=EDGE_CURVE('',#3562,#3234,#4280,.T.);
#2597=EDGE_CURVE('',#3562,#3563,#4281,.T.);
#2598=EDGE_CURVE('',#3563,#3235,#4282,.T.);
#2599=EDGE_CURVE('',#3564,#3237,#4283,.T.);
#2600=EDGE_CURVE('',#3562,#3564,#4284,.T.);
#2601=EDGE_CURVE('',#3565,#3236,#4285,.T.);
#2602=EDGE_CURVE('',#3564,#3565,#4286,.T.);
#2603=EDGE_CURVE('',#3566,#3238,#4287,.T.);
#2604=EDGE_CURVE('',#3566,#3567,#4288,.T.);
#2605=EDGE_CURVE('',#3567,#3239,#4289,.T.);
#2606=EDGE_CURVE('',#3568,#3241,#4290,.T.);
#2607=EDGE_CURVE('',#3566,#3568,#4291,.T.);
#2608=EDGE_CURVE('',#3569,#3240,#4292,.T.);
#2609=EDGE_CURVE('',#3568,#3569,#4293,.T.);
#2610=EDGE_CURVE('',#3570,#3242,#4294,.T.);
#2611=EDGE_CURVE('',#3570,#3571,#4295,.T.);
#2612=EDGE_CURVE('',#3571,#3243,#4296,.T.);
#2613=EDGE_CURVE('',#3572,#3245,#4297,.T.);
#2614=EDGE_CURVE('',#3570,#3572,#4298,.T.);
#2615=EDGE_CURVE('',#3573,#3244,#4299,.T.);
#2616=EDGE_CURVE('',#3572,#3573,#4300,.T.);
#2617=EDGE_CURVE('',#3574,#3246,#4301,.T.);
#2618=EDGE_CURVE('',#3574,#3575,#4302,.T.);
#2619=EDGE_CURVE('',#3575,#3247,#4303,.T.);
#2620=EDGE_CURVE('',#3576,#3249,#4304,.T.);
#2621=EDGE_CURVE('',#3574,#3576,#4305,.T.);
#2622=EDGE_CURVE('',#3577,#3248,#4306,.T.);
#2623=EDGE_CURVE('',#3576,#3577,#4307,.T.);
#2624=EDGE_CURVE('',#3578,#3250,#4308,.T.);
#2625=EDGE_CURVE('',#3578,#3579,#4309,.T.);
#2626=EDGE_CURVE('',#3579,#3251,#4310,.T.);
#2627=EDGE_CURVE('',#3580,#3253,#4311,.T.);
#2628=EDGE_CURVE('',#3578,#3580,#4312,.T.);
#2629=EDGE_CURVE('',#3581,#3252,#4313,.T.);
#2630=EDGE_CURVE('',#3580,#3581,#4314,.T.);
#2631=EDGE_CURVE('',#3582,#3254,#4315,.T.);
#2632=EDGE_CURVE('',#3582,#3583,#4316,.T.);
#2633=EDGE_CURVE('',#3583,#3255,#4317,.T.);
#2634=EDGE_CURVE('',#3584,#3257,#4318,.T.);
#2635=EDGE_CURVE('',#3582,#3584,#4319,.T.);
#2636=EDGE_CURVE('',#3585,#3256,#4320,.T.);
#2637=EDGE_CURVE('',#3584,#3585,#4321,.T.);
#2638=EDGE_CURVE('',#3586,#3258,#4322,.T.);
#2639=EDGE_CURVE('',#3586,#3587,#4323,.T.);
#2640=EDGE_CURVE('',#3587,#3259,#4324,.T.);
#2641=EDGE_CURVE('',#3588,#3261,#4325,.T.);
#2642=EDGE_CURVE('',#3586,#3588,#4326,.T.);
#2643=EDGE_CURVE('',#3589,#3260,#4327,.T.);
#2644=EDGE_CURVE('',#3588,#3589,#4328,.T.);
#2645=EDGE_CURVE('',#3590,#3262,#4329,.T.);
#2646=EDGE_CURVE('',#3590,#3591,#4330,.T.);
#2647=EDGE_CURVE('',#3591,#3263,#4331,.T.);
#2648=EDGE_CURVE('',#3592,#3265,#4332,.T.);
#2649=EDGE_CURVE('',#3590,#3592,#4333,.T.);
#2650=EDGE_CURVE('',#3593,#3264,#4334,.T.);
#2651=EDGE_CURVE('',#3592,#3593,#4335,.T.);
#2652=EDGE_CURVE('',#3594,#3266,#4336,.T.);
#2653=EDGE_CURVE('',#3594,#3595,#4337,.T.);
#2654=EDGE_CURVE('',#3595,#3267,#4338,.T.);
#2655=EDGE_CURVE('',#3596,#3269,#4339,.T.);
#2656=EDGE_CURVE('',#3594,#3596,#4340,.T.);
#2657=EDGE_CURVE('',#3597,#3268,#4341,.T.);
#2658=EDGE_CURVE('',#3596,#3597,#4342,.T.);
#2659=EDGE_CURVE('',#3598,#3270,#4343,.T.);
#2660=EDGE_CURVE('',#3598,#3599,#4344,.T.);
#2661=EDGE_CURVE('',#3599,#3271,#4345,.T.);
#2662=EDGE_CURVE('',#3600,#3273,#4346,.T.);
#2663=EDGE_CURVE('',#3598,#3600,#4347,.T.);
#2664=EDGE_CURVE('',#3601,#3272,#4348,.T.);
#2665=EDGE_CURVE('',#3600,#3601,#4349,.T.);
#2666=EDGE_CURVE('',#3602,#3274,#4350,.T.);
#2667=EDGE_CURVE('',#3602,#3603,#4351,.T.);
#2668=EDGE_CURVE('',#3603,#3275,#4352,.T.);
#2669=EDGE_CURVE('',#3604,#3277,#4353,.T.);
#2670=EDGE_CURVE('',#3602,#3604,#4354,.T.);
#2671=EDGE_CURVE('',#3605,#3276,#4355,.T.);
#2672=EDGE_CURVE('',#3604,#3605,#4356,.T.);
#2673=EDGE_CURVE('',#3606,#3278,#4357,.T.);
#2674=EDGE_CURVE('',#3606,#3607,#4358,.T.);
#2675=EDGE_CURVE('',#3607,#3279,#4359,.T.);
#2676=EDGE_CURVE('',#3608,#3281,#4360,.T.);
#2677=EDGE_CURVE('',#3606,#3608,#4361,.T.);
#2678=EDGE_CURVE('',#3609,#3280,#4362,.T.);
#2679=EDGE_CURVE('',#3608,#3609,#4363,.T.);
#2680=EDGE_CURVE('',#3610,#3282,#4364,.T.);
#2681=EDGE_CURVE('',#3610,#3611,#4365,.T.);
#2682=EDGE_CURVE('',#3611,#3283,#4366,.T.);
#2683=EDGE_CURVE('',#3612,#3285,#4367,.T.);
#2684=EDGE_CURVE('',#3610,#3612,#4368,.T.);
#2685=EDGE_CURVE('',#3613,#3284,#4369,.T.);
#2686=EDGE_CURVE('',#3612,#3613,#4370,.T.);
#2687=EDGE_CURVE('',#3614,#3286,#4371,.T.);
#2688=EDGE_CURVE('',#3614,#3615,#4372,.T.);
#2689=EDGE_CURVE('',#3615,#3287,#4373,.T.);
#2690=EDGE_CURVE('',#3616,#3289,#4374,.T.);
#2691=EDGE_CURVE('',#3614,#3616,#4375,.T.);
#2692=EDGE_CURVE('',#3617,#3288,#4376,.T.);
#2693=EDGE_CURVE('',#3616,#3617,#4377,.T.);
#2694=EDGE_CURVE('',#3618,#3290,#4378,.T.);
#2695=EDGE_CURVE('',#3618,#3619,#4379,.T.);
#2696=EDGE_CURVE('',#3619,#3291,#4380,.T.);
#2697=EDGE_CURVE('',#3620,#3293,#4381,.T.);
#2698=EDGE_CURVE('',#3618,#3620,#4382,.T.);
#2699=EDGE_CURVE('',#3621,#3292,#4383,.T.);
#2700=EDGE_CURVE('',#3620,#3621,#4384,.T.);
#2701=EDGE_CURVE('',#3622,#3294,#4385,.T.);
#2702=EDGE_CURVE('',#3622,#3623,#4386,.T.);
#2703=EDGE_CURVE('',#3623,#3295,#4387,.T.);
#2704=EDGE_CURVE('',#3624,#3297,#4388,.T.);
#2705=EDGE_CURVE('',#3622,#3624,#4389,.T.);
#2706=EDGE_CURVE('',#3625,#3296,#4390,.T.);
#2707=EDGE_CURVE('',#3624,#3625,#4391,.T.);
#2708=EDGE_CURVE('',#3626,#3298,#4392,.T.);
#2709=EDGE_CURVE('',#3626,#3627,#4393,.T.);
#2710=EDGE_CURVE('',#3627,#3299,#4394,.T.);
#2711=EDGE_CURVE('',#3628,#3301,#4395,.T.);
#2712=EDGE_CURVE('',#3626,#3628,#4396,.T.);
#2713=EDGE_CURVE('',#3629,#3300,#4397,.T.);
#2714=EDGE_CURVE('',#3628,#3629,#4398,.T.);
#2715=EDGE_CURVE('',#3630,#3302,#4399,.T.);
#2716=EDGE_CURVE('',#3630,#3631,#4400,.T.);
#2717=EDGE_CURVE('',#3631,#3303,#4401,.T.);
#2718=EDGE_CURVE('',#3632,#3305,#4402,.T.);
#2719=EDGE_CURVE('',#3630,#3632,#4403,.T.);
#2720=EDGE_CURVE('',#3633,#3304,#4404,.T.);
#2721=EDGE_CURVE('',#3632,#3633,#4405,.T.);
#2722=EDGE_CURVE('',#3634,#3306,#4406,.T.);
#2723=EDGE_CURVE('',#3634,#3635,#4407,.T.);
#2724=EDGE_CURVE('',#3635,#3307,#4408,.T.);
#2725=EDGE_CURVE('',#3636,#3309,#4409,.T.);
#2726=EDGE_CURVE('',#3634,#3636,#4410,.T.);
#2727=EDGE_CURVE('',#3637,#3308,#4411,.T.);
#2728=EDGE_CURVE('',#3636,#3637,#4412,.T.);
#2729=EDGE_CURVE('',#3638,#3310,#4413,.T.);
#2730=EDGE_CURVE('',#3638,#3639,#4414,.T.);
#2731=EDGE_CURVE('',#3639,#3311,#4415,.T.);
#2732=EDGE_CURVE('',#3640,#3313,#4416,.T.);
#2733=EDGE_CURVE('',#3638,#3640,#4417,.T.);
#2734=EDGE_CURVE('',#3641,#3312,#4418,.T.);
#2735=EDGE_CURVE('',#3640,#3641,#4419,.T.);
#2736=EDGE_CURVE('',#3642,#3314,#4420,.T.);
#2737=EDGE_CURVE('',#3642,#3643,#4421,.T.);
#2738=EDGE_CURVE('',#3643,#3315,#4422,.T.);
#2739=EDGE_CURVE('',#3644,#3317,#4423,.T.);
#2740=EDGE_CURVE('',#3642,#3644,#4424,.T.);
#2741=EDGE_CURVE('',#3645,#3316,#4425,.T.);
#2742=EDGE_CURVE('',#3644,#3645,#4426,.T.);
#2743=EDGE_CURVE('',#3646,#3318,#4427,.T.);
#2744=EDGE_CURVE('',#3646,#3647,#4428,.T.);
#2745=EDGE_CURVE('',#3647,#3319,#4429,.T.);
#2746=EDGE_CURVE('',#3648,#3321,#4430,.T.);
#2747=EDGE_CURVE('',#3646,#3648,#4431,.T.);
#2748=EDGE_CURVE('',#3649,#3320,#4432,.T.);
#2749=EDGE_CURVE('',#3648,#3649,#4433,.T.);
#2750=EDGE_CURVE('',#3650,#3322,#4434,.T.);
#2751=EDGE_CURVE('',#3650,#3651,#4435,.T.);
#2752=EDGE_CURVE('',#3651,#3323,#4436,.T.);
#2753=EDGE_CURVE('',#3652,#3325,#4437,.T.);
#2754=EDGE_CURVE('',#3650,#3652,#4438,.T.);
#2755=EDGE_CURVE('',#3653,#3324,#4439,.T.);
#2756=EDGE_CURVE('',#3652,#3653,#4440,.T.);
#2757=EDGE_CURVE('',#3654,#3326,#4441,.T.);
#2758=EDGE_CURVE('',#3654,#3655,#4442,.T.);
#2759=EDGE_CURVE('',#3655,#3327,#4443,.T.);
#2760=EDGE_CURVE('',#3656,#3329,#4444,.T.);
#2761=EDGE_CURVE('',#3654,#3656,#4445,.T.);
#2762=EDGE_CURVE('',#3657,#3328,#4446,.T.);
#2763=EDGE_CURVE('',#3656,#3657,#4447,.T.);
#2764=EDGE_CURVE('',#3658,#3330,#4448,.T.);
#2765=EDGE_CURVE('',#3658,#3659,#4449,.T.);
#2766=EDGE_CURVE('',#3659,#3331,#4450,.T.);
#2767=EDGE_CURVE('',#3660,#3333,#4451,.T.);
#2768=EDGE_CURVE('',#3658,#3660,#4452,.T.);
#2769=EDGE_CURVE('',#3661,#3332,#4453,.T.);
#2770=EDGE_CURVE('',#3660,#3661,#4454,.T.);
#2771=EDGE_CURVE('',#3662,#3334,#4455,.T.);
#2772=EDGE_CURVE('',#3662,#3663,#4456,.T.);
#2773=EDGE_CURVE('',#3663,#3335,#4457,.T.);
#2774=EDGE_CURVE('',#3664,#3337,#4458,.T.);
#2775=EDGE_CURVE('',#3662,#3664,#4459,.T.);
#2776=EDGE_CURVE('',#3665,#3336,#4460,.T.);
#2777=EDGE_CURVE('',#3664,#3665,#4461,.T.);
#2778=EDGE_CURVE('',#3666,#3338,#4462,.T.);
#2779=EDGE_CURVE('',#3666,#3667,#4463,.T.);
#2780=EDGE_CURVE('',#3667,#3339,#4464,.T.);
#2781=EDGE_CURVE('',#3668,#3341,#4465,.T.);
#2782=EDGE_CURVE('',#3666,#3668,#4466,.T.);
#2783=EDGE_CURVE('',#3669,#3340,#4467,.T.);
#2784=EDGE_CURVE('',#3668,#3669,#4468,.T.);
#2785=EDGE_CURVE('',#3670,#3342,#4469,.T.);
#2786=EDGE_CURVE('',#3670,#3671,#4470,.T.);
#2787=EDGE_CURVE('',#3671,#3343,#4471,.T.);
#2788=EDGE_CURVE('',#3672,#3345,#4472,.T.);
#2789=EDGE_CURVE('',#3670,#3672,#4473,.T.);
#2790=EDGE_CURVE('',#3673,#3344,#4474,.T.);
#2791=EDGE_CURVE('',#3672,#3673,#4475,.T.);
#2792=EDGE_CURVE('',#3674,#3346,#4476,.T.);
#2793=EDGE_CURVE('',#3674,#3675,#4477,.T.);
#2794=EDGE_CURVE('',#3675,#3347,#4478,.T.);
#2795=EDGE_CURVE('',#3676,#3349,#4479,.T.);
#2796=EDGE_CURVE('',#3674,#3676,#4480,.T.);
#2797=EDGE_CURVE('',#3677,#3348,#4481,.T.);
#2798=EDGE_CURVE('',#3676,#3677,#4482,.T.);
#2799=EDGE_CURVE('',#3678,#3350,#4483,.T.);
#2800=EDGE_CURVE('',#3678,#3679,#4484,.T.);
#2801=EDGE_CURVE('',#3679,#3351,#4485,.T.);
#2802=EDGE_CURVE('',#3680,#3353,#4486,.T.);
#2803=EDGE_CURVE('',#3678,#3680,#4487,.T.);
#2804=EDGE_CURVE('',#3681,#3352,#4488,.T.);
#2805=EDGE_CURVE('',#3680,#3681,#4489,.T.);
#2806=EDGE_CURVE('',#3682,#3354,#4490,.T.);
#2807=EDGE_CURVE('',#3682,#3683,#4491,.T.);
#2808=EDGE_CURVE('',#3683,#3355,#4492,.T.);
#2809=EDGE_CURVE('',#3684,#3357,#4493,.T.);
#2810=EDGE_CURVE('',#3682,#3684,#4494,.T.);
#2811=EDGE_CURVE('',#3685,#3356,#4495,.T.);
#2812=EDGE_CURVE('',#3684,#3685,#4496,.T.);
#2813=EDGE_CURVE('',#3686,#3358,#4497,.T.);
#2814=EDGE_CURVE('',#3686,#3687,#4498,.T.);
#2815=EDGE_CURVE('',#3687,#3359,#4499,.T.);
#2816=EDGE_CURVE('',#3688,#3361,#4500,.T.);
#2817=EDGE_CURVE('',#3686,#3688,#4501,.T.);
#2818=EDGE_CURVE('',#3689,#3360,#4502,.T.);
#2819=EDGE_CURVE('',#3688,#3689,#4503,.T.);
#2820=EDGE_CURVE('',#3690,#3362,#4504,.T.);
#2821=EDGE_CURVE('',#3690,#3691,#4505,.T.);
#2822=EDGE_CURVE('',#3691,#3363,#4506,.T.);
#2823=EDGE_CURVE('',#3692,#3365,#4507,.T.);
#2824=EDGE_CURVE('',#3690,#3692,#4508,.T.);
#2825=EDGE_CURVE('',#3693,#3364,#4509,.T.);
#2826=EDGE_CURVE('',#3692,#3693,#4510,.T.);
#2827=EDGE_CURVE('',#3694,#3366,#4511,.T.);
#2828=EDGE_CURVE('',#3694,#3695,#4512,.T.);
#2829=EDGE_CURVE('',#3695,#3367,#4513,.T.);
#2830=EDGE_CURVE('',#3696,#3369,#4514,.T.);
#2831=EDGE_CURVE('',#3694,#3696,#4515,.T.);
#2832=EDGE_CURVE('',#3697,#3368,#4516,.T.);
#2833=EDGE_CURVE('',#3696,#3697,#4517,.T.);
#2834=EDGE_CURVE('',#3698,#3370,#4518,.T.);
#2835=EDGE_CURVE('',#3698,#3699,#4519,.T.);
#2836=EDGE_CURVE('',#3699,#3371,#4520,.T.);
#2837=EDGE_CURVE('',#3700,#3373,#4521,.T.);
#2838=EDGE_CURVE('',#3698,#3700,#4522,.T.);
#2839=EDGE_CURVE('',#3701,#3372,#4523,.T.);
#2840=EDGE_CURVE('',#3700,#3701,#4524,.T.);
#2841=EDGE_CURVE('',#3702,#3374,#4525,.T.);
#2842=EDGE_CURVE('',#3702,#3703,#4526,.T.);
#2843=EDGE_CURVE('',#3703,#3375,#4527,.T.);
#2844=EDGE_CURVE('',#3704,#3377,#4528,.T.);
#2845=EDGE_CURVE('',#3702,#3704,#4529,.T.);
#2846=EDGE_CURVE('',#3705,#3376,#4530,.T.);
#2847=EDGE_CURVE('',#3704,#3705,#4531,.T.);
#2848=EDGE_CURVE('',#3706,#3378,#4532,.T.);
#2849=EDGE_CURVE('',#3706,#3707,#4533,.T.);
#2850=EDGE_CURVE('',#3707,#3379,#4534,.T.);
#2851=EDGE_CURVE('',#3708,#3381,#4535,.T.);
#2852=EDGE_CURVE('',#3706,#3708,#4536,.T.);
#2853=EDGE_CURVE('',#3709,#3380,#4537,.T.);
#2854=EDGE_CURVE('',#3708,#3709,#4538,.T.);
#2855=EDGE_CURVE('',#3710,#3382,#4539,.T.);
#2856=EDGE_CURVE('',#3710,#3711,#4540,.T.);
#2857=EDGE_CURVE('',#3711,#3383,#4541,.T.);
#2858=EDGE_CURVE('',#3712,#3385,#4542,.T.);
#2859=EDGE_CURVE('',#3710,#3712,#4543,.T.);
#2860=EDGE_CURVE('',#3713,#3384,#4544,.T.);
#2861=EDGE_CURVE('',#3712,#3713,#4545,.T.);
#2862=EDGE_CURVE('',#3714,#3386,#4546,.T.);
#2863=EDGE_CURVE('',#3714,#3715,#4547,.T.);
#2864=EDGE_CURVE('',#3715,#3387,#4548,.T.);
#2865=EDGE_CURVE('',#3716,#3389,#4549,.T.);
#2866=EDGE_CURVE('',#3714,#3716,#4550,.T.);
#2867=EDGE_CURVE('',#3717,#3388,#4551,.T.);
#2868=EDGE_CURVE('',#3716,#3717,#4552,.T.);
#2869=EDGE_CURVE('',#3718,#3390,#4553,.T.);
#2870=EDGE_CURVE('',#3718,#3719,#4554,.T.);
#2871=EDGE_CURVE('',#3719,#3391,#4555,.T.);
#2872=EDGE_CURVE('',#3720,#3393,#4556,.T.);
#2873=EDGE_CURVE('',#3718,#3720,#4557,.T.);
#2874=EDGE_CURVE('',#3721,#3392,#4558,.T.);
#2875=EDGE_CURVE('',#3720,#3721,#4559,.T.);
#2876=EDGE_CURVE('',#3722,#3394,#4560,.T.);
#2877=EDGE_CURVE('',#3722,#3723,#4561,.T.);
#2878=EDGE_CURVE('',#3723,#3395,#4562,.T.);
#2879=EDGE_CURVE('',#3724,#3397,#4563,.T.);
#2880=EDGE_CURVE('',#3722,#3724,#4564,.T.);
#2881=EDGE_CURVE('',#3725,#3396,#4565,.T.);
#2882=EDGE_CURVE('',#3724,#3725,#4566,.T.);
#2883=EDGE_CURVE('',#3726,#3398,#4567,.T.);
#2884=EDGE_CURVE('',#3726,#3727,#4568,.T.);
#2885=EDGE_CURVE('',#3727,#3399,#4569,.T.);
#2886=EDGE_CURVE('',#3728,#3401,#4570,.T.);
#2887=EDGE_CURVE('',#3726,#3728,#4571,.T.);
#2888=EDGE_CURVE('',#3729,#3400,#4572,.T.);
#2889=EDGE_CURVE('',#3728,#3729,#4573,.T.);
#2890=EDGE_CURVE('',#3730,#3402,#4574,.T.);
#2891=EDGE_CURVE('',#3730,#3731,#4575,.T.);
#2892=EDGE_CURVE('',#3731,#3403,#4576,.T.);
#2893=EDGE_CURVE('',#3732,#3405,#4577,.T.);
#2894=EDGE_CURVE('',#3730,#3732,#4578,.T.);
#2895=EDGE_CURVE('',#3733,#3404,#4579,.T.);
#2896=EDGE_CURVE('',#3732,#3733,#4580,.T.);
#2897=EDGE_CURVE('',#3734,#3466,#4581,.T.);
#2898=EDGE_CURVE('',#3734,#3735,#60,.T.);
#2899=EDGE_CURVE('',#3735,#3467,#4582,.T.);
#2900=EDGE_CURVE('',#3736,#3465,#4583,.T.);
#2901=EDGE_CURVE('',#3734,#3736,#4584,.T.);
#2902=EDGE_CURVE('',#3737,#3464,#4585,.T.);
#2903=EDGE_CURVE('',#3737,#3736,#61,.T.);
#2904=EDGE_CURVE('',#3738,#3463,#4586,.T.);
#2905=EDGE_CURVE('',#3737,#3738,#4587,.T.);
#2906=EDGE_CURVE('',#3739,#3462,#4588,.T.);
#2907=EDGE_CURVE('',#3739,#3738,#62,.T.);
#2908=EDGE_CURVE('',#3740,#3461,#4589,.T.);
#2909=EDGE_CURVE('',#3741,#3740,#95,.T.);
#2910=EDGE_CURVE('',#3741,#3739,#4590,.T.);
#2911=EDGE_CURVE('',#3742,#3468,#4591,.T.);
#2912=EDGE_CURVE('',#3742,#3472,#63,.T.);
#2913=EDGE_CURVE('',#3743,#3406,#4592,.T.);
#2914=EDGE_CURVE('',#3743,#3744,#4593,.T.);
#2915=EDGE_CURVE('',#3744,#3407,#4594,.T.);
#2916=EDGE_CURVE('',#3745,#3421,#4595,.T.);
#2917=EDGE_CURVE('',#3743,#3745,#4596,.T.);
#2918=EDGE_CURVE('',#3746,#3420,#4597,.T.);
#2919=EDGE_CURVE('',#3745,#3746,#4598,.T.);
#2920=EDGE_CURVE('',#3747,#3419,#4599,.T.);
#2921=EDGE_CURVE('',#3747,#3746,#4600,.T.);
#2922=EDGE_CURVE('',#3748,#3418,#4601,.T.);
#2923=EDGE_CURVE('',#3747,#3748,#4602,.T.);
#2924=EDGE_CURVE('',#3749,#3417,#4603,.T.);
#2925=EDGE_CURVE('',#3749,#3748,#4604,.T.);
#2926=EDGE_CURVE('',#3750,#3416,#4605,.T.);
#2927=EDGE_CURVE('',#3750,#3749,#4606,.T.);
#2928=EDGE_CURVE('',#3751,#3415,#4607,.T.);
#2929=EDGE_CURVE('',#3750,#3751,#4608,.T.);
#2930=EDGE_CURVE('',#3752,#3414,#4609,.T.);
#2931=EDGE_CURVE('',#3751,#3752,#4610,.T.);
#2932=EDGE_CURVE('',#3753,#3413,#4611,.T.);
#2933=EDGE_CURVE('',#3753,#3752,#4612,.T.);
#2934=EDGE_CURVE('',#3754,#3412,#4613,.T.);
#2935=EDGE_CURVE('',#3754,#3753,#4614,.T.);
#2936=EDGE_CURVE('',#3755,#3411,#4615,.T.);
#2937=EDGE_CURVE('',#3754,#3755,#4616,.T.);
#2938=EDGE_CURVE('',#3756,#3410,#4617,.T.);
#2939=EDGE_CURVE('',#3756,#3755,#4618,.T.);
#2940=EDGE_CURVE('',#3757,#3409,#4619,.T.);
#2941=EDGE_CURVE('',#3756,#3757,#4620,.T.);
#2942=EDGE_CURVE('',#3758,#3408,#4621,.T.);
#2943=EDGE_CURVE('',#3757,#3758,#4622,.T.);
#2944=EDGE_CURVE('',#3759,#3422,#4623,.T.);
#2945=EDGE_CURVE('',#3759,#3760,#4624,.T.);
#2946=EDGE_CURVE('',#3760,#3423,#4625,.T.);
#2947=EDGE_CURVE('',#3761,#3433,#4626,.T.);
#2948=EDGE_CURVE('',#3759,#3761,#4627,.T.);
#2949=EDGE_CURVE('',#3762,#3432,#4628,.T.);
#2950=EDGE_CURVE('',#3761,#3762,#4629,.T.);
#2951=EDGE_CURVE('',#3763,#3431,#4630,.T.);
#2952=EDGE_CURVE('',#3763,#3762,#4631,.T.);
#2953=EDGE_CURVE('',#3764,#3430,#4632,.T.);
#2954=EDGE_CURVE('',#3764,#3763,#4633,.T.);
#2955=EDGE_CURVE('',#3765,#3429,#4634,.T.);
#2956=EDGE_CURVE('',#3764,#3765,#4635,.T.);
#2957=EDGE_CURVE('',#3766,#3428,#4636,.T.);
#2958=EDGE_CURVE('',#3765,#3766,#4637,.T.);
#2959=EDGE_CURVE('',#3767,#3427,#4638,.T.);
#2960=EDGE_CURVE('',#3767,#3766,#4639,.T.);
#2961=EDGE_CURVE('',#3768,#3426,#4640,.T.);
#2962=EDGE_CURVE('',#3768,#3767,#4641,.T.);
#2963=EDGE_CURVE('',#3769,#3425,#4642,.T.);
#2964=EDGE_CURVE('',#3768,#3769,#4643,.T.);
#2965=EDGE_CURVE('',#3770,#3424,#4644,.T.);
#2966=EDGE_CURVE('',#3769,#3770,#4645,.T.);
#2967=EDGE_CURVE('',#3771,#3434,#4646,.T.);
#2968=EDGE_CURVE('',#3771,#3772,#4647,.T.);
#2969=EDGE_CURVE('',#3772,#3435,#4648,.T.);
#2970=EDGE_CURVE('',#3773,#3437,#4649,.T.);
#2971=EDGE_CURVE('',#3771,#3773,#4650,.T.);
#2972=EDGE_CURVE('',#3774,#3436,#4651,.T.);
#2973=EDGE_CURVE('',#3773,#3774,#4652,.T.);
#2974=EDGE_CURVE('',#3775,#3438,#4653,.T.);
#2975=EDGE_CURVE('',#3775,#3776,#4654,.T.);
#2976=EDGE_CURVE('',#3776,#3439,#4655,.T.);
#2977=EDGE_CURVE('',#3777,#3449,#4656,.T.);
#2978=EDGE_CURVE('',#3775,#3777,#4657,.T.);
#2979=EDGE_CURVE('',#3778,#3448,#4658,.T.);
#2980=EDGE_CURVE('',#3777,#3778,#4659,.T.);
#2981=EDGE_CURVE('',#3779,#3447,#4660,.T.);
#2982=EDGE_CURVE('',#3779,#3778,#4661,.T.);
#2983=EDGE_CURVE('',#3780,#3446,#4662,.T.);
#2984=EDGE_CURVE('',#3780,#3779,#4663,.T.);
#2985=EDGE_CURVE('',#3781,#3445,#4664,.T.);
#2986=EDGE_CURVE('',#3780,#3781,#4665,.T.);
#2987=EDGE_CURVE('',#3782,#3444,#4666,.T.);
#2988=EDGE_CURVE('',#3781,#3782,#4667,.T.);
#2989=EDGE_CURVE('',#3783,#3443,#4668,.T.);
#2990=EDGE_CURVE('',#3783,#3782,#4669,.T.);
#2991=EDGE_CURVE('',#3784,#3442,#4670,.T.);
#2992=EDGE_CURVE('',#3784,#3783,#4671,.T.);
#2993=EDGE_CURVE('',#3785,#3441,#4672,.T.);
#2994=EDGE_CURVE('',#3784,#3785,#4673,.T.);
#2995=EDGE_CURVE('',#3786,#3440,#4674,.T.);
#2996=EDGE_CURVE('',#3785,#3786,#4675,.T.);
#2997=EDGE_CURVE('',#3507,#3509,#4676,.T.);
#2998=EDGE_CURVE('',#3511,#3513,#4677,.T.);
#2999=EDGE_CURVE('',#3515,#3517,#4678,.T.);
#3000=EDGE_CURVE('',#3519,#3521,#4679,.T.);
#3001=EDGE_CURVE('',#3523,#3525,#4680,.T.);
#3002=EDGE_CURVE('',#3527,#3529,#4681,.T.);
#3003=EDGE_CURVE('',#3531,#3533,#4682,.T.);
#3004=EDGE_CURVE('',#3535,#3537,#4683,.T.);
#3005=EDGE_CURVE('',#3539,#3541,#4684,.T.);
#3006=EDGE_CURVE('',#3543,#3545,#4685,.T.);
#3007=EDGE_CURVE('',#3547,#3549,#4686,.T.);
#3008=EDGE_CURVE('',#3551,#3553,#4687,.T.);
#3009=EDGE_CURVE('',#3555,#3557,#4688,.T.);
#3010=EDGE_CURVE('',#3559,#3561,#4689,.T.);
#3011=EDGE_CURVE('',#3563,#3565,#4690,.T.);
#3012=EDGE_CURVE('',#3567,#3569,#4691,.T.);
#3013=EDGE_CURVE('',#3571,#3573,#4692,.T.);
#3014=EDGE_CURVE('',#3575,#3577,#4693,.T.);
#3015=EDGE_CURVE('',#3579,#3581,#4694,.T.);
#3016=EDGE_CURVE('',#3583,#3585,#4695,.T.);
#3017=EDGE_CURVE('',#3587,#3589,#4696,.T.);
#3018=EDGE_CURVE('',#3591,#3593,#4697,.T.);
#3019=EDGE_CURVE('',#3595,#3597,#4698,.T.);
#3020=EDGE_CURVE('',#3599,#3601,#4699,.T.);
#3021=EDGE_CURVE('',#3603,#3605,#4700,.T.);
#3022=EDGE_CURVE('',#3607,#3609,#4701,.T.);
#3023=EDGE_CURVE('',#3611,#3613,#4702,.T.);
#3024=EDGE_CURVE('',#3615,#3617,#4703,.T.);
#3025=EDGE_CURVE('',#3619,#3621,#4704,.T.);
#3026=EDGE_CURVE('',#3623,#3625,#4705,.T.);
#3027=EDGE_CURVE('',#3627,#3629,#4706,.T.);
#3028=EDGE_CURVE('',#3631,#3633,#4707,.T.);
#3029=EDGE_CURVE('',#3635,#3637,#4708,.T.);
#3030=EDGE_CURVE('',#3639,#3641,#4709,.T.);
#3031=EDGE_CURVE('',#3643,#3645,#4710,.T.);
#3032=EDGE_CURVE('',#3647,#3649,#4711,.T.);
#3033=EDGE_CURVE('',#3651,#3653,#4712,.T.);
#3034=EDGE_CURVE('',#3655,#3657,#4713,.T.);
#3035=EDGE_CURVE('',#3659,#3661,#4714,.T.);
#3036=EDGE_CURVE('',#3663,#3665,#4715,.T.);
#3037=EDGE_CURVE('',#3667,#3669,#4716,.T.);
#3038=EDGE_CURVE('',#3671,#3673,#4717,.T.);
#3039=EDGE_CURVE('',#3675,#3677,#4718,.T.);
#3040=EDGE_CURVE('',#3679,#3681,#4719,.T.);
#3041=EDGE_CURVE('',#3683,#3685,#4720,.T.);
#3042=EDGE_CURVE('',#3687,#3689,#4721,.T.);
#3043=EDGE_CURVE('',#3691,#3693,#4722,.T.);
#3044=EDGE_CURVE('',#3695,#3697,#4723,.T.);
#3045=EDGE_CURVE('',#3699,#3701,#4724,.T.);
#3046=EDGE_CURVE('',#3703,#3705,#4725,.T.);
#3047=EDGE_CURVE('',#3707,#3709,#4726,.T.);
#3048=EDGE_CURVE('',#3711,#3713,#4727,.T.);
#3049=EDGE_CURVE('',#3715,#3717,#4728,.T.);
#3050=EDGE_CURVE('',#3719,#3721,#4729,.T.);
#3051=EDGE_CURVE('',#3723,#3725,#4730,.T.);
#3052=EDGE_CURVE('',#3727,#3729,#4731,.T.);
#3053=EDGE_CURVE('',#3731,#3733,#4732,.T.);
#3054=EDGE_CURVE('',#3735,#3742,#4733,.T.);
#3055=EDGE_CURVE('',#3744,#3758,#4734,.T.);
#3056=EDGE_CURVE('',#3760,#3770,#4735,.T.);
#3057=EDGE_CURVE('',#3772,#3774,#4736,.T.);
#3058=EDGE_CURVE('',#3776,#3786,#4737,.T.);
#3059=EDGE_CURVE('',#3503,#3505,#4738,.T.);
#3060=EDGE_CURVE('',#3486,#3741,#96,.T.);
#3061=EDGE_CURVE('',#3471,#3489,#97,.T.);
#3062=EDGE_CURVE('',#3787,#3787,#64,.F.);
#3063=EDGE_CURVE('',#3788,#3788,#65,.F.);
#3064=EDGE_CURVE('',#3479,#3476,#66,.F.);
#3065=EDGE_CURVE('',#3477,#3475,#67,.F.);
#3066=EDGE_CURVE('',#3172,#3492,#68,.F.);
#3067=EDGE_CURVE('',#3493,#3478,#69,.F.);
#3068=EDGE_CURVE('',#3473,#3789,#18,.T.);
#3069=EDGE_CURVE('',#3500,#3475,#70,.T.);
#3070=EDGE_CURVE('',#3172,#3499,#71,.T.);
#3071=EDGE_CURVE('',#3790,#3171,#19,.T.);
#3072=EDGE_CURVE('',#3789,#3790,#4739,.T.);
#3073=EDGE_CURVE('',#3501,#3477,#72,.T.);
#3074=EDGE_CURVE('',#3492,#3498,#73,.T.);
#3075=EDGE_CURVE('',#3494,#3476,#74,.T.);
#3076=EDGE_CURVE('',#3493,#3497,#75,.T.);
#3077=EDGE_CURVE('',#3495,#3479,#76,.T.);
#3078=EDGE_CURVE('',#3478,#3496,#77,.T.);
#3079=EDGE_CURVE('',#3470,#3169,#4740,.T.);
#3080=EDGE_CURVE('',#3740,#3474,#4741,.T.);
#3081=EDGE_CURVE('',#3487,#3789,#4742,.T.);
#3082=EDGE_CURVE('',#3488,#3790,#4743,.T.);
#3083=EDGE_CURVE('',#3791,#3792,#4744,.T.);
#3084=EDGE_CURVE('',#3791,#3793,#4745,.T.);
#3085=EDGE_CURVE('',#3794,#3793,#4746,.T.);
#3086=EDGE_CURVE('',#3795,#3794,#4747,.T.);
#3087=EDGE_CURVE('',#3795,#3796,#4748,.T.);
#3088=EDGE_CURVE('',#3796,#3797,#4749,.T.);
#3089=EDGE_CURVE('',#3797,#3798,#4750,.T.);
#3090=EDGE_CURVE('',#3798,#3799,#4751,.T.);
#3091=EDGE_CURVE('',#3799,#3800,#98,.F.);
#3092=EDGE_CURVE('',#3800,#3801,#4752,.T.);
#3093=EDGE_CURVE('',#3801,#3802,#99,.F.);
#3094=EDGE_CURVE('',#3802,#3803,#4753,.T.);
#3095=EDGE_CURVE('',#3803,#3804,#100,.F.);
#3096=EDGE_CURVE('',#3804,#3805,#4754,.T.);
#3097=EDGE_CURVE('',#3805,#3806,#101,.F.);
#3098=EDGE_CURVE('',#3806,#3792,#4755,.T.);
#3099=EDGE_CURVE('',#3791,#3807,#4756,.T.);
#3100=EDGE_CURVE('',#3808,#3807,#78,.T.);
#3101=EDGE_CURVE('',#3808,#3809,#4757,.T.);
#3102=EDGE_CURVE('',#3810,#3809,#79,.T.);
#3103=EDGE_CURVE('',#3797,#3810,#4758,.T.);
#3104=EDGE_CURVE('',#3796,#3811,#4759,.T.);
#3105=EDGE_CURVE('',#3812,#3811,#4760,.T.);
#3106=EDGE_CURVE('',#3793,#3812,#4761,.T.);
#3107=EDGE_CURVE('',#3813,#3814,#4762,.T.);
#3108=EDGE_CURVE('',#3814,#3801,#4763,.F.);
#3109=EDGE_CURVE('',#3800,#3813,#4764,.T.);
#3110=EDGE_CURVE('',#3815,#3815,#102,.F.);
#3111=EDGE_CURVE('',#3816,#3816,#103,.F.);
#3112=EDGE_CURVE('',#3817,#3818,#4765,.T.);
#3113=EDGE_CURVE('',#3818,#3814,#80,.F.);
#3114=EDGE_CURVE('',#3813,#3819,#81,.F.);
#3115=EDGE_CURVE('',#3820,#3819,#4766,.T.);
#3116=EDGE_CURVE('',#3820,#3821,#82,.F.);
#3117=EDGE_CURVE('',#3821,#3822,#4767,.T.);
#3118=EDGE_CURVE('',#3822,#3817,#83,.F.);
#3119=EDGE_CURVE('',#3823,#3824,#84,.T.);
#3120=EDGE_CURVE('',#3823,#3792,#4768,.T.);
#3121=EDGE_CURVE('',#3806,#3820,#4769,.T.);
#3122=EDGE_CURVE('',#3819,#3799,#4770,.F.);
#3123=EDGE_CURVE('',#3825,#3798,#4771,.T.);
#3124=EDGE_CURVE('',#3826,#3825,#85,.T.);
#3125=EDGE_CURVE('',#3826,#3824,#4772,.T.);
#3126=EDGE_CURVE('',#3802,#3818,#4773,.T.);
#3127=EDGE_CURVE('',#3817,#3803,#4774,.F.);
#3128=EDGE_CURVE('',#3821,#3805,#4775,.F.);
#3129=EDGE_CURVE('',#3804,#3822,#4776,.T.);
#3130=EDGE_CURVE('',#3794,#3827,#4777,.T.);
#3131=EDGE_CURVE('',#3827,#3828,#4778,.T.);
#3132=EDGE_CURVE('',#3795,#3828,#4779,.T.);
#3133=EDGE_CURVE('',#3811,#3828,#4780,.T.);
#3134=EDGE_CURVE('',#3812,#3827,#4781,.T.);
#3135=EDGE_CURVE('',#3829,#3829,#86,.F.);
#3136=EDGE_CURVE('',#3830,#3830,#87,.F.);
#3137=EDGE_CURVE('',#3831,#3832,#4782,.T.);
#3138=EDGE_CURVE('',#3832,#3833,#4783,.T.);
#3139=EDGE_CURVE('',#3834,#3833,#4784,.T.);
#3140=EDGE_CURVE('',#3831,#3834,#4785,.T.);
#3141=EDGE_CURVE('',#3835,#3836,#4786,.T.);
#3142=EDGE_CURVE('',#3836,#3837,#4787,.T.);
#3143=EDGE_CURVE('',#3837,#3832,#4788,.T.);
#3144=EDGE_CURVE('',#3835,#3831,#4789,.T.);
#3145=EDGE_CURVE('',#3837,#3838,#4790,.T.);
#3146=EDGE_CURVE('',#3838,#3833,#4791,.T.);
#3147=EDGE_CURVE('',#3839,#3838,#4792,.T.);
#3148=EDGE_CURVE('',#3840,#3839,#4793,.T.);
#3149=EDGE_CURVE('',#3840,#3834,#4794,.T.);
#3150=EDGE_CURVE('',#3835,#3840,#4795,.T.);
#3151=EDGE_CURVE('',#3841,#3841,#88,.F.);
#3152=EDGE_CURVE('',#3842,#3842,#89,.F.);
#3153=EDGE_CURVE('',#3843,#3839,#4796,.T.);
#3154=EDGE_CURVE('',#3844,#3843,#4797,.T.);
#3155=EDGE_CURVE('',#3845,#3844,#4798,.T.);
#3156=EDGE_CURVE('',#3845,#3846,#4799,.T.);
#3157=EDGE_CURVE('',#3836,#3846,#4800,.T.);
#3158=EDGE_CURVE('',#3845,#3847,#4801,.T.);
#3159=EDGE_CURVE('',#3847,#3846,#4802,.T.);
#3160=EDGE_CURVE('',#3844,#3848,#4803,.T.);
#3161=EDGE_CURVE('',#3847,#3848,#4804,.T.);
#3162=EDGE_CURVE('',#3848,#3843,#4805,.T.);
#3163=EDGE_CURVE('',#3849,#3849,#104,.F.);
#3164=EDGE_CURVE('',#3850,#3850,#105,.F.);
#3165=EDGE_CURVE('',#3807,#3823,#4806,.T.);
#3166=EDGE_CURVE('',#3810,#3825,#4807,.T.);
#3167=EDGE_CURVE('',#3809,#3826,#4808,.T.);
#3168=EDGE_CURVE('',#3808,#3824,#4809,.T.);
#3169=VERTEX_POINT('',#9642);
#3170=VERTEX_POINT('',#9643);
#3171=VERTEX_POINT('',#9645);
#3172=VERTEX_POINT('',#9647);
#3173=VERTEX_POINT('',#9649);
#3174=VERTEX_POINT('',#9653);
#3175=VERTEX_POINT('',#9654);
#3176=VERTEX_POINT('',#9656);
#3177=VERTEX_POINT('',#9658);
#3178=VERTEX_POINT('',#9661);
#3179=VERTEX_POINT('',#9662);
#3180=VERTEX_POINT('',#9664);
#3181=VERTEX_POINT('',#9666);
#3182=VERTEX_POINT('',#9669);
#3183=VERTEX_POINT('',#9670);
#3184=VERTEX_POINT('',#9672);
#3185=VERTEX_POINT('',#9674);
#3186=VERTEX_POINT('',#9677);
#3187=VERTEX_POINT('',#9678);
#3188=VERTEX_POINT('',#9680);
#3189=VERTEX_POINT('',#9682);
#3190=VERTEX_POINT('',#9685);
#3191=VERTEX_POINT('',#9686);
#3192=VERTEX_POINT('',#9688);
#3193=VERTEX_POINT('',#9690);
#3194=VERTEX_POINT('',#9693);
#3195=VERTEX_POINT('',#9694);
#3196=VERTEX_POINT('',#9696);
#3197=VERTEX_POINT('',#9698);
#3198=VERTEX_POINT('',#9701);
#3199=VERTEX_POINT('',#9702);
#3200=VERTEX_POINT('',#9704);
#3201=VERTEX_POINT('',#9706);
#3202=VERTEX_POINT('',#9709);
#3203=VERTEX_POINT('',#9710);
#3204=VERTEX_POINT('',#9712);
#3205=VERTEX_POINT('',#9714);
#3206=VERTEX_POINT('',#9717);
#3207=VERTEX_POINT('',#9718);
#3208=VERTEX_POINT('',#9720);
#3209=VERTEX_POINT('',#9722);
#3210=VERTEX_POINT('',#9725);
#3211=VERTEX_POINT('',#9726);
#3212=VERTEX_POINT('',#9728);
#3213=VERTEX_POINT('',#9730);
#3214=VERTEX_POINT('',#9733);
#3215=VERTEX_POINT('',#9734);
#3216=VERTEX_POINT('',#9736);
#3217=VERTEX_POINT('',#9738);
#3218=VERTEX_POINT('',#9741);
#3219=VERTEX_POINT('',#9742);
#3220=VERTEX_POINT('',#9744);
#3221=VERTEX_POINT('',#9746);
#3222=VERTEX_POINT('',#9749);
#3223=VERTEX_POINT('',#9750);
#3224=VERTEX_POINT('',#9752);
#3225=VERTEX_POINT('',#9754);
#3226=VERTEX_POINT('',#9757);
#3227=VERTEX_POINT('',#9758);
#3228=VERTEX_POINT('',#9760);
#3229=VERTEX_POINT('',#9762);
#3230=VERTEX_POINT('',#9765);
#3231=VERTEX_POINT('',#9766);
#3232=VERTEX_POINT('',#9768);
#3233=VERTEX_POINT('',#9770);
#3234=VERTEX_POINT('',#9773);
#3235=VERTEX_POINT('',#9774);
#3236=VERTEX_POINT('',#9776);
#3237=VERTEX_POINT('',#9778);
#3238=VERTEX_POINT('',#9781);
#3239=VERTEX_POINT('',#9782);
#3240=VERTEX_POINT('',#9784);
#3241=VERTEX_POINT('',#9786);
#3242=VERTEX_POINT('',#9789);
#3243=VERTEX_POINT('',#9790);
#3244=VERTEX_POINT('',#9792);
#3245=VERTEX_POINT('',#9794);
#3246=VERTEX_POINT('',#9797);
#3247=VERTEX_POINT('',#9798);
#3248=VERTEX_POINT('',#9800);
#3249=VERTEX_POINT('',#9802);
#3250=VERTEX_POINT('',#9805);
#3251=VERTEX_POINT('',#9806);
#3252=VERTEX_POINT('',#9808);
#3253=VERTEX_POINT('',#9810);
#3254=VERTEX_POINT('',#9813);
#3255=VERTEX_POINT('',#9814);
#3256=VERTEX_POINT('',#9816);
#3257=VERTEX_POINT('',#9818);
#3258=VERTEX_POINT('',#9821);
#3259=VERTEX_POINT('',#9822);
#3260=VERTEX_POINT('',#9824);
#3261=VERTEX_POINT('',#9826);
#3262=VERTEX_POINT('',#9829);
#3263=VERTEX_POINT('',#9830);
#3264=VERTEX_POINT('',#9832);
#3265=VERTEX_POINT('',#9834);
#3266=VERTEX_POINT('',#9837);
#3267=VERTEX_POINT('',#9838);
#3268=VERTEX_POINT('',#9840);
#3269=VERTEX_POINT('',#9842);
#3270=VERTEX_POINT('',#9845);
#3271=VERTEX_POINT('',#9846);
#3272=VERTEX_POINT('',#9848);
#3273=VERTEX_POINT('',#9850);
#3274=VERTEX_POINT('',#9853);
#3275=VERTEX_POINT('',#9854);
#3276=VERTEX_POINT('',#9856);
#3277=VERTEX_POINT('',#9858);
#3278=VERTEX_POINT('',#9861);
#3279=VERTEX_POINT('',#9862);
#3280=VERTEX_POINT('',#9864);
#3281=VERTEX_POINT('',#9866);
#3282=VERTEX_POINT('',#9869);
#3283=VERTEX_POINT('',#9870);
#3284=VERTEX_POINT('',#9872);
#3285=VERTEX_POINT('',#9874);
#3286=VERTEX_POINT('',#9877);
#3287=VERTEX_POINT('',#9878);
#3288=VERTEX_POINT('',#9880);
#3289=VERTEX_POINT('',#9882);
#3290=VERTEX_POINT('',#9885);
#3291=VERTEX_POINT('',#9886);
#3292=VERTEX_POINT('',#9888);
#3293=VERTEX_POINT('',#9890);
#3294=VERTEX_POINT('',#9893);
#3295=VERTEX_POINT('',#9894);
#3296=VERTEX_POINT('',#9896);
#3297=VERTEX_POINT('',#9898);
#3298=VERTEX_POINT('',#9901);
#3299=VERTEX_POINT('',#9902);
#3300=VERTEX_POINT('',#9904);
#3301=VERTEX_POINT('',#9906);
#3302=VERTEX_POINT('',#9909);
#3303=VERTEX_POINT('',#9910);
#3304=VERTEX_POINT('',#9912);
#3305=VERTEX_POINT('',#9914);
#3306=VERTEX_POINT('',#9917);
#3307=VERTEX_POINT('',#9918);
#3308=VERTEX_POINT('',#9920);
#3309=VERTEX_POINT('',#9922);
#3310=VERTEX_POINT('',#9925);
#3311=VERTEX_POINT('',#9926);
#3312=VERTEX_POINT('',#9928);
#3313=VERTEX_POINT('',#9930);
#3314=VERTEX_POINT('',#9933);
#3315=VERTEX_POINT('',#9934);
#3316=VERTEX_POINT('',#9936);
#3317=VERTEX_POINT('',#9938);
#3318=VERTEX_POINT('',#9941);
#3319=VERTEX_POINT('',#9942);
#3320=VERTEX_POINT('',#9944);
#3321=VERTEX_POINT('',#9946);
#3322=VERTEX_POINT('',#9949);
#3323=VERTEX_POINT('',#9950);
#3324=VERTEX_POINT('',#9952);
#3325=VERTEX_POINT('',#9954);
#3326=VERTEX_POINT('',#9957);
#3327=VERTEX_POINT('',#9958);
#3328=VERTEX_POINT('',#9960);
#3329=VERTEX_POINT('',#9962);
#3330=VERTEX_POINT('',#9965);
#3331=VERTEX_POINT('',#9966);
#3332=VERTEX_POINT('',#9968);
#3333=VERTEX_POINT('',#9970);
#3334=VERTEX_POINT('',#9973);
#3335=VERTEX_POINT('',#9974);
#3336=VERTEX_POINT('',#9976);
#3337=VERTEX_POINT('',#9978);
#3338=VERTEX_POINT('',#9981);
#3339=VERTEX_POINT('',#9982);
#3340=VERTEX_POINT('',#9984);
#3341=VERTEX_POINT('',#9986);
#3342=VERTEX_POINT('',#9989);
#3343=VERTEX_POINT('',#9990);
#3344=VERTEX_POINT('',#9992);
#3345=VERTEX_POINT('',#9994);
#3346=VERTEX_POINT('',#9997);
#3347=VERTEX_POINT('',#9998);
#3348=VERTEX_POINT('',#10000);
#3349=VERTEX_POINT('',#10002);
#3350=VERTEX_POINT('',#10005);
#3351=VERTEX_POINT('',#10006);
#3352=VERTEX_POINT('',#10008);
#3353=VERTEX_POINT('',#10010);
#3354=VERTEX_POINT('',#10013);
#3355=VERTEX_POINT('',#10014);
#3356=VERTEX_POINT('',#10016);
#3357=VERTEX_POINT('',#10018);
#3358=VERTEX_POINT('',#10021);
#3359=VERTEX_POINT('',#10022);
#3360=VERTEX_POINT('',#10024);
#3361=VERTEX_POINT('',#10026);
#3362=VERTEX_POINT('',#10029);
#3363=VERTEX_POINT('',#10030);
#3364=VERTEX_POINT('',#10032);
#3365=VERTEX_POINT('',#10034);
#3366=VERTEX_POINT('',#10037);
#3367=VERTEX_POINT('',#10038);
#3368=VERTEX_POINT('',#10040);
#3369=VERTEX_POINT('',#10042);
#3370=VERTEX_POINT('',#10045);
#3371=VERTEX_POINT('',#10046);
#3372=VERTEX_POINT('',#10048);
#3373=VERTEX_POINT('',#10050);
#3374=VERTEX_POINT('',#10053);
#3375=VERTEX_POINT('',#10054);
#3376=VERTEX_POINT('',#10056);
#3377=VERTEX_POINT('',#10058);
#3378=VERTEX_POINT('',#10061);
#3379=VERTEX_POINT('',#10062);
#3380=VERTEX_POINT('',#10064);
#3381=VERTEX_POINT('',#10066);
#3382=VERTEX_POINT('',#10069);
#3383=VERTEX_POINT('',#10070);
#3384=VERTEX_POINT('',#10072);
#3385=VERTEX_POINT('',#10074);
#3386=VERTEX_POINT('',#10077);
#3387=VERTEX_POINT('',#10078);
#3388=VERTEX_POINT('',#10080);
#3389=VERTEX_POINT('',#10082);
#3390=VERTEX_POINT('',#10085);
#3391=VERTEX_POINT('',#10086);
#3392=VERTEX_POINT('',#10088);
#3393=VERTEX_POINT('',#10090);
#3394=VERTEX_POINT('',#10093);
#3395=VERTEX_POINT('',#10094);
#3396=VERTEX_POINT('',#10096);
#3397=VERTEX_POINT('',#10098);
#3398=VERTEX_POINT('',#10101);
#3399=VERTEX_POINT('',#10102);
#3400=VERTEX_POINT('',#10104);
#3401=VERTEX_POINT('',#10106);
#3402=VERTEX_POINT('',#10109);
#3403=VERTEX_POINT('',#10110);
#3404=VERTEX_POINT('',#10112);
#3405=VERTEX_POINT('',#10114);
#3406=VERTEX_POINT('',#10117);
#3407=VERTEX_POINT('',#10118);
#3408=VERTEX_POINT('',#10120);
#3409=VERTEX_POINT('',#10122);
#3410=VERTEX_POINT('',#10124);
#3411=VERTEX_POINT('',#10126);
#3412=VERTEX_POINT('',#10128);
#3413=VERTEX_POINT('',#10130);
#3414=VERTEX_POINT('',#10132);
#3415=VERTEX_POINT('',#10134);
#3416=VERTEX_POINT('',#10136);
#3417=VERTEX_POINT('',#10138);
#3418=VERTEX_POINT('',#10140);
#3419=VERTEX_POINT('',#10142);
#3420=VERTEX_POINT('',#10144);
#3421=VERTEX_POINT('',#10146);
#3422=VERTEX_POINT('',#10149);
#3423=VERTEX_POINT('',#10150);
#3424=VERTEX_POINT('',#10152);
#3425=VERTEX_POINT('',#10154);
#3426=VERTEX_POINT('',#10156);
#3427=VERTEX_POINT('',#10158);
#3428=VERTEX_POINT('',#10160);
#3429=VERTEX_POINT('',#10162);
#3430=VERTEX_POINT('',#10164);
#3431=VERTEX_POINT('',#10166);
#3432=VERTEX_POINT('',#10168);
#3433=VERTEX_POINT('',#10170);
#3434=VERTEX_POINT('',#10173);
#3435=VERTEX_POINT('',#10174);
#3436=VERTEX_POINT('',#10176);
#3437=VERTEX_POINT('',#10178);
#3438=VERTEX_POINT('',#10181);
#3439=VERTEX_POINT('',#10182);
#3440=VERTEX_POINT('',#10184);
#3441=VERTEX_POINT('',#10186);
#3442=VERTEX_POINT('',#10188);
#3443=VERTEX_POINT('',#10190);
#3444=VERTEX_POINT('',#10192);
#3445=VERTEX_POINT('',#10194);
#3446=VERTEX_POINT('',#10196);
#3447=VERTEX_POINT('',#10198);
#3448=VERTEX_POINT('',#10200);
#3449=VERTEX_POINT('',#10202);
#3450=VERTEX_POINT('',#10205);
#3451=VERTEX_POINT('',#10207);
#3452=VERTEX_POINT('',#10209);
#3453=VERTEX_POINT('',#10211);
#3454=VERTEX_POINT('',#10213);
#3455=VERTEX_POINT('',#10215);
#3456=VERTEX_POINT('',#10217);
#3457=VERTEX_POINT('',#10219);
#3458=VERTEX_POINT('',#10221);
#3459=VERTEX_POINT('',#10223);
#3460=VERTEX_POINT('',#10225);
#3461=VERTEX_POINT('',#10227);
#3462=VERTEX_POINT('',#10229);
#3463=VERTEX_POINT('',#10231);
#3464=VERTEX_POINT('',#10233);
#3465=VERTEX_POINT('',#10235);
#3466=VERTEX_POINT('',#10237);
#3467=VERTEX_POINT('',#10239);
#3468=VERTEX_POINT('',#10241);
#3469=VERTEX_POINT('',#10243);
#3470=VERTEX_POINT('',#10247);
#3471=VERTEX_POINT('',#10248);
#3472=VERTEX_POINT('',#10251);
#3473=VERTEX_POINT('',#10255);
#3474=VERTEX_POINT('',#10256);
#3475=VERTEX_POINT('',#10259);
#3476=VERTEX_POINT('',#10263);
#3477=VERTEX_POINT('',#10265);
#3478=VERTEX_POINT('',#10269);
#3479=VERTEX_POINT('',#10271);
#3480=VERTEX_POINT('',#10275);
#3481=VERTEX_POINT('',#10276);
#3482=VERTEX_POINT('',#10278);
#3483=VERTEX_POINT('',#10280);
#3484=VERTEX_POINT('',#10284);
#3485=VERTEX_POINT('',#10286);
#3486=VERTEX_POINT('',#10290);
#3487=VERTEX_POINT('',#10292);
#3488=VERTEX_POINT('',#10294);
#3489=VERTEX_POINT('',#10296);
#3490=VERTEX_POINT('',#10298);
#3491=VERTEX_POINT('',#10300);
#3492=VERTEX_POINT('',#10307);
#3493=VERTEX_POINT('',#10309);
#3494=VERTEX_POINT('',#10313);
#3495=VERTEX_POINT('',#10314);
#3496=VERTEX_POINT('',#10316);
#3497=VERTEX_POINT('',#10318);
#3498=VERTEX_POINT('',#10320);
#3499=VERTEX_POINT('',#10322);
#3500=VERTEX_POINT('',#10324);
#3501=VERTEX_POINT('',#10326);
#3502=VERTEX_POINT('',#10330);
#3503=VERTEX_POINT('',#10332);
#3504=VERTEX_POINT('',#10336);
#3505=VERTEX_POINT('',#10340);
#3506=VERTEX_POINT('',#10344);
#3507=VERTEX_POINT('',#10346);
#3508=VERTEX_POINT('',#10350);
#3509=VERTEX_POINT('',#10354);
#3510=VERTEX_POINT('',#10358);
#3511=VERTEX_POINT('',#10360);
#3512=VERTEX_POINT('',#10364);
#3513=VERTEX_POINT('',#10368);
#3514=VERTEX_POINT('',#10372);
#3515=VERTEX_POINT('',#10374);
#3516=VERTEX_POINT('',#10378);
#3517=VERTEX_POINT('',#10382);
#3518=VERTEX_POINT('',#10386);
#3519=VERTEX_POINT('',#10388);
#3520=VERTEX_POINT('',#10392);
#3521=VERTEX_POINT('',#10396);
#3522=VERTEX_POINT('',#10400);
#3523=VERTEX_POINT('',#10402);
#3524=VERTEX_POINT('',#10406);
#3525=VERTEX_POINT('',#10410);
#3526=VERTEX_POINT('',#10414);
#3527=VERTEX_POINT('',#10416);
#3528=VERTEX_POINT('',#10420);
#3529=VERTEX_POINT('',#10424);
#3530=VERTEX_POINT('',#10428);
#3531=VERTEX_POINT('',#10430);
#3532=VERTEX_POINT('',#10434);
#3533=VERTEX_POINT('',#10438);
#3534=VERTEX_POINT('',#10442);
#3535=VERTEX_POINT('',#10444);
#3536=VERTEX_POINT('',#10448);
#3537=VERTEX_POINT('',#10452);
#3538=VERTEX_POINT('',#10456);
#3539=VERTEX_POINT('',#10458);
#3540=VERTEX_POINT('',#10462);
#3541=VERTEX_POINT('',#10466);
#3542=VERTEX_POINT('',#10470);
#3543=VERTEX_POINT('',#10472);
#3544=VERTEX_POINT('',#10476);
#3545=VERTEX_POINT('',#10480);
#3546=VERTEX_POINT('',#10484);
#3547=VERTEX_POINT('',#10486);
#3548=VERTEX_POINT('',#10490);
#3549=VERTEX_POINT('',#10494);
#3550=VERTEX_POINT('',#10498);
#3551=VERTEX_POINT('',#10500);
#3552=VERTEX_POINT('',#10504);
#3553=VERTEX_POINT('',#10508);
#3554=VERTEX_POINT('',#10512);
#3555=VERTEX_POINT('',#10514);
#3556=VERTEX_POINT('',#10518);
#3557=VERTEX_POINT('',#10522);
#3558=VERTEX_POINT('',#10526);
#3559=VERTEX_POINT('',#10528);
#3560=VERTEX_POINT('',#10532);
#3561=VERTEX_POINT('',#10536);
#3562=VERTEX_POINT('',#10540);
#3563=VERTEX_POINT('',#10542);
#3564=VERTEX_POINT('',#10546);
#3565=VERTEX_POINT('',#10550);
#3566=VERTEX_POINT('',#10554);
#3567=VERTEX_POINT('',#10556);
#3568=VERTEX_POINT('',#10560);
#3569=VERTEX_POINT('',#10564);
#3570=VERTEX_POINT('',#10568);
#3571=VERTEX_POINT('',#10570);
#3572=VERTEX_POINT('',#10574);
#3573=VERTEX_POINT('',#10578);
#3574=VERTEX_POINT('',#10582);
#3575=VERTEX_POINT('',#10584);
#3576=VERTEX_POINT('',#10588);
#3577=VERTEX_POINT('',#10592);
#3578=VERTEX_POINT('',#10596);
#3579=VERTEX_POINT('',#10598);
#3580=VERTEX_POINT('',#10602);
#3581=VERTEX_POINT('',#10606);
#3582=VERTEX_POINT('',#10610);
#3583=VERTEX_POINT('',#10612);
#3584=VERTEX_POINT('',#10616);
#3585=VERTEX_POINT('',#10620);
#3586=VERTEX_POINT('',#10624);
#3587=VERTEX_POINT('',#10626);
#3588=VERTEX_POINT('',#10630);
#3589=VERTEX_POINT('',#10634);
#3590=VERTEX_POINT('',#10638);
#3591=VERTEX_POINT('',#10640);
#3592=VERTEX_POINT('',#10644);
#3593=VERTEX_POINT('',#10648);
#3594=VERTEX_POINT('',#10652);
#3595=VERTEX_POINT('',#10654);
#3596=VERTEX_POINT('',#10658);
#3597=VERTEX_POINT('',#10662);
#3598=VERTEX_POINT('',#10666);
#3599=VERTEX_POINT('',#10668);
#3600=VERTEX_POINT('',#10672);
#3601=VERTEX_POINT('',#10676);
#3602=VERTEX_POINT('',#10680);
#3603=VERTEX_POINT('',#10682);
#3604=VERTEX_POINT('',#10686);
#3605=VERTEX_POINT('',#10690);
#3606=VERTEX_POINT('',#10694);
#3607=VERTEX_POINT('',#10696);
#3608=VERTEX_POINT('',#10700);
#3609=VERTEX_POINT('',#10704);
#3610=VERTEX_POINT('',#10708);
#3611=VERTEX_POINT('',#10710);
#3612=VERTEX_POINT('',#10714);
#3613=VERTEX_POINT('',#10718);
#3614=VERTEX_POINT('',#10722);
#3615=VERTEX_POINT('',#10724);
#3616=VERTEX_POINT('',#10728);
#3617=VERTEX_POINT('',#10732);
#3618=VERTEX_POINT('',#10736);
#3619=VERTEX_POINT('',#10738);
#3620=VERTEX_POINT('',#10742);
#3621=VERTEX_POINT('',#10746);
#3622=VERTEX_POINT('',#10750);
#3623=VERTEX_POINT('',#10752);
#3624=VERTEX_POINT('',#10756);
#3625=VERTEX_POINT('',#10760);
#3626=VERTEX_POINT('',#10764);
#3627=VERTEX_POINT('',#10766);
#3628=VERTEX_POINT('',#10770);
#3629=VERTEX_POINT('',#10774);
#3630=VERTEX_POINT('',#10778);
#3631=VERTEX_POINT('',#10780);
#3632=VERTEX_POINT('',#10784);
#3633=VERTEX_POINT('',#10788);
#3634=VERTEX_POINT('',#10792);
#3635=VERTEX_POINT('',#10794);
#3636=VERTEX_POINT('',#10798);
#3637=VERTEX_POINT('',#10802);
#3638=VERTEX_POINT('',#10806);
#3639=VERTEX_POINT('',#10808);
#3640=VERTEX_POINT('',#10812);
#3641=VERTEX_POINT('',#10816);
#3642=VERTEX_POINT('',#10820);
#3643=VERTEX_POINT('',#10822);
#3644=VERTEX_POINT('',#10826);
#3645=VERTEX_POINT('',#10830);
#3646=VERTEX_POINT('',#10834);
#3647=VERTEX_POINT('',#10836);
#3648=VERTEX_POINT('',#10840);
#3649=VERTEX_POINT('',#10844);
#3650=VERTEX_POINT('',#10848);
#3651=VERTEX_POINT('',#10850);
#3652=VERTEX_POINT('',#10854);
#3653=VERTEX_POINT('',#10858);
#3654=VERTEX_POINT('',#10862);
#3655=VERTEX_POINT('',#10864);
#3656=VERTEX_POINT('',#10868);
#3657=VERTEX_POINT('',#10872);
#3658=VERTEX_POINT('',#10876);
#3659=VERTEX_POINT('',#10878);
#3660=VERTEX_POINT('',#10882);
#3661=VERTEX_POINT('',#10886);
#3662=VERTEX_POINT('',#10890);
#3663=VERTEX_POINT('',#10892);
#3664=VERTEX_POINT('',#10896);
#3665=VERTEX_POINT('',#10900);
#3666=VERTEX_POINT('',#10904);
#3667=VERTEX_POINT('',#10906);
#3668=VERTEX_POINT('',#10910);
#3669=VERTEX_POINT('',#10914);
#3670=VERTEX_POINT('',#10918);
#3671=VERTEX_POINT('',#10920);
#3672=VERTEX_POINT('',#10924);
#3673=VERTEX_POINT('',#10928);
#3674=VERTEX_POINT('',#10932);
#3675=VERTEX_POINT('',#10934);
#3676=VERTEX_POINT('',#10938);
#3677=VERTEX_POINT('',#10942);
#3678=VERTEX_POINT('',#10946);
#3679=VERTEX_POINT('',#10948);
#3680=VERTEX_POINT('',#10952);
#3681=VERTEX_POINT('',#10956);
#3682=VERTEX_POINT('',#10960);
#3683=VERTEX_POINT('',#10962);
#3684=VERTEX_POINT('',#10966);
#3685=VERTEX_POINT('',#10970);
#3686=VERTEX_POINT('',#10974);
#3687=VERTEX_POINT('',#10976);
#3688=VERTEX_POINT('',#10980);
#3689=VERTEX_POINT('',#10984);
#3690=VERTEX_POINT('',#10988);
#3691=VERTEX_POINT('',#10990);
#3692=VERTEX_POINT('',#10994);
#3693=VERTEX_POINT('',#10998);
#3694=VERTEX_POINT('',#11002);
#3695=VERTEX_POINT('',#11004);
#3696=VERTEX_POINT('',#11008);
#3697=VERTEX_POINT('',#11012);
#3698=VERTEX_POINT('',#11016);
#3699=VERTEX_POINT('',#11018);
#3700=VERTEX_POINT('',#11022);
#3701=VERTEX_POINT('',#11026);
#3702=VERTEX_POINT('',#11030);
#3703=VERTEX_POINT('',#11032);
#3704=VERTEX_POINT('',#11036);
#3705=VERTEX_POINT('',#11040);
#3706=VERTEX_POINT('',#11044);
#3707=VERTEX_POINT('',#11046);
#3708=VERTEX_POINT('',#11050);
#3709=VERTEX_POINT('',#11054);
#3710=VERTEX_POINT('',#11058);
#3711=VERTEX_POINT('',#11060);
#3712=VERTEX_POINT('',#11064);
#3713=VERTEX_POINT('',#11068);
#3714=VERTEX_POINT('',#11072);
#3715=VERTEX_POINT('',#11074);
#3716=VERTEX_POINT('',#11078);
#3717=VERTEX_POINT('',#11082);
#3718=VERTEX_POINT('',#11086);
#3719=VERTEX_POINT('',#11088);
#3720=VERTEX_POINT('',#11092);
#3721=VERTEX_POINT('',#11096);
#3722=VERTEX_POINT('',#11100);
#3723=VERTEX_POINT('',#11102);
#3724=VERTEX_POINT('',#11106);
#3725=VERTEX_POINT('',#11110);
#3726=VERTEX_POINT('',#11114);
#3727=VERTEX_POINT('',#11116);
#3728=VERTEX_POINT('',#11120);
#3729=VERTEX_POINT('',#11124);
#3730=VERTEX_POINT('',#11128);
#3731=VERTEX_POINT('',#11130);
#3732=VERTEX_POINT('',#11134);
#3733=VERTEX_POINT('',#11138);
#3734=VERTEX_POINT('',#11142);
#3735=VERTEX_POINT('',#11144);
#3736=VERTEX_POINT('',#11148);
#3737=VERTEX_POINT('',#11152);
#3738=VERTEX_POINT('',#11156);
#3739=VERTEX_POINT('',#11160);
#3740=VERTEX_POINT('',#11164);
#3741=VERTEX_POINT('',#11166);
#3742=VERTEX_POINT('',#11170);
#3743=VERTEX_POINT('',#11174);
#3744=VERTEX_POINT('',#11176);
#3745=VERTEX_POINT('',#11180);
#3746=VERTEX_POINT('',#11184);
#3747=VERTEX_POINT('',#11188);
#3748=VERTEX_POINT('',#11192);
#3749=VERTEX_POINT('',#11196);
#3750=VERTEX_POINT('',#11200);
#3751=VERTEX_POINT('',#11204);
#3752=VERTEX_POINT('',#11208);
#3753=VERTEX_POINT('',#11212);
#3754=VERTEX_POINT('',#11216);
#3755=VERTEX_POINT('',#11220);
#3756=VERTEX_POINT('',#11224);
#3757=VERTEX_POINT('',#11228);
#3758=VERTEX_POINT('',#11232);
#3759=VERTEX_POINT('',#11236);
#3760=VERTEX_POINT('',#11238);
#3761=VERTEX_POINT('',#11242);
#3762=VERTEX_POINT('',#11246);
#3763=VERTEX_POINT('',#11250);
#3764=VERTEX_POINT('',#11254);
#3765=VERTEX_POINT('',#11258);
#3766=VERTEX_POINT('',#11262);
#3767=VERTEX_POINT('',#11266);
#3768=VERTEX_POINT('',#11270);
#3769=VERTEX_POINT('',#11274);
#3770=VERTEX_POINT('',#11278);
#3771=VERTEX_POINT('',#11282);
#3772=VERTEX_POINT('',#11284);
#3773=VERTEX_POINT('',#11288);
#3774=VERTEX_POINT('',#11292);
#3775=VERTEX_POINT('',#11296);
#3776=VERTEX_POINT('',#11298);
#3777=VERTEX_POINT('',#11302);
#3778=VERTEX_POINT('',#11306);
#3779=VERTEX_POINT('',#11310);
#3780=VERTEX_POINT('',#11314);
#3781=VERTEX_POINT('',#11318);
#3782=VERTEX_POINT('',#11322);
#3783=VERTEX_POINT('',#11326);
#3784=VERTEX_POINT('',#11330);
#3785=VERTEX_POINT('',#11334);
#3786=VERTEX_POINT('',#11338);
#3787=VERTEX_POINT('',#11470);
#3788=VERTEX_POINT('',#11472);
#3789=VERTEX_POINT('',#11488);
#3790=VERTEX_POINT('',#11495);
#3791=VERTEX_POINT('',#11522);
#3792=VERTEX_POINT('',#11523);
#3793=VERTEX_POINT('',#11525);
#3794=VERTEX_POINT('',#11527);
#3795=VERTEX_POINT('',#11529);
#3796=VERTEX_POINT('',#11531);
#3797=VERTEX_POINT('',#11533);
#3798=VERTEX_POINT('',#11535);
#3799=VERTEX_POINT('',#11537);
#3800=VERTEX_POINT('',#11539);
#3801=VERTEX_POINT('',#11541);
#3802=VERTEX_POINT('',#11543);
#3803=VERTEX_POINT('',#11545);
#3804=VERTEX_POINT('',#11547);
#3805=VERTEX_POINT('',#11549);
#3806=VERTEX_POINT('',#11551);
#3807=VERTEX_POINT('',#11555);
#3808=VERTEX_POINT('',#11557);
#3809=VERTEX_POINT('',#11559);
#3810=VERTEX_POINT('',#11561);
#3811=VERTEX_POINT('',#11564);
#3812=VERTEX_POINT('',#11566);
#3813=VERTEX_POINT('',#11570);
#3814=VERTEX_POINT('',#11571);
#3815=VERTEX_POINT('',#11576);
#3816=VERTEX_POINT('',#11578);
#3817=VERTEX_POINT('',#11580);
#3818=VERTEX_POINT('',#11581);
#3819=VERTEX_POINT('',#11584);
#3820=VERTEX_POINT('',#11586);
#3821=VERTEX_POINT('',#11588);
#3822=VERTEX_POINT('',#11590);
#3823=VERTEX_POINT('',#11594);
#3824=VERTEX_POINT('',#11595);
#3825=VERTEX_POINT('',#11600);
#3826=VERTEX_POINT('',#11602);
#3827=VERTEX_POINT('',#11612);
#3828=VERTEX_POINT('',#11614);
#3829=VERTEX_POINT('',#11622);
#3830=VERTEX_POINT('',#11624);
#3831=VERTEX_POINT('',#11626);
#3832=VERTEX_POINT('',#11627);
#3833=VERTEX_POINT('',#11629);
#3834=VERTEX_POINT('',#11631);
#3835=VERTEX_POINT('',#11635);
#3836=VERTEX_POINT('',#11636);
#3837=VERTEX_POINT('',#11638);
#3838=VERTEX_POINT('',#11643);
#3839=VERTEX_POINT('',#11647);
#3840=VERTEX_POINT('',#11649);
#3841=VERTEX_POINT('',#11655);
#3842=VERTEX_POINT('',#11657);
#3843=VERTEX_POINT('',#11659);
#3844=VERTEX_POINT('',#11661);
#3845=VERTEX_POINT('',#11663);
#3846=VERTEX_POINT('',#11665);
#3847=VERTEX_POINT('',#11669);
#3848=VERTEX_POINT('',#11673);
#3849=VERTEX_POINT('',#11679);
#3850=VERTEX_POINT('',#11681);
#3851=LINE('',#9641,#4810);
#3852=LINE('',#9646,#4811);
#3853=LINE('',#9648,#4812);
#3854=LINE('',#9650,#4813);
#3855=LINE('',#9652,#4814);
#3856=LINE('',#9655,#4815);
#3857=LINE('',#9657,#4816);
#3858=LINE('',#9659,#4817);
#3859=LINE('',#9660,#4818);
#3860=LINE('',#9663,#4819);
#3861=LINE('',#9665,#4820);
#3862=LINE('',#9667,#4821);
#3863=LINE('',#9668,#4822);
#3864=LINE('',#9671,#4823);
#3865=LINE('',#9673,#4824);
#3866=LINE('',#9675,#4825);
#3867=LINE('',#9676,#4826);
#3868=LINE('',#9679,#4827);
#3869=LINE('',#9681,#4828);
#3870=LINE('',#9683,#4829);
#3871=LINE('',#9684,#4830);
#3872=LINE('',#9687,#4831);
#3873=LINE('',#9689,#4832);
#3874=LINE('',#9691,#4833);
#3875=LINE('',#9692,#4834);
#3876=LINE('',#9695,#4835);
#3877=LINE('',#9697,#4836);
#3878=LINE('',#9699,#4837);
#3879=LINE('',#9700,#4838);
#3880=LINE('',#9703,#4839);
#3881=LINE('',#9705,#4840);
#3882=LINE('',#9707,#4841);
#3883=LINE('',#9708,#4842);
#3884=LINE('',#9711,#4843);
#3885=LINE('',#9713,#4844);
#3886=LINE('',#9715,#4845);
#3887=LINE('',#9716,#4846);
#3888=LINE('',#9719,#4847);
#3889=LINE('',#9721,#4848);
#3890=LINE('',#9723,#4849);
#3891=LINE('',#9724,#4850);
#3892=LINE('',#9727,#4851);
#3893=LINE('',#9729,#4852);
#3894=LINE('',#9731,#4853);
#3895=LINE('',#9732,#4854);
#3896=LINE('',#9735,#4855);
#3897=LINE('',#9737,#4856);
#3898=LINE('',#9739,#4857);
#3899=LINE('',#9740,#4858);
#3900=LINE('',#9743,#4859);
#3901=LINE('',#9745,#4860);
#3902=LINE('',#9747,#4861);
#3903=LINE('',#9748,#4862);
#3904=LINE('',#9751,#4863);
#3905=LINE('',#9753,#4864);
#3906=LINE('',#9755,#4865);
#3907=LINE('',#9756,#4866);
#3908=LINE('',#9759,#4867);
#3909=LINE('',#9761,#4868);
#3910=LINE('',#9763,#4869);
#3911=LINE('',#9764,#4870);
#3912=LINE('',#9767,#4871);
#3913=LINE('',#9769,#4872);
#3914=LINE('',#9771,#4873);
#3915=LINE('',#9772,#4874);
#3916=LINE('',#9775,#4875);
#3917=LINE('',#9777,#4876);
#3918=LINE('',#9779,#4877);
#3919=LINE('',#9780,#4878);
#3920=LINE('',#9783,#4879);
#3921=LINE('',#9785,#4880);
#3922=LINE('',#9787,#4881);
#3923=LINE('',#9788,#4882);
#3924=LINE('',#9791,#4883);
#3925=LINE('',#9793,#4884);
#3926=LINE('',#9795,#4885);
#3927=LINE('',#9796,#4886);
#3928=LINE('',#9799,#4887);
#3929=LINE('',#9801,#4888);
#3930=LINE('',#9803,#4889);
#3931=LINE('',#9804,#4890);
#3932=LINE('',#9807,#4891);
#3933=LINE('',#9809,#4892);
#3934=LINE('',#9811,#4893);
#3935=LINE('',#9812,#4894);
#3936=LINE('',#9815,#4895);
#3937=LINE('',#9817,#4896);
#3938=LINE('',#9819,#4897);
#3939=LINE('',#9820,#4898);
#3940=LINE('',#9823,#4899);
#3941=LINE('',#9825,#4900);
#3942=LINE('',#9827,#4901);
#3943=LINE('',#9828,#4902);
#3944=LINE('',#9831,#4903);
#3945=LINE('',#9833,#4904);
#3946=LINE('',#9835,#4905);
#3947=LINE('',#9836,#4906);
#3948=LINE('',#9839,#4907);
#3949=LINE('',#9841,#4908);
#3950=LINE('',#9843,#4909);
#3951=LINE('',#9844,#4910);
#3952=LINE('',#9847,#4911);
#3953=LINE('',#9849,#4912);
#3954=LINE('',#9851,#4913);
#3955=LINE('',#9852,#4914);
#3956=LINE('',#9855,#4915);
#3957=LINE('',#9857,#4916);
#3958=LINE('',#9859,#4917);
#3959=LINE('',#9860,#4918);
#3960=LINE('',#9863,#4919);
#3961=LINE('',#9865,#4920);
#3962=LINE('',#9867,#4921);
#3963=LINE('',#9868,#4922);
#3964=LINE('',#9871,#4923);
#3965=LINE('',#9873,#4924);
#3966=LINE('',#9875,#4925);
#3967=LINE('',#9876,#4926);
#3968=LINE('',#9879,#4927);
#3969=LINE('',#9881,#4928);
#3970=LINE('',#9883,#4929);
#3971=LINE('',#9884,#4930);
#3972=LINE('',#9887,#4931);
#3973=LINE('',#9889,#4932);
#3974=LINE('',#9891,#4933);
#3975=LINE('',#9892,#4934);
#3976=LINE('',#9895,#4935);
#3977=LINE('',#9897,#4936);
#3978=LINE('',#9899,#4937);
#3979=LINE('',#9900,#4938);
#3980=LINE('',#9903,#4939);
#3981=LINE('',#9905,#4940);
#3982=LINE('',#9907,#4941);
#3983=LINE('',#9908,#4942);
#3984=LINE('',#9911,#4943);
#3985=LINE('',#9913,#4944);
#3986=LINE('',#9915,#4945);
#3987=LINE('',#9916,#4946);
#3988=LINE('',#9919,#4947);
#3989=LINE('',#9921,#4948);
#3990=LINE('',#9923,#4949);
#3991=LINE('',#9924,#4950);
#3992=LINE('',#9927,#4951);
#3993=LINE('',#9929,#4952);
#3994=LINE('',#9931,#4953);
#3995=LINE('',#9932,#4954);
#3996=LINE('',#9935,#4955);
#3997=LINE('',#9937,#4956);
#3998=LINE('',#9939,#4957);
#3999=LINE('',#9940,#4958);
#4000=LINE('',#9943,#4959);
#4001=LINE('',#9945,#4960);
#4002=LINE('',#9947,#4961);
#4003=LINE('',#9948,#4962);
#4004=LINE('',#9951,#4963);
#4005=LINE('',#9953,#4964);
#4006=LINE('',#9955,#4965);
#4007=LINE('',#9956,#4966);
#4008=LINE('',#9959,#4967);
#4009=LINE('',#9961,#4968);
#4010=LINE('',#9963,#4969);
#4011=LINE('',#9964,#4970);
#4012=LINE('',#9967,#4971);
#4013=LINE('',#9969,#4972);
#4014=LINE('',#9971,#4973);
#4015=LINE('',#9972,#4974);
#4016=LINE('',#9975,#4975);
#4017=LINE('',#9977,#4976);
#4018=LINE('',#9979,#4977);
#4019=LINE('',#9980,#4978);
#4020=LINE('',#9983,#4979);
#4021=LINE('',#9985,#4980);
#4022=LINE('',#9987,#4981);
#4023=LINE('',#9988,#4982);
#4024=LINE('',#9991,#4983);
#4025=LINE('',#9993,#4984);
#4026=LINE('',#9995,#4985);
#4027=LINE('',#9996,#4986);
#4028=LINE('',#9999,#4987);
#4029=LINE('',#10001,#4988);
#4030=LINE('',#10003,#4989);
#4031=LINE('',#10004,#4990);
#4032=LINE('',#10007,#4991);
#4033=LINE('',#10009,#4992);
#4034=LINE('',#10011,#4993);
#4035=LINE('',#10012,#4994);
#4036=LINE('',#10015,#4995);
#4037=LINE('',#10017,#4996);
#4038=LINE('',#10019,#4997);
#4039=LINE('',#10020,#4998);
#4040=LINE('',#10023,#4999);
#4041=LINE('',#10025,#5000);
#4042=LINE('',#10027,#5001);
#4043=LINE('',#10028,#5002);
#4044=LINE('',#10031,#5003);
#4045=LINE('',#10033,#5004);
#4046=LINE('',#10035,#5005);
#4047=LINE('',#10036,#5006);
#4048=LINE('',#10039,#5007);
#4049=LINE('',#10041,#5008);
#4050=LINE('',#10043,#5009);
#4051=LINE('',#10044,#5010);
#4052=LINE('',#10047,#5011);
#4053=LINE('',#10049,#5012);
#4054=LINE('',#10051,#5013);
#4055=LINE('',#10052,#5014);
#4056=LINE('',#10055,#5015);
#4057=LINE('',#10057,#5016);
#4058=LINE('',#10059,#5017);
#4059=LINE('',#10060,#5018);
#4060=LINE('',#10063,#5019);
#4061=LINE('',#10065,#5020);
#4062=LINE('',#10067,#5021);
#4063=LINE('',#10068,#5022);
#4064=LINE('',#10071,#5023);
#4065=LINE('',#10073,#5024);
#4066=LINE('',#10075,#5025);
#4067=LINE('',#10076,#5026);
#4068=LINE('',#10079,#5027);
#4069=LINE('',#10081,#5028);
#4070=LINE('',#10083,#5029);
#4071=LINE('',#10084,#5030);
#4072=LINE('',#10087,#5031);
#4073=LINE('',#10089,#5032);
#4074=LINE('',#10091,#5033);
#4075=LINE('',#10092,#5034);
#4076=LINE('',#10095,#5035);
#4077=LINE('',#10097,#5036);
#4078=LINE('',#10099,#5037);
#4079=LINE('',#10100,#5038);
#4080=LINE('',#10103,#5039);
#4081=LINE('',#10105,#5040);
#4082=LINE('',#10107,#5041);
#4083=LINE('',#10108,#5042);
#4084=LINE('',#10111,#5043);
#4085=LINE('',#10113,#5044);
#4086=LINE('',#10115,#5045);
#4087=LINE('',#10116,#5046);
#4088=LINE('',#10119,#5047);
#4089=LINE('',#10121,#5048);
#4090=LINE('',#10123,#5049);
#4091=LINE('',#10125,#5050);
#4092=LINE('',#10127,#5051);
#4093=LINE('',#10129,#5052);
#4094=LINE('',#10131,#5053);
#4095=LINE('',#10133,#5054);
#4096=LINE('',#10135,#5055);
#4097=LINE('',#10137,#5056);
#4098=LINE('',#10139,#5057);
#4099=LINE('',#10141,#5058);
#4100=LINE('',#10143,#5059);
#4101=LINE('',#10145,#5060);
#4102=LINE('',#10147,#5061);
#4103=LINE('',#10148,#5062);
#4104=LINE('',#10151,#5063);
#4105=LINE('',#10153,#5064);
#4106=LINE('',#10155,#5065);
#4107=LINE('',#10157,#5066);
#4108=LINE('',#10159,#5067);
#4109=LINE('',#10161,#5068);
#4110=LINE('',#10163,#5069);
#4111=LINE('',#10165,#5070);
#4112=LINE('',#10167,#5071);
#4113=LINE('',#10169,#5072);
#4114=LINE('',#10171,#5073);
#4115=LINE('',#10172,#5074);
#4116=LINE('',#10175,#5075);
#4117=LINE('',#10177,#5076);
#4118=LINE('',#10179,#5077);
#4119=LINE('',#10180,#5078);
#4120=LINE('',#10183,#5079);
#4121=LINE('',#10185,#5080);
#4122=LINE('',#10187,#5081);
#4123=LINE('',#10189,#5082);
#4124=LINE('',#10191,#5083);
#4125=LINE('',#10193,#5084);
#4126=LINE('',#10195,#5085);
#4127=LINE('',#10197,#5086);
#4128=LINE('',#10199,#5087);
#4129=LINE('',#10201,#5088);
#4130=LINE('',#10203,#5089);
#4131=LINE('',#10208,#5090);
#4132=LINE('',#10212,#5091);
#4133=LINE('',#10216,#5092);
#4134=LINE('',#10220,#5093);
#4135=LINE('',#10224,#5094);
#4136=LINE('',#10226,#5095);
#4137=LINE('',#10228,#5096);
#4138=LINE('',#10232,#5097);
#4139=LINE('',#10236,#5098);
#4140=LINE('',#10240,#5099);
#4141=LINE('',#10244,#5100);
#4142=LINE('',#10249,#5101);
#4143=LINE('',#10250,#5102);
#4144=LINE('',#10252,#5103);
#4145=LINE('',#10257,#5104);
#4146=LINE('',#10258,#5105);
#4147=LINE('',#10260,#5106);
#4148=LINE('',#10262,#5107);
#4149=LINE('',#10264,#5108);
#4150=LINE('',#10266,#5109);
#4151=LINE('',#10268,#5110);
#4152=LINE('',#10270,#5111);
#4153=LINE('',#10272,#5112);
#4154=LINE('',#10274,#5113);
#4155=LINE('',#10277,#5114);
#4156=LINE('',#10279,#5115);
#4157=LINE('',#10281,#5116);
#4158=LINE('',#10283,#5117);
#4159=LINE('',#10285,#5118);
#4160=LINE('',#10287,#5119);
#4161=LINE('',#10289,#5120);
#4162=LINE('',#10293,#5121);
#4163=LINE('',#10297,#5122);
#4164=LINE('',#10299,#5123);
#4165=LINE('',#10301,#5124);
#4166=LINE('',#10303,#5125);
#4167=LINE('',#10304,#5126);
#4168=LINE('',#10306,#5127);
#4169=LINE('',#10308,#5128);
#4170=LINE('',#10310,#5129);
#4171=LINE('',#10315,#5130);
#4172=LINE('',#10319,#5131);
#4173=LINE('',#10323,#5132);
#4174=LINE('',#10327,#5133);
#4175=LINE('',#10329,#5134);
#4176=LINE('',#10331,#5135);
#4177=LINE('',#10333,#5136);
#4178=LINE('',#10335,#5137);
#4179=LINE('',#10337,#5138);
#4180=LINE('',#10339,#5139);
#4181=LINE('',#10341,#5140);
#4182=LINE('',#10343,#5141);
#4183=LINE('',#10345,#5142);
#4184=LINE('',#10347,#5143);
#4185=LINE('',#10349,#5144);
#4186=LINE('',#10351,#5145);
#4187=LINE('',#10353,#5146);
#4188=LINE('',#10355,#5147);
#4189=LINE('',#10357,#5148);
#4190=LINE('',#10359,#5149);
#4191=LINE('',#10361,#5150);
#4192=LINE('',#10363,#5151);
#4193=LINE('',#10365,#5152);
#4194=LINE('',#10367,#5153);
#4195=LINE('',#10369,#5154);
#4196=LINE('',#10371,#5155);
#4197=LINE('',#10373,#5156);
#4198=LINE('',#10375,#5157);
#4199=LINE('',#10377,#5158);
#4200=LINE('',#10379,#5159);
#4201=LINE('',#10381,#5160);
#4202=LINE('',#10383,#5161);
#4203=LINE('',#10385,#5162);
#4204=LINE('',#10387,#5163);
#4205=LINE('',#10389,#5164);
#4206=LINE('',#10391,#5165);
#4207=LINE('',#10393,#5166);
#4208=LINE('',#10395,#5167);
#4209=LINE('',#10397,#5168);
#4210=LINE('',#10399,#5169);
#4211=LINE('',#10401,#5170);
#4212=LINE('',#10403,#5171);
#4213=LINE('',#10405,#5172);
#4214=LINE('',#10407,#5173);
#4215=LINE('',#10409,#5174);
#4216=LINE('',#10411,#5175);
#4217=LINE('',#10413,#5176);
#4218=LINE('',#10415,#5177);
#4219=LINE('',#10417,#5178);
#4220=LINE('',#10419,#5179);
#4221=LINE('',#10421,#5180);
#4222=LINE('',#10423,#5181);
#4223=LINE('',#10425,#5182);
#4224=LINE('',#10427,#5183);
#4225=LINE('',#10429,#5184);
#4226=LINE('',#10431,#5185);
#4227=LINE('',#10433,#5186);
#4228=LINE('',#10435,#5187);
#4229=LINE('',#10437,#5188);
#4230=LINE('',#10439,#5189);
#4231=LINE('',#10441,#5190);
#4232=LINE('',#10443,#5191);
#4233=LINE('',#10445,#5192);
#4234=LINE('',#10447,#5193);
#4235=LINE('',#10449,#5194);
#4236=LINE('',#10451,#5195);
#4237=LINE('',#10453,#5196);
#4238=LINE('',#10455,#5197);
#4239=LINE('',#10457,#5198);
#4240=LINE('',#10459,#5199);
#4241=LINE('',#10461,#5200);
#4242=LINE('',#10463,#5201);
#4243=LINE('',#10465,#5202);
#4244=LINE('',#10467,#5203);
#4245=LINE('',#10469,#5204);
#4246=LINE('',#10471,#5205);
#4247=LINE('',#10473,#5206);
#4248=LINE('',#10475,#5207);
#4249=LINE('',#10477,#5208);
#4250=LINE('',#10479,#5209);
#4251=LINE('',#10481,#5210);
#4252=LINE('',#10483,#5211);
#4253=LINE('',#10485,#5212);
#4254=LINE('',#10487,#5213);
#4255=LINE('',#10489,#5214);
#4256=LINE('',#10491,#5215);
#4257=LINE('',#10493,#5216);
#4258=LINE('',#10495,#5217);
#4259=LINE('',#10497,#5218);
#4260=LINE('',#10499,#5219);
#4261=LINE('',#10501,#5220);
#4262=LINE('',#10503,#5221);
#4263=LINE('',#10505,#5222);
#4264=LINE('',#10507,#5223);
#4265=LINE('',#10509,#5224);
#4266=LINE('',#10511,#5225);
#4267=LINE('',#10513,#5226);
#4268=LINE('',#10515,#5227);
#4269=LINE('',#10517,#5228);
#4270=LINE('',#10519,#5229);
#4271=LINE('',#10521,#5230);
#4272=LINE('',#10523,#5231);
#4273=LINE('',#10525,#5232);
#4274=LINE('',#10527,#5233);
#4275=LINE('',#10529,#5234);
#4276=LINE('',#10531,#5235);
#4277=LINE('',#10533,#5236);
#4278=LINE('',#10535,#5237);
#4279=LINE('',#10537,#5238);
#4280=LINE('',#10539,#5239);
#4281=LINE('',#10541,#5240);
#4282=LINE('',#10543,#5241);
#4283=LINE('',#10545,#5242);
#4284=LINE('',#10547,#5243);
#4285=LINE('',#10549,#5244);
#4286=LINE('',#10551,#5245);
#4287=LINE('',#10553,#5246);
#4288=LINE('',#10555,#5247);
#4289=LINE('',#10557,#5248);
#4290=LINE('',#10559,#5249);
#4291=LINE('',#10561,#5250);
#4292=LINE('',#10563,#5251);
#4293=LINE('',#10565,#5252);
#4294=LINE('',#10567,#5253);
#4295=LINE('',#10569,#5254);
#4296=LINE('',#10571,#5255);
#4297=LINE('',#10573,#5256);
#4298=LINE('',#10575,#5257);
#4299=LINE('',#10577,#5258);
#4300=LINE('',#10579,#5259);
#4301=LINE('',#10581,#5260);
#4302=LINE('',#10583,#5261);
#4303=LINE('',#10585,#5262);
#4304=LINE('',#10587,#5263);
#4305=LINE('',#10589,#5264);
#4306=LINE('',#10591,#5265);
#4307=LINE('',#10593,#5266);
#4308=LINE('',#10595,#5267);
#4309=LINE('',#10597,#5268);
#4310=LINE('',#10599,#5269);
#4311=LINE('',#10601,#5270);
#4312=LINE('',#10603,#5271);
#4313=LINE('',#10605,#5272);
#4314=LINE('',#10607,#5273);
#4315=LINE('',#10609,#5274);
#4316=LINE('',#10611,#5275);
#4317=LINE('',#10613,#5276);
#4318=LINE('',#10615,#5277);
#4319=LINE('',#10617,#5278);
#4320=LINE('',#10619,#5279);
#4321=LINE('',#10621,#5280);
#4322=LINE('',#10623,#5281);
#4323=LINE('',#10625,#5282);
#4324=LINE('',#10627,#5283);
#4325=LINE('',#10629,#5284);
#4326=LINE('',#10631,#5285);
#4327=LINE('',#10633,#5286);
#4328=LINE('',#10635,#5287);
#4329=LINE('',#10637,#5288);
#4330=LINE('',#10639,#5289);
#4331=LINE('',#10641,#5290);
#4332=LINE('',#10643,#5291);
#4333=LINE('',#10645,#5292);
#4334=LINE('',#10647,#5293);
#4335=LINE('',#10649,#5294);
#4336=LINE('',#10651,#5295);
#4337=LINE('',#10653,#5296);
#4338=LINE('',#10655,#5297);
#4339=LINE('',#10657,#5298);
#4340=LINE('',#10659,#5299);
#4341=LINE('',#10661,#5300);
#4342=LINE('',#10663,#5301);
#4343=LINE('',#10665,#5302);
#4344=LINE('',#10667,#5303);
#4345=LINE('',#10669,#5304);
#4346=LINE('',#10671,#5305);
#4347=LINE('',#10673,#5306);
#4348=LINE('',#10675,#5307);
#4349=LINE('',#10677,#5308);
#4350=LINE('',#10679,#5309);
#4351=LINE('',#10681,#5310);
#4352=LINE('',#10683,#5311);
#4353=LINE('',#10685,#5312);
#4354=LINE('',#10687,#5313);
#4355=LINE('',#10689,#5314);
#4356=LINE('',#10691,#5315);
#4357=LINE('',#10693,#5316);
#4358=LINE('',#10695,#5317);
#4359=LINE('',#10697,#5318);
#4360=LINE('',#10699,#5319);
#4361=LINE('',#10701,#5320);
#4362=LINE('',#10703,#5321);
#4363=LINE('',#10705,#5322);
#4364=LINE('',#10707,#5323);
#4365=LINE('',#10709,#5324);
#4366=LINE('',#10711,#5325);
#4367=LINE('',#10713,#5326);
#4368=LINE('',#10715,#5327);
#4369=LINE('',#10717,#5328);
#4370=LINE('',#10719,#5329);
#4371=LINE('',#10721,#5330);
#4372=LINE('',#10723,#5331);
#4373=LINE('',#10725,#5332);
#4374=LINE('',#10727,#5333);
#4375=LINE('',#10729,#5334);
#4376=LINE('',#10731,#5335);
#4377=LINE('',#10733,#5336);
#4378=LINE('',#10735,#5337);
#4379=LINE('',#10737,#5338);
#4380=LINE('',#10739,#5339);
#4381=LINE('',#10741,#5340);
#4382=LINE('',#10743,#5341);
#4383=LINE('',#10745,#5342);
#4384=LINE('',#10747,#5343);
#4385=LINE('',#10749,#5344);
#4386=LINE('',#10751,#5345);
#4387=LINE('',#10753,#5346);
#4388=LINE('',#10755,#5347);
#4389=LINE('',#10757,#5348);
#4390=LINE('',#10759,#5349);
#4391=LINE('',#10761,#5350);
#4392=LINE('',#10763,#5351);
#4393=LINE('',#10765,#5352);
#4394=LINE('',#10767,#5353);
#4395=LINE('',#10769,#5354);
#4396=LINE('',#10771,#5355);
#4397=LINE('',#10773,#5356);
#4398=LINE('',#10775,#5357);
#4399=LINE('',#10777,#5358);
#4400=LINE('',#10779,#5359);
#4401=LINE('',#10781,#5360);
#4402=LINE('',#10783,#5361);
#4403=LINE('',#10785,#5362);
#4404=LINE('',#10787,#5363);
#4405=LINE('',#10789,#5364);
#4406=LINE('',#10791,#5365);
#4407=LINE('',#10793,#5366);
#4408=LINE('',#10795,#5367);
#4409=LINE('',#10797,#5368);
#4410=LINE('',#10799,#5369);
#4411=LINE('',#10801,#5370);
#4412=LINE('',#10803,#5371);
#4413=LINE('',#10805,#5372);
#4414=LINE('',#10807,#5373);
#4415=LINE('',#10809,#5374);
#4416=LINE('',#10811,#5375);
#4417=LINE('',#10813,#5376);
#4418=LINE('',#10815,#5377);
#4419=LINE('',#10817,#5378);
#4420=LINE('',#10819,#5379);
#4421=LINE('',#10821,#5380);
#4422=LINE('',#10823,#5381);
#4423=LINE('',#10825,#5382);
#4424=LINE('',#10827,#5383);
#4425=LINE('',#10829,#5384);
#4426=LINE('',#10831,#5385);
#4427=LINE('',#10833,#5386);
#4428=LINE('',#10835,#5387);
#4429=LINE('',#10837,#5388);
#4430=LINE('',#10839,#5389);
#4431=LINE('',#10841,#5390);
#4432=LINE('',#10843,#5391);
#4433=LINE('',#10845,#5392);
#4434=LINE('',#10847,#5393);
#4435=LINE('',#10849,#5394);
#4436=LINE('',#10851,#5395);
#4437=LINE('',#10853,#5396);
#4438=LINE('',#10855,#5397);
#4439=LINE('',#10857,#5398);
#4440=LINE('',#10859,#5399);
#4441=LINE('',#10861,#5400);
#4442=LINE('',#10863,#5401);
#4443=LINE('',#10865,#5402);
#4444=LINE('',#10867,#5403);
#4445=LINE('',#10869,#5404);
#4446=LINE('',#10871,#5405);
#4447=LINE('',#10873,#5406);
#4448=LINE('',#10875,#5407);
#4449=LINE('',#10877,#5408);
#4450=LINE('',#10879,#5409);
#4451=LINE('',#10881,#5410);
#4452=LINE('',#10883,#5411);
#4453=LINE('',#10885,#5412);
#4454=LINE('',#10887,#5413);
#4455=LINE('',#10889,#5414);
#4456=LINE('',#10891,#5415);
#4457=LINE('',#10893,#5416);
#4458=LINE('',#10895,#5417);
#4459=LINE('',#10897,#5418);
#4460=LINE('',#10899,#5419);
#4461=LINE('',#10901,#5420);
#4462=LINE('',#10903,#5421);
#4463=LINE('',#10905,#5422);
#4464=LINE('',#10907,#5423);
#4465=LINE('',#10909,#5424);
#4466=LINE('',#10911,#5425);
#4467=LINE('',#10913,#5426);
#4468=LINE('',#10915,#5427);
#4469=LINE('',#10917,#5428);
#4470=LINE('',#10919,#5429);
#4471=LINE('',#10921,#5430);
#4472=LINE('',#10923,#5431);
#4473=LINE('',#10925,#5432);
#4474=LINE('',#10927,#5433);
#4475=LINE('',#10929,#5434);
#4476=LINE('',#10931,#5435);
#4477=LINE('',#10933,#5436);
#4478=LINE('',#10935,#5437);
#4479=LINE('',#10937,#5438);
#4480=LINE('',#10939,#5439);
#4481=LINE('',#10941,#5440);
#4482=LINE('',#10943,#5441);
#4483=LINE('',#10945,#5442);
#4484=LINE('',#10947,#5443);
#4485=LINE('',#10949,#5444);
#4486=LINE('',#10951,#5445);
#4487=LINE('',#10953,#5446);
#4488=LINE('',#10955,#5447);
#4489=LINE('',#10957,#5448);
#4490=LINE('',#10959,#5449);
#4491=LINE('',#10961,#5450);
#4492=LINE('',#10963,#5451);
#4493=LINE('',#10965,#5452);
#4494=LINE('',#10967,#5453);
#4495=LINE('',#10969,#5454);
#4496=LINE('',#10971,#5455);
#4497=LINE('',#10973,#5456);
#4498=LINE('',#10975,#5457);
#4499=LINE('',#10977,#5458);
#4500=LINE('',#10979,#5459);
#4501=LINE('',#10981,#5460);
#4502=LINE('',#10983,#5461);
#4503=LINE('',#10985,#5462);
#4504=LINE('',#10987,#5463);
#4505=LINE('',#10989,#5464);
#4506=LINE('',#10991,#5465);
#4507=LINE('',#10993,#5466);
#4508=LINE('',#10995,#5467);
#4509=LINE('',#10997,#5468);
#4510=LINE('',#10999,#5469);
#4511=LINE('',#11001,#5470);
#4512=LINE('',#11003,#5471);
#4513=LINE('',#11005,#5472);
#4514=LINE('',#11007,#5473);
#4515=LINE('',#11009,#5474);
#4516=LINE('',#11011,#5475);
#4517=LINE('',#11013,#5476);
#4518=LINE('',#11015,#5477);
#4519=LINE('',#11017,#5478);
#4520=LINE('',#11019,#5479);
#4521=LINE('',#11021,#5480);
#4522=LINE('',#11023,#5481);
#4523=LINE('',#11025,#5482);
#4524=LINE('',#11027,#5483);
#4525=LINE('',#11029,#5484);
#4526=LINE('',#11031,#5485);
#4527=LINE('',#11033,#5486);
#4528=LINE('',#11035,#5487);
#4529=LINE('',#11037,#5488);
#4530=LINE('',#11039,#5489);
#4531=LINE('',#11041,#5490);
#4532=LINE('',#11043,#5491);
#4533=LINE('',#11045,#5492);
#4534=LINE('',#11047,#5493);
#4535=LINE('',#11049,#5494);
#4536=LINE('',#11051,#5495);
#4537=LINE('',#11053,#5496);
#4538=LINE('',#11055,#5497);
#4539=LINE('',#11057,#5498);
#4540=LINE('',#11059,#5499);
#4541=LINE('',#11061,#5500);
#4542=LINE('',#11063,#5501);
#4543=LINE('',#11065,#5502);
#4544=LINE('',#11067,#5503);
#4545=LINE('',#11069,#5504);
#4546=LINE('',#11071,#5505);
#4547=LINE('',#11073,#5506);
#4548=LINE('',#11075,#5507);
#4549=LINE('',#11077,#5508);
#4550=LINE('',#11079,#5509);
#4551=LINE('',#11081,#5510);
#4552=LINE('',#11083,#5511);
#4553=LINE('',#11085,#5512);
#4554=LINE('',#11087,#5513);
#4555=LINE('',#11089,#5514);
#4556=LINE('',#11091,#5515);
#4557=LINE('',#11093,#5516);
#4558=LINE('',#11095,#5517);
#4559=LINE('',#11097,#5518);
#4560=LINE('',#11099,#5519);
#4561=LINE('',#11101,#5520);
#4562=LINE('',#11103,#5521);
#4563=LINE('',#11105,#5522);
#4564=LINE('',#11107,#5523);
#4565=LINE('',#11109,#5524);
#4566=LINE('',#11111,#5525);
#4567=LINE('',#11113,#5526);
#4568=LINE('',#11115,#5527);
#4569=LINE('',#11117,#5528);
#4570=LINE('',#11119,#5529);
#4571=LINE('',#11121,#5530);
#4572=LINE('',#11123,#5531);
#4573=LINE('',#11125,#5532);
#4574=LINE('',#11127,#5533);
#4575=LINE('',#11129,#5534);
#4576=LINE('',#11131,#5535);
#4577=LINE('',#11133,#5536);
#4578=LINE('',#11135,#5537);
#4579=LINE('',#11137,#5538);
#4580=LINE('',#11139,#5539);
#4581=LINE('',#11141,#5540);
#4582=LINE('',#11145,#5541);
#4583=LINE('',#11147,#5542);
#4584=LINE('',#11149,#5543);
#4585=LINE('',#11151,#5544);
#4586=LINE('',#11155,#5545);
#4587=LINE('',#11157,#5546);
#4588=LINE('',#11159,#5547);
#4589=LINE('',#11163,#5548);
#4590=LINE('',#11167,#5549);
#4591=LINE('',#11169,#5550);
#4592=LINE('',#11173,#5551);
#4593=LINE('',#11175,#5552);
#4594=LINE('',#11177,#5553);
#4595=LINE('',#11179,#5554);
#4596=LINE('',#11181,#5555);
#4597=LINE('',#11183,#5556);
#4598=LINE('',#11185,#5557);
#4599=LINE('',#11187,#5558);
#4600=LINE('',#11189,#5559);
#4601=LINE('',#11191,#5560);
#4602=LINE('',#11193,#5561);
#4603=LINE('',#11195,#5562);
#4604=LINE('',#11197,#5563);
#4605=LINE('',#11199,#5564);
#4606=LINE('',#11201,#5565);
#4607=LINE('',#11203,#5566);
#4608=LINE('',#11205,#5567);
#4609=LINE('',#11207,#5568);
#4610=LINE('',#11209,#5569);
#4611=LINE('',#11211,#5570);
#4612=LINE('',#11213,#5571);
#4613=LINE('',#11215,#5572);
#4614=LINE('',#11217,#5573);
#4615=LINE('',#11219,#5574);
#4616=LINE('',#11221,#5575);
#4617=LINE('',#11223,#5576);
#4618=LINE('',#11225,#5577);
#4619=LINE('',#11227,#5578);
#4620=LINE('',#11229,#5579);
#4621=LINE('',#11231,#5580);
#4622=LINE('',#11233,#5581);
#4623=LINE('',#11235,#5582);
#4624=LINE('',#11237,#5583);
#4625=LINE('',#11239,#5584);
#4626=LINE('',#11241,#5585);
#4627=LINE('',#11243,#5586);
#4628=LINE('',#11245,#5587);
#4629=LINE('',#11247,#5588);
#4630=LINE('',#11249,#5589);
#4631=LINE('',#11251,#5590);
#4632=LINE('',#11253,#5591);
#4633=LINE('',#11255,#5592);
#4634=LINE('',#11257,#5593);
#4635=LINE('',#11259,#5594);
#4636=LINE('',#11261,#5595);
#4637=LINE('',#11263,#5596);
#4638=LINE('',#11265,#5597);
#4639=LINE('',#11267,#5598);
#4640=LINE('',#11269,#5599);
#4641=LINE('',#11271,#5600);
#4642=LINE('',#11273,#5601);
#4643=LINE('',#11275,#5602);
#4644=LINE('',#11277,#5603);
#4645=LINE('',#11279,#5604);
#4646=LINE('',#11281,#5605);
#4647=LINE('',#11283,#5606);
#4648=LINE('',#11285,#5607);
#4649=LINE('',#11287,#5608);
#4650=LINE('',#11289,#5609);
#4651=LINE('',#11291,#5610);
#4652=LINE('',#11293,#5611);
#4653=LINE('',#11295,#5612);
#4654=LINE('',#11297,#5613);
#4655=LINE('',#11299,#5614);
#4656=LINE('',#11301,#5615);
#4657=LINE('',#11303,#5616);
#4658=LINE('',#11305,#5617);
#4659=LINE('',#11307,#5618);
#4660=LINE('',#11309,#5619);
#4661=LINE('',#11311,#5620);
#4662=LINE('',#11313,#5621);
#4663=LINE('',#11315,#5622);
#4664=LINE('',#11317,#5623);
#4665=LINE('',#11319,#5624);
#4666=LINE('',#11321,#5625);
#4667=LINE('',#11323,#5626);
#4668=LINE('',#11325,#5627);
#4669=LINE('',#11327,#5628);
#4670=LINE('',#11329,#5629);
#4671=LINE('',#11331,#5630);
#4672=LINE('',#11333,#5631);
#4673=LINE('',#11335,#5632);
#4674=LINE('',#11337,#5633);
#4675=LINE('',#11339,#5634);
#4676=LINE('',#11341,#5635);
#4677=LINE('',#11343,#5636);
#4678=LINE('',#11345,#5637);
#4679=LINE('',#11347,#5638);
#4680=LINE('',#11349,#5639);
#4681=LINE('',#11351,#5640);
#4682=LINE('',#11353,#5641);
#4683=LINE('',#11355,#5642);
#4684=LINE('',#11357,#5643);
#4685=LINE('',#11359,#5644);
#4686=LINE('',#11361,#5645);
#4687=LINE('',#11363,#5646);
#4688=LINE('',#11365,#5647);
#4689=LINE('',#11367,#5648);
#4690=LINE('',#11369,#5649);
#4691=LINE('',#11371,#5650);
#4692=LINE('',#11373,#5651);
#4693=LINE('',#11375,#5652);
#4694=LINE('',#11377,#5653);
#4695=LINE('',#11379,#5654);
#4696=LINE('',#11381,#5655);
#4697=LINE('',#11383,#5656);
#4698=LINE('',#11385,#5657);
#4699=LINE('',#11387,#5658);
#4700=LINE('',#11389,#5659);
#4701=LINE('',#11391,#5660);
#4702=LINE('',#11393,#5661);
#4703=LINE('',#11395,#5662);
#4704=LINE('',#11397,#5663);
#4705=LINE('',#11399,#5664);
#4706=LINE('',#11401,#5665);
#4707=LINE('',#11403,#5666);
#4708=LINE('',#11405,#5667);
#4709=LINE('',#11407,#5668);
#4710=LINE('',#11409,#5669);
#4711=LINE('',#11411,#5670);
#4712=LINE('',#11413,#5671);
#4713=LINE('',#11415,#5672);
#4714=LINE('',#11417,#5673);
#4715=LINE('',#11419,#5674);
#4716=LINE('',#11421,#5675);
#4717=LINE('',#11423,#5676);
#4718=LINE('',#11425,#5677);
#4719=LINE('',#11427,#5678);
#4720=LINE('',#11429,#5679);
#4721=LINE('',#11431,#5680);
#4722=LINE('',#11433,#5681);
#4723=LINE('',#11435,#5682);
#4724=LINE('',#11437,#5683);
#4725=LINE('',#11439,#5684);
#4726=LINE('',#11441,#5685);
#4727=LINE('',#11443,#5686);
#4728=LINE('',#11445,#5687);
#4729=LINE('',#11447,#5688);
#4730=LINE('',#11449,#5689);
#4731=LINE('',#11451,#5690);
#4732=LINE('',#11453,#5691);
#4733=LINE('',#11455,#5692);
#4734=LINE('',#11457,#5693);
#4735=LINE('',#11459,#5694);
#4736=LINE('',#11461,#5695);
#4737=LINE('',#11463,#5696);
#4738=LINE('',#11465,#5697);
#4739=LINE('',#11496,#5698);
#4740=LINE('',#11511,#5699);
#4741=LINE('',#11513,#5700);
#4742=LINE('',#11515,#5701);
#4743=LINE('',#11517,#5702);
#4744=LINE('',#11521,#5703);
#4745=LINE('',#11524,#5704);
#4746=LINE('',#11526,#5705);
#4747=LINE('',#11528,#5706);
#4748=LINE('',#11530,#5707);
#4749=LINE('',#11532,#5708);
#4750=LINE('',#11534,#5709);
#4751=LINE('',#11536,#5710);
#4752=LINE('',#11540,#5711);
#4753=LINE('',#11544,#5712);
#4754=LINE('',#11548,#5713);
#4755=LINE('',#11552,#5714);
#4756=LINE('',#11554,#5715);
#4757=LINE('',#11558,#5716);
#4758=LINE('',#11562,#5717);
#4759=LINE('',#11563,#5718);
#4760=LINE('',#11565,#5719);
#4761=LINE('',#11567,#5720);
#4762=LINE('',#11569,#5721);
#4763=LINE('',#11572,#5722);
#4764=LINE('',#11573,#5723);
#4765=LINE('',#11579,#5724);
#4766=LINE('',#11585,#5725);
#4767=LINE('',#11589,#5726);
#4768=LINE('',#11596,#5727);
#4769=LINE('',#11597,#5728);
#4770=LINE('',#11598,#5729);
#4771=LINE('',#11599,#5730);
#4772=LINE('',#11603,#5731);
#4773=LINE('',#11605,#5732);
#4774=LINE('',#11606,#5733);
#4775=LINE('',#11608,#5734);
#4776=LINE('',#11609,#5735);
#4777=LINE('',#11611,#5736);
#4778=LINE('',#11613,#5737);
#4779=LINE('',#11615,#5738);
#4780=LINE('',#11617,#5739);
#4781=LINE('',#11619,#5740);
#4782=LINE('',#11625,#5741);
#4783=LINE('',#11628,#5742);
#4784=LINE('',#11630,#5743);
#4785=LINE('',#11632,#5744);
#4786=LINE('',#11634,#5745);
#4787=LINE('',#11637,#5746);
#4788=LINE('',#11639,#5747);
#4789=LINE('',#11640,#5748);
#4790=LINE('',#11642,#5749);
#4791=LINE('',#11644,#5750);
#4792=LINE('',#11646,#5751);
#4793=LINE('',#11648,#5752);
#4794=LINE('',#11650,#5753);
#4795=LINE('',#11652,#5754);
#4796=LINE('',#11658,#5755);
#4797=LINE('',#11660,#5756);
#4798=LINE('',#11662,#5757);
#4799=LINE('',#11664,#5758);
#4800=LINE('',#11666,#5759);
#4801=LINE('',#11668,#5760);
#4802=LINE('',#11670,#5761);
#4803=LINE('',#11672,#5762);
#4804=LINE('',#11674,#5763);
#4805=LINE('',#11676,#5764);
#4806=LINE('',#11691,#5765);
#4807=LINE('',#11693,#5766);
#4808=LINE('',#11695,#5767);
#4809=LINE('',#11697,#5768);
#4810=VECTOR('',#7862,1.);
#4811=VECTOR('',#7865,1.);
#4812=VECTOR('',#7866,1.);
#4813=VECTOR('',#7867,1.);
#4814=VECTOR('',#7870,1.);
#4815=VECTOR('',#7871,1.);
#4816=VECTOR('',#7872,1.);
#4817=VECTOR('',#7873,1.);
#4818=VECTOR('',#7874,1.);
#4819=VECTOR('',#7875,1.);
#4820=VECTOR('',#7876,1.);
#4821=VECTOR('',#7877,1.);
#4822=VECTOR('',#7878,1.);
#4823=VECTOR('',#7879,1.);
#4824=VECTOR('',#7880,1.);
#4825=VECTOR('',#7881,1.);
#4826=VECTOR('',#7882,1.);
#4827=VECTOR('',#7883,1.);
#4828=VECTOR('',#7884,1.);
#4829=VECTOR('',#7885,1.);
#4830=VECTOR('',#7886,1.);
#4831=VECTOR('',#7887,1.);
#4832=VECTOR('',#7888,1.);
#4833=VECTOR('',#7889,1.);
#4834=VECTOR('',#7890,1.);
#4835=VECTOR('',#7891,1.);
#4836=VECTOR('',#7892,1.);
#4837=VECTOR('',#7893,1.);
#4838=VECTOR('',#7894,1.);
#4839=VECTOR('',#7895,1.);
#4840=VECTOR('',#7896,1.);
#4841=VECTOR('',#7897,1.);
#4842=VECTOR('',#7898,1.);
#4843=VECTOR('',#7899,1.);
#4844=VECTOR('',#7900,1.);
#4845=VECTOR('',#7901,1.);
#4846=VECTOR('',#7902,1.);
#4847=VECTOR('',#7903,1.);
#4848=VECTOR('',#7904,1.);
#4849=VECTOR('',#7905,1.);
#4850=VECTOR('',#7906,1.);
#4851=VECTOR('',#7907,1.);
#4852=VECTOR('',#7908,1.);
#4853=VECTOR('',#7909,1.);
#4854=VECTOR('',#7910,1.);
#4855=VECTOR('',#7911,1.);
#4856=VECTOR('',#7912,1.);
#4857=VECTOR('',#7913,1.);
#4858=VECTOR('',#7914,1.);
#4859=VECTOR('',#7915,1.);
#4860=VECTOR('',#7916,1.);
#4861=VECTOR('',#7917,1.);
#4862=VECTOR('',#7918,1.);
#4863=VECTOR('',#7919,1.);
#4864=VECTOR('',#7920,1.);
#4865=VECTOR('',#7921,1.);
#4866=VECTOR('',#7922,1.);
#4867=VECTOR('',#7923,1.);
#4868=VECTOR('',#7924,1.);
#4869=VECTOR('',#7925,1.);
#4870=VECTOR('',#7926,1.);
#4871=VECTOR('',#7927,1.);
#4872=VECTOR('',#7928,1.);
#4873=VECTOR('',#7929,1.);
#4874=VECTOR('',#7930,1.);
#4875=VECTOR('',#7931,1.);
#4876=VECTOR('',#7932,1.);
#4877=VECTOR('',#7933,1.);
#4878=VECTOR('',#7934,1.);
#4879=VECTOR('',#7935,1.);
#4880=VECTOR('',#7936,1.);
#4881=VECTOR('',#7937,1.);
#4882=VECTOR('',#7938,1.);
#4883=VECTOR('',#7939,1.);
#4884=VECTOR('',#7940,1.);
#4885=VECTOR('',#7941,1.);
#4886=VECTOR('',#7942,1.);
#4887=VECTOR('',#7943,1.);
#4888=VECTOR('',#7944,1.);
#4889=VECTOR('',#7945,1.);
#4890=VECTOR('',#7946,1.);
#4891=VECTOR('',#7947,1.);
#4892=VECTOR('',#7948,1.);
#4893=VECTOR('',#7949,1.);
#4894=VECTOR('',#7950,1.);
#4895=VECTOR('',#7951,1.);
#4896=VECTOR('',#7952,1.);
#4897=VECTOR('',#7953,1.);
#4898=VECTOR('',#7954,1.);
#4899=VECTOR('',#7955,1.);
#4900=VECTOR('',#7956,1.);
#4901=VECTOR('',#7957,1.);
#4902=VECTOR('',#7958,1.);
#4903=VECTOR('',#7959,1.);
#4904=VECTOR('',#7960,1.);
#4905=VECTOR('',#7961,1.);
#4906=VECTOR('',#7962,1.);
#4907=VECTOR('',#7963,1.);
#4908=VECTOR('',#7964,1.);
#4909=VECTOR('',#7965,1.);
#4910=VECTOR('',#7966,1.);
#4911=VECTOR('',#7967,1.);
#4912=VECTOR('',#7968,1.);
#4913=VECTOR('',#7969,1.);
#4914=VECTOR('',#7970,1.);
#4915=VECTOR('',#7971,1.);
#4916=VECTOR('',#7972,1.);
#4917=VECTOR('',#7973,1.);
#4918=VECTOR('',#7974,1.);
#4919=VECTOR('',#7975,1.);
#4920=VECTOR('',#7976,1.);
#4921=VECTOR('',#7977,1.);
#4922=VECTOR('',#7978,1.);
#4923=VECTOR('',#7979,1.);
#4924=VECTOR('',#7980,1.);
#4925=VECTOR('',#7981,1.);
#4926=VECTOR('',#7982,1.);
#4927=VECTOR('',#7983,1.);
#4928=VECTOR('',#7984,1.);
#4929=VECTOR('',#7985,1.);
#4930=VECTOR('',#7986,1.);
#4931=VECTOR('',#7987,1.);
#4932=VECTOR('',#7988,1.);
#4933=VECTOR('',#7989,1.);
#4934=VECTOR('',#7990,1.);
#4935=VECTOR('',#7991,1.);
#4936=VECTOR('',#7992,1.);
#4937=VECTOR('',#7993,1.);
#4938=VECTOR('',#7994,1.);
#4939=VECTOR('',#7995,1.);
#4940=VECTOR('',#7996,1.);
#4941=VECTOR('',#7997,1.);
#4942=VECTOR('',#7998,1.);
#4943=VECTOR('',#7999,1.);
#4944=VECTOR('',#8000,1.);
#4945=VECTOR('',#8001,1.);
#4946=VECTOR('',#8002,1.);
#4947=VECTOR('',#8003,1.);
#4948=VECTOR('',#8004,1.);
#4949=VECTOR('',#8005,1.);
#4950=VECTOR('',#8006,1.);
#4951=VECTOR('',#8007,1.);
#4952=VECTOR('',#8008,1.);
#4953=VECTOR('',#8009,1.);
#4954=VECTOR('',#8010,1.);
#4955=VECTOR('',#8011,1.);
#4956=VECTOR('',#8012,1.);
#4957=VECTOR('',#8013,1.);
#4958=VECTOR('',#8014,1.);
#4959=VECTOR('',#8015,1.);
#4960=VECTOR('',#8016,1.);
#4961=VECTOR('',#8017,1.);
#4962=VECTOR('',#8018,1.);
#4963=VECTOR('',#8019,1.);
#4964=VECTOR('',#8020,1.);
#4965=VECTOR('',#8021,1.);
#4966=VECTOR('',#8022,1.);
#4967=VECTOR('',#8023,1.);
#4968=VECTOR('',#8024,1.);
#4969=VECTOR('',#8025,1.);
#4970=VECTOR('',#8026,1.);
#4971=VECTOR('',#8027,1.);
#4972=VECTOR('',#8028,1.);
#4973=VECTOR('',#8029,1.);
#4974=VECTOR('',#8030,1.);
#4975=VECTOR('',#8031,1.);
#4976=VECTOR('',#8032,1.);
#4977=VECTOR('',#8033,1.);
#4978=VECTOR('',#8034,1.);
#4979=VECTOR('',#8035,1.);
#4980=VECTOR('',#8036,1.);
#4981=VECTOR('',#8037,1.);
#4982=VECTOR('',#8038,1.);
#4983=VECTOR('',#8039,1.);
#4984=VECTOR('',#8040,1.);
#4985=VECTOR('',#8041,1.);
#4986=VECTOR('',#8042,1.);
#4987=VECTOR('',#8043,1.);
#4988=VECTOR('',#8044,1.);
#4989=VECTOR('',#8045,1.);
#4990=VECTOR('',#8046,1.);
#4991=VECTOR('',#8047,1.);
#4992=VECTOR('',#8048,1.);
#4993=VECTOR('',#8049,1.);
#4994=VECTOR('',#8050,1.);
#4995=VECTOR('',#8051,1.);
#4996=VECTOR('',#8052,1.);
#4997=VECTOR('',#8053,1.);
#4998=VECTOR('',#8054,1.);
#4999=VECTOR('',#8055,1.);
#5000=VECTOR('',#8056,1.);
#5001=VECTOR('',#8057,1.);
#5002=VECTOR('',#8058,1.);
#5003=VECTOR('',#8059,1.);
#5004=VECTOR('',#8060,1.);
#5005=VECTOR('',#8061,1.);
#5006=VECTOR('',#8062,1.);
#5007=VECTOR('',#8063,1.);
#5008=VECTOR('',#8064,1.);
#5009=VECTOR('',#8065,1.);
#5010=VECTOR('',#8066,1.);
#5011=VECTOR('',#8067,1.);
#5012=VECTOR('',#8068,1.);
#5013=VECTOR('',#8069,1.);
#5014=VECTOR('',#8070,1.);
#5015=VECTOR('',#8071,1.);
#5016=VECTOR('',#8072,1.);
#5017=VECTOR('',#8073,1.);
#5018=VECTOR('',#8074,1.);
#5019=VECTOR('',#8075,1.);
#5020=VECTOR('',#8076,1.);
#5021=VECTOR('',#8077,1.);
#5022=VECTOR('',#8078,1.);
#5023=VECTOR('',#8079,1.);
#5024=VECTOR('',#8080,1.);
#5025=VECTOR('',#8081,1.);
#5026=VECTOR('',#8082,1.);
#5027=VECTOR('',#8083,1.);
#5028=VECTOR('',#8084,1.);
#5029=VECTOR('',#8085,1.);
#5030=VECTOR('',#8086,1.);
#5031=VECTOR('',#8087,1.);
#5032=VECTOR('',#8088,1.);
#5033=VECTOR('',#8089,1.);
#5034=VECTOR('',#8090,1.);
#5035=VECTOR('',#8091,1.);
#5036=VECTOR('',#8092,1.);
#5037=VECTOR('',#8093,1.);
#5038=VECTOR('',#8094,1.);
#5039=VECTOR('',#8095,1.);
#5040=VECTOR('',#8096,1.);
#5041=VECTOR('',#8097,1.);
#5042=VECTOR('',#8098,1.);
#5043=VECTOR('',#8099,1.);
#5044=VECTOR('',#8100,1.);
#5045=VECTOR('',#8101,1.);
#5046=VECTOR('',#8102,1.);
#5047=VECTOR('',#8103,1.);
#5048=VECTOR('',#8104,1.);
#5049=VECTOR('',#8105,1.);
#5050=VECTOR('',#8106,1.);
#5051=VECTOR('',#8107,1.);
#5052=VECTOR('',#8108,1.);
#5053=VECTOR('',#8109,1.);
#5054=VECTOR('',#8110,1.);
#5055=VECTOR('',#8111,1.);
#5056=VECTOR('',#8112,1.);
#5057=VECTOR('',#8113,1.);
#5058=VECTOR('',#8114,1.);
#5059=VECTOR('',#8115,1.);
#5060=VECTOR('',#8116,1.);
#5061=VECTOR('',#8117,1.);
#5062=VECTOR('',#8118,1.);
#5063=VECTOR('',#8119,1.);
#5064=VECTOR('',#8120,1.);
#5065=VECTOR('',#8121,1.);
#5066=VECTOR('',#8122,1.);
#5067=VECTOR('',#8123,1.);
#5068=VECTOR('',#8124,1.);
#5069=VECTOR('',#8125,1.);
#5070=VECTOR('',#8126,1.);
#5071=VECTOR('',#8127,1.);
#5072=VECTOR('',#8128,1.);
#5073=VECTOR('',#8129,1.);
#5074=VECTOR('',#8130,1.);
#5075=VECTOR('',#8131,1.);
#5076=VECTOR('',#8132,1.);
#5077=VECTOR('',#8133,1.);
#5078=VECTOR('',#8134,1.);
#5079=VECTOR('',#8135,1.);
#5080=VECTOR('',#8136,1.);
#5081=VECTOR('',#8137,1.);
#5082=VECTOR('',#8138,1.);
#5083=VECTOR('',#8139,1.);
#5084=VECTOR('',#8140,1.);
#5085=VECTOR('',#8141,1.);
#5086=VECTOR('',#8142,1.);
#5087=VECTOR('',#8143,1.);
#5088=VECTOR('',#8144,1.);
#5089=VECTOR('',#8145,1.);
#5090=VECTOR('',#8150,1.);
#5091=VECTOR('',#8153,1.);
#5092=VECTOR('',#8156,1.);
#5093=VECTOR('',#8159,1.);
#5094=VECTOR('',#8162,1.);
#5095=VECTOR('',#8163,1.);
#5096=VECTOR('',#8164,1.);
#5097=VECTOR('',#8167,1.);
#5098=VECTOR('',#8170,1.);
#5099=VECTOR('',#8173,1.);
#5100=VECTOR('',#8176,1.);
#5101=VECTOR('',#8181,1.);
#5102=VECTOR('',#8182,1.);
#5103=VECTOR('',#8183,1.);
#5104=VECTOR('',#8188,1.);
#5105=VECTOR('',#8189,1.);
#5106=VECTOR('',#8190,1.);
#5107=VECTOR('',#8193,1.);
#5108=VECTOR('',#8194,1.);
#5109=VECTOR('',#8195,1.);
#5110=VECTOR('',#8198,1.);
#5111=VECTOR('',#8199,1.);
#5112=VECTOR('',#8200,1.);
#5113=VECTOR('',#8203,1.);
#5114=VECTOR('',#8204,1.);
#5115=VECTOR('',#8205,1.);
#5116=VECTOR('',#8206,1.);
#5117=VECTOR('',#8209,1.);
#5118=VECTOR('',#8210,1.);
#5119=VECTOR('',#8211,1.);
#5120=VECTOR('',#8214,1.);
#5121=VECTOR('',#8217,1.);
#5122=VECTOR('',#8220,1.);
#5123=VECTOR('',#8221,1.);
#5124=VECTOR('',#8222,1.);
#5125=VECTOR('',#8225,1.);
#5126=VECTOR('',#8226,1.);
#5127=VECTOR('',#8229,1.);
#5128=VECTOR('',#8230,1.);
#5129=VECTOR('',#8231,1.);
#5130=VECTOR('',#8236,1.);
#5131=VECTOR('',#8239,1.);
#5132=VECTOR('',#8242,1.);
#5133=VECTOR('',#8245,1.);
#5134=VECTOR('',#8248,1.);
#5135=VECTOR('',#8249,1.);
#5136=VECTOR('',#8250,1.);
#5137=VECTOR('',#8253,1.);
#5138=VECTOR('',#8254,1.);
#5139=VECTOR('',#8257,1.);
#5140=VECTOR('',#8258,1.);
#5141=VECTOR('',#8261,1.);
#5142=VECTOR('',#8262,1.);
#5143=VECTOR('',#8263,1.);
#5144=VECTOR('',#8266,1.);
#5145=VECTOR('',#8267,1.);
#5146=VECTOR('',#8270,1.);
#5147=VECTOR('',#8271,1.);
#5148=VECTOR('',#8274,1.);
#5149=VECTOR('',#8275,1.);
#5150=VECTOR('',#8276,1.);
#5151=VECTOR('',#8279,1.);
#5152=VECTOR('',#8280,1.);
#5153=VECTOR('',#8283,1.);
#5154=VECTOR('',#8284,1.);
#5155=VECTOR('',#8287,1.);
#5156=VECTOR('',#8288,1.);
#5157=VECTOR('',#8289,1.);
#5158=VECTOR('',#8292,1.);
#5159=VECTOR('',#8293,1.);
#5160=VECTOR('',#8296,1.);
#5161=VECTOR('',#8297,1.);
#5162=VECTOR('',#8300,1.);
#5163=VECTOR('',#8301,1.);
#5164=VECTOR('',#8302,1.);
#5165=VECTOR('',#8305,1.);
#5166=VECTOR('',#8306,1.);
#5167=VECTOR('',#8309,1.);
#5168=VECTOR('',#8310,1.);
#5169=VECTOR('',#8313,1.);
#5170=VECTOR('',#8314,1.);
#5171=VECTOR('',#8315,1.);
#5172=VECTOR('',#8318,1.);
#5173=VECTOR('',#8319,1.);
#5174=VECTOR('',#8322,1.);
#5175=VECTOR('',#8323,1.);
#5176=VECTOR('',#8326,1.);
#5177=VECTOR('',#8327,1.);
#5178=VECTOR('',#8328,1.);
#5179=VECTOR('',#8331,1.);
#5180=VECTOR('',#8332,1.);
#5181=VECTOR('',#8335,1.);
#5182=VECTOR('',#8336,1.);
#5183=VECTOR('',#8339,1.);
#5184=VECTOR('',#8340,1.);
#5185=VECTOR('',#8341,1.);
#5186=VECTOR('',#8344,1.);
#5187=VECTOR('',#8345,1.);
#5188=VECTOR('',#8348,1.);
#5189=VECTOR('',#8349,1.);
#5190=VECTOR('',#8352,1.);
#5191=VECTOR('',#8353,1.);
#5192=VECTOR('',#8354,1.);
#5193=VECTOR('',#8357,1.);
#5194=VECTOR('',#8358,1.);
#5195=VECTOR('',#8361,1.);
#5196=VECTOR('',#8362,1.);
#5197=VECTOR('',#8365,1.);
#5198=VECTOR('',#8366,1.);
#5199=VECTOR('',#8367,1.);
#5200=VECTOR('',#8370,1.);
#5201=VECTOR('',#8371,1.);
#5202=VECTOR('',#8374,1.);
#5203=VECTOR('',#8375,1.);
#5204=VECTOR('',#8378,1.);
#5205=VECTOR('',#8379,1.);
#5206=VECTOR('',#8380,1.);
#5207=VECTOR('',#8383,1.);
#5208=VECTOR('',#8384,1.);
#5209=VECTOR('',#8387,1.);
#5210=VECTOR('',#8388,1.);
#5211=VECTOR('',#8391,1.);
#5212=VECTOR('',#8392,1.);
#5213=VECTOR('',#8393,1.);
#5214=VECTOR('',#8396,1.);
#5215=VECTOR('',#8397,1.);
#5216=VECTOR('',#8400,1.);
#5217=VECTOR('',#8401,1.);
#5218=VECTOR('',#8404,1.);
#5219=VECTOR('',#8405,1.);
#5220=VECTOR('',#8406,1.);
#5221=VECTOR('',#8409,1.);
#5222=VECTOR('',#8410,1.);
#5223=VECTOR('',#8413,1.);
#5224=VECTOR('',#8414,1.);
#5225=VECTOR('',#8417,1.);
#5226=VECTOR('',#8418,1.);
#5227=VECTOR('',#8419,1.);
#5228=VECTOR('',#8422,1.);
#5229=VECTOR('',#8423,1.);
#5230=VECTOR('',#8426,1.);
#5231=VECTOR('',#8427,1.);
#5232=VECTOR('',#8430,1.);
#5233=VECTOR('',#8431,1.);
#5234=VECTOR('',#8432,1.);
#5235=VECTOR('',#8435,1.);
#5236=VECTOR('',#8436,1.);
#5237=VECTOR('',#8439,1.);
#5238=VECTOR('',#8440,1.);
#5239=VECTOR('',#8443,1.);
#5240=VECTOR('',#8444,1.);
#5241=VECTOR('',#8445,1.);
#5242=VECTOR('',#8448,1.);
#5243=VECTOR('',#8449,1.);
#5244=VECTOR('',#8452,1.);
#5245=VECTOR('',#8453,1.);
#5246=VECTOR('',#8456,1.);
#5247=VECTOR('',#8457,1.);
#5248=VECTOR('',#8458,1.);
#5249=VECTOR('',#8461,1.);
#5250=VECTOR('',#8462,1.);
#5251=VECTOR('',#8465,1.);
#5252=VECTOR('',#8466,1.);
#5253=VECTOR('',#8469,1.);
#5254=VECTOR('',#8470,1.);
#5255=VECTOR('',#8471,1.);
#5256=VECTOR('',#8474,1.);
#5257=VECTOR('',#8475,1.);
#5258=VECTOR('',#8478,1.);
#5259=VECTOR('',#8479,1.);
#5260=VECTOR('',#8482,1.);
#5261=VECTOR('',#8483,1.);
#5262=VECTOR('',#8484,1.);
#5263=VECTOR('',#8487,1.);
#5264=VECTOR('',#8488,1.);
#5265=VECTOR('',#8491,1.);
#5266=VECTOR('',#8492,1.);
#5267=VECTOR('',#8495,1.);
#5268=VECTOR('',#8496,1.);
#5269=VECTOR('',#8497,1.);
#5270=VECTOR('',#8500,1.);
#5271=VECTOR('',#8501,1.);
#5272=VECTOR('',#8504,1.);
#5273=VECTOR('',#8505,1.);
#5274=VECTOR('',#8508,1.);
#5275=VECTOR('',#8509,1.);
#5276=VECTOR('',#8510,1.);
#5277=VECTOR('',#8513,1.);
#5278=VECTOR('',#8514,1.);
#5279=VECTOR('',#8517,1.);
#5280=VECTOR('',#8518,1.);
#5281=VECTOR('',#8521,1.);
#5282=VECTOR('',#8522,1.);
#5283=VECTOR('',#8523,1.);
#5284=VECTOR('',#8526,1.);
#5285=VECTOR('',#8527,1.);
#5286=VECTOR('',#8530,1.);
#5287=VECTOR('',#8531,1.);
#5288=VECTOR('',#8534,1.);
#5289=VECTOR('',#8535,1.);
#5290=VECTOR('',#8536,1.);
#5291=VECTOR('',#8539,1.);
#5292=VECTOR('',#8540,1.);
#5293=VECTOR('',#8543,1.);
#5294=VECTOR('',#8544,1.);
#5295=VECTOR('',#8547,1.);
#5296=VECTOR('',#8548,1.);
#5297=VECTOR('',#8549,1.);
#5298=VECTOR('',#8552,1.);
#5299=VECTOR('',#8553,1.);
#5300=VECTOR('',#8556,1.);
#5301=VECTOR('',#8557,1.);
#5302=VECTOR('',#8560,1.);
#5303=VECTOR('',#8561,1.);
#5304=VECTOR('',#8562,1.);
#5305=VECTOR('',#8565,1.);
#5306=VECTOR('',#8566,1.);
#5307=VECTOR('',#8569,1.);
#5308=VECTOR('',#8570,1.);
#5309=VECTOR('',#8573,1.);
#5310=VECTOR('',#8574,1.);
#5311=VECTOR('',#8575,1.);
#5312=VECTOR('',#8578,1.);
#5313=VECTOR('',#8579,1.);
#5314=VECTOR('',#8582,1.);
#5315=VECTOR('',#8583,1.);
#5316=VECTOR('',#8586,1.);
#5317=VECTOR('',#8587,1.);
#5318=VECTOR('',#8588,1.);
#5319=VECTOR('',#8591,1.);
#5320=VECTOR('',#8592,1.);
#5321=VECTOR('',#8595,1.);
#5322=VECTOR('',#8596,1.);
#5323=VECTOR('',#8599,1.);
#5324=VECTOR('',#8600,1.);
#5325=VECTOR('',#8601,1.);
#5326=VECTOR('',#8604,1.);
#5327=VECTOR('',#8605,1.);
#5328=VECTOR('',#8608,1.);
#5329=VECTOR('',#8609,1.);
#5330=VECTOR('',#8612,1.);
#5331=VECTOR('',#8613,1.);
#5332=VECTOR('',#8614,1.);
#5333=VECTOR('',#8617,1.);
#5334=VECTOR('',#8618,1.);
#5335=VECTOR('',#8621,1.);
#5336=VECTOR('',#8622,1.);
#5337=VECTOR('',#8625,1.);
#5338=VECTOR('',#8626,1.);
#5339=VECTOR('',#8627,1.);
#5340=VECTOR('',#8630,1.);
#5341=VECTOR('',#8631,1.);
#5342=VECTOR('',#8634,1.);
#5343=VECTOR('',#8635,1.);
#5344=VECTOR('',#8638,1.);
#5345=VECTOR('',#8639,1.);
#5346=VECTOR('',#8640,1.);
#5347=VECTOR('',#8643,1.);
#5348=VECTOR('',#8644,1.);
#5349=VECTOR('',#8647,1.);
#5350=VECTOR('',#8648,1.);
#5351=VECTOR('',#8651,1.);
#5352=VECTOR('',#8652,1.);
#5353=VECTOR('',#8653,1.);
#5354=VECTOR('',#8656,1.);
#5355=VECTOR('',#8657,1.);
#5356=VECTOR('',#8660,1.);
#5357=VECTOR('',#8661,1.);
#5358=VECTOR('',#8664,1.);
#5359=VECTOR('',#8665,1.);
#5360=VECTOR('',#8666,1.);
#5361=VECTOR('',#8669,1.);
#5362=VECTOR('',#8670,1.);
#5363=VECTOR('',#8673,1.);
#5364=VECTOR('',#8674,1.);
#5365=VECTOR('',#8677,1.);
#5366=VECTOR('',#8678,1.);
#5367=VECTOR('',#8679,1.);
#5368=VECTOR('',#8682,1.);
#5369=VECTOR('',#8683,1.);
#5370=VECTOR('',#8686,1.);
#5371=VECTOR('',#8687,1.);
#5372=VECTOR('',#8690,1.);
#5373=VECTOR('',#8691,1.);
#5374=VECTOR('',#8692,1.);
#5375=VECTOR('',#8695,1.);
#5376=VECTOR('',#8696,1.);
#5377=VECTOR('',#8699,1.);
#5378=VECTOR('',#8700,1.);
#5379=VECTOR('',#8703,1.);
#5380=VECTOR('',#8704,1.);
#5381=VECTOR('',#8705,1.);
#5382=VECTOR('',#8708,1.);
#5383=VECTOR('',#8709,1.);
#5384=VECTOR('',#8712,1.);
#5385=VECTOR('',#8713,1.);
#5386=VECTOR('',#8716,1.);
#5387=VECTOR('',#8717,1.);
#5388=VECTOR('',#8718,1.);
#5389=VECTOR('',#8721,1.);
#5390=VECTOR('',#8722,1.);
#5391=VECTOR('',#8725,1.);
#5392=VECTOR('',#8726,1.);
#5393=VECTOR('',#8729,1.);
#5394=VECTOR('',#8730,1.);
#5395=VECTOR('',#8731,1.);
#5396=VECTOR('',#8734,1.);
#5397=VECTOR('',#8735,1.);
#5398=VECTOR('',#8738,1.);
#5399=VECTOR('',#8739,1.);
#5400=VECTOR('',#8742,1.);
#5401=VECTOR('',#8743,1.);
#5402=VECTOR('',#8744,1.);
#5403=VECTOR('',#8747,1.);
#5404=VECTOR('',#8748,1.);
#5405=VECTOR('',#8751,1.);
#5406=VECTOR('',#8752,1.);
#5407=VECTOR('',#8755,1.);
#5408=VECTOR('',#8756,1.);
#5409=VECTOR('',#8757,1.);
#5410=VECTOR('',#8760,1.);
#5411=VECTOR('',#8761,1.);
#5412=VECTOR('',#8764,1.);
#5413=VECTOR('',#8765,1.);
#5414=VECTOR('',#8768,1.);
#5415=VECTOR('',#8769,1.);
#5416=VECTOR('',#8770,1.);
#5417=VECTOR('',#8773,1.);
#5418=VECTOR('',#8774,1.);
#5419=VECTOR('',#8777,1.);
#5420=VECTOR('',#8778,1.);
#5421=VECTOR('',#8781,1.);
#5422=VECTOR('',#8782,1.);
#5423=VECTOR('',#8783,1.);
#5424=VECTOR('',#8786,1.);
#5425=VECTOR('',#8787,1.);
#5426=VECTOR('',#8790,1.);
#5427=VECTOR('',#8791,1.);
#5428=VECTOR('',#8794,1.);
#5429=VECTOR('',#8795,1.);
#5430=VECTOR('',#8796,1.);
#5431=VECTOR('',#8799,1.);
#5432=VECTOR('',#8800,1.);
#5433=VECTOR('',#8803,1.);
#5434=VECTOR('',#8804,1.);
#5435=VECTOR('',#8807,1.);
#5436=VECTOR('',#8808,1.);
#5437=VECTOR('',#8809,1.);
#5438=VECTOR('',#8812,1.);
#5439=VECTOR('',#8813,1.);
#5440=VECTOR('',#8816,1.);
#5441=VECTOR('',#8817,1.);
#5442=VECTOR('',#8820,1.);
#5443=VECTOR('',#8821,1.);
#5444=VECTOR('',#8822,1.);
#5445=VECTOR('',#8825,1.);
#5446=VECTOR('',#8826,1.);
#5447=VECTOR('',#8829,1.);
#5448=VECTOR('',#8830,1.);
#5449=VECTOR('',#8833,1.);
#5450=VECTOR('',#8834,1.);
#5451=VECTOR('',#8835,1.);
#5452=VECTOR('',#8838,1.);
#5453=VECTOR('',#8839,1.);
#5454=VECTOR('',#8842,1.);
#5455=VECTOR('',#8843,1.);
#5456=VECTOR('',#8846,1.);
#5457=VECTOR('',#8847,1.);
#5458=VECTOR('',#8848,1.);
#5459=VECTOR('',#8851,1.);
#5460=VECTOR('',#8852,1.);
#5461=VECTOR('',#8855,1.);
#5462=VECTOR('',#8856,1.);
#5463=VECTOR('',#8859,1.);
#5464=VECTOR('',#8860,1.);
#5465=VECTOR('',#8861,1.);
#5466=VECTOR('',#8864,1.);
#5467=VECTOR('',#8865,1.);
#5468=VECTOR('',#8868,1.);
#5469=VECTOR('',#8869,1.);
#5470=VECTOR('',#8872,1.);
#5471=VECTOR('',#8873,1.);
#5472=VECTOR('',#8874,1.);
#5473=VECTOR('',#8877,1.);
#5474=VECTOR('',#8878,1.);
#5475=VECTOR('',#8881,1.);
#5476=VECTOR('',#8882,1.);
#5477=VECTOR('',#8885,1.);
#5478=VECTOR('',#8886,1.);
#5479=VECTOR('',#8887,1.);
#5480=VECTOR('',#8890,1.);
#5481=VECTOR('',#8891,1.);
#5482=VECTOR('',#8894,1.);
#5483=VECTOR('',#8895,1.);
#5484=VECTOR('',#8898,1.);
#5485=VECTOR('',#8899,1.);
#5486=VECTOR('',#8900,1.);
#5487=VECTOR('',#8903,1.);
#5488=VECTOR('',#8904,1.);
#5489=VECTOR('',#8907,1.);
#5490=VECTOR('',#8908,1.);
#5491=VECTOR('',#8911,1.);
#5492=VECTOR('',#8912,1.);
#5493=VECTOR('',#8913,1.);
#5494=VECTOR('',#8916,1.);
#5495=VECTOR('',#8917,1.);
#5496=VECTOR('',#8920,1.);
#5497=VECTOR('',#8921,1.);
#5498=VECTOR('',#8924,1.);
#5499=VECTOR('',#8925,1.);
#5500=VECTOR('',#8926,1.);
#5501=VECTOR('',#8929,1.);
#5502=VECTOR('',#8930,1.);
#5503=VECTOR('',#8933,1.);
#5504=VECTOR('',#8934,1.);
#5505=VECTOR('',#8937,1.);
#5506=VECTOR('',#8938,1.);
#5507=VECTOR('',#8939,1.);
#5508=VECTOR('',#8942,1.);
#5509=VECTOR('',#8943,1.);
#5510=VECTOR('',#8946,1.);
#5511=VECTOR('',#8947,1.);
#5512=VECTOR('',#8950,1.);
#5513=VECTOR('',#8951,1.);
#5514=VECTOR('',#8952,1.);
#5515=VECTOR('',#8955,1.);
#5516=VECTOR('',#8956,1.);
#5517=VECTOR('',#8959,1.);
#5518=VECTOR('',#8960,1.);
#5519=VECTOR('',#8963,1.);
#5520=VECTOR('',#8964,1.);
#5521=VECTOR('',#8965,1.);
#5522=VECTOR('',#8968,1.);
#5523=VECTOR('',#8969,1.);
#5524=VECTOR('',#8972,1.);
#5525=VECTOR('',#8973,1.);
#5526=VECTOR('',#8976,1.);
#5527=VECTOR('',#8977,1.);
#5528=VECTOR('',#8978,1.);
#5529=VECTOR('',#8981,1.);
#5530=VECTOR('',#8982,1.);
#5531=VECTOR('',#8985,1.);
#5532=VECTOR('',#8986,1.);
#5533=VECTOR('',#8989,1.);
#5534=VECTOR('',#8990,1.);
#5535=VECTOR('',#8991,1.);
#5536=VECTOR('',#8994,1.);
#5537=VECTOR('',#8995,1.);
#5538=VECTOR('',#8998,1.);
#5539=VECTOR('',#8999,1.);
#5540=VECTOR('',#9002,1.);
#5541=VECTOR('',#9005,1.);
#5542=VECTOR('',#9008,1.);
#5543=VECTOR('',#9009,1.);
#5544=VECTOR('',#9012,1.);
#5545=VECTOR('',#9017,1.);
#5546=VECTOR('',#9018,1.);
#5547=VECTOR('',#9021,1.);
#5548=VECTOR('',#9026,1.);
#5549=VECTOR('',#9029,1.);
#5550=VECTOR('',#9032,1.);
#5551=VECTOR('',#9037,1.);
#5552=VECTOR('',#9038,1.);
#5553=VECTOR('',#9039,1.);
#5554=VECTOR('',#9042,1.);
#5555=VECTOR('',#9043,1.);
#5556=VECTOR('',#9046,1.);
#5557=VECTOR('',#9047,1.);
#5558=VECTOR('',#9050,1.);
#5559=VECTOR('',#9051,1.);
#5560=VECTOR('',#9054,1.);
#5561=VECTOR('',#9055,1.);
#5562=VECTOR('',#9058,1.);
#5563=VECTOR('',#9059,1.);
#5564=VECTOR('',#9062,1.);
#5565=VECTOR('',#9063,1.);
#5566=VECTOR('',#9066,1.);
#5567=VECTOR('',#9067,1.);
#5568=VECTOR('',#9070,1.);
#5569=VECTOR('',#9071,1.);
#5570=VECTOR('',#9074,1.);
#5571=VECTOR('',#9075,1.);
#5572=VECTOR('',#9078,1.);
#5573=VECTOR('',#9079,1.);
#5574=VECTOR('',#9082,1.);
#5575=VECTOR('',#9083,1.);
#5576=VECTOR('',#9086,1.);
#5577=VECTOR('',#9087,1.);
#5578=VECTOR('',#9090,1.);
#5579=VECTOR('',#9091,1.);
#5580=VECTOR('',#9094,1.);
#5581=VECTOR('',#9095,1.);
#5582=VECTOR('',#9098,1.);
#5583=VECTOR('',#9099,1.);
#5584=VECTOR('',#9100,1.);
#5585=VECTOR('',#9103,1.);
#5586=VECTOR('',#9104,1.);
#5587=VECTOR('',#9107,1.);
#5588=VECTOR('',#9108,1.);
#5589=VECTOR('',#9111,1.);
#5590=VECTOR('',#9112,1.);
#5591=VECTOR('',#9115,1.);
#5592=VECTOR('',#9116,1.);
#5593=VECTOR('',#9119,1.);
#5594=VECTOR('',#9120,1.);
#5595=VECTOR('',#9123,1.);
#5596=VECTOR('',#9124,1.);
#5597=VECTOR('',#9127,1.);
#5598=VECTOR('',#9128,1.);
#5599=VECTOR('',#9131,1.);
#5600=VECTOR('',#9132,1.);
#5601=VECTOR('',#9135,1.);
#5602=VECTOR('',#9136,1.);
#5603=VECTOR('',#9139,1.);
#5604=VECTOR('',#9140,1.);
#5605=VECTOR('',#9143,1.);
#5606=VECTOR('',#9144,1.);
#5607=VECTOR('',#9145,1.);
#5608=VECTOR('',#9148,1.);
#5609=VECTOR('',#9149,1.);
#5610=VECTOR('',#9152,1.);
#5611=VECTOR('',#9153,1.);
#5612=VECTOR('',#9156,1.);
#5613=VECTOR('',#9157,1.);
#5614=VECTOR('',#9158,1.);
#5615=VECTOR('',#9161,1.);
#5616=VECTOR('',#9162,1.);
#5617=VECTOR('',#9165,1.);
#5618=VECTOR('',#9166,1.);
#5619=VECTOR('',#9169,1.);
#5620=VECTOR('',#9170,1.);
#5621=VECTOR('',#9173,1.);
#5622=VECTOR('',#9174,1.);
#5623=VECTOR('',#9177,1.);
#5624=VECTOR('',#9178,1.);
#5625=VECTOR('',#9181,1.);
#5626=VECTOR('',#9182,1.);
#5627=VECTOR('',#9185,1.);
#5628=VECTOR('',#9186,1.);
#5629=VECTOR('',#9189,1.);
#5630=VECTOR('',#9190,1.);
#5631=VECTOR('',#9193,1.);
#5632=VECTOR('',#9194,1.);
#5633=VECTOR('',#9197,1.);
#5634=VECTOR('',#9198,1.);
#5635=VECTOR('',#9201,1.);
#5636=VECTOR('',#9204,1.);
#5637=VECTOR('',#9207,1.);
#5638=VECTOR('',#9210,1.);
#5639=VECTOR('',#9213,1.);
#5640=VECTOR('',#9216,1.);
#5641=VECTOR('',#9219,1.);
#5642=VECTOR('',#9222,1.);
#5643=VECTOR('',#9225,1.);
#5644=VECTOR('',#9228,1.);
#5645=VECTOR('',#9231,1.);
#5646=VECTOR('',#9234,1.);
#5647=VECTOR('',#9237,1.);
#5648=VECTOR('',#9240,1.);
#5649=VECTOR('',#9243,1.);
#5650=VECTOR('',#9246,1.);
#5651=VECTOR('',#9249,1.);
#5652=VECTOR('',#9252,1.);
#5653=VECTOR('',#9255,1.);
#5654=VECTOR('',#9258,1.);
#5655=VECTOR('',#9261,1.);
#5656=VECTOR('',#9264,1.);
#5657=VECTOR('',#9267,1.);
#5658=VECTOR('',#9270,1.);
#5659=VECTOR('',#9273,1.);
#5660=VECTOR('',#9276,1.);
#5661=VECTOR('',#9279,1.);
#5662=VECTOR('',#9282,1.);
#5663=VECTOR('',#9285,1.);
#5664=VECTOR('',#9288,1.);
#5665=VECTOR('',#9291,1.);
#5666=VECTOR('',#9294,1.);
#5667=VECTOR('',#9297,1.);
#5668=VECTOR('',#9300,1.);
#5669=VECTOR('',#9303,1.);
#5670=VECTOR('',#9306,1.);
#5671=VECTOR('',#9309,1.);
#5672=VECTOR('',#9312,1.);
#5673=VECTOR('',#9315,1.);
#5674=VECTOR('',#9318,1.);
#5675=VECTOR('',#9321,1.);
#5676=VECTOR('',#9324,1.);
#5677=VECTOR('',#9327,1.);
#5678=VECTOR('',#9330,1.);
#5679=VECTOR('',#9333,1.);
#5680=VECTOR('',#9336,1.);
#5681=VECTOR('',#9339,1.);
#5682=VECTOR('',#9342,1.);
#5683=VECTOR('',#9345,1.);
#5684=VECTOR('',#9348,1.);
#5685=VECTOR('',#9351,1.);
#5686=VECTOR('',#9354,1.);
#5687=VECTOR('',#9357,1.);
#5688=VECTOR('',#9360,1.);
#5689=VECTOR('',#9363,1.);
#5690=VECTOR('',#9366,1.);
#5691=VECTOR('',#9369,1.);
#5692=VECTOR('',#9372,1.);
#5693=VECTOR('',#9375,1.);
#5694=VECTOR('',#9378,1.);
#5695=VECTOR('',#9381,1.);
#5696=VECTOR('',#9384,1.);
#5697=VECTOR('',#9387,1.);
#5698=VECTOR('',#9424,1.);
#5699=VECTOR('',#9453,1.);
#5700=VECTOR('',#9456,1.);
#5701=VECTOR('',#9459,1.);
#5702=VECTOR('',#9462,1.);
#5703=VECTOR('',#9469,1.);
#5704=VECTOR('',#9470,1.);
#5705=VECTOR('',#9471,1.);
#5706=VECTOR('',#9472,1.);
#5707=VECTOR('',#9473,1.);
#5708=VECTOR('',#9474,1.);
#5709=VECTOR('',#9475,1.);
#5710=VECTOR('',#9476,1.);
#5711=VECTOR('',#9479,1.);
#5712=VECTOR('',#9482,1.);
#5713=VECTOR('',#9485,1.);
#5714=VECTOR('',#9488,1.);
#5715=VECTOR('',#9491,1.);
#5716=VECTOR('',#9494,1.);
#5717=VECTOR('',#9497,1.);
#5718=VECTOR('',#9498,1.);
#5719=VECTOR('',#9499,1.);
#5720=VECTOR('',#9500,1.);
#5721=VECTOR('',#9503,1.);
#5722=VECTOR('',#9504,1.);
#5723=VECTOR('',#9505,1.);
#5724=VECTOR('',#9512,1.);
#5725=VECTOR('',#9517,1.);
#5726=VECTOR('',#9520,1.);
#5727=VECTOR('',#9527,1.);
#5728=VECTOR('',#9528,1.);
#5729=VECTOR('',#9529,1.);
#5730=VECTOR('',#9530,1.);
#5731=VECTOR('',#9533,1.);
#5732=VECTOR('',#9536,1.);
#5733=VECTOR('',#9537,1.);
#5734=VECTOR('',#9540,1.);
#5735=VECTOR('',#9541,1.);
#5736=VECTOR('',#9544,1.);
#5737=VECTOR('',#9545,1.);
#5738=VECTOR('',#9546,1.);
#5739=VECTOR('',#9549,1.);
#5740=VECTOR('',#9552,1.);
#5741=VECTOR('',#9559,1.);
#5742=VECTOR('',#9560,1.);
#5743=VECTOR('',#9561,1.);
#5744=VECTOR('',#9562,1.);
#5745=VECTOR('',#9565,1.);
#5746=VECTOR('',#9566,1.);
#5747=VECTOR('',#9567,1.);
#5748=VECTOR('',#9568,1.);
#5749=VECTOR('',#9571,1.);
#5750=VECTOR('',#9572,1.);
#5751=VECTOR('',#9575,1.);
#5752=VECTOR('',#9576,1.);
#5753=VECTOR('',#9577,1.);
#5754=VECTOR('',#9580,1.);
#5755=VECTOR('',#9587,1.);
#5756=VECTOR('',#9588,1.);
#5757=VECTOR('',#9589,1.);
#5758=VECTOR('',#9590,1.);
#5759=VECTOR('',#9591,1.);
#5760=VECTOR('',#9594,1.);
#5761=VECTOR('',#9595,1.);
#5762=VECTOR('',#9598,1.);
#5763=VECTOR('',#9599,1.);
#5764=VECTOR('',#9602,1.);
#5765=VECTOR('',#9627,1.);
#5766=VECTOR('',#9630,1.);
#5767=VECTOR('',#9633,1.);
#5768=VECTOR('',#9636,1.);
#5769=EDGE_LOOP('',(#106,#107,#108,#109,#110));
#5770=EDGE_LOOP('',(#111,#112,#113,#114));
#5771=EDGE_LOOP('',(#115,#116,#117,#118));
#5772=EDGE_LOOP('',(#119,#120,#121,#122));
#5773=EDGE_LOOP('',(#123,#124,#125,#126));
#5774=EDGE_LOOP('',(#127,#128,#129,#130));
#5775=EDGE_LOOP('',(#131,#132,#133,#134));
#5776=EDGE_LOOP('',(#135,#136,#137,#138));
#5777=EDGE_LOOP('',(#139,#140,#141,#142));
#5778=EDGE_LOOP('',(#143,#144,#145,#146));
#5779=EDGE_LOOP('',(#147,#148,#149,#150));
#5780=EDGE_LOOP('',(#151,#152,#153,#154));
#5781=EDGE_LOOP('',(#155,#156,#157,#158));
#5782=EDGE_LOOP('',(#159,#160,#161,#162));
#5783=EDGE_LOOP('',(#163,#164,#165,#166));
#5784=EDGE_LOOP('',(#167,#168,#169,#170));
#5785=EDGE_LOOP('',(#171,#172,#173,#174));
#5786=EDGE_LOOP('',(#175,#176,#177,#178));
#5787=EDGE_LOOP('',(#179,#180,#181,#182));
#5788=EDGE_LOOP('',(#183,#184,#185,#186));
#5789=EDGE_LOOP('',(#187,#188,#189,#190));
#5790=EDGE_LOOP('',(#191,#192,#193,#194));
#5791=EDGE_LOOP('',(#195,#196,#197,#198));
#5792=EDGE_LOOP('',(#199,#200,#201,#202));
#5793=EDGE_LOOP('',(#203,#204,#205,#206));
#5794=EDGE_LOOP('',(#207,#208,#209,#210));
#5795=EDGE_LOOP('',(#211,#212,#213,#214));
#5796=EDGE_LOOP('',(#215,#216,#217,#218));
#5797=EDGE_LOOP('',(#219,#220,#221,#222));
#5798=EDGE_LOOP('',(#223,#224,#225,#226));
#5799=EDGE_LOOP('',(#227,#228,#229,#230));
#5800=EDGE_LOOP('',(#231,#232,#233,#234));
#5801=EDGE_LOOP('',(#235,#236,#237,#238));
#5802=EDGE_LOOP('',(#239,#240,#241,#242));
#5803=EDGE_LOOP('',(#243,#244,#245,#246));
#5804=EDGE_LOOP('',(#247,#248,#249,#250));
#5805=EDGE_LOOP('',(#251,#252,#253,#254));
#5806=EDGE_LOOP('',(#255,#256,#257,#258));
#5807=EDGE_LOOP('',(#259,#260,#261,#262));
#5808=EDGE_LOOP('',(#263,#264,#265,#266));
#5809=EDGE_LOOP('',(#267,#268,#269,#270));
#5810=EDGE_LOOP('',(#271,#272,#273,#274));
#5811=EDGE_LOOP('',(#275,#276,#277,#278));
#5812=EDGE_LOOP('',(#279,#280,#281,#282));
#5813=EDGE_LOOP('',(#283,#284,#285,#286));
#5814=EDGE_LOOP('',(#287,#288,#289,#290));
#5815=EDGE_LOOP('',(#291,#292,#293,#294));
#5816=EDGE_LOOP('',(#295,#296,#297,#298));
#5817=EDGE_LOOP('',(#299,#300,#301,#302));
#5818=EDGE_LOOP('',(#303,#304,#305,#306));
#5819=EDGE_LOOP('',(#307,#308,#309,#310));
#5820=EDGE_LOOP('',(#311,#312,#313,#314));
#5821=EDGE_LOOP('',(#315,#316,#317,#318));
#5822=EDGE_LOOP('',(#319,#320,#321,#322));
#5823=EDGE_LOOP('',(#323,#324,#325,#326));
#5824=EDGE_LOOP('',(#327,#328,#329,#330));
#5825=EDGE_LOOP('',(#331,#332,#333,#334));
#5826=EDGE_LOOP('',(#335,#336,#337,#338));
#5827=EDGE_LOOP('',(#339,#340,#341,#342));
#5828=EDGE_LOOP('',(#343,#344,#345,#346,#347,#348,#349,#350,#351,#352,#353,
#354,#355,#356,#357,#358));
#5829=EDGE_LOOP('',(#359,#360,#361,#362,#363,#364,#365,#366,#367,#368,#369,
#370));
#5830=EDGE_LOOP('',(#371,#372,#373,#374));
#5831=EDGE_LOOP('',(#375,#376,#377,#378,#379,#380,#381,#382,#383,#384,#385,
#386));
#5832=EDGE_LOOP('',(#387));
#5833=EDGE_LOOP('',(#388));
#5834=EDGE_LOOP('',(#389,#390,#391,#392,#393,#394,#395,#396,#397,#398,#399,
#400,#401,#402,#403,#404,#405,#406,#407,#408));
#5835=EDGE_LOOP('',(#409,#410,#411,#412,#413));
#5836=EDGE_LOOP('',(#414,#415,#416,#417,#418));
#5837=EDGE_LOOP('',(#419,#420,#421,#422));
#5838=EDGE_LOOP('',(#423,#424,#425,#426));
#5839=EDGE_LOOP('',(#427,#428,#429,#430));
#5840=EDGE_LOOP('',(#431,#432,#433,#434));
#5841=EDGE_LOOP('',(#435,#436,#437,#438,#439,#440,#441,#442));
#5842=EDGE_LOOP('',(#443,#444,#445,#446));
#5843=EDGE_LOOP('',(#447,#448,#449,#450));
#5844=EDGE_LOOP('',(#451,#452,#453,#454,#455,#456,#457,#458));
#5845=EDGE_LOOP('',(#459,#460,#461,#462));
#5846=EDGE_LOOP('',(#463,#464,#465,#466));
#5847=EDGE_LOOP('',(#467,#468,#469,#470));
#5848=EDGE_LOOP('',(#471,#472,#473,#474));
#5849=EDGE_LOOP('',(#475,#476,#477,#478));
#5850=EDGE_LOOP('',(#479,#480,#481,#482));
#5851=EDGE_LOOP('',(#483,#484,#485,#486));
#5852=EDGE_LOOP('',(#487,#488,#489,#490));
#5853=EDGE_LOOP('',(#491,#492,#493,#494));
#5854=EDGE_LOOP('',(#495,#496,#497,#498));
#5855=EDGE_LOOP('',(#499,#500,#501,#502));
#5856=EDGE_LOOP('',(#503,#504,#505,#506));
#5857=EDGE_LOOP('',(#507,#508,#509,#510));
#5858=EDGE_LOOP('',(#511,#512,#513,#514));
#5859=EDGE_LOOP('',(#515,#516,#517,#518));
#5860=EDGE_LOOP('',(#519,#520,#521,#522));
#5861=EDGE_LOOP('',(#523,#524,#525,#526));
#5862=EDGE_LOOP('',(#527,#528,#529,#530));
#5863=EDGE_LOOP('',(#531,#532,#533,#534));
#5864=EDGE_LOOP('',(#535,#536,#537,#538));
#5865=EDGE_LOOP('',(#539,#540,#541,#542));
#5866=EDGE_LOOP('',(#543,#544,#545,#546));
#5867=EDGE_LOOP('',(#547,#548,#549,#550));
#5868=EDGE_LOOP('',(#551,#552,#553,#554));
#5869=EDGE_LOOP('',(#555,#556,#557,#558));
#5870=EDGE_LOOP('',(#559,#560,#561,#562));
#5871=EDGE_LOOP('',(#563,#564,#565,#566));
#5872=EDGE_LOOP('',(#567,#568,#569,#570));
#5873=EDGE_LOOP('',(#571,#572,#573,#574));
#5874=EDGE_LOOP('',(#575,#576,#577,#578));
#5875=EDGE_LOOP('',(#579,#580,#581,#582));
#5876=EDGE_LOOP('',(#583,#584,#585,#586));
#5877=EDGE_LOOP('',(#587,#588,#589,#590));
#5878=EDGE_LOOP('',(#591,#592,#593,#594));
#5879=EDGE_LOOP('',(#595,#596,#597,#598));
#5880=EDGE_LOOP('',(#599,#600,#601,#602));
#5881=EDGE_LOOP('',(#603,#604,#605,#606));
#5882=EDGE_LOOP('',(#607,#608,#609,#610));
#5883=EDGE_LOOP('',(#611,#612,#613,#614));
#5884=EDGE_LOOP('',(#615,#616,#617,#618));
#5885=EDGE_LOOP('',(#619,#620,#621,#622));
#5886=EDGE_LOOP('',(#623,#624,#625,#626));
#5887=EDGE_LOOP('',(#627,#628,#629,#630));
#5888=EDGE_LOOP('',(#631,#632,#633,#634));
#5889=EDGE_LOOP('',(#635,#636,#637,#638));
#5890=EDGE_LOOP('',(#639,#640,#641,#642));
#5891=EDGE_LOOP('',(#643,#644,#645,#646));
#5892=EDGE_LOOP('',(#647,#648,#649,#650));
#5893=EDGE_LOOP('',(#651,#652,#653,#654));
#5894=EDGE_LOOP('',(#655,#656,#657,#658));
#5895=EDGE_LOOP('',(#659,#660,#661,#662));
#5896=EDGE_LOOP('',(#663,#664,#665,#666));
#5897=EDGE_LOOP('',(#667,#668,#669,#670));
#5898=EDGE_LOOP('',(#671,#672,#673,#674));
#5899=EDGE_LOOP('',(#675,#676,#677,#678));
#5900=EDGE_LOOP('',(#679,#680,#681,#682));
#5901=EDGE_LOOP('',(#683,#684,#685,#686));
#5902=EDGE_LOOP('',(#687,#688,#689,#690));
#5903=EDGE_LOOP('',(#691,#692,#693,#694));
#5904=EDGE_LOOP('',(#695,#696,#697,#698));
#5905=EDGE_LOOP('',(#699,#700,#701,#702));
#5906=EDGE_LOOP('',(#703,#704,#705,#706));
#5907=EDGE_LOOP('',(#707,#708,#709,#710));
#5908=EDGE_LOOP('',(#711,#712,#713,#714));
#5909=EDGE_LOOP('',(#715,#716,#717,#718));
#5910=EDGE_LOOP('',(#719,#720,#721,#722));
#5911=EDGE_LOOP('',(#723,#724,#725,#726));
#5912=EDGE_LOOP('',(#727,#728,#729,#730));
#5913=EDGE_LOOP('',(#731,#732,#733,#734));
#5914=EDGE_LOOP('',(#735,#736,#737,#738));
#5915=EDGE_LOOP('',(#739,#740,#741,#742));
#5916=EDGE_LOOP('',(#743,#744,#745,#746));
#5917=EDGE_LOOP('',(#747,#748,#749,#750));
#5918=EDGE_LOOP('',(#751,#752,#753,#754));
#5919=EDGE_LOOP('',(#755,#756,#757,#758));
#5920=EDGE_LOOP('',(#759,#760,#761,#762));
#5921=EDGE_LOOP('',(#763,#764,#765,#766));
#5922=EDGE_LOOP('',(#767,#768,#769,#770));
#5923=EDGE_LOOP('',(#771,#772,#773,#774));
#5924=EDGE_LOOP('',(#775,#776,#777,#778));
#5925=EDGE_LOOP('',(#779,#780,#781,#782));
#5926=EDGE_LOOP('',(#783,#784,#785,#786));
#5927=EDGE_LOOP('',(#787,#788,#789,#790));
#5928=EDGE_LOOP('',(#791,#792,#793,#794));
#5929=EDGE_LOOP('',(#795,#796,#797,#798));
#5930=EDGE_LOOP('',(#799,#800,#801,#802));
#5931=EDGE_LOOP('',(#803,#804,#805,#806));
#5932=EDGE_LOOP('',(#807,#808,#809,#810));
#5933=EDGE_LOOP('',(#811,#812,#813,#814));
#5934=EDGE_LOOP('',(#815,#816,#817,#818));
#5935=EDGE_LOOP('',(#819,#820,#821,#822));
#5936=EDGE_LOOP('',(#823,#824,#825,#826));
#5937=EDGE_LOOP('',(#827,#828,#829,#830));
#5938=EDGE_LOOP('',(#831,#832,#833,#834));
#5939=EDGE_LOOP('',(#835,#836,#837,#838));
#5940=EDGE_LOOP('',(#839,#840,#841,#842));
#5941=EDGE_LOOP('',(#843,#844,#845,#846));
#5942=EDGE_LOOP('',(#847,#848,#849,#850));
#5943=EDGE_LOOP('',(#851,#852,#853,#854));
#5944=EDGE_LOOP('',(#855,#856,#857,#858));
#5945=EDGE_LOOP('',(#859,#860,#861,#862));
#5946=EDGE_LOOP('',(#863,#864,#865,#866));
#5947=EDGE_LOOP('',(#867,#868,#869,#870));
#5948=EDGE_LOOP('',(#871,#872,#873,#874));
#5949=EDGE_LOOP('',(#875,#876,#877,#878));
#5950=EDGE_LOOP('',(#879,#880,#881,#882));
#5951=EDGE_LOOP('',(#883,#884,#885,#886));
#5952=EDGE_LOOP('',(#887,#888,#889,#890));
#5953=EDGE_LOOP('',(#891,#892,#893,#894));
#5954=EDGE_LOOP('',(#895,#896,#897,#898));
#5955=EDGE_LOOP('',(#899,#900,#901,#902));
#5956=EDGE_LOOP('',(#903,#904,#905,#906));
#5957=EDGE_LOOP('',(#907,#908,#909,#910));
#5958=EDGE_LOOP('',(#911,#912,#913,#914));
#5959=EDGE_LOOP('',(#915,#916,#917,#918));
#5960=EDGE_LOOP('',(#919,#920,#921,#922));
#5961=EDGE_LOOP('',(#923,#924,#925,#926));
#5962=EDGE_LOOP('',(#927,#928,#929,#930));
#5963=EDGE_LOOP('',(#931,#932,#933,#934));
#5964=EDGE_LOOP('',(#935,#936,#937,#938));
#5965=EDGE_LOOP('',(#939,#940,#941,#942));
#5966=EDGE_LOOP('',(#943,#944,#945,#946));
#5967=EDGE_LOOP('',(#947,#948,#949,#950));
#5968=EDGE_LOOP('',(#951,#952,#953,#954));
#5969=EDGE_LOOP('',(#955,#956,#957,#958));
#5970=EDGE_LOOP('',(#959,#960,#961,#962));
#5971=EDGE_LOOP('',(#963,#964,#965,#966));
#5972=EDGE_LOOP('',(#967,#968,#969,#970));
#5973=EDGE_LOOP('',(#971,#972,#973,#974));
#5974=EDGE_LOOP('',(#975,#976,#977,#978));
#5975=EDGE_LOOP('',(#979,#980,#981,#982));
#5976=EDGE_LOOP('',(#983,#984,#985,#986));
#5977=EDGE_LOOP('',(#987,#988,#989,#990));
#5978=EDGE_LOOP('',(#991,#992,#993,#994));
#5979=EDGE_LOOP('',(#995,#996,#997,#998));
#5980=EDGE_LOOP('',(#999,#1000,#1001,#1002));
#5981=EDGE_LOOP('',(#1003,#1004,#1005,#1006));
#5982=EDGE_LOOP('',(#1007,#1008,#1009,#1010));
#5983=EDGE_LOOP('',(#1011,#1012,#1013,#1014));
#5984=EDGE_LOOP('',(#1015,#1016,#1017,#1018));
#5985=EDGE_LOOP('',(#1019,#1020,#1021,#1022));
#5986=EDGE_LOOP('',(#1023,#1024,#1025,#1026));
#5987=EDGE_LOOP('',(#1027,#1028,#1029,#1030));
#5988=EDGE_LOOP('',(#1031,#1032,#1033,#1034));
#5989=EDGE_LOOP('',(#1035,#1036,#1037,#1038));
#5990=EDGE_LOOP('',(#1039,#1040,#1041,#1042));
#5991=EDGE_LOOP('',(#1043,#1044,#1045,#1046));
#5992=EDGE_LOOP('',(#1047,#1048,#1049,#1050));
#5993=EDGE_LOOP('',(#1051,#1052,#1053,#1054));
#5994=EDGE_LOOP('',(#1055,#1056,#1057,#1058));
#5995=EDGE_LOOP('',(#1059,#1060,#1061,#1062));
#5996=EDGE_LOOP('',(#1063,#1064,#1065,#1066));
#5997=EDGE_LOOP('',(#1067,#1068,#1069,#1070));
#5998=EDGE_LOOP('',(#1071,#1072,#1073,#1074));
#5999=EDGE_LOOP('',(#1075,#1076,#1077,#1078));
#6000=EDGE_LOOP('',(#1079,#1080,#1081,#1082));
#6001=EDGE_LOOP('',(#1083,#1084,#1085,#1086));
#6002=EDGE_LOOP('',(#1087,#1088,#1089,#1090));
#6003=EDGE_LOOP('',(#1091,#1092,#1093,#1094));
#6004=EDGE_LOOP('',(#1095,#1096,#1097,#1098));
#6005=EDGE_LOOP('',(#1099,#1100,#1101,#1102));
#6006=EDGE_LOOP('',(#1103,#1104,#1105,#1106));
#6007=EDGE_LOOP('',(#1107,#1108,#1109,#1110));
#6008=EDGE_LOOP('',(#1111,#1112,#1113,#1114));
#6009=EDGE_LOOP('',(#1115,#1116,#1117,#1118));
#6010=EDGE_LOOP('',(#1119,#1120,#1121,#1122));
#6011=EDGE_LOOP('',(#1123,#1124,#1125,#1126));
#6012=EDGE_LOOP('',(#1127,#1128,#1129,#1130));
#6013=EDGE_LOOP('',(#1131,#1132,#1133,#1134));
#6014=EDGE_LOOP('',(#1135,#1136,#1137,#1138));
#6015=EDGE_LOOP('',(#1139,#1140,#1141,#1142));
#6016=EDGE_LOOP('',(#1143,#1144,#1145,#1146));
#6017=EDGE_LOOP('',(#1147,#1148,#1149,#1150));
#6018=EDGE_LOOP('',(#1151,#1152,#1153,#1154));
#6019=EDGE_LOOP('',(#1155,#1156,#1157,#1158));
#6020=EDGE_LOOP('',(#1159,#1160,#1161,#1162));
#6021=EDGE_LOOP('',(#1163,#1164,#1165,#1166));
#6022=EDGE_LOOP('',(#1167,#1168,#1169,#1170));
#6023=EDGE_LOOP('',(#1171,#1172,#1173,#1174));
#6024=EDGE_LOOP('',(#1175,#1176,#1177,#1178));
#6025=EDGE_LOOP('',(#1179,#1180,#1181,#1182,#1183));
#6026=EDGE_LOOP('',(#1184,#1185,#1186,#1187));
#6027=EDGE_LOOP('',(#1188,#1189,#1190,#1191));
#6028=EDGE_LOOP('',(#1192,#1193,#1194,#1195));
#6029=EDGE_LOOP('',(#1196,#1197,#1198,#1199));
#6030=EDGE_LOOP('',(#1200,#1201,#1202,#1203));
#6031=EDGE_LOOP('',(#1204,#1205,#1206,#1207));
#6032=EDGE_LOOP('',(#1208,#1209,#1210,#1211));
#6033=EDGE_LOOP('',(#1212,#1213,#1214,#1215));
#6034=EDGE_LOOP('',(#1216,#1217,#1218,#1219));
#6035=EDGE_LOOP('',(#1220,#1221,#1222,#1223));
#6036=EDGE_LOOP('',(#1224,#1225,#1226,#1227));
#6037=EDGE_LOOP('',(#1228,#1229,#1230,#1231));
#6038=EDGE_LOOP('',(#1232,#1233,#1234,#1235));
#6039=EDGE_LOOP('',(#1236,#1237,#1238,#1239));
#6040=EDGE_LOOP('',(#1240,#1241,#1242,#1243));
#6041=EDGE_LOOP('',(#1244,#1245,#1246,#1247));
#6042=EDGE_LOOP('',(#1248,#1249,#1250,#1251));
#6043=EDGE_LOOP('',(#1252,#1253,#1254,#1255));
#6044=EDGE_LOOP('',(#1256,#1257,#1258,#1259));
#6045=EDGE_LOOP('',(#1260,#1261,#1262,#1263));
#6046=EDGE_LOOP('',(#1264,#1265,#1266,#1267));
#6047=EDGE_LOOP('',(#1268,#1269,#1270,#1271));
#6048=EDGE_LOOP('',(#1272,#1273,#1274,#1275));
#6049=EDGE_LOOP('',(#1276,#1277,#1278,#1279));
#6050=EDGE_LOOP('',(#1280,#1281,#1282,#1283));
#6051=EDGE_LOOP('',(#1284,#1285,#1286,#1287));
#6052=EDGE_LOOP('',(#1288,#1289,#1290,#1291));
#6053=EDGE_LOOP('',(#1292,#1293,#1294,#1295));
#6054=EDGE_LOOP('',(#1296,#1297,#1298,#1299));
#6055=EDGE_LOOP('',(#1300,#1301,#1302,#1303));
#6056=EDGE_LOOP('',(#1304,#1305,#1306,#1307));
#6057=EDGE_LOOP('',(#1308,#1309,#1310,#1311));
#6058=EDGE_LOOP('',(#1312,#1313,#1314,#1315));
#6059=EDGE_LOOP('',(#1316,#1317,#1318,#1319));
#6060=EDGE_LOOP('',(#1320,#1321,#1322,#1323));
#6061=EDGE_LOOP('',(#1324,#1325,#1326,#1327));
#6062=EDGE_LOOP('',(#1328,#1329,#1330,#1331));
#6063=EDGE_LOOP('',(#1332,#1333,#1334,#1335));
#6064=EDGE_LOOP('',(#1336,#1337,#1338,#1339));
#6065=EDGE_LOOP('',(#1340,#1341,#1342,#1343));
#6066=EDGE_LOOP('',(#1344,#1345,#1346,#1347));
#6067=EDGE_LOOP('',(#1348,#1349,#1350,#1351));
#6068=EDGE_LOOP('',(#1352,#1353,#1354,#1355));
#6069=EDGE_LOOP('',(#1356,#1357,#1358,#1359));
#6070=EDGE_LOOP('',(#1360,#1361,#1362,#1363));
#6071=EDGE_LOOP('',(#1364,#1365,#1366,#1367));
#6072=EDGE_LOOP('',(#1368,#1369,#1370,#1371));
#6073=EDGE_LOOP('',(#1372,#1373,#1374,#1375));
#6074=EDGE_LOOP('',(#1376,#1377,#1378,#1379));
#6075=EDGE_LOOP('',(#1380,#1381,#1382,#1383));
#6076=EDGE_LOOP('',(#1384,#1385,#1386,#1387));
#6077=EDGE_LOOP('',(#1388,#1389,#1390,#1391));
#6078=EDGE_LOOP('',(#1392,#1393,#1394,#1395));
#6079=EDGE_LOOP('',(#1396,#1397,#1398,#1399));
#6080=EDGE_LOOP('',(#1400,#1401,#1402,#1403));
#6081=EDGE_LOOP('',(#1404,#1405,#1406,#1407));
#6082=EDGE_LOOP('',(#1408,#1409,#1410,#1411));
#6083=EDGE_LOOP('',(#1412,#1413,#1414,#1415));
#6084=EDGE_LOOP('',(#1416,#1417,#1418,#1419));
#6085=EDGE_LOOP('',(#1420,#1421,#1422,#1423));
#6086=EDGE_LOOP('',(#1424,#1425,#1426,#1427));
#6087=EDGE_LOOP('',(#1428,#1429,#1430,#1431));
#6088=EDGE_LOOP('',(#1432,#1433,#1434,#1435));
#6089=EDGE_LOOP('',(#1436,#1437,#1438,#1439));
#6090=EDGE_LOOP('',(#1440,#1441,#1442,#1443));
#6091=EDGE_LOOP('',(#1444,#1445,#1446,#1447));
#6092=EDGE_LOOP('',(#1448,#1449,#1450,#1451));
#6093=EDGE_LOOP('',(#1452,#1453,#1454,#1455));
#6094=EDGE_LOOP('',(#1456,#1457,#1458,#1459));
#6095=EDGE_LOOP('',(#1460,#1461,#1462,#1463));
#6096=EDGE_LOOP('',(#1464,#1465,#1466,#1467));
#6097=EDGE_LOOP('',(#1468,#1469,#1470,#1471));
#6098=EDGE_LOOP('',(#1472,#1473,#1474,#1475));
#6099=EDGE_LOOP('',(#1476,#1477,#1478,#1479));
#6100=EDGE_LOOP('',(#1480,#1481,#1482,#1483));
#6101=EDGE_LOOP('',(#1484,#1485,#1486,#1487));
#6102=EDGE_LOOP('',(#1488,#1489,#1490,#1491));
#6103=EDGE_LOOP('',(#1492,#1493,#1494,#1495));
#6104=EDGE_LOOP('',(#1496,#1497,#1498,#1499));
#6105=EDGE_LOOP('',(#1500,#1501,#1502,#1503));
#6106=EDGE_LOOP('',(#1504,#1505,#1506,#1507));
#6107=EDGE_LOOP('',(#1508,#1509,#1510,#1511));
#6108=EDGE_LOOP('',(#1512,#1513,#1514,#1515));
#6109=EDGE_LOOP('',(#1516,#1517,#1518,#1519));
#6110=EDGE_LOOP('',(#1520,#1521,#1522,#1523));
#6111=EDGE_LOOP('',(#1524,#1525,#1526,#1527));
#6112=EDGE_LOOP('',(#1528,#1529,#1530,#1531));
#6113=EDGE_LOOP('',(#1532,#1533,#1534,#1535));
#6114=EDGE_LOOP('',(#1536,#1537,#1538,#1539));
#6115=EDGE_LOOP('',(#1540,#1541,#1542,#1543));
#6116=EDGE_LOOP('',(#1544,#1545,#1546,#1547));
#6117=EDGE_LOOP('',(#1548,#1549,#1550,#1551));
#6118=EDGE_LOOP('',(#1552,#1553,#1554,#1555));
#6119=EDGE_LOOP('',(#1556,#1557,#1558,#1559));
#6120=EDGE_LOOP('',(#1560,#1561,#1562,#1563));
#6121=EDGE_LOOP('',(#1564,#1565,#1566,#1567));
#6122=EDGE_LOOP('',(#1568,#1569,#1570,#1571));
#6123=EDGE_LOOP('',(#1572,#1573,#1574,#1575));
#6124=EDGE_LOOP('',(#1576,#1577,#1578,#1579));
#6125=EDGE_LOOP('',(#1580,#1581,#1582,#1583));
#6126=EDGE_LOOP('',(#1584,#1585,#1586,#1587));
#6127=EDGE_LOOP('',(#1588,#1589,#1590,#1591));
#6128=EDGE_LOOP('',(#1592,#1593,#1594,#1595));
#6129=EDGE_LOOP('',(#1596,#1597,#1598,#1599));
#6130=EDGE_LOOP('',(#1600,#1601,#1602,#1603,#1604,#1605,#1606,#1607,#1608,
#1609,#1610,#1611,#1612,#1613,#1614,#1615));
#6131=EDGE_LOOP('',(#1616));
#6132=EDGE_LOOP('',(#1617));
#6133=EDGE_LOOP('',(#1618,#1619,#1620,#1621,#1622,#1623,#1624,#1625,#1626,
#1627,#1628,#1629));
#6134=EDGE_LOOP('',(#1630,#1631,#1632,#1633));
#6135=EDGE_LOOP('',(#1634,#1635,#1636,#1637,#1638,#1639,#1640,#1641,#1642,
#1643,#1644,#1645));
#6136=EDGE_LOOP('',(#1646,#1647,#1648,#1649,#1650,#1651,#1652,#1653,#1654,
#1655,#1656,#1657,#1658,#1659,#1660,#1661));
#6137=EDGE_LOOP('',(#1662,#1663,#1664,#1665));
#6138=EDGE_LOOP('',(#1666,#1667,#1668,#1669));
#6139=EDGE_LOOP('',(#1670,#1671,#1672,#1673));
#6140=EDGE_LOOP('',(#1674,#1675,#1676,#1677));
#6141=EDGE_LOOP('',(#1678,#1679,#1680,#1681));
#6142=EDGE_LOOP('',(#1682,#1683,#1684,#1685));
#6143=EDGE_LOOP('',(#1686,#1687,#1688,#1689));
#6144=EDGE_LOOP('',(#1690,#1691,#1692,#1693));
#6145=EDGE_LOOP('',(#1694,#1695,#1696,#1697));
#6146=EDGE_LOOP('',(#1698,#1699,#1700,#1701));
#6147=EDGE_LOOP('',(#1702,#1703,#1704,#1705));
#6148=EDGE_LOOP('',(#1706,#1707,#1708,#1709));
#6149=EDGE_LOOP('',(#1710,#1711,#1712,#1713));
#6150=EDGE_LOOP('',(#1714,#1715,#1716,#1717));
#6151=EDGE_LOOP('',(#1718,#1719,#1720,#1721));
#6152=EDGE_LOOP('',(#1722,#1723,#1724,#1725));
#6153=EDGE_LOOP('',(#1726,#1727,#1728,#1729));
#6154=EDGE_LOOP('',(#1730,#1731,#1732,#1733));
#6155=EDGE_LOOP('',(#1734,#1735,#1736,#1737));
#6156=EDGE_LOOP('',(#1738,#1739,#1740,#1741));
#6157=EDGE_LOOP('',(#1742,#1743,#1744,#1745));
#6158=EDGE_LOOP('',(#1746,#1747,#1748,#1749));
#6159=EDGE_LOOP('',(#1750,#1751,#1752,#1753));
#6160=EDGE_LOOP('',(#1754,#1755,#1756,#1757));
#6161=EDGE_LOOP('',(#1758,#1759,#1760,#1761));
#6162=EDGE_LOOP('',(#1762,#1763,#1764,#1765));
#6163=EDGE_LOOP('',(#1766,#1767,#1768,#1769));
#6164=EDGE_LOOP('',(#1770,#1771,#1772,#1773));
#6165=EDGE_LOOP('',(#1774,#1775,#1776,#1777));
#6166=EDGE_LOOP('',(#1778,#1779,#1780,#1781));
#6167=EDGE_LOOP('',(#1782,#1783,#1784,#1785));
#6168=EDGE_LOOP('',(#1786,#1787,#1788,#1789));
#6169=EDGE_LOOP('',(#1790,#1791,#1792,#1793));
#6170=EDGE_LOOP('',(#1794,#1795,#1796,#1797));
#6171=EDGE_LOOP('',(#1798,#1799,#1800,#1801));
#6172=EDGE_LOOP('',(#1802,#1803,#1804,#1805));
#6173=EDGE_LOOP('',(#1806,#1807,#1808,#1809));
#6174=EDGE_LOOP('',(#1810,#1811,#1812,#1813));
#6175=EDGE_LOOP('',(#1814,#1815,#1816,#1817));
#6176=EDGE_LOOP('',(#1818,#1819,#1820,#1821));
#6177=EDGE_LOOP('',(#1822,#1823,#1824,#1825));
#6178=EDGE_LOOP('',(#1826,#1827,#1828,#1829));
#6179=EDGE_LOOP('',(#1830,#1831,#1832,#1833));
#6180=EDGE_LOOP('',(#1834,#1835,#1836,#1837));
#6181=EDGE_LOOP('',(#1838,#1839,#1840,#1841));
#6182=EDGE_LOOP('',(#1842,#1843,#1844,#1845));
#6183=EDGE_LOOP('',(#1846,#1847,#1848,#1849));
#6184=EDGE_LOOP('',(#1850,#1851,#1852,#1853));
#6185=EDGE_LOOP('',(#1854,#1855,#1856,#1857));
#6186=EDGE_LOOP('',(#1858,#1859,#1860,#1861));
#6187=EDGE_LOOP('',(#1862,#1863,#1864,#1865));
#6188=EDGE_LOOP('',(#1866,#1867,#1868,#1869));
#6189=EDGE_LOOP('',(#1870,#1871,#1872,#1873));
#6190=EDGE_LOOP('',(#1874,#1875,#1876,#1877));
#6191=EDGE_LOOP('',(#1878,#1879,#1880,#1881));
#6192=EDGE_LOOP('',(#1882,#1883,#1884,#1885));
#6193=EDGE_LOOP('',(#1886,#1887,#1888,#1889));
#6194=EDGE_LOOP('',(#1890,#1891,#1892,#1893));
#6195=EDGE_LOOP('',(#1894));
#6196=EDGE_LOOP('',(#1895));
#6197=EDGE_LOOP('',(#1896));
#6198=EDGE_LOOP('',(#1897));
#6199=EDGE_LOOP('',(#1898,#1899,#1900,#1901));
#6200=EDGE_LOOP('',(#1902,#1903,#1904,#1905));
#6201=EDGE_LOOP('',(#1906,#1907,#1908,#1909));
#6202=EDGE_LOOP('',(#1910,#1911,#1912,#1913));
#6203=EDGE_LOOP('',(#1914,#1915,#1916,#1917,#1918,#1919,#1920,#1921));
#6204=EDGE_LOOP('',(#1922,#1923,#1924,#1925));
#6205=EDGE_LOOP('',(#1926,#1927,#1928,#1929));
#6206=EDGE_LOOP('',(#1930,#1931,#1932,#1933));
#6207=EDGE_LOOP('',(#1934,#1935,#1936,#1937));
#6208=EDGE_LOOP('',(#1938,#1939,#1940,#1941));
#6209=EDGE_LOOP('',(#1942,#1943,#1944,#1945));
#6210=EDGE_LOOP('',(#1946,#1947,#1948,#1949));
#6211=EDGE_LOOP('',(#1950,#1951,#1952,#1953));
#6212=EDGE_LOOP('',(#1954,#1955,#1956,#1957));
#6213=EDGE_LOOP('',(#1958,#1959,#1960,#1961,#1962,#1963,#1964));
#6214=EDGE_LOOP('',(#1965,#1966,#1967,#1968));
#6215=EDGE_LOOP('',(#1969,#1970,#1971,#1972,#1973,#1974,#1975));
#6216=EDGE_LOOP('',(#1976,#1977,#1978,#1979,#1980,#1981,#1982,#1983,#1984,
#1985,#1986,#1987,#1988,#1989,#1990,#1991));
#6217=EDGE_LOOP('',(#1992,#1993,#1994,#1995,#1996,#1997,#1998,#1999,#2000,
#2001));
#6218=EDGE_LOOP('',(#2002,#2003,#2004,#2005));
#6219=EDGE_LOOP('',(#2006));
#6220=EDGE_LOOP('',(#2007));
#6221=EDGE_LOOP('',(#2008,#2009,#2010,#2011,#2012,#2013,#2014,#2015));
#6222=EDGE_LOOP('',(#2016,#2017,#2018,#2019,#2020,#2021,#2022,#2023,#2024,
#2025));
#6223=EDGE_LOOP('',(#2026,#2027,#2028,#2029));
#6224=EDGE_LOOP('',(#2030,#2031,#2032,#2033));
#6225=EDGE_LOOP('',(#2034,#2035,#2036,#2037));
#6226=EDGE_LOOP('',(#2038,#2039,#2040,#2041));
#6227=EDGE_LOOP('',(#2042,#2043,#2044,#2045));
#6228=EDGE_LOOP('',(#2046));
#6229=EDGE_LOOP('',(#2047));
#6230=EDGE_LOOP('',(#2048,#2049,#2050,#2051));
#6231=EDGE_LOOP('',(#2052,#2053,#2054,#2055));
#6232=EDGE_LOOP('',(#2056,#2057,#2058,#2059,#2060));
#6233=EDGE_LOOP('',(#2061,#2062,#2063,#2064));
#6234=EDGE_LOOP('',(#2065,#2066,#2067,#2068,#2069));
#6235=EDGE_LOOP('',(#2070,#2071,#2072,#2073));
#6236=EDGE_LOOP('',(#2074));
#6237=EDGE_LOOP('',(#2075));
#6238=EDGE_LOOP('',(#2076,#2077,#2078,#2079,#2080,#2081,#2082,#2083));
#6239=EDGE_LOOP('',(#2084,#2085,#2086));
#6240=EDGE_LOOP('',(#2087,#2088,#2089,#2090));
#6241=EDGE_LOOP('',(#2091,#2092,#2093));
#6242=EDGE_LOOP('',(#2094));
#6243=EDGE_LOOP('',(#2095));
#6244=EDGE_LOOP('',(#2096,#2097,#2098,#2099,#2100,#2101,#2102,#2103));
#6245=EDGE_LOOP('',(#2104));
#6246=EDGE_LOOP('',(#2105));
#6247=EDGE_LOOP('',(#2106));
#6248=EDGE_LOOP('',(#2107));
#6249=EDGE_LOOP('',(#2108));
#6250=EDGE_LOOP('',(#2109));
#6251=EDGE_LOOP('',(#2110));
#6252=EDGE_LOOP('',(#2111));
#6253=EDGE_LOOP('',(#2112,#2113,#2114,#2115));
#6254=EDGE_LOOP('',(#2116,#2117,#2118,#2119));
#6255=EDGE_LOOP('',(#2120,#2121,#2122,#2123));
#6256=EDGE_LOOP('',(#2124,#2125,#2126,#2127));
#6257=EDGE_LOOP('',(#2128,#2129,#2130,#2131));
#6258=EDGE_LOOP('',(#2132,#2133,#2134,#2135));
#6259=EDGE_LOOP('',(#2136,#2137,#2138,#2139));
#6260=EDGE_LOOP('',(#2140,#2141,#2142,#2143));
#6261=EDGE_LOOP('',(#2144,#2145,#2146,#2147));
#6262=FACE_BOUND('',#5769,.T.);
#6263=FACE_BOUND('',#5770,.T.);
#6264=FACE_BOUND('',#5771,.T.);
#6265=FACE_BOUND('',#5772,.T.);
#6266=FACE_BOUND('',#5773,.T.);
#6267=FACE_BOUND('',#5774,.T.);
#6268=FACE_BOUND('',#5775,.T.);
#6269=FACE_BOUND('',#5776,.T.);
#6270=FACE_BOUND('',#5777,.T.);
#6271=FACE_BOUND('',#5778,.T.);
#6272=FACE_BOUND('',#5779,.T.);
#6273=FACE_BOUND('',#5780,.T.);
#6274=FACE_BOUND('',#5781,.T.);
#6275=FACE_BOUND('',#5782,.T.);
#6276=FACE_BOUND('',#5783,.T.);
#6277=FACE_BOUND('',#5784,.T.);
#6278=FACE_BOUND('',#5785,.T.);
#6279=FACE_BOUND('',#5786,.T.);
#6280=FACE_BOUND('',#5787,.T.);
#6281=FACE_BOUND('',#5788,.T.);
#6282=FACE_BOUND('',#5789,.T.);
#6283=FACE_BOUND('',#5790,.T.);
#6284=FACE_BOUND('',#5791,.T.);
#6285=FACE_BOUND('',#5792,.T.);
#6286=FACE_BOUND('',#5793,.T.);
#6287=FACE_BOUND('',#5794,.T.);
#6288=FACE_BOUND('',#5795,.T.);
#6289=FACE_BOUND('',#5796,.T.);
#6290=FACE_BOUND('',#5797,.T.);
#6291=FACE_BOUND('',#5798,.T.);
#6292=FACE_BOUND('',#5799,.T.);
#6293=FACE_BOUND('',#5800,.T.);
#6294=FACE_BOUND('',#5801,.T.);
#6295=FACE_BOUND('',#5802,.T.);
#6296=FACE_BOUND('',#5803,.T.);
#6297=FACE_BOUND('',#5804,.T.);
#6298=FACE_BOUND('',#5805,.T.);
#6299=FACE_BOUND('',#5806,.T.);
#6300=FACE_BOUND('',#5807,.T.);
#6301=FACE_BOUND('',#5808,.T.);
#6302=FACE_BOUND('',#5809,.T.);
#6303=FACE_BOUND('',#5810,.T.);
#6304=FACE_BOUND('',#5811,.T.);
#6305=FACE_BOUND('',#5812,.T.);
#6306=FACE_BOUND('',#5813,.T.);
#6307=FACE_BOUND('',#5814,.T.);
#6308=FACE_BOUND('',#5815,.T.);
#6309=FACE_BOUND('',#5816,.T.);
#6310=FACE_BOUND('',#5817,.T.);
#6311=FACE_BOUND('',#5818,.T.);
#6312=FACE_BOUND('',#5819,.T.);
#6313=FACE_BOUND('',#5820,.T.);
#6314=FACE_BOUND('',#5821,.T.);
#6315=FACE_BOUND('',#5822,.T.);
#6316=FACE_BOUND('',#5823,.T.);
#6317=FACE_BOUND('',#5824,.T.);
#6318=FACE_BOUND('',#5825,.T.);
#6319=FACE_BOUND('',#5826,.T.);
#6320=FACE_BOUND('',#5827,.T.);
#6321=FACE_BOUND('',#5828,.T.);
#6322=FACE_BOUND('',#5829,.T.);
#6323=FACE_BOUND('',#5830,.T.);
#6324=FACE_BOUND('',#5831,.T.);
#6325=FACE_BOUND('',#5832,.T.);
#6326=FACE_BOUND('',#5833,.T.);
#6327=FACE_BOUND('',#5834,.T.);
#6328=FACE_BOUND('',#5835,.T.);
#6329=FACE_BOUND('',#5836,.T.);
#6330=FACE_BOUND('',#5837,.T.);
#6331=FACE_BOUND('',#5838,.T.);
#6332=FACE_BOUND('',#5839,.T.);
#6333=FACE_BOUND('',#5840,.T.);
#6334=FACE_BOUND('',#5841,.T.);
#6335=FACE_BOUND('',#5842,.T.);
#6336=FACE_BOUND('',#5843,.T.);
#6337=FACE_BOUND('',#5844,.T.);
#6338=FACE_BOUND('',#5845,.T.);
#6339=FACE_BOUND('',#5846,.T.);
#6340=FACE_BOUND('',#5847,.T.);
#6341=FACE_BOUND('',#5848,.T.);
#6342=FACE_BOUND('',#5849,.T.);
#6343=FACE_BOUND('',#5850,.T.);
#6344=FACE_BOUND('',#5851,.T.);
#6345=FACE_BOUND('',#5852,.T.);
#6346=FACE_BOUND('',#5853,.T.);
#6347=FACE_BOUND('',#5854,.T.);
#6348=FACE_BOUND('',#5855,.T.);
#6349=FACE_BOUND('',#5856,.T.);
#6350=FACE_BOUND('',#5857,.T.);
#6351=FACE_BOUND('',#5858,.T.);
#6352=FACE_BOUND('',#5859,.T.);
#6353=FACE_BOUND('',#5860,.T.);
#6354=FACE_BOUND('',#5861,.T.);
#6355=FACE_BOUND('',#5862,.T.);
#6356=FACE_BOUND('',#5863,.T.);
#6357=FACE_BOUND('',#5864,.T.);
#6358=FACE_BOUND('',#5865,.T.);
#6359=FACE_BOUND('',#5866,.T.);
#6360=FACE_BOUND('',#5867,.T.);
#6361=FACE_BOUND('',#5868,.T.);
#6362=FACE_BOUND('',#5869,.T.);
#6363=FACE_BOUND('',#5870,.T.);
#6364=FACE_BOUND('',#5871,.T.);
#6365=FACE_BOUND('',#5872,.T.);
#6366=FACE_BOUND('',#5873,.T.);
#6367=FACE_BOUND('',#5874,.T.);
#6368=FACE_BOUND('',#5875,.T.);
#6369=FACE_BOUND('',#5876,.T.);
#6370=FACE_BOUND('',#5877,.T.);
#6371=FACE_BOUND('',#5878,.T.);
#6372=FACE_BOUND('',#5879,.T.);
#6373=FACE_BOUND('',#5880,.T.);
#6374=FACE_BOUND('',#5881,.T.);
#6375=FACE_BOUND('',#5882,.T.);
#6376=FACE_BOUND('',#5883,.T.);
#6377=FACE_BOUND('',#5884,.T.);
#6378=FACE_BOUND('',#5885,.T.);
#6379=FACE_BOUND('',#5886,.T.);
#6380=FACE_BOUND('',#5887,.T.);
#6381=FACE_BOUND('',#5888,.T.);
#6382=FACE_BOUND('',#5889,.T.);
#6383=FACE_BOUND('',#5890,.T.);
#6384=FACE_BOUND('',#5891,.T.);
#6385=FACE_BOUND('',#5892,.T.);
#6386=FACE_BOUND('',#5893,.T.);
#6387=FACE_BOUND('',#5894,.T.);
#6388=FACE_BOUND('',#5895,.T.);
#6389=FACE_BOUND('',#5896,.T.);
#6390=FACE_BOUND('',#5897,.T.);
#6391=FACE_BOUND('',#5898,.T.);
#6392=FACE_BOUND('',#5899,.T.);
#6393=FACE_BOUND('',#5900,.T.);
#6394=FACE_BOUND('',#5901,.T.);
#6395=FACE_BOUND('',#5902,.T.);
#6396=FACE_BOUND('',#5903,.T.);
#6397=FACE_BOUND('',#5904,.T.);
#6398=FACE_BOUND('',#5905,.T.);
#6399=FACE_BOUND('',#5906,.T.);
#6400=FACE_BOUND('',#5907,.T.);
#6401=FACE_BOUND('',#5908,.T.);
#6402=FACE_BOUND('',#5909,.T.);
#6403=FACE_BOUND('',#5910,.T.);
#6404=FACE_BOUND('',#5911,.T.);
#6405=FACE_BOUND('',#5912,.T.);
#6406=FACE_BOUND('',#5913,.T.);
#6407=FACE_BOUND('',#5914,.T.);
#6408=FACE_BOUND('',#5915,.T.);
#6409=FACE_BOUND('',#5916,.T.);
#6410=FACE_BOUND('',#5917,.T.);
#6411=FACE_BOUND('',#5918,.T.);
#6412=FACE_BOUND('',#5919,.T.);
#6413=FACE_BOUND('',#5920,.T.);
#6414=FACE_BOUND('',#5921,.T.);
#6415=FACE_BOUND('',#5922,.T.);
#6416=FACE_BOUND('',#5923,.T.);
#6417=FACE_BOUND('',#5924,.T.);
#6418=FACE_BOUND('',#5925,.T.);
#6419=FACE_BOUND('',#5926,.T.);
#6420=FACE_BOUND('',#5927,.T.);
#6421=FACE_BOUND('',#5928,.T.);
#6422=FACE_BOUND('',#5929,.T.);
#6423=FACE_BOUND('',#5930,.T.);
#6424=FACE_BOUND('',#5931,.T.);
#6425=FACE_BOUND('',#5932,.T.);
#6426=FACE_BOUND('',#5933,.T.);
#6427=FACE_BOUND('',#5934,.T.);
#6428=FACE_BOUND('',#5935,.T.);
#6429=FACE_BOUND('',#5936,.T.);
#6430=FACE_BOUND('',#5937,.T.);
#6431=FACE_BOUND('',#5938,.T.);
#6432=FACE_BOUND('',#5939,.T.);
#6433=FACE_BOUND('',#5940,.T.);
#6434=FACE_BOUND('',#5941,.T.);
#6435=FACE_BOUND('',#5942,.T.);
#6436=FACE_BOUND('',#5943,.T.);
#6437=FACE_BOUND('',#5944,.T.);
#6438=FACE_BOUND('',#5945,.T.);
#6439=FACE_BOUND('',#5946,.T.);
#6440=FACE_BOUND('',#5947,.T.);
#6441=FACE_BOUND('',#5948,.T.);
#6442=FACE_BOUND('',#5949,.T.);
#6443=FACE_BOUND('',#5950,.T.);
#6444=FACE_BOUND('',#5951,.T.);
#6445=FACE_BOUND('',#5952,.T.);
#6446=FACE_BOUND('',#5953,.T.);
#6447=FACE_BOUND('',#5954,.T.);
#6448=FACE_BOUND('',#5955,.T.);
#6449=FACE_BOUND('',#5956,.T.);
#6450=FACE_BOUND('',#5957,.T.);
#6451=FACE_BOUND('',#5958,.T.);
#6452=FACE_BOUND('',#5959,.T.);
#6453=FACE_BOUND('',#5960,.T.);
#6454=FACE_BOUND('',#5961,.T.);
#6455=FACE_BOUND('',#5962,.T.);
#6456=FACE_BOUND('',#5963,.T.);
#6457=FACE_BOUND('',#5964,.T.);
#6458=FACE_BOUND('',#5965,.T.);
#6459=FACE_BOUND('',#5966,.T.);
#6460=FACE_BOUND('',#5967,.T.);
#6461=FACE_BOUND('',#5968,.T.);
#6462=FACE_BOUND('',#5969,.T.);
#6463=FACE_BOUND('',#5970,.T.);
#6464=FACE_BOUND('',#5971,.T.);
#6465=FACE_BOUND('',#5972,.T.);
#6466=FACE_BOUND('',#5973,.T.);
#6467=FACE_BOUND('',#5974,.T.);
#6468=FACE_BOUND('',#5975,.T.);
#6469=FACE_BOUND('',#5976,.T.);
#6470=FACE_BOUND('',#5977,.T.);
#6471=FACE_BOUND('',#5978,.T.);
#6472=FACE_BOUND('',#5979,.T.);
#6473=FACE_BOUND('',#5980,.T.);
#6474=FACE_BOUND('',#5981,.T.);
#6475=FACE_BOUND('',#5982,.T.);
#6476=FACE_BOUND('',#5983,.T.);
#6477=FACE_BOUND('',#5984,.T.);
#6478=FACE_BOUND('',#5985,.T.);
#6479=FACE_BOUND('',#5986,.T.);
#6480=FACE_BOUND('',#5987,.T.);
#6481=FACE_BOUND('',#5988,.T.);
#6482=FACE_BOUND('',#5989,.T.);
#6483=FACE_BOUND('',#5990,.T.);
#6484=FACE_BOUND('',#5991,.T.);
#6485=FACE_BOUND('',#5992,.T.);
#6486=FACE_BOUND('',#5993,.T.);
#6487=FACE_BOUND('',#5994,.T.);
#6488=FACE_BOUND('',#5995,.T.);
#6489=FACE_BOUND('',#5996,.T.);
#6490=FACE_BOUND('',#5997,.T.);
#6491=FACE_BOUND('',#5998,.T.);
#6492=FACE_BOUND('',#5999,.T.);
#6493=FACE_BOUND('',#6000,.T.);
#6494=FACE_BOUND('',#6001,.T.);
#6495=FACE_BOUND('',#6002,.T.);
#6496=FACE_BOUND('',#6003,.T.);
#6497=FACE_BOUND('',#6004,.T.);
#6498=FACE_BOUND('',#6005,.T.);
#6499=FACE_BOUND('',#6006,.T.);
#6500=FACE_BOUND('',#6007,.T.);
#6501=FACE_BOUND('',#6008,.T.);
#6502=FACE_BOUND('',#6009,.T.);
#6503=FACE_BOUND('',#6010,.T.);
#6504=FACE_BOUND('',#6011,.T.);
#6505=FACE_BOUND('',#6012,.T.);
#6506=FACE_BOUND('',#6013,.T.);
#6507=FACE_BOUND('',#6014,.T.);
#6508=FACE_BOUND('',#6015,.T.);
#6509=FACE_BOUND('',#6016,.T.);
#6510=FACE_BOUND('',#6017,.T.);
#6511=FACE_BOUND('',#6018,.T.);
#6512=FACE_BOUND('',#6019,.T.);
#6513=FACE_BOUND('',#6020,.T.);
#6514=FACE_BOUND('',#6021,.T.);
#6515=FACE_BOUND('',#6022,.T.);
#6516=FACE_BOUND('',#6023,.T.);
#6517=FACE_BOUND('',#6024,.T.);
#6518=FACE_BOUND('',#6025,.T.);
#6519=FACE_BOUND('',#6026,.T.);
#6520=FACE_BOUND('',#6027,.T.);
#6521=FACE_BOUND('',#6028,.T.);
#6522=FACE_BOUND('',#6029,.T.);
#6523=FACE_BOUND('',#6030,.T.);
#6524=FACE_BOUND('',#6031,.T.);
#6525=FACE_BOUND('',#6032,.T.);
#6526=FACE_BOUND('',#6033,.T.);
#6527=FACE_BOUND('',#6034,.T.);
#6528=FACE_BOUND('',#6035,.T.);
#6529=FACE_BOUND('',#6036,.T.);
#6530=FACE_BOUND('',#6037,.T.);
#6531=FACE_BOUND('',#6038,.T.);
#6532=FACE_BOUND('',#6039,.T.);
#6533=FACE_BOUND('',#6040,.T.);
#6534=FACE_BOUND('',#6041,.T.);
#6535=FACE_BOUND('',#6042,.T.);
#6536=FACE_BOUND('',#6043,.T.);
#6537=FACE_BOUND('',#6044,.T.);
#6538=FACE_BOUND('',#6045,.T.);
#6539=FACE_BOUND('',#6046,.T.);
#6540=FACE_BOUND('',#6047,.T.);
#6541=FACE_BOUND('',#6048,.T.);
#6542=FACE_BOUND('',#6049,.T.);
#6543=FACE_BOUND('',#6050,.T.);
#6544=FACE_BOUND('',#6051,.T.);
#6545=FACE_BOUND('',#6052,.T.);
#6546=FACE_BOUND('',#6053,.T.);
#6547=FACE_BOUND('',#6054,.T.);
#6548=FACE_BOUND('',#6055,.T.);
#6549=FACE_BOUND('',#6056,.T.);
#6550=FACE_BOUND('',#6057,.T.);
#6551=FACE_BOUND('',#6058,.T.);
#6552=FACE_BOUND('',#6059,.T.);
#6553=FACE_BOUND('',#6060,.T.);
#6554=FACE_BOUND('',#6061,.T.);
#6555=FACE_BOUND('',#6062,.T.);
#6556=FACE_BOUND('',#6063,.T.);
#6557=FACE_BOUND('',#6064,.T.);
#6558=FACE_BOUND('',#6065,.T.);
#6559=FACE_BOUND('',#6066,.T.);
#6560=FACE_BOUND('',#6067,.T.);
#6561=FACE_BOUND('',#6068,.T.);
#6562=FACE_BOUND('',#6069,.T.);
#6563=FACE_BOUND('',#6070,.T.);
#6564=FACE_BOUND('',#6071,.T.);
#6565=FACE_BOUND('',#6072,.T.);
#6566=FACE_BOUND('',#6073,.T.);
#6567=FACE_BOUND('',#6074,.T.);
#6568=FACE_BOUND('',#6075,.T.);
#6569=FACE_BOUND('',#6076,.T.);
#6570=FACE_BOUND('',#6077,.T.);
#6571=FACE_BOUND('',#6078,.T.);
#6572=FACE_BOUND('',#6079,.T.);
#6573=FACE_BOUND('',#6080,.T.);
#6574=FACE_BOUND('',#6081,.T.);
#6575=FACE_BOUND('',#6082,.T.);
#6576=FACE_BOUND('',#6083,.T.);
#6577=FACE_BOUND('',#6084,.T.);
#6578=FACE_BOUND('',#6085,.T.);
#6579=FACE_BOUND('',#6086,.T.);
#6580=FACE_BOUND('',#6087,.T.);
#6581=FACE_BOUND('',#6088,.T.);
#6582=FACE_BOUND('',#6089,.T.);
#6583=FACE_BOUND('',#6090,.T.);
#6584=FACE_BOUND('',#6091,.T.);
#6585=FACE_BOUND('',#6092,.T.);
#6586=FACE_BOUND('',#6093,.T.);
#6587=FACE_BOUND('',#6094,.T.);
#6588=FACE_BOUND('',#6095,.T.);
#6589=FACE_BOUND('',#6096,.T.);
#6590=FACE_BOUND('',#6097,.T.);
#6591=FACE_BOUND('',#6098,.T.);
#6592=FACE_BOUND('',#6099,.T.);
#6593=FACE_BOUND('',#6100,.T.);
#6594=FACE_BOUND('',#6101,.T.);
#6595=FACE_BOUND('',#6102,.T.);
#6596=FACE_BOUND('',#6103,.T.);
#6597=FACE_BOUND('',#6104,.T.);
#6598=FACE_BOUND('',#6105,.T.);
#6599=FACE_BOUND('',#6106,.T.);
#6600=FACE_BOUND('',#6107,.T.);
#6601=FACE_BOUND('',#6108,.T.);
#6602=FACE_BOUND('',#6109,.T.);
#6603=FACE_BOUND('',#6110,.T.);
#6604=FACE_BOUND('',#6111,.T.);
#6605=FACE_BOUND('',#6112,.T.);
#6606=FACE_BOUND('',#6113,.T.);
#6607=FACE_BOUND('',#6114,.T.);
#6608=FACE_BOUND('',#6115,.T.);
#6609=FACE_BOUND('',#6116,.T.);
#6610=FACE_BOUND('',#6117,.T.);
#6611=FACE_BOUND('',#6118,.T.);
#6612=FACE_BOUND('',#6119,.T.);
#6613=FACE_BOUND('',#6120,.T.);
#6614=FACE_BOUND('',#6121,.T.);
#6615=FACE_BOUND('',#6122,.T.);
#6616=FACE_BOUND('',#6123,.T.);
#6617=FACE_BOUND('',#6124,.T.);
#6618=FACE_BOUND('',#6125,.T.);
#6619=FACE_BOUND('',#6126,.T.);
#6620=FACE_BOUND('',#6127,.T.);
#6621=FACE_BOUND('',#6128,.T.);
#6622=FACE_BOUND('',#6129,.T.);
#6623=FACE_BOUND('',#6130,.T.);
#6624=FACE_BOUND('',#6131,.T.);
#6625=FACE_BOUND('',#6132,.T.);
#6626=FACE_BOUND('',#6133,.T.);
#6627=FACE_BOUND('',#6134,.T.);
#6628=FACE_BOUND('',#6135,.T.);
#6629=FACE_BOUND('',#6136,.T.);
#6630=FACE_BOUND('',#6137,.T.);
#6631=FACE_BOUND('',#6138,.T.);
#6632=FACE_BOUND('',#6139,.T.);
#6633=FACE_BOUND('',#6140,.T.);
#6634=FACE_BOUND('',#6141,.T.);
#6635=FACE_BOUND('',#6142,.T.);
#6636=FACE_BOUND('',#6143,.T.);
#6637=FACE_BOUND('',#6144,.T.);
#6638=FACE_BOUND('',#6145,.T.);
#6639=FACE_BOUND('',#6146,.T.);
#6640=FACE_BOUND('',#6147,.T.);
#6641=FACE_BOUND('',#6148,.T.);
#6642=FACE_BOUND('',#6149,.T.);
#6643=FACE_BOUND('',#6150,.T.);
#6644=FACE_BOUND('',#6151,.T.);
#6645=FACE_BOUND('',#6152,.T.);
#6646=FACE_BOUND('',#6153,.T.);
#6647=FACE_BOUND('',#6154,.T.);
#6648=FACE_BOUND('',#6155,.T.);
#6649=FACE_BOUND('',#6156,.T.);
#6650=FACE_BOUND('',#6157,.T.);
#6651=FACE_BOUND('',#6158,.T.);
#6652=FACE_BOUND('',#6159,.T.);
#6653=FACE_BOUND('',#6160,.T.);
#6654=FACE_BOUND('',#6161,.T.);
#6655=FACE_BOUND('',#6162,.T.);
#6656=FACE_BOUND('',#6163,.T.);
#6657=FACE_BOUND('',#6164,.T.);
#6658=FACE_BOUND('',#6165,.T.);
#6659=FACE_BOUND('',#6166,.T.);
#6660=FACE_BOUND('',#6167,.T.);
#6661=FACE_BOUND('',#6168,.T.);
#6662=FACE_BOUND('',#6169,.T.);
#6663=FACE_BOUND('',#6170,.T.);
#6664=FACE_BOUND('',#6171,.T.);
#6665=FACE_BOUND('',#6172,.T.);
#6666=FACE_BOUND('',#6173,.T.);
#6667=FACE_BOUND('',#6174,.T.);
#6668=FACE_BOUND('',#6175,.T.);
#6669=FACE_BOUND('',#6176,.T.);
#6670=FACE_BOUND('',#6177,.T.);
#6671=FACE_BOUND('',#6178,.T.);
#6672=FACE_BOUND('',#6179,.T.);
#6673=FACE_BOUND('',#6180,.T.);
#6674=FACE_BOUND('',#6181,.T.);
#6675=FACE_BOUND('',#6182,.T.);
#6676=FACE_BOUND('',#6183,.T.);
#6677=FACE_BOUND('',#6184,.T.);
#6678=FACE_BOUND('',#6185,.T.);
#6679=FACE_BOUND('',#6186,.T.);
#6680=FACE_BOUND('',#6187,.T.);
#6681=FACE_BOUND('',#6188,.T.);
#6682=FACE_BOUND('',#6189,.T.);
#6683=FACE_BOUND('',#6190,.T.);
#6684=FACE_BOUND('',#6191,.T.);
#6685=FACE_BOUND('',#6192,.T.);
#6686=FACE_BOUND('',#6193,.T.);
#6687=FACE_BOUND('',#6194,.T.);
#6688=FACE_BOUND('',#6195,.T.);
#6689=FACE_BOUND('',#6196,.T.);
#6690=FACE_BOUND('',#6197,.T.);
#6691=FACE_BOUND('',#6198,.T.);
#6692=FACE_BOUND('',#6199,.T.);
#6693=FACE_BOUND('',#6200,.T.);
#6694=FACE_BOUND('',#6201,.T.);
#6695=FACE_BOUND('',#6202,.T.);
#6696=FACE_BOUND('',#6203,.T.);
#6697=FACE_BOUND('',#6204,.T.);
#6698=FACE_BOUND('',#6205,.T.);
#6699=FACE_BOUND('',#6206,.T.);
#6700=FACE_BOUND('',#6207,.T.);
#6701=FACE_BOUND('',#6208,.T.);
#6702=FACE_BOUND('',#6209,.T.);
#6703=FACE_BOUND('',#6210,.T.);
#6704=FACE_BOUND('',#6211,.T.);
#6705=FACE_BOUND('',#6212,.T.);
#6706=FACE_BOUND('',#6213,.T.);
#6707=FACE_BOUND('',#6214,.T.);
#6708=FACE_BOUND('',#6215,.T.);
#6709=FACE_BOUND('',#6216,.T.);
#6710=FACE_BOUND('',#6217,.T.);
#6711=FACE_BOUND('',#6218,.T.);
#6712=FACE_BOUND('',#6219,.T.);
#6713=FACE_BOUND('',#6220,.T.);
#6714=FACE_BOUND('',#6221,.T.);
#6715=FACE_BOUND('',#6222,.T.);
#6716=FACE_BOUND('',#6223,.T.);
#6717=FACE_BOUND('',#6224,.T.);
#6718=FACE_BOUND('',#6225,.T.);
#6719=FACE_BOUND('',#6226,.T.);
#6720=FACE_BOUND('',#6227,.T.);
#6721=FACE_BOUND('',#6228,.T.);
#6722=FACE_BOUND('',#6229,.T.);
#6723=FACE_BOUND('',#6230,.T.);
#6724=FACE_BOUND('',#6231,.T.);
#6725=FACE_BOUND('',#6232,.T.);
#6726=FACE_BOUND('',#6233,.T.);
#6727=FACE_BOUND('',#6234,.T.);
#6728=FACE_BOUND('',#6235,.T.);
#6729=FACE_BOUND('',#6236,.T.);
#6730=FACE_BOUND('',#6237,.T.);
#6731=FACE_BOUND('',#6238,.T.);
#6732=FACE_BOUND('',#6239,.T.);
#6733=FACE_BOUND('',#6240,.T.);
#6734=FACE_BOUND('',#6241,.T.);
#6735=FACE_BOUND('',#6242,.T.);
#6736=FACE_BOUND('',#6243,.T.);
#6737=FACE_BOUND('',#6244,.T.);
#6738=FACE_BOUND('',#6245,.T.);
#6739=FACE_BOUND('',#6246,.T.);
#6740=FACE_BOUND('',#6247,.T.);
#6741=FACE_BOUND('',#6248,.T.);
#6742=FACE_BOUND('',#6249,.T.);
#6743=FACE_BOUND('',#6250,.T.);
#6744=FACE_BOUND('',#6251,.T.);
#6745=FACE_BOUND('',#6252,.T.);
#6746=FACE_BOUND('',#6253,.T.);
#6747=FACE_BOUND('',#6254,.T.);
#6748=FACE_BOUND('',#6255,.T.);
#6749=FACE_BOUND('',#6256,.T.);
#6750=FACE_BOUND('',#6257,.T.);
#6751=FACE_BOUND('',#6258,.T.);
#6752=FACE_BOUND('',#6259,.T.);
#6753=FACE_BOUND('',#6260,.T.);
#6754=FACE_BOUND('',#6261,.T.);
#6755=PLANE('',#7448);
#6756=PLANE('',#7450);
#6757=PLANE('',#7461);
#6758=PLANE('',#7463);
#6759=PLANE('',#7465);
#6760=PLANE('',#7466);
#6761=PLANE('',#7467);
#6762=PLANE('',#7468);
#6763=PLANE('',#7469);
#6764=PLANE('',#7472);
#6765=PLANE('',#7473);
#6766=PLANE('',#7474);
#6767=PLANE('',#7479);
#6768=PLANE('',#7480);
#6769=PLANE('',#7481);
#6770=PLANE('',#7482);
#6771=PLANE('',#7483);
#6772=PLANE('',#7484);
#6773=PLANE('',#7485);
#6774=PLANE('',#7486);
#6775=PLANE('',#7487);
#6776=PLANE('',#7488);
#6777=PLANE('',#7489);
#6778=PLANE('',#7490);
#6779=PLANE('',#7491);
#6780=PLANE('',#7492);
#6781=PLANE('',#7493);
#6782=PLANE('',#7494);
#6783=PLANE('',#7495);
#6784=PLANE('',#7496);
#6785=PLANE('',#7497);
#6786=PLANE('',#7498);
#6787=PLANE('',#7499);
#6788=PLANE('',#7500);
#6789=PLANE('',#7501);
#6790=PLANE('',#7502);
#6791=PLANE('',#7503);
#6792=PLANE('',#7504);
#6793=PLANE('',#7505);
#6794=PLANE('',#7506);
#6795=PLANE('',#7507);
#6796=PLANE('',#7508);
#6797=PLANE('',#7509);
#6798=PLANE('',#7510);
#6799=PLANE('',#7511);
#6800=PLANE('',#7512);
#6801=PLANE('',#7513);
#6802=PLANE('',#7514);
#6803=PLANE('',#7515);
#6804=PLANE('',#7516);
#6805=PLANE('',#7517);
#6806=PLANE('',#7518);
#6807=PLANE('',#7519);
#6808=PLANE('',#7520);
#6809=PLANE('',#7521);
#6810=PLANE('',#7522);
#6811=PLANE('',#7523);
#6812=PLANE('',#7524);
#6813=PLANE('',#7525);
#6814=PLANE('',#7526);
#6815=PLANE('',#7527);
#6816=PLANE('',#7528);
#6817=PLANE('',#7529);
#6818=PLANE('',#7530);
#6819=PLANE('',#7531);
#6820=PLANE('',#7532);
#6821=PLANE('',#7533);
#6822=PLANE('',#7534);
#6823=PLANE('',#7535);
#6824=PLANE('',#7536);
#6825=PLANE('',#7537);
#6826=PLANE('',#7538);
#6827=PLANE('',#7539);
#6828=PLANE('',#7540);
#6829=PLANE('',#7541);
#6830=PLANE('',#7542);
#6831=PLANE('',#7543);
#6832=PLANE('',#7544);
#6833=PLANE('',#7545);
#6834=PLANE('',#7546);
#6835=PLANE('',#7547);
#6836=PLANE('',#7548);
#6837=PLANE('',#7549);
#6838=PLANE('',#7550);
#6839=PLANE('',#7551);
#6840=PLANE('',#7552);
#6841=PLANE('',#7553);
#6842=PLANE('',#7554);
#6843=PLANE('',#7555);
#6844=PLANE('',#7556);
#6845=PLANE('',#7557);
#6846=PLANE('',#7558);
#6847=PLANE('',#7559);
#6848=PLANE('',#7560);
#6849=PLANE('',#7561);
#6850=PLANE('',#7562);
#6851=PLANE('',#7563);
#6852=PLANE('',#7564);
#6853=PLANE('',#7565);
#6854=PLANE('',#7566);
#6855=PLANE('',#7567);
#6856=PLANE('',#7568);
#6857=PLANE('',#7569);
#6858=PLANE('',#7570);
#6859=PLANE('',#7571);
#6860=PLANE('',#7572);
#6861=PLANE('',#7573);
#6862=PLANE('',#7574);
#6863=PLANE('',#7575);
#6864=PLANE('',#7576);
#6865=PLANE('',#7577);
#6866=PLANE('',#7578);
#6867=PLANE('',#7579);
#6868=PLANE('',#7580);
#6869=PLANE('',#7581);
#6870=PLANE('',#7582);
#6871=PLANE('',#7583);
#6872=PLANE('',#7584);
#6873=PLANE('',#7585);
#6874=PLANE('',#7586);
#6875=PLANE('',#7587);
#6876=PLANE('',#7588);
#6877=PLANE('',#7589);
#6878=PLANE('',#7590);
#6879=PLANE('',#7591);
#6880=PLANE('',#7592);
#6881=PLANE('',#7593);
#6882=PLANE('',#7594);
#6883=PLANE('',#7595);
#6884=PLANE('',#7596);
#6885=PLANE('',#7597);
#6886=PLANE('',#7598);
#6887=PLANE('',#7599);
#6888=PLANE('',#7600);
#6889=PLANE('',#7601);
#6890=PLANE('',#7602);
#6891=PLANE('',#7603);
#6892=PLANE('',#7604);
#6893=PLANE('',#7605);
#6894=PLANE('',#7606);
#6895=PLANE('',#7607);
#6896=PLANE('',#7608);
#6897=PLANE('',#7609);
#6898=PLANE('',#7610);
#6899=PLANE('',#7611);
#6900=PLANE('',#7612);
#6901=PLANE('',#7613);
#6902=PLANE('',#7614);
#6903=PLANE('',#7615);
#6904=PLANE('',#7616);
#6905=PLANE('',#7617);
#6906=PLANE('',#7618);
#6907=PLANE('',#7619);
#6908=PLANE('',#7620);
#6909=PLANE('',#7621);
#6910=PLANE('',#7622);
#6911=PLANE('',#7623);
#6912=PLANE('',#7624);
#6913=PLANE('',#7625);
#6914=PLANE('',#7626);
#6915=PLANE('',#7627);
#6916=PLANE('',#7628);
#6917=PLANE('',#7629);
#6918=PLANE('',#7630);
#6919=PLANE('',#7631);
#6920=PLANE('',#7632);
#6921=PLANE('',#7633);
#6922=PLANE('',#7634);
#6923=PLANE('',#7635);
#6924=PLANE('',#7636);
#6925=PLANE('',#7637);
#6926=PLANE('',#7638);
#6927=PLANE('',#7639);
#6928=PLANE('',#7640);
#6929=PLANE('',#7641);
#6930=PLANE('',#7642);
#6931=PLANE('',#7643);
#6932=PLANE('',#7644);
#6933=PLANE('',#7645);
#6934=PLANE('',#7646);
#6935=PLANE('',#7647);
#6936=PLANE('',#7648);
#6937=PLANE('',#7649);
#6938=PLANE('',#7650);
#6939=PLANE('',#7651);
#6940=PLANE('',#7652);
#6941=PLANE('',#7655);
#6942=PLANE('',#7658);
#6943=PLANE('',#7661);
#6944=PLANE('',#7665);
#6945=PLANE('',#7666);
#6946=PLANE('',#7667);
#6947=PLANE('',#7668);
#6948=PLANE('',#7669);
#6949=PLANE('',#7670);
#6950=PLANE('',#7671);
#6951=PLANE('',#7672);
#6952=PLANE('',#7673);
#6953=PLANE('',#7674);
#6954=PLANE('',#7675);
#6955=PLANE('',#7676);
#6956=PLANE('',#7677);
#6957=PLANE('',#7678);
#6958=PLANE('',#7679);
#6959=PLANE('',#7680);
#6960=PLANE('',#7681);
#6961=PLANE('',#7682);
#6962=PLANE('',#7683);
#6963=PLANE('',#7684);
#6964=PLANE('',#7685);
#6965=PLANE('',#7686);
#6966=PLANE('',#7687);
#6967=PLANE('',#7688);
#6968=PLANE('',#7689);
#6969=PLANE('',#7690);
#6970=PLANE('',#7691);
#6971=PLANE('',#7692);
#6972=PLANE('',#7693);
#6973=PLANE('',#7694);
#6974=PLANE('',#7695);
#6975=PLANE('',#7696);
#6976=PLANE('',#7697);
#6977=PLANE('',#7698);
#6978=PLANE('',#7699);
#6979=PLANE('',#7700);
#6980=PLANE('',#7701);
#6981=PLANE('',#7702);
#6982=PLANE('',#7703);
#6983=PLANE('',#7704);
#6984=PLANE('',#7705);
#6985=PLANE('',#7706);
#6986=PLANE('',#7707);
#6987=PLANE('',#7708);
#6988=PLANE('',#7709);
#6989=PLANE('',#7710);
#6990=PLANE('',#7711);
#6991=PLANE('',#7712);
#6992=PLANE('',#7713);
#6993=PLANE('',#7714);
#6994=PLANE('',#7715);
#6995=PLANE('',#7716);
#6996=PLANE('',#7717);
#6997=PLANE('',#7718);
#6998=PLANE('',#7719);
#6999=PLANE('',#7720);
#7000=PLANE('',#7721);
#7001=PLANE('',#7722);
#7002=PLANE('',#7723);
#7003=PLANE('',#7724);
#7004=PLANE('',#7725);
#7005=PLANE('',#7726);
#7006=PLANE('',#7727);
#7007=PLANE('',#7728);
#7008=PLANE('',#7729);
#7009=PLANE('',#7730);
#7010=PLANE('',#7731);
#7011=PLANE('',#7732);
#7012=PLANE('',#7733);
#7013=PLANE('',#7734);
#7014=PLANE('',#7735);
#7015=PLANE('',#7736);
#7016=PLANE('',#7737);
#7017=PLANE('',#7738);
#7018=PLANE('',#7739);
#7019=PLANE('',#7740);
#7020=PLANE('',#7741);
#7021=PLANE('',#7742);
#7022=PLANE('',#7743);
#7023=PLANE('',#7744);
#7024=PLANE('',#7745);
#7025=PLANE('',#7746);
#7026=PLANE('',#7747);
#7027=PLANE('',#7748);
#7028=PLANE('',#7749);
#7029=PLANE('',#7750);
#7030=PLANE('',#7751);
#7031=PLANE('',#7752);
#7032=PLANE('',#7753);
#7033=PLANE('',#7754);
#7034=PLANE('',#7755);
#7035=PLANE('',#7756);
#7036=PLANE('',#7757);
#7037=PLANE('',#7758);
#7038=PLANE('',#7759);
#7039=PLANE('',#7760);
#7040=PLANE('',#7761);
#7041=PLANE('',#7762);
#7042=PLANE('',#7763);
#7043=PLANE('',#7764);
#7044=PLANE('',#7765);
#7045=PLANE('',#7766);
#7046=PLANE('',#7767);
#7047=PLANE('',#7768);
#7048=PLANE('',#7799);
#7049=PLANE('',#7800);
#7050=PLANE('',#7802);
#7051=PLANE('',#7805);
#7052=PLANE('',#7810);
#7053=PLANE('',#7813);
#7054=PLANE('',#7814);
#7055=PLANE('',#7821);
#7056=PLANE('',#7824);
#7057=PLANE('',#7825);
#7058=PLANE('',#7826);
#7059=PLANE('',#7827);
#7060=PLANE('',#7828);
#7061=PLANE('',#7829);
#7062=PLANE('',#7832);
#7063=PLANE('',#7833);
#7064=PLANE('',#7834);
#7065=PLANE('',#7835);
#7066=PLANE('',#7836);
#7067=PLANE('',#7839);
#7068=PLANE('',#7840);
#7069=PLANE('',#7841);
#7070=PLANE('',#7842);
#7071=PLANE('',#7853);
#7072=PLANE('',#7854);
#7073=PLANE('',#7856);
#7074=ADVANCED_FACE('',(#6262),#6755,.F.);
#7075=ADVANCED_FACE('',(#6263,#6264,#6265,#6266,#6267,#6268,#6269,#6270,
#6271,#6272,#6273,#6274,#6275,#6276,#6277,#6278,#6279,#6280,#6281,#6282,
#6283,#6284,#6285,#6286,#6287,#6288,#6289,#6290,#6291,#6292,#6293,#6294,
#6295,#6296,#6297,#6298,#6299,#6300,#6301,#6302,#6303,#6304,#6305,#6306,
#6307,#6308,#6309,#6310,#6311,#6312,#6313,#6314,#6315,#6316,#6317,#6318,
#6319,#6320,#6321,#6322,#6323,#6324,#6325,#6326,#6327),#6756,.F.);
#7076=ADVANCED_FACE('',(#6328),#6757,.T.);
#7077=ADVANCED_FACE('',(#6329),#6758,.F.);
#7078=ADVANCED_FACE('',(#6330),#6759,.F.);
#7079=ADVANCED_FACE('',(#6331),#6760,.F.);
#7080=ADVANCED_FACE('',(#6332),#6761,.T.);
#7081=ADVANCED_FACE('',(#6333),#6762,.F.);
#7082=ADVANCED_FACE('',(#6334),#6763,.F.);
#7083=ADVANCED_FACE('',(#6335),#6764,.T.);
#7084=ADVANCED_FACE('',(#6336),#6765,.F.);
#7085=ADVANCED_FACE('',(#6337,#6338),#6766,.T.);
#7086=ADVANCED_FACE('',(#6339),#6767,.T.);
#7087=ADVANCED_FACE('',(#6340),#6768,.F.);
#7088=ADVANCED_FACE('',(#6341),#6769,.F.);
#7089=ADVANCED_FACE('',(#6342),#6770,.T.);
#7090=ADVANCED_FACE('',(#6343),#6771,.F.);
#7091=ADVANCED_FACE('',(#6344),#6772,.F.);
#7092=ADVANCED_FACE('',(#6345),#6773,.T.);
#7093=ADVANCED_FACE('',(#6346),#6774,.F.);
#7094=ADVANCED_FACE('',(#6347),#6775,.F.);
#7095=ADVANCED_FACE('',(#6348),#6776,.T.);
#7096=ADVANCED_FACE('',(#6349),#6777,.F.);
#7097=ADVANCED_FACE('',(#6350),#6778,.F.);
#7098=ADVANCED_FACE('',(#6351),#6779,.T.);
#7099=ADVANCED_FACE('',(#6352),#6780,.F.);
#7100=ADVANCED_FACE('',(#6353),#6781,.F.);
#7101=ADVANCED_FACE('',(#6354),#6782,.T.);
#7102=ADVANCED_FACE('',(#6355),#6783,.F.);
#7103=ADVANCED_FACE('',(#6356),#6784,.F.);
#7104=ADVANCED_FACE('',(#6357),#6785,.T.);
#7105=ADVANCED_FACE('',(#6358),#6786,.F.);
#7106=ADVANCED_FACE('',(#6359),#6787,.F.);
#7107=ADVANCED_FACE('',(#6360),#6788,.T.);
#7108=ADVANCED_FACE('',(#6361),#6789,.F.);
#7109=ADVANCED_FACE('',(#6362),#6790,.F.);
#7110=ADVANCED_FACE('',(#6363),#6791,.T.);
#7111=ADVANCED_FACE('',(#6364),#6792,.F.);
#7112=ADVANCED_FACE('',(#6365),#6793,.F.);
#7113=ADVANCED_FACE('',(#6366),#6794,.T.);
#7114=ADVANCED_FACE('',(#6367),#6795,.F.);
#7115=ADVANCED_FACE('',(#6368),#6796,.F.);
#7116=ADVANCED_FACE('',(#6369),#6797,.T.);
#7117=ADVANCED_FACE('',(#6370),#6798,.F.);
#7118=ADVANCED_FACE('',(#6371),#6799,.F.);
#7119=ADVANCED_FACE('',(#6372),#6800,.T.);
#7120=ADVANCED_FACE('',(#6373),#6801,.F.);
#7121=ADVANCED_FACE('',(#6374),#6802,.F.);
#7122=ADVANCED_FACE('',(#6375),#6803,.T.);
#7123=ADVANCED_FACE('',(#6376),#6804,.F.);
#7124=ADVANCED_FACE('',(#6377),#6805,.F.);
#7125=ADVANCED_FACE('',(#6378),#6806,.T.);
#7126=ADVANCED_FACE('',(#6379),#6807,.F.);
#7127=ADVANCED_FACE('',(#6380),#6808,.F.);
#7128=ADVANCED_FACE('',(#6381),#6809,.T.);
#7129=ADVANCED_FACE('',(#6382),#6810,.F.);
#7130=ADVANCED_FACE('',(#6383),#6811,.F.);
#7131=ADVANCED_FACE('',(#6384),#6812,.T.);
#7132=ADVANCED_FACE('',(#6385),#6813,.F.);
#7133=ADVANCED_FACE('',(#6386),#6814,.F.);
#7134=ADVANCED_FACE('',(#6387),#6815,.T.);
#7135=ADVANCED_FACE('',(#6388),#6816,.F.);
#7136=ADVANCED_FACE('',(#6389),#6817,.F.);
#7137=ADVANCED_FACE('',(#6390),#6818,.T.);
#7138=ADVANCED_FACE('',(#6391),#6819,.F.);
#7139=ADVANCED_FACE('',(#6392),#6820,.F.);
#7140=ADVANCED_FACE('',(#6393),#6821,.T.);
#7141=ADVANCED_FACE('',(#6394),#6822,.F.);
#7142=ADVANCED_FACE('',(#6395),#6823,.F.);
#7143=ADVANCED_FACE('',(#6396),#6824,.T.);
#7144=ADVANCED_FACE('',(#6397),#6825,.F.);
#7145=ADVANCED_FACE('',(#6398),#6826,.F.);
#7146=ADVANCED_FACE('',(#6399),#6827,.T.);
#7147=ADVANCED_FACE('',(#6400),#6828,.F.);
#7148=ADVANCED_FACE('',(#6401),#6829,.F.);
#7149=ADVANCED_FACE('',(#6402),#6830,.T.);
#7150=ADVANCED_FACE('',(#6403),#6831,.F.);
#7151=ADVANCED_FACE('',(#6404),#6832,.F.);
#7152=ADVANCED_FACE('',(#6405),#6833,.T.);
#7153=ADVANCED_FACE('',(#6406),#6834,.F.);
#7154=ADVANCED_FACE('',(#6407),#6835,.F.);
#7155=ADVANCED_FACE('',(#6408),#6836,.T.);
#7156=ADVANCED_FACE('',(#6409),#6837,.F.);
#7157=ADVANCED_FACE('',(#6410),#6838,.F.);
#7158=ADVANCED_FACE('',(#6411),#6839,.T.);
#7159=ADVANCED_FACE('',(#6412),#6840,.F.);
#7160=ADVANCED_FACE('',(#6413),#6841,.F.);
#7161=ADVANCED_FACE('',(#6414),#6842,.T.);
#7162=ADVANCED_FACE('',(#6415),#6843,.F.);
#7163=ADVANCED_FACE('',(#6416),#6844,.F.);
#7164=ADVANCED_FACE('',(#6417),#6845,.T.);
#7165=ADVANCED_FACE('',(#6418),#6846,.F.);
#7166=ADVANCED_FACE('',(#6419),#6847,.F.);
#7167=ADVANCED_FACE('',(#6420),#6848,.T.);
#7168=ADVANCED_FACE('',(#6421),#6849,.F.);
#7169=ADVANCED_FACE('',(#6422),#6850,.F.);
#7170=ADVANCED_FACE('',(#6423),#6851,.T.);
#7171=ADVANCED_FACE('',(#6424),#6852,.F.);
#7172=ADVANCED_FACE('',(#6425),#6853,.F.);
#7173=ADVANCED_FACE('',(#6426),#6854,.T.);
#7174=ADVANCED_FACE('',(#6427),#6855,.F.);
#7175=ADVANCED_FACE('',(#6428),#6856,.F.);
#7176=ADVANCED_FACE('',(#6429),#6857,.T.);
#7177=ADVANCED_FACE('',(#6430),#6858,.F.);
#7178=ADVANCED_FACE('',(#6431),#6859,.F.);
#7179=ADVANCED_FACE('',(#6432),#6860,.T.);
#7180=ADVANCED_FACE('',(#6433),#6861,.F.);
#7181=ADVANCED_FACE('',(#6434),#6862,.F.);
#7182=ADVANCED_FACE('',(#6435),#6863,.T.);
#7183=ADVANCED_FACE('',(#6436),#6864,.F.);
#7184=ADVANCED_FACE('',(#6437),#6865,.F.);
#7185=ADVANCED_FACE('',(#6438),#6866,.T.);
#7186=ADVANCED_FACE('',(#6439),#6867,.F.);
#7187=ADVANCED_FACE('',(#6440),#6868,.F.);
#7188=ADVANCED_FACE('',(#6441),#6869,.T.);
#7189=ADVANCED_FACE('',(#6442),#6870,.F.);
#7190=ADVANCED_FACE('',(#6443),#6871,.F.);
#7191=ADVANCED_FACE('',(#6444),#6872,.T.);
#7192=ADVANCED_FACE('',(#6445),#6873,.F.);
#7193=ADVANCED_FACE('',(#6446),#6874,.F.);
#7194=ADVANCED_FACE('',(#6447),#6875,.T.);
#7195=ADVANCED_FACE('',(#6448),#6876,.F.);
#7196=ADVANCED_FACE('',(#6449),#6877,.F.);
#7197=ADVANCED_FACE('',(#6450),#6878,.T.);
#7198=ADVANCED_FACE('',(#6451),#6879,.F.);
#7199=ADVANCED_FACE('',(#6452),#6880,.F.);
#7200=ADVANCED_FACE('',(#6453),#6881,.T.);
#7201=ADVANCED_FACE('',(#6454),#6882,.F.);
#7202=ADVANCED_FACE('',(#6455),#6883,.F.);
#7203=ADVANCED_FACE('',(#6456),#6884,.T.);
#7204=ADVANCED_FACE('',(#6457),#6885,.F.);
#7205=ADVANCED_FACE('',(#6458),#6886,.F.);
#7206=ADVANCED_FACE('',(#6459),#6887,.T.);
#7207=ADVANCED_FACE('',(#6460),#6888,.F.);
#7208=ADVANCED_FACE('',(#6461),#6889,.F.);
#7209=ADVANCED_FACE('',(#6462),#6890,.T.);
#7210=ADVANCED_FACE('',(#6463),#6891,.F.);
#7211=ADVANCED_FACE('',(#6464),#6892,.F.);
#7212=ADVANCED_FACE('',(#6465),#6893,.T.);
#7213=ADVANCED_FACE('',(#6466),#6894,.F.);
#7214=ADVANCED_FACE('',(#6467),#6895,.F.);
#7215=ADVANCED_FACE('',(#6468),#6896,.T.);
#7216=ADVANCED_FACE('',(#6469),#6897,.F.);
#7217=ADVANCED_FACE('',(#6470),#6898,.F.);
#7218=ADVANCED_FACE('',(#6471),#6899,.T.);
#7219=ADVANCED_FACE('',(#6472),#6900,.F.);
#7220=ADVANCED_FACE('',(#6473),#6901,.F.);
#7221=ADVANCED_FACE('',(#6474),#6902,.T.);
#7222=ADVANCED_FACE('',(#6475),#6903,.F.);
#7223=ADVANCED_FACE('',(#6476),#6904,.F.);
#7224=ADVANCED_FACE('',(#6477),#6905,.T.);
#7225=ADVANCED_FACE('',(#6478),#6906,.F.);
#7226=ADVANCED_FACE('',(#6479),#6907,.F.);
#7227=ADVANCED_FACE('',(#6480),#6908,.T.);
#7228=ADVANCED_FACE('',(#6481),#6909,.F.);
#7229=ADVANCED_FACE('',(#6482),#6910,.F.);
#7230=ADVANCED_FACE('',(#6483),#6911,.T.);
#7231=ADVANCED_FACE('',(#6484),#6912,.F.);
#7232=ADVANCED_FACE('',(#6485),#6913,.F.);
#7233=ADVANCED_FACE('',(#6486),#6914,.T.);
#7234=ADVANCED_FACE('',(#6487),#6915,.F.);
#7235=ADVANCED_FACE('',(#6488),#6916,.F.);
#7236=ADVANCED_FACE('',(#6489),#6917,.T.);
#7237=ADVANCED_FACE('',(#6490),#6918,.F.);
#7238=ADVANCED_FACE('',(#6491),#6919,.F.);
#7239=ADVANCED_FACE('',(#6492),#6920,.T.);
#7240=ADVANCED_FACE('',(#6493),#6921,.F.);
#7241=ADVANCED_FACE('',(#6494),#6922,.F.);
#7242=ADVANCED_FACE('',(#6495),#6923,.T.);
#7243=ADVANCED_FACE('',(#6496),#6924,.F.);
#7244=ADVANCED_FACE('',(#6497),#6925,.F.);
#7245=ADVANCED_FACE('',(#6498),#6926,.T.);
#7246=ADVANCED_FACE('',(#6499),#6927,.F.);
#7247=ADVANCED_FACE('',(#6500),#6928,.F.);
#7248=ADVANCED_FACE('',(#6501),#6929,.T.);
#7249=ADVANCED_FACE('',(#6502),#6930,.F.);
#7250=ADVANCED_FACE('',(#6503),#6931,.F.);
#7251=ADVANCED_FACE('',(#6504),#6932,.T.);
#7252=ADVANCED_FACE('',(#6505),#6933,.F.);
#7253=ADVANCED_FACE('',(#6506),#6934,.F.);
#7254=ADVANCED_FACE('',(#6507),#6935,.T.);
#7255=ADVANCED_FACE('',(#6508),#6936,.F.);
#7256=ADVANCED_FACE('',(#6509),#6937,.F.);
#7257=ADVANCED_FACE('',(#6510),#6938,.T.);
#7258=ADVANCED_FACE('',(#6511),#6939,.F.);
#7259=ADVANCED_FACE('',(#6512),#6940,.F.);
#7260=ADVANCED_FACE('',(#6513),#20,.F.);
#7261=ADVANCED_FACE('',(#6514),#6941,.F.);
#7262=ADVANCED_FACE('',(#6515),#21,.F.);
#7263=ADVANCED_FACE('',(#6516),#6942,.F.);
#7264=ADVANCED_FACE('',(#6517),#22,.F.);
#7265=ADVANCED_FACE('',(#6518),#6943,.T.);
#7266=ADVANCED_FACE('',(#6519),#23,.F.);
#7267=ADVANCED_FACE('',(#6520),#6944,.T.);
#7268=ADVANCED_FACE('',(#6521),#6945,.F.);
#7269=ADVANCED_FACE('',(#6522),#6946,.F.);
#7270=ADVANCED_FACE('',(#6523),#6947,.T.);
#7271=ADVANCED_FACE('',(#6524),#6948,.F.);
#7272=ADVANCED_FACE('',(#6525),#6949,.T.);
#7273=ADVANCED_FACE('',(#6526),#6950,.T.);
#7274=ADVANCED_FACE('',(#6527),#6951,.F.);
#7275=ADVANCED_FACE('',(#6528),#6952,.F.);
#7276=ADVANCED_FACE('',(#6529),#6953,.T.);
#7277=ADVANCED_FACE('',(#6530),#6954,.T.);
#7278=ADVANCED_FACE('',(#6531),#6955,.F.);
#7279=ADVANCED_FACE('',(#6532),#6956,.T.);
#7280=ADVANCED_FACE('',(#6533),#6957,.F.);
#7281=ADVANCED_FACE('',(#6534),#6958,.F.);
#7282=ADVANCED_FACE('',(#6535),#6959,.T.);
#7283=ADVANCED_FACE('',(#6536),#6960,.F.);
#7284=ADVANCED_FACE('',(#6537),#6961,.F.);
#7285=ADVANCED_FACE('',(#6538),#6962,.T.);
#7286=ADVANCED_FACE('',(#6539),#6963,.T.);
#7287=ADVANCED_FACE('',(#6540),#6964,.F.);
#7288=ADVANCED_FACE('',(#6541),#6965,.F.);
#7289=ADVANCED_FACE('',(#6542),#6966,.T.);
#7290=ADVANCED_FACE('',(#6543),#6967,.T.);
#7291=ADVANCED_FACE('',(#6544),#6968,.F.);
#7292=ADVANCED_FACE('',(#6545),#6969,.F.);
#7293=ADVANCED_FACE('',(#6546),#6970,.T.);
#7294=ADVANCED_FACE('',(#6547),#6971,.F.);
#7295=ADVANCED_FACE('',(#6548),#6972,.F.);
#7296=ADVANCED_FACE('',(#6549),#6973,.T.);
#7297=ADVANCED_FACE('',(#6550),#6974,.F.);
#7298=ADVANCED_FACE('',(#6551),#6975,.F.);
#7299=ADVANCED_FACE('',(#6552),#6976,.T.);
#7300=ADVANCED_FACE('',(#6553),#6977,.T.);
#7301=ADVANCED_FACE('',(#6554),#6978,.F.);
#7302=ADVANCED_FACE('',(#6555),#6979,.F.);
#7303=ADVANCED_FACE('',(#6556),#6980,.T.);
#7304=ADVANCED_FACE('',(#6557),#6981,.T.);
#7305=ADVANCED_FACE('',(#6558),#6982,.F.);
#7306=ADVANCED_FACE('',(#6559),#6983,.F.);
#7307=ADVANCED_FACE('',(#6560),#6984,.T.);
#7308=ADVANCED_FACE('',(#6561),#6985,.T.);
#7309=ADVANCED_FACE('',(#6562),#6986,.T.);
#7310=ADVANCED_FACE('',(#6563),#6987,.T.);
#7311=ADVANCED_FACE('',(#6564),#6988,.T.);
#7312=ADVANCED_FACE('',(#6565),#6989,.T.);
#7313=ADVANCED_FACE('',(#6566),#6990,.T.);
#7314=ADVANCED_FACE('',(#6567),#6991,.T.);
#7315=ADVANCED_FACE('',(#6568),#6992,.T.);
#7316=ADVANCED_FACE('',(#6569),#6993,.T.);
#7317=ADVANCED_FACE('',(#6570),#6994,.T.);
#7318=ADVANCED_FACE('',(#6571),#6995,.T.);
#7319=ADVANCED_FACE('',(#6572),#6996,.T.);
#7320=ADVANCED_FACE('',(#6573),#6997,.T.);
#7321=ADVANCED_FACE('',(#6574),#6998,.T.);
#7322=ADVANCED_FACE('',(#6575),#6999,.T.);
#7323=ADVANCED_FACE('',(#6576),#7000,.T.);
#7324=ADVANCED_FACE('',(#6577),#7001,.T.);
#7325=ADVANCED_FACE('',(#6578),#7002,.T.);
#7326=ADVANCED_FACE('',(#6579),#7003,.T.);
#7327=ADVANCED_FACE('',(#6580),#7004,.T.);
#7328=ADVANCED_FACE('',(#6581),#7005,.T.);
#7329=ADVANCED_FACE('',(#6582),#7006,.T.);
#7330=ADVANCED_FACE('',(#6583),#7007,.T.);
#7331=ADVANCED_FACE('',(#6584),#7008,.T.);
#7332=ADVANCED_FACE('',(#6585),#7009,.T.);
#7333=ADVANCED_FACE('',(#6586),#7010,.T.);
#7334=ADVANCED_FACE('',(#6587),#7011,.T.);
#7335=ADVANCED_FACE('',(#6588),#7012,.T.);
#7336=ADVANCED_FACE('',(#6589),#7013,.T.);
#7337=ADVANCED_FACE('',(#6590),#7014,.T.);
#7338=ADVANCED_FACE('',(#6591),#7015,.T.);
#7339=ADVANCED_FACE('',(#6592),#7016,.T.);
#7340=ADVANCED_FACE('',(#6593),#7017,.T.);
#7341=ADVANCED_FACE('',(#6594),#7018,.T.);
#7342=ADVANCED_FACE('',(#6595),#7019,.T.);
#7343=ADVANCED_FACE('',(#6596),#7020,.T.);
#7344=ADVANCED_FACE('',(#6597),#7021,.T.);
#7345=ADVANCED_FACE('',(#6598),#7022,.T.);
#7346=ADVANCED_FACE('',(#6599),#7023,.T.);
#7347=ADVANCED_FACE('',(#6600),#7024,.T.);
#7348=ADVANCED_FACE('',(#6601),#7025,.T.);
#7349=ADVANCED_FACE('',(#6602),#7026,.T.);
#7350=ADVANCED_FACE('',(#6603),#7027,.T.);
#7351=ADVANCED_FACE('',(#6604),#7028,.T.);
#7352=ADVANCED_FACE('',(#6605),#7029,.T.);
#7353=ADVANCED_FACE('',(#6606),#7030,.T.);
#7354=ADVANCED_FACE('',(#6607),#7031,.T.);
#7355=ADVANCED_FACE('',(#6608),#7032,.T.);
#7356=ADVANCED_FACE('',(#6609),#7033,.T.);
#7357=ADVANCED_FACE('',(#6610),#7034,.T.);
#7358=ADVANCED_FACE('',(#6611),#7035,.T.);
#7359=ADVANCED_FACE('',(#6612),#7036,.T.);
#7360=ADVANCED_FACE('',(#6613),#7037,.T.);
#7361=ADVANCED_FACE('',(#6614),#7038,.T.);
#7362=ADVANCED_FACE('',(#6615),#7039,.T.);
#7363=ADVANCED_FACE('',(#6616),#7040,.T.);
#7364=ADVANCED_FACE('',(#6617),#7041,.T.);
#7365=ADVANCED_FACE('',(#6618),#7042,.T.);
#7366=ADVANCED_FACE('',(#6619),#7043,.T.);
#7367=ADVANCED_FACE('',(#6620),#7044,.T.);
#7368=ADVANCED_FACE('',(#6621),#7045,.T.);
#7369=ADVANCED_FACE('',(#6622),#7046,.T.);
#7370=ADVANCED_FACE('',(#6623,#6624,#6625,#6626,#6627,#6628,#6629,#6630,
#6631,#6632,#6633,#6634,#6635,#6636,#6637,#6638,#6639,#6640,#6641,#6642,
#6643,#6644,#6645,#6646,#6647,#6648,#6649,#6650,#6651,#6652,#6653,#6654,
#6655,#6656,#6657,#6658,#6659,#6660,#6661,#6662,#6663,#6664,#6665,#6666,
#6667,#6668,#6669,#6670,#6671,#6672,#6673,#6674,#6675,#6676,#6677,#6678,
#6679,#6680,#6681,#6682,#6683,#6684,#6685,#6686,#6687),#7047,.T.);
#7371=ADVANCED_FACE('',(#6688,#6689),#24,.F.);
#7372=ADVANCED_FACE('',(#6690,#6691),#25,.F.);
#7373=ADVANCED_FACE('',(#6692),#26,.T.);
#7374=ADVANCED_FACE('',(#6693),#27,.T.);
#7375=ADVANCED_FACE('',(#6694),#28,.T.);
#7376=ADVANCED_FACE('',(#6695),#29,.T.);
#7377=ADVANCED_FACE('',(#6696),#30,.T.);
#7378=ADVANCED_FACE('',(#6697),#14,.T.);
#7379=ADVANCED_FACE('',(#6698),#15,.T.);
#7380=ADVANCED_FACE('',(#6699),#31,.T.);
#7381=ADVANCED_FACE('',(#6700),#32,.T.);
#7382=ADVANCED_FACE('',(#6701),#16,.T.);
#7383=ADVANCED_FACE('',(#6702),#17,.T.);
#7384=ADVANCED_FACE('',(#6703),#33,.T.);
#7385=ADVANCED_FACE('',(#6704),#7048,.T.);
#7386=ADVANCED_FACE('',(#6705),#7049,.F.);
#7387=ADVANCED_FACE('',(#6706),#34,.F.);
#7388=ADVANCED_FACE('',(#6707),#7050,.F.);
#7389=ADVANCED_FACE('',(#6708),#35,.F.);
#7390=ADVANCED_FACE('',(#6709),#7051,.F.);
#7391=ADVANCED_FACE('',(#6710),#7052,.T.);
#7392=ADVANCED_FACE('',(#6711),#7053,.F.);
#7393=ADVANCED_FACE('',(#6712,#6713,#6714),#7054,.F.);
#7394=ADVANCED_FACE('',(#6715),#7055,.F.);
#7395=ADVANCED_FACE('',(#6716),#7056,.T.);
#7396=ADVANCED_FACE('',(#6717),#7057,.T.);
#7397=ADVANCED_FACE('',(#6718),#7058,.F.);
#7398=ADVANCED_FACE('',(#6719),#7059,.T.);
#7399=ADVANCED_FACE('',(#6720),#7060,.F.);
#7400=ADVANCED_FACE('',(#6721,#6722,#6723,#6724),#7061,.T.);
#7401=ADVANCED_FACE('',(#6725),#7062,.T.);
#7402=ADVANCED_FACE('',(#6726),#7063,.T.);
#7403=ADVANCED_FACE('',(#6727),#7064,.F.);
#7404=ADVANCED_FACE('',(#6728),#7065,.F.);
#7405=ADVANCED_FACE('',(#6729,#6730,#6731),#7066,.F.);
#7406=ADVANCED_FACE('',(#6732),#7067,.F.);
#7407=ADVANCED_FACE('',(#6733),#7068,.T.);
#7408=ADVANCED_FACE('',(#6734),#7069,.T.);
#7409=ADVANCED_FACE('',(#6735,#6736,#6737),#7070,.T.);
#7410=ADVANCED_FACE('',(#6738,#6739),#36,.F.);
#7411=ADVANCED_FACE('',(#6740,#6741),#37,.F.);
#7412=ADVANCED_FACE('',(#6742,#6743),#38,.F.);
#7413=ADVANCED_FACE('',(#6744,#6745),#39,.F.);
#7414=ADVANCED_FACE('',(#6746),#40,.T.);
#7415=ADVANCED_FACE('',(#6747),#41,.T.);
#7416=ADVANCED_FACE('',(#6748),#42,.T.);
#7417=ADVANCED_FACE('',(#6749),#43,.T.);
#7418=ADVANCED_FACE('',(#6750),#7071,.T.);
#7419=ADVANCED_FACE('',(#6751),#7072,.F.);
#7420=ADVANCED_FACE('',(#6752),#44,.F.);
#7421=ADVANCED_FACE('',(#6753),#7073,.T.);
#7422=ADVANCED_FACE('',(#6754),#45,.F.);
#7423=CLOSED_SHELL('',(#7074,#7075,#7076,#7077,#7078,#7079,#7080,#7081,
#7082,#7083,#7084,#7085,#7086,#7087,#7088,#7089,#7090,#7091,#7092,#7093,
#7094,#7095,#7096,#7097,#7098,#7099,#7100,#7101,#7102,#7103,#7104,#7105,
#7106,#7107,#7108,#7109,#7110,#7111,#7112,#7113,#7114,#7115,#7116,#7117,
#7118,#7119,#7120,#7121,#7122,#7123,#7124,#7125,#7126,#7127,#7128,#7129,
#7130,#7131,#7132,#7133,#7134,#7135,#7136,#7137,#7138,#7139,#7140,#7141,
#7142,#7143,#7144,#7145,#7146,#7147,#7148,#7149,#7150,#7151,#7152,#7153,
#7154,#7155,#7156,#7157,#7158,#7159,#7160,#7161,#7162,#7163,#7164,#7165,
#7166,#7167,#7168,#7169,#7170,#7171,#7172,#7173,#7174,#7175,#7176,#7177,
#7178,#7179,#7180,#7181,#7182,#7183,#7184,#7185,#7186,#7187,#7188,#7189,
#7190,#7191,#7192,#7193,#7194,#7195,#7196,#7197,#7198,#7199,#7200,#7201,
#7202,#7203,#7204,#7205,#7206,#7207,#7208,#7209,#7210,#7211,#7212,#7213,
#7214,#7215,#7216,#7217,#7218,#7219,#7220,#7221,#7222,#7223,#7224,#7225,
#7226,#7227,#7228,#7229,#7230,#7231,#7232,#7233,#7234,#7235,#7236,#7237,
#7238,#7239,#7240,#7241,#7242,#7243,#7244,#7245,#7246,#7247,#7248,#7249,
#7250,#7251,#7252,#7253,#7254,#7255,#7256,#7257,#7258,#7259,#7260,#7261,
#7262,#7263,#7264,#7265,#7266,#7267,#7268,#7269,#7270,#7271,#7272,#7273,
#7274,#7275,#7276,#7277,#7278,#7279,#7280,#7281,#7282,#7283,#7284,#7285,
#7286,#7287,#7288,#7289,#7290,#7291,#7292,#7293,#7294,#7295,#7296,#7297,
#7298,#7299,#7300,#7301,#7302,#7303,#7304,#7305,#7306,#7307,#7308,#7309,
#7310,#7311,#7312,#7313,#7314,#7315,#7316,#7317,#7318,#7319,#7320,#7321,
#7322,#7323,#7324,#7325,#7326,#7327,#7328,#7329,#7330,#7331,#7332,#7333,
#7334,#7335,#7336,#7337,#7338,#7339,#7340,#7341,#7342,#7343,#7344,#7345,
#7346,#7347,#7348,#7349,#7350,#7351,#7352,#7353,#7354,#7355,#7356,#7357,
#7358,#7359,#7360,#7361,#7362,#7363,#7364,#7365,#7366,#7367,#7368,#7369,
#7370,#7371,#7372,#7373,#7374,#7375,#7376,#7377,#7378,#7379,#7380,#7381,
#7382,#7383,#7384,#7385,#7386,#7387,#7388,#7389));
#7424=CLOSED_SHELL('',(#7390,#7391,#7392,#7393,#7394,#7395,#7396,#7397,
#7398,#7399,#7400,#7401,#7402,#7403,#7404,#7405,#7406,#7407,#7408,#7409,
#7410,#7411,#7412,#7413,#7414,#7415,#7416,#7417,#7418,#7419,#7420,#7421,
#7422));
#7425=STYLED_ITEM('',(#7427),#7441);
#7426=STYLED_ITEM('',(#7428),#7442);
#7427=PRESENTATION_STYLE_ASSIGNMENT((#7429));
#7428=PRESENTATION_STYLE_ASSIGNMENT((#7430));
#7429=SURFACE_STYLE_USAGE(.BOTH.,#7431);
#7430=SURFACE_STYLE_USAGE(.BOTH.,#7432);
#7431=SURFACE_SIDE_STYLE('',(#7433));
#7432=SURFACE_SIDE_STYLE('',(#7434));
#7433=SURFACE_STYLE_FILL_AREA(#7435);
#7434=SURFACE_STYLE_FILL_AREA(#7436);
#7435=FILL_AREA_STYLE('',(#7437));
#7436=FILL_AREA_STYLE('',(#7438));
#7437=FILL_AREA_STYLE_COLOUR('',#7439);
#7438=FILL_AREA_STYLE_COLOUR('',#7440);
#7439=COLOUR_RGB('',0.647058823529412,0.647058823529412,0.647058823529412);
#7440=COLOUR_RGB('',0.615686274509804,0.811764705882353,0.929411764705882);
#7441=MANIFOLD_SOLID_BREP('Part 2',#7423);
#7442=MANIFOLD_SOLID_BREP('Part 1',#7424);
#7443=SHAPE_DEFINITION_REPRESENTATION(#11711,#7445);
#7444=SHAPE_DEFINITION_REPRESENTATION(#11712,#7446);
#7445=SHAPE_REPRESENTATION('Part 2',(#7447),#11701);
#7446=SHAPE_REPRESENTATION('Part 1',(#7804),#11702);
#7447=AXIS2_PLACEMENT_3D('',#9639,#7858,#7859);
#7448=AXIS2_PLACEMENT_3D('',#9640,#7860,#7861);
#7449=AXIS2_PLACEMENT_3D('',#9644,#7863,#7864);
#7450=AXIS2_PLACEMENT_3D('',#9651,#7868,#7869);
#7451=AXIS2_PLACEMENT_3D('',#10204,#8146,#8147);
#7452=AXIS2_PLACEMENT_3D('',#10206,#8148,#8149);
#7453=AXIS2_PLACEMENT_3D('',#10210,#8151,#8152);
#7454=AXIS2_PLACEMENT_3D('',#10214,#8154,#8155);
#7455=AXIS2_PLACEMENT_3D('',#10218,#8157,#8158);
#7456=AXIS2_PLACEMENT_3D('',#10222,#8160,#8161);
#7457=AXIS2_PLACEMENT_3D('',#10230,#8165,#8166);
#7458=AXIS2_PLACEMENT_3D('',#10234,#8168,#8169);
#7459=AXIS2_PLACEMENT_3D('',#10238,#8171,#8172);
#7460=AXIS2_PLACEMENT_3D('',#10242,#8174,#8175);
#7461=AXIS2_PLACEMENT_3D('',#10245,#8177,#8178);
#7462=AXIS2_PLACEMENT_3D('',#10246,#8179,#8180);
#7463=AXIS2_PLACEMENT_3D('',#10253,#8184,#8185);
#7464=AXIS2_PLACEMENT_3D('',#10254,#8186,#8187);
#7465=AXIS2_PLACEMENT_3D('',#10261,#8191,#8192);
#7466=AXIS2_PLACEMENT_3D('',#10267,#8196,#8197);
#7467=AXIS2_PLACEMENT_3D('',#10273,#8201,#8202);
#7468=AXIS2_PLACEMENT_3D('',#10282,#8207,#8208);
#7469=AXIS2_PLACEMENT_3D('',#10288,#8212,#8213);
#7470=AXIS2_PLACEMENT_3D('',#10291,#8215,#8216);
#7471=AXIS2_PLACEMENT_3D('',#10295,#8218,#8219);
#7472=AXIS2_PLACEMENT_3D('',#10302,#8223,#8224);
#7473=AXIS2_PLACEMENT_3D('',#10305,#8227,#8228);
#7474=AXIS2_PLACEMENT_3D('',#10311,#8232,#8233);
#7475=AXIS2_PLACEMENT_3D('',#10312,#8234,#8235);
#7476=AXIS2_PLACEMENT_3D('',#10317,#8237,#8238);
#7477=AXIS2_PLACEMENT_3D('',#10321,#8240,#8241);
#7478=AXIS2_PLACEMENT_3D('',#10325,#8243,#8244);
#7479=AXIS2_PLACEMENT_3D('',#10328,#8246,#8247);
#7480=AXIS2_PLACEMENT_3D('',#10334,#8251,#8252);
#7481=AXIS2_PLACEMENT_3D('',#10338,#8255,#8256);
#7482=AXIS2_PLACEMENT_3D('',#10342,#8259,#8260);
#7483=AXIS2_PLACEMENT_3D('',#10348,#8264,#8265);
#7484=AXIS2_PLACEMENT_3D('',#10352,#8268,#8269);
#7485=AXIS2_PLACEMENT_3D('',#10356,#8272,#8273);
#7486=AXIS2_PLACEMENT_3D('',#10362,#8277,#8278);
#7487=AXIS2_PLACEMENT_3D('',#10366,#8281,#8282);
#7488=AXIS2_PLACEMENT_3D('',#10370,#8285,#8286);
#7489=AXIS2_PLACEMENT_3D('',#10376,#8290,#8291);
#7490=AXIS2_PLACEMENT_3D('',#10380,#8294,#8295);
#7491=AXIS2_PLACEMENT_3D('',#10384,#8298,#8299);
#7492=AXIS2_PLACEMENT_3D('',#10390,#8303,#8304);
#7493=AXIS2_PLACEMENT_3D('',#10394,#8307,#8308);
#7494=AXIS2_PLACEMENT_3D('',#10398,#8311,#8312);
#7495=AXIS2_PLACEMENT_3D('',#10404,#8316,#8317);
#7496=AXIS2_PLACEMENT_3D('',#10408,#8320,#8321);
#7497=AXIS2_PLACEMENT_3D('',#10412,#8324,#8325);
#7498=AXIS2_PLACEMENT_3D('',#10418,#8329,#8330);
#7499=AXIS2_PLACEMENT_3D('',#10422,#8333,#8334);
#7500=AXIS2_PLACEMENT_3D('',#10426,#8337,#8338);
#7501=AXIS2_PLACEMENT_3D('',#10432,#8342,#8343);
#7502=AXIS2_PLACEMENT_3D('',#10436,#8346,#8347);
#7503=AXIS2_PLACEMENT_3D('',#10440,#8350,#8351);
#7504=AXIS2_PLACEMENT_3D('',#10446,#8355,#8356);
#7505=AXIS2_PLACEMENT_3D('',#10450,#8359,#8360);
#7506=AXIS2_PLACEMENT_3D('',#10454,#8363,#8364);
#7507=AXIS2_PLACEMENT_3D('',#10460,#8368,#8369);
#7508=AXIS2_PLACEMENT_3D('',#10464,#8372,#8373);
#7509=AXIS2_PLACEMENT_3D('',#10468,#8376,#8377);
#7510=AXIS2_PLACEMENT_3D('',#10474,#8381,#8382);
#7511=AXIS2_PLACEMENT_3D('',#10478,#8385,#8386);
#7512=AXIS2_PLACEMENT_3D('',#10482,#8389,#8390);
#7513=AXIS2_PLACEMENT_3D('',#10488,#8394,#8395);
#7514=AXIS2_PLACEMENT_3D('',#10492,#8398,#8399);
#7515=AXIS2_PLACEMENT_3D('',#10496,#8402,#8403);
#7516=AXIS2_PLACEMENT_3D('',#10502,#8407,#8408);
#7517=AXIS2_PLACEMENT_3D('',#10506,#8411,#8412);
#7518=AXIS2_PLACEMENT_3D('',#10510,#8415,#8416);
#7519=AXIS2_PLACEMENT_3D('',#10516,#8420,#8421);
#7520=AXIS2_PLACEMENT_3D('',#10520,#8424,#8425);
#7521=AXIS2_PLACEMENT_3D('',#10524,#8428,#8429);
#7522=AXIS2_PLACEMENT_3D('',#10530,#8433,#8434);
#7523=AXIS2_PLACEMENT_3D('',#10534,#8437,#8438);
#7524=AXIS2_PLACEMENT_3D('',#10538,#8441,#8442);
#7525=AXIS2_PLACEMENT_3D('',#10544,#8446,#8447);
#7526=AXIS2_PLACEMENT_3D('',#10548,#8450,#8451);
#7527=AXIS2_PLACEMENT_3D('',#10552,#8454,#8455);
#7528=AXIS2_PLACEMENT_3D('',#10558,#8459,#8460);
#7529=AXIS2_PLACEMENT_3D('',#10562,#8463,#8464);
#7530=AXIS2_PLACEMENT_3D('',#10566,#8467,#8468);
#7531=AXIS2_PLACEMENT_3D('',#10572,#8472,#8473);
#7532=AXIS2_PLACEMENT_3D('',#10576,#8476,#8477);
#7533=AXIS2_PLACEMENT_3D('',#10580,#8480,#8481);
#7534=AXIS2_PLACEMENT_3D('',#10586,#8485,#8486);
#7535=AXIS2_PLACEMENT_3D('',#10590,#8489,#8490);
#7536=AXIS2_PLACEMENT_3D('',#10594,#8493,#8494);
#7537=AXIS2_PLACEMENT_3D('',#10600,#8498,#8499);
#7538=AXIS2_PLACEMENT_3D('',#10604,#8502,#8503);
#7539=AXIS2_PLACEMENT_3D('',#10608,#8506,#8507);
#7540=AXIS2_PLACEMENT_3D('',#10614,#8511,#8512);
#7541=AXIS2_PLACEMENT_3D('',#10618,#8515,#8516);
#7542=AXIS2_PLACEMENT_3D('',#10622,#8519,#8520);
#7543=AXIS2_PLACEMENT_3D('',#10628,#8524,#8525);
#7544=AXIS2_PLACEMENT_3D('',#10632,#8528,#8529);
#7545=AXIS2_PLACEMENT_3D('',#10636,#8532,#8533);
#7546=AXIS2_PLACEMENT_3D('',#10642,#8537,#8538);
#7547=AXIS2_PLACEMENT_3D('',#10646,#8541,#8542);
#7548=AXIS2_PLACEMENT_3D('',#10650,#8545,#8546);
#7549=AXIS2_PLACEMENT_3D('',#10656,#8550,#8551);
#7550=AXIS2_PLACEMENT_3D('',#10660,#8554,#8555);
#7551=AXIS2_PLACEMENT_3D('',#10664,#8558,#8559);
#7552=AXIS2_PLACEMENT_3D('',#10670,#8563,#8564);
#7553=AXIS2_PLACEMENT_3D('',#10674,#8567,#8568);
#7554=AXIS2_PLACEMENT_3D('',#10678,#8571,#8572);
#7555=AXIS2_PLACEMENT_3D('',#10684,#8576,#8577);
#7556=AXIS2_PLACEMENT_3D('',#10688,#8580,#8581);
#7557=AXIS2_PLACEMENT_3D('',#10692,#8584,#8585);
#7558=AXIS2_PLACEMENT_3D('',#10698,#8589,#8590);
#7559=AXIS2_PLACEMENT_3D('',#10702,#8593,#8594);
#7560=AXIS2_PLACEMENT_3D('',#10706,#8597,#8598);
#7561=AXIS2_PLACEMENT_3D('',#10712,#8602,#8603);
#7562=AXIS2_PLACEMENT_3D('',#10716,#8606,#8607);
#7563=AXIS2_PLACEMENT_3D('',#10720,#8610,#8611);
#7564=AXIS2_PLACEMENT_3D('',#10726,#8615,#8616);
#7565=AXIS2_PLACEMENT_3D('',#10730,#8619,#8620);
#7566=AXIS2_PLACEMENT_3D('',#10734,#8623,#8624);
#7567=AXIS2_PLACEMENT_3D('',#10740,#8628,#8629);
#7568=AXIS2_PLACEMENT_3D('',#10744,#8632,#8633);
#7569=AXIS2_PLACEMENT_3D('',#10748,#8636,#8637);
#7570=AXIS2_PLACEMENT_3D('',#10754,#8641,#8642);
#7571=AXIS2_PLACEMENT_3D('',#10758,#8645,#8646);
#7572=AXIS2_PLACEMENT_3D('',#10762,#8649,#8650);
#7573=AXIS2_PLACEMENT_3D('',#10768,#8654,#8655);
#7574=AXIS2_PLACEMENT_3D('',#10772,#8658,#8659);
#7575=AXIS2_PLACEMENT_3D('',#10776,#8662,#8663);
#7576=AXIS2_PLACEMENT_3D('',#10782,#8667,#8668);
#7577=AXIS2_PLACEMENT_3D('',#10786,#8671,#8672);
#7578=AXIS2_PLACEMENT_3D('',#10790,#8675,#8676);
#7579=AXIS2_PLACEMENT_3D('',#10796,#8680,#8681);
#7580=AXIS2_PLACEMENT_3D('',#10800,#8684,#8685);
#7581=AXIS2_PLACEMENT_3D('',#10804,#8688,#8689);
#7582=AXIS2_PLACEMENT_3D('',#10810,#8693,#8694);
#7583=AXIS2_PLACEMENT_3D('',#10814,#8697,#8698);
#7584=AXIS2_PLACEMENT_3D('',#10818,#8701,#8702);
#7585=AXIS2_PLACEMENT_3D('',#10824,#8706,#8707);
#7586=AXIS2_PLACEMENT_3D('',#10828,#8710,#8711);
#7587=AXIS2_PLACEMENT_3D('',#10832,#8714,#8715);
#7588=AXIS2_PLACEMENT_3D('',#10838,#8719,#8720);
#7589=AXIS2_PLACEMENT_3D('',#10842,#8723,#8724);
#7590=AXIS2_PLACEMENT_3D('',#10846,#8727,#8728);
#7591=AXIS2_PLACEMENT_3D('',#10852,#8732,#8733);
#7592=AXIS2_PLACEMENT_3D('',#10856,#8736,#8737);
#7593=AXIS2_PLACEMENT_3D('',#10860,#8740,#8741);
#7594=AXIS2_PLACEMENT_3D('',#10866,#8745,#8746);
#7595=AXIS2_PLACEMENT_3D('',#10870,#8749,#8750);
#7596=AXIS2_PLACEMENT_3D('',#10874,#8753,#8754);
#7597=AXIS2_PLACEMENT_3D('',#10880,#8758,#8759);
#7598=AXIS2_PLACEMENT_3D('',#10884,#8762,#8763);
#7599=AXIS2_PLACEMENT_3D('',#10888,#8766,#8767);
#7600=AXIS2_PLACEMENT_3D('',#10894,#8771,#8772);
#7601=AXIS2_PLACEMENT_3D('',#10898,#8775,#8776);
#7602=AXIS2_PLACEMENT_3D('',#10902,#8779,#8780);
#7603=AXIS2_PLACEMENT_3D('',#10908,#8784,#8785);
#7604=AXIS2_PLACEMENT_3D('',#10912,#8788,#8789);
#7605=AXIS2_PLACEMENT_3D('',#10916,#8792,#8793);
#7606=AXIS2_PLACEMENT_3D('',#10922,#8797,#8798);
#7607=AXIS2_PLACEMENT_3D('',#10926,#8801,#8802);
#7608=AXIS2_PLACEMENT_3D('',#10930,#8805,#8806);
#7609=AXIS2_PLACEMENT_3D('',#10936,#8810,#8811);
#7610=AXIS2_PLACEMENT_3D('',#10940,#8814,#8815);
#7611=AXIS2_PLACEMENT_3D('',#10944,#8818,#8819);
#7612=AXIS2_PLACEMENT_3D('',#10950,#8823,#8824);
#7613=AXIS2_PLACEMENT_3D('',#10954,#8827,#8828);
#7614=AXIS2_PLACEMENT_3D('',#10958,#8831,#8832);
#7615=AXIS2_PLACEMENT_3D('',#10964,#8836,#8837);
#7616=AXIS2_PLACEMENT_3D('',#10968,#8840,#8841);
#7617=AXIS2_PLACEMENT_3D('',#10972,#8844,#8845);
#7618=AXIS2_PLACEMENT_3D('',#10978,#8849,#8850);
#7619=AXIS2_PLACEMENT_3D('',#10982,#8853,#8854);
#7620=AXIS2_PLACEMENT_3D('',#10986,#8857,#8858);
#7621=AXIS2_PLACEMENT_3D('',#10992,#8862,#8863);
#7622=AXIS2_PLACEMENT_3D('',#10996,#8866,#8867);
#7623=AXIS2_PLACEMENT_3D('',#11000,#8870,#8871);
#7624=AXIS2_PLACEMENT_3D('',#11006,#8875,#8876);
#7625=AXIS2_PLACEMENT_3D('',#11010,#8879,#8880);
#7626=AXIS2_PLACEMENT_3D('',#11014,#8883,#8884);
#7627=AXIS2_PLACEMENT_3D('',#11020,#8888,#8889);
#7628=AXIS2_PLACEMENT_3D('',#11024,#8892,#8893);
#7629=AXIS2_PLACEMENT_3D('',#11028,#8896,#8897);
#7630=AXIS2_PLACEMENT_3D('',#11034,#8901,#8902);
#7631=AXIS2_PLACEMENT_3D('',#11038,#8905,#8906);
#7632=AXIS2_PLACEMENT_3D('',#11042,#8909,#8910);
#7633=AXIS2_PLACEMENT_3D('',#11048,#8914,#8915);
#7634=AXIS2_PLACEMENT_3D('',#11052,#8918,#8919);
#7635=AXIS2_PLACEMENT_3D('',#11056,#8922,#8923);
#7636=AXIS2_PLACEMENT_3D('',#11062,#8927,#8928);
#7637=AXIS2_PLACEMENT_3D('',#11066,#8931,#8932);
#7638=AXIS2_PLACEMENT_3D('',#11070,#8935,#8936);
#7639=AXIS2_PLACEMENT_3D('',#11076,#8940,#8941);
#7640=AXIS2_PLACEMENT_3D('',#11080,#8944,#8945);
#7641=AXIS2_PLACEMENT_3D('',#11084,#8948,#8949);
#7642=AXIS2_PLACEMENT_3D('',#11090,#8953,#8954);
#7643=AXIS2_PLACEMENT_3D('',#11094,#8957,#8958);
#7644=AXIS2_PLACEMENT_3D('',#11098,#8961,#8962);
#7645=AXIS2_PLACEMENT_3D('',#11104,#8966,#8967);
#7646=AXIS2_PLACEMENT_3D('',#11108,#8970,#8971);
#7647=AXIS2_PLACEMENT_3D('',#11112,#8974,#8975);
#7648=AXIS2_PLACEMENT_3D('',#11118,#8979,#8980);
#7649=AXIS2_PLACEMENT_3D('',#11122,#8983,#8984);
#7650=AXIS2_PLACEMENT_3D('',#11126,#8987,#8988);
#7651=AXIS2_PLACEMENT_3D('',#11132,#8992,#8993);
#7652=AXIS2_PLACEMENT_3D('',#11136,#8996,#8997);
#7653=AXIS2_PLACEMENT_3D('',#11140,#9000,#9001);
#7654=AXIS2_PLACEMENT_3D('',#11143,#9003,#9004);
#7655=AXIS2_PLACEMENT_3D('',#11146,#9006,#9007);
#7656=AXIS2_PLACEMENT_3D('',#11150,#9010,#9011);
#7657=AXIS2_PLACEMENT_3D('',#11153,#9013,#9014);
#7658=AXIS2_PLACEMENT_3D('',#11154,#9015,#9016);
#7659=AXIS2_PLACEMENT_3D('',#11158,#9019,#9020);
#7660=AXIS2_PLACEMENT_3D('',#11161,#9022,#9023);
#7661=AXIS2_PLACEMENT_3D('',#11162,#9024,#9025);
#7662=AXIS2_PLACEMENT_3D('',#11165,#9027,#9028);
#7663=AXIS2_PLACEMENT_3D('',#11168,#9030,#9031);
#7664=AXIS2_PLACEMENT_3D('',#11171,#9033,#9034);
#7665=AXIS2_PLACEMENT_3D('',#11172,#9035,#9036);
#7666=AXIS2_PLACEMENT_3D('',#11178,#9040,#9041);
#7667=AXIS2_PLACEMENT_3D('',#11182,#9044,#9045);
#7668=AXIS2_PLACEMENT_3D('',#11186,#9048,#9049);
#7669=AXIS2_PLACEMENT_3D('',#11190,#9052,#9053);
#7670=AXIS2_PLACEMENT_3D('',#11194,#9056,#9057);
#7671=AXIS2_PLACEMENT_3D('',#11198,#9060,#9061);
#7672=AXIS2_PLACEMENT_3D('',#11202,#9064,#9065);
#7673=AXIS2_PLACEMENT_3D('',#11206,#9068,#9069);
#7674=AXIS2_PLACEMENT_3D('',#11210,#9072,#9073);
#7675=AXIS2_PLACEMENT_3D('',#11214,#9076,#9077);
#7676=AXIS2_PLACEMENT_3D('',#11218,#9080,#9081);
#7677=AXIS2_PLACEMENT_3D('',#11222,#9084,#9085);
#7678=AXIS2_PLACEMENT_3D('',#11226,#9088,#9089);
#7679=AXIS2_PLACEMENT_3D('',#11230,#9092,#9093);
#7680=AXIS2_PLACEMENT_3D('',#11234,#9096,#9097);
#7681=AXIS2_PLACEMENT_3D('',#11240,#9101,#9102);
#7682=AXIS2_PLACEMENT_3D('',#11244,#9105,#9106);
#7683=AXIS2_PLACEMENT_3D('',#11248,#9109,#9110);
#7684=AXIS2_PLACEMENT_3D('',#11252,#9113,#9114);
#7685=AXIS2_PLACEMENT_3D('',#11256,#9117,#9118);
#7686=AXIS2_PLACEMENT_3D('',#11260,#9121,#9122);
#7687=AXIS2_PLACEMENT_3D('',#11264,#9125,#9126);
#7688=AXIS2_PLACEMENT_3D('',#11268,#9129,#9130);
#7689=AXIS2_PLACEMENT_3D('',#11272,#9133,#9134);
#7690=AXIS2_PLACEMENT_3D('',#11276,#9137,#9138);
#7691=AXIS2_PLACEMENT_3D('',#11280,#9141,#9142);
#7692=AXIS2_PLACEMENT_3D('',#11286,#9146,#9147);
#7693=AXIS2_PLACEMENT_3D('',#11290,#9150,#9151);
#7694=AXIS2_PLACEMENT_3D('',#11294,#9154,#9155);
#7695=AXIS2_PLACEMENT_3D('',#11300,#9159,#9160);
#7696=AXIS2_PLACEMENT_3D('',#11304,#9163,#9164);
#7697=AXIS2_PLACEMENT_3D('',#11308,#9167,#9168);
#7698=AXIS2_PLACEMENT_3D('',#11312,#9171,#9172);
#7699=AXIS2_PLACEMENT_3D('',#11316,#9175,#9176);
#7700=AXIS2_PLACEMENT_3D('',#11320,#9179,#9180);
#7701=AXIS2_PLACEMENT_3D('',#11324,#9183,#9184);
#7702=AXIS2_PLACEMENT_3D('',#11328,#9187,#9188);
#7703=AXIS2_PLACEMENT_3D('',#11332,#9191,#9192);
#7704=AXIS2_PLACEMENT_3D('',#11336,#9195,#9196);
#7705=AXIS2_PLACEMENT_3D('',#11340,#9199,#9200);
#7706=AXIS2_PLACEMENT_3D('',#11342,#9202,#9203);
#7707=AXIS2_PLACEMENT_3D('',#11344,#9205,#9206);
#7708=AXIS2_PLACEMENT_3D('',#11346,#9208,#9209);
#7709=AXIS2_PLACEMENT_3D('',#11348,#9211,#9212);
#7710=AXIS2_PLACEMENT_3D('',#11350,#9214,#9215);
#7711=AXIS2_PLACEMENT_3D('',#11352,#9217,#9218);
#7712=AXIS2_PLACEMENT_3D('',#11354,#9220,#9221);
#7713=AXIS2_PLACEMENT_3D('',#11356,#9223,#9224);
#7714=AXIS2_PLACEMENT_3D('',#11358,#9226,#9227);
#7715=AXIS2_PLACEMENT_3D('',#11360,#9229,#9230);
#7716=AXIS2_PLACEMENT_3D('',#11362,#9232,#9233);
#7717=AXIS2_PLACEMENT_3D('',#11364,#9235,#9236);
#7718=AXIS2_PLACEMENT_3D('',#11366,#9238,#9239);
#7719=AXIS2_PLACEMENT_3D('',#11368,#9241,#9242);
#7720=AXIS2_PLACEMENT_3D('',#11370,#9244,#9245);
#7721=AXIS2_PLACEMENT_3D('',#11372,#9247,#9248);
#7722=AXIS2_PLACEMENT_3D('',#11374,#9250,#9251);
#7723=AXIS2_PLACEMENT_3D('',#11376,#9253,#9254);
#7724=AXIS2_PLACEMENT_3D('',#11378,#9256,#9257);
#7725=AXIS2_PLACEMENT_3D('',#11380,#9259,#9260);
#7726=AXIS2_PLACEMENT_3D('',#11382,#9262,#9263);
#7727=AXIS2_PLACEMENT_3D('',#11384,#9265,#9266);
#7728=AXIS2_PLACEMENT_3D('',#11386,#9268,#9269);
#7729=AXIS2_PLACEMENT_3D('',#11388,#9271,#9272);
#7730=AXIS2_PLACEMENT_3D('',#11390,#9274,#9275);
#7731=AXIS2_PLACEMENT_3D('',#11392,#9277,#9278);
#7732=AXIS2_PLACEMENT_3D('',#11394,#9280,#9281);
#7733=AXIS2_PLACEMENT_3D('',#11396,#9283,#9284);
#7734=AXIS2_PLACEMENT_3D('',#11398,#9286,#9287);
#7735=AXIS2_PLACEMENT_3D('',#11400,#9289,#9290);
#7736=AXIS2_PLACEMENT_3D('',#11402,#9292,#9293);
#7737=AXIS2_PLACEMENT_3D('',#11404,#9295,#9296);
#7738=AXIS2_PLACEMENT_3D('',#11406,#9298,#9299);
#7739=AXIS2_PLACEMENT_3D('',#11408,#9301,#9302);
#7740=AXIS2_PLACEMENT_3D('',#11410,#9304,#9305);
#7741=AXIS2_PLACEMENT_3D('',#11412,#9307,#9308);
#7742=AXIS2_PLACEMENT_3D('',#11414,#9310,#9311);
#7743=AXIS2_PLACEMENT_3D('',#11416,#9313,#9314);
#7744=AXIS2_PLACEMENT_3D('',#11418,#9316,#9317);
#7745=AXIS2_PLACEMENT_3D('',#11420,#9319,#9320);
#7746=AXIS2_PLACEMENT_3D('',#11422,#9322,#9323);
#7747=AXIS2_PLACEMENT_3D('',#11424,#9325,#9326);
#7748=AXIS2_PLACEMENT_3D('',#11426,#9328,#9329);
#7749=AXIS2_PLACEMENT_3D('',#11428,#9331,#9332);
#7750=AXIS2_PLACEMENT_3D('',#11430,#9334,#9335);
#7751=AXIS2_PLACEMENT_3D('',#11432,#9337,#9338);
#7752=AXIS2_PLACEMENT_3D('',#11434,#9340,#9341);
#7753=AXIS2_PLACEMENT_3D('',#11436,#9343,#9344);
#7754=AXIS2_PLACEMENT_3D('',#11438,#9346,#9347);
#7755=AXIS2_PLACEMENT_3D('',#11440,#9349,#9350);
#7756=AXIS2_PLACEMENT_3D('',#11442,#9352,#9353);
#7757=AXIS2_PLACEMENT_3D('',#11444,#9355,#9356);
#7758=AXIS2_PLACEMENT_3D('',#11446,#9358,#9359);
#7759=AXIS2_PLACEMENT_3D('',#11448,#9361,#9362);
#7760=AXIS2_PLACEMENT_3D('',#11450,#9364,#9365);
#7761=AXIS2_PLACEMENT_3D('',#11452,#9367,#9368);
#7762=AXIS2_PLACEMENT_3D('',#11454,#9370,#9371);
#7763=AXIS2_PLACEMENT_3D('',#11456,#9373,#9374);
#7764=AXIS2_PLACEMENT_3D('',#11458,#9376,#9377);
#7765=AXIS2_PLACEMENT_3D('',#11460,#9379,#9380);
#7766=AXIS2_PLACEMENT_3D('',#11462,#9382,#9383);
#7767=AXIS2_PLACEMENT_3D('',#11464,#9385,#9386);
#7768=AXIS2_PLACEMENT_3D('',#11466,#9388,#9389);
#7769=AXIS2_PLACEMENT_3D('',#11467,#9390,#9391);
#7770=AXIS2_PLACEMENT_3D('',#11468,#9392,#9393);
#7771=AXIS2_PLACEMENT_3D('',#11469,#9394,#9395);
#7772=AXIS2_PLACEMENT_3D('',#11471,#9396,#9397);
#7773=AXIS2_PLACEMENT_3D('',#11473,#9398,#9399);
#7774=AXIS2_PLACEMENT_3D('',#11474,#9400,#9401);
#7775=AXIS2_PLACEMENT_3D('',#11475,#9402,#9403);
#7776=AXIS2_PLACEMENT_3D('',#11476,#9404,#9405);
#7777=AXIS2_PLACEMENT_3D('',#11477,#9406,#9407);
#7778=AXIS2_PLACEMENT_3D('',#11478,#9408,#9409);
#7779=AXIS2_PLACEMENT_3D('',#11479,#9410,#9411);
#7780=AXIS2_PLACEMENT_3D('',#11480,#9412,#9413);
#7781=AXIS2_PLACEMENT_3D('',#11481,#9414,#9415);
#7782=AXIS2_PLACEMENT_3D('',#11482,#9416,#9417);
#7783=AXIS2_PLACEMENT_3D('',#11483,#9418,#9419);
#7784=AXIS2_PLACEMENT_3D('',#11489,#9420,#9421);
#7785=AXIS2_PLACEMENT_3D('',#11490,#9422,#9423);
#7786=AXIS2_PLACEMENT_3D('',#11497,#9425,#9426);
#7787=AXIS2_PLACEMENT_3D('',#11498,#9427,#9428);
#7788=AXIS2_PLACEMENT_3D('',#11499,#9429,#9430);
#7789=AXIS2_PLACEMENT_3D('',#11500,#9431,#9432);
#7790=AXIS2_PLACEMENT_3D('',#11501,#9433,#9434);
#7791=AXIS2_PLACEMENT_3D('',#11502,#9435,#9436);
#7792=AXIS2_PLACEMENT_3D('',#11503,#9437,#9438);
#7793=AXIS2_PLACEMENT_3D('',#11504,#9439,#9440);
#7794=AXIS2_PLACEMENT_3D('',#11505,#9441,#9442);
#7795=AXIS2_PLACEMENT_3D('',#11506,#9443,#9444);
#7796=AXIS2_PLACEMENT_3D('',#11507,#9445,#9446);
#7797=AXIS2_PLACEMENT_3D('',#11508,#9447,#9448);
#7798=AXIS2_PLACEMENT_3D('',#11509,#9449,#9450);
#7799=AXIS2_PLACEMENT_3D('',#11510,#9451,#9452);
#7800=AXIS2_PLACEMENT_3D('',#11512,#9454,#9455);
#7801=AXIS2_PLACEMENT_3D('',#11514,#9457,#9458);
#7802=AXIS2_PLACEMENT_3D('',#11516,#9460,#9461);
#7803=AXIS2_PLACEMENT_3D('',#11518,#9463,#9464);
#7804=AXIS2_PLACEMENT_3D('',#11519,#9465,#9466);
#7805=AXIS2_PLACEMENT_3D('',#11520,#9467,#9468);
#7806=AXIS2_PLACEMENT_3D('',#11538,#9477,#9478);
#7807=AXIS2_PLACEMENT_3D('',#11542,#9480,#9481);
#7808=AXIS2_PLACEMENT_3D('',#11546,#9483,#9484);
#7809=AXIS2_PLACEMENT_3D('',#11550,#9486,#9487);
#7810=AXIS2_PLACEMENT_3D('',#11553,#9489,#9490);
#7811=AXIS2_PLACEMENT_3D('',#11556,#9492,#9493);
#7812=AXIS2_PLACEMENT_3D('',#11560,#9495,#9496);
#7813=AXIS2_PLACEMENT_3D('',#11568,#9501,#9502);
#7814=AXIS2_PLACEMENT_3D('',#11574,#9506,#9507);
#7815=AXIS2_PLACEMENT_3D('',#11575,#9508,#9509);
#7816=AXIS2_PLACEMENT_3D('',#11577,#9510,#9511);
#7817=AXIS2_PLACEMENT_3D('',#11582,#9513,#9514);
#7818=AXIS2_PLACEMENT_3D('',#11583,#9515,#9516);
#7819=AXIS2_PLACEMENT_3D('',#11587,#9518,#9519);
#7820=AXIS2_PLACEMENT_3D('',#11591,#9521,#9522);
#7821=AXIS2_PLACEMENT_3D('',#11592,#9523,#9524);
#7822=AXIS2_PLACEMENT_3D('',#11593,#9525,#9526);
#7823=AXIS2_PLACEMENT_3D('',#11601,#9531,#9532);
#7824=AXIS2_PLACEMENT_3D('',#11604,#9534,#9535);
#7825=AXIS2_PLACEMENT_3D('',#11607,#9538,#9539);
#7826=AXIS2_PLACEMENT_3D('',#11610,#9542,#9543);
#7827=AXIS2_PLACEMENT_3D('',#11616,#9547,#9548);
#7828=AXIS2_PLACEMENT_3D('',#11618,#9550,#9551);
#7829=AXIS2_PLACEMENT_3D('',#11620,#9553,#9554);
#7830=AXIS2_PLACEMENT_3D('',#11621,#9555,#9556);
#7831=AXIS2_PLACEMENT_3D('',#11623,#9557,#9558);
#7832=AXIS2_PLACEMENT_3D('',#11633,#9563,#9564);
#7833=AXIS2_PLACEMENT_3D('',#11641,#9569,#9570);
#7834=AXIS2_PLACEMENT_3D('',#11645,#9573,#9574);
#7835=AXIS2_PLACEMENT_3D('',#11651,#9578,#9579);
#7836=AXIS2_PLACEMENT_3D('',#11653,#9581,#9582);
#7837=AXIS2_PLACEMENT_3D('',#11654,#9583,#9584);
#7838=AXIS2_PLACEMENT_3D('',#11656,#9585,#9586);
#7839=AXIS2_PLACEMENT_3D('',#11667,#9592,#9593);
#7840=AXIS2_PLACEMENT_3D('',#11671,#9596,#9597);
#7841=AXIS2_PLACEMENT_3D('',#11675,#9600,#9601);
#7842=AXIS2_PLACEMENT_3D('',#11677,#9603,#9604);
#7843=AXIS2_PLACEMENT_3D('',#11678,#9605,#9606);
#7844=AXIS2_PLACEMENT_3D('',#11680,#9607,#9608);
#7845=AXIS2_PLACEMENT_3D('',#11682,#9609,#9610);
#7846=AXIS2_PLACEMENT_3D('',#11683,#9611,#9612);
#7847=AXIS2_PLACEMENT_3D('',#11684,#9613,#9614);
#7848=AXIS2_PLACEMENT_3D('',#11685,#9615,#9616);
#7849=AXIS2_PLACEMENT_3D('',#11686,#9617,#9618);
#7850=AXIS2_PLACEMENT_3D('',#11687,#9619,#9620);
#7851=AXIS2_PLACEMENT_3D('',#11688,#9621,#9622);
#7852=AXIS2_PLACEMENT_3D('',#11689,#9623,#9624);
#7853=AXIS2_PLACEMENT_3D('',#11690,#9625,#9626);
#7854=AXIS2_PLACEMENT_3D('',#11692,#9628,#9629);
#7855=AXIS2_PLACEMENT_3D('',#11694,#9631,#9632);
#7856=AXIS2_PLACEMENT_3D('',#11696,#9634,#9635);
#7857=AXIS2_PLACEMENT_3D('',#11698,#9637,#9638);
#7858=DIRECTION('',(0.,0.,1.));
#7859=DIRECTION('',(1.,0.,0.));
#7860=DIRECTION('',(0.,-0.998145253259033,-0.0608773635800825));
#7861=DIRECTION('',(0.,0.0608773635800825,-0.998145253259033));
#7862=DIRECTION('',(0.,0.0608773635800825,-0.998145253259033));
#7863=DIRECTION('',(0.,-0.998145253259033,-0.0608773635800825));
#7864=DIRECTION('',(0.,0.0608773635800825,-0.998145253259033));
#7865=DIRECTION('',(-1.,0.,0.));
#7866=DIRECTION('',(0.,0.0608773635800825,-0.998145253259033));
#7867=DIRECTION('',(-1.,0.,0.));
#7868=DIRECTION('',(0.,-0.0608773635800825,0.998145253259033));
#7869=DIRECTION('',(1.,0.,0.));
#7870=DIRECTION('',(-1.,0.,0.));
#7871=DIRECTION('',(0.,-0.998145253259033,-0.0608773635800825));
#7872=DIRECTION('',(-1.,0.,0.));
#7873=DIRECTION('',(0.,-0.998145253259033,-0.0608773635800825));
#7874=DIRECTION('',(-1.,0.,0.));
#7875=DIRECTION('',(0.,-0.998145253259033,-0.0608773635800825));
#7876=DIRECTION('',(-1.,1.62027609201257E-16,9.88214254703934E-18));
#7877=DIRECTION('',(0.,-0.998145253259033,-0.0608773635800825));
#7878=DIRECTION('',(-1.,0.,0.));
#7879=DIRECTION('',(0.,-0.998145253259033,-0.0608773635800825));
#7880=DIRECTION('',(-1.,1.08018406134171E-16,6.58809503135956E-18));
#7881=DIRECTION('',(0.,-0.998145253259033,-0.0608773635800825));
#7882=DIRECTION('',(-1.,-4.32073624536685E-16,-2.63523801254382E-17));
#7883=DIRECTION('',(0.,-0.998145253259033,-0.0608773635800825));
#7884=DIRECTION('',(-1.,-3.24055218402514E-16,-1.97642850940787E-17));
#7885=DIRECTION('',(0.,-0.998145253259033,-0.0608773635800825));
#7886=DIRECTION('',(-1.,0.,0.));
#7887=DIRECTION('',(0.,-0.998145253259033,-0.0608773635800825));
#7888=DIRECTION('',(-1.,-1.08018406134171E-16,-6.58809503135956E-18));
#7889=DIRECTION('',(0.,-0.998145253259033,-0.0608773635800825));
#7890=DIRECTION('',(-1.,-4.32073624536685E-16,-2.63523801254382E-17));
#7891=DIRECTION('',(0.,-0.998145253259033,-0.0608773635800825));
#7892=DIRECTION('',(-1.,-3.24055218402514E-16,-1.97642850940787E-17));
#7893=DIRECTION('',(0.,-0.998145253259033,-0.0608773635800825));
#7894=DIRECTION('',(-1.,0.,0.));
#7895=DIRECTION('',(0.,-0.998145253259033,-0.0608773635800825));
#7896=DIRECTION('',(-1.,-1.08018406134171E-16,-6.58809503135956E-18));
#7897=DIRECTION('',(0.,-0.998145253259033,-0.0608773635800825));
#7898=DIRECTION('',(-1.,-4.32073624536685E-16,-2.63523801254382E-17));
#7899=DIRECTION('',(2.16840434497101E-16,-0.998145253259033,-0.0608773635800825));
#7900=DIRECTION('',(-1.,-3.24055218402514E-16,-1.97642850940787E-17));
#7901=DIRECTION('',(2.71050543121376E-16,-0.998145253259033,-0.0608773635800825));
#7902=DIRECTION('',(-1.,0.,0.));
#7903=DIRECTION('',(0.,-0.998145253259033,-0.0608773635800825));
#7904=DIRECTION('',(-1.,-1.08018406134171E-16,-6.58809503135956E-18));
#7905=DIRECTION('',(0.,-0.998145253259033,-0.0608773635800825));
#7906=DIRECTION('',(-1.,-2.16036812268343E-16,-1.31761900627191E-17));
#7907=DIRECTION('',(2.16840434497101E-16,-0.998145253259033,-0.0608773635800825));
#7908=DIRECTION('',(-1.,-3.24055218402514E-16,-1.97642850940787E-17));
#7909=DIRECTION('',(4.33680868994201E-16,-0.998145253259033,-0.0608773635800825));
#7910=DIRECTION('',(-1.,0.,0.));
#7911=DIRECTION('',(0.,-0.998145253259033,-0.0608773635800825));
#7912=DIRECTION('',(-1.,-1.08018406134171E-16,-6.58809503135956E-18));
#7913=DIRECTION('',(0.,-0.998145253259033,-0.0608773635800825));
#7914=DIRECTION('',(-1.,0.,0.));
#7915=DIRECTION('',(0.,-0.998145253259033,-0.0608773635800825));
#7916=DIRECTION('',(-1.,-1.08018406134171E-16,-6.58809503135956E-18));
#7917=DIRECTION('',(0.,-0.998145253259033,-0.0608773635800825));
#7918=DIRECTION('',(-1.,0.,0.));
#7919=DIRECTION('',(0.,-0.998145253259033,-0.0608773635800825));
#7920=DIRECTION('',(-1.,-1.08018406134171E-16,-6.58809503135956E-18));
#7921=DIRECTION('',(0.,-0.998145253259033,-0.0608773635800825));
#7922=DIRECTION('',(-1.,1.52238441145348E-15,9.28509643482238E-17));
#7923=DIRECTION('',(0.,-0.998145253259033,-0.0608773635800825));
#7924=DIRECTION('',(-1.,0.,0.));
#7925=DIRECTION('',(0.,-0.998145253259033,-0.0608773635800825));
#7926=DIRECTION('',(-1.,-1.21520706900943E-16,-7.41160691027951E-18));
#7927=DIRECTION('',(0.,-0.998145253259033,-0.0608773635800825));
#7928=DIRECTION('',(-1.,0.,0.));
#7929=DIRECTION('',(0.,-0.998145253259033,-0.0608773635800825));
#7930=DIRECTION('',(-1.,-1.21520706900943E-16,-7.4116069102795E-18));
#7931=DIRECTION('',(0.,-0.998145253259033,-0.0608773635800825));
#7932=DIRECTION('',(-1.,0.,0.));
#7933=DIRECTION('',(0.,-0.998145253259033,-0.0608773635800825));
#7934=DIRECTION('',(-1.,-1.21520706900943E-16,-7.41160691027951E-18));
#7935=DIRECTION('',(0.,-0.998145253259033,-0.0608773635800825));
#7936=DIRECTION('',(-1.,0.,0.));
#7937=DIRECTION('',(0.,-0.998145253259033,-0.0608773635800825));
#7938=DIRECTION('',(-1.,-1.21520706900943E-16,-7.4116069102795E-18));
#7939=DIRECTION('',(0.,-0.998145253259033,-0.0608773635800825));
#7940=DIRECTION('',(-1.,0.,0.));
#7941=DIRECTION('',(0.,-0.998145253259033,-0.0608773635800825));
#7942=DIRECTION('',(-1.,-1.21520706900943E-16,-7.41160691027951E-18));
#7943=DIRECTION('',(0.,-0.998145253259033,-0.0608773635800825));
#7944=DIRECTION('',(-1.,0.,0.));
#7945=DIRECTION('',(0.,-0.998145253259033,-0.0608773635800825));
#7946=DIRECTION('',(-1.,-1.21520706900943E-16,-7.41160691027951E-18));
#7947=DIRECTION('',(0.,-0.998145253259033,-0.0608773635800825));
#7948=DIRECTION('',(-1.,0.,0.));
#7949=DIRECTION('',(5.42101086242752E-17,-0.998145253259033,-0.0608773635800825));
#7950=DIRECTION('',(-1.,-1.21520706900943E-16,-7.4116069102795E-18));
#7951=DIRECTION('',(6.7762635780344E-17,-0.998145253259033,-0.0608773635800825));
#7952=DIRECTION('',(-1.,0.,0.));
#7953=DIRECTION('',(0.,-0.998145253259033,-0.0608773635800825));
#7954=DIRECTION('',(-1.,-1.23208494496789E-16,-7.5145458951445E-18));
#7955=DIRECTION('',(0.,-0.998145253259033,-0.0608773635800825));
#7956=DIRECTION('',(-1.,0.,0.));
#7957=DIRECTION('',(0.,-0.998145253259033,-0.0608773635800825));
#7958=DIRECTION('',(-1.,-1.21520706900943E-16,-7.41160691027951E-18));
#7959=DIRECTION('',(0.,-0.998145253259033,-0.0608773635800825));
#7960=DIRECTION('',(-1.,0.,0.));
#7961=DIRECTION('',(0.,-0.998145253259033,-0.0608773635800825));
#7962=DIRECTION('',(-1.,-1.21520706900943E-16,-7.41160691027951E-18));
#7963=DIRECTION('',(0.,-0.998145253259033,-0.0608773635800825));
#7964=DIRECTION('',(-1.,0.,0.));
#7965=DIRECTION('',(0.,-0.998145253259033,-0.0608773635800825));
#7966=DIRECTION('',(-1.,-1.21520706900943E-16,-7.4116069102795E-18));
#7967=DIRECTION('',(0.,-0.998145253259033,-0.0608773635800825));
#7968=DIRECTION('',(-1.,0.,0.));
#7969=DIRECTION('',(0.,-0.998145253259033,-0.0608773635800825));
#7970=DIRECTION('',(-1.,-1.21520706900943E-16,-7.41160691027951E-18));
#7971=DIRECTION('',(0.,-0.998145253259033,-0.0608773635800825));
#7972=DIRECTION('',(-1.,0.,0.));
#7973=DIRECTION('',(0.,-0.998145253259033,-0.0608773635800825));
#7974=DIRECTION('',(-1.,-1.21520706900943E-16,-7.4116069102795E-18));
#7975=DIRECTION('',(0.,-0.998145253259033,-0.0608773635800825));
#7976=DIRECTION('',(-1.,0.,0.));
#7977=DIRECTION('',(0.,-0.998145253259033,-0.0608773635800825));
#7978=DIRECTION('',(-1.,0.,0.));
#7979=DIRECTION('',(0.,-0.998145253259033,-0.0608773635800825));
#7980=DIRECTION('',(-1.,0.,0.));
#7981=DIRECTION('',(0.,-0.998145253259033,-0.0608773635800825));
#7982=DIRECTION('',(-1.,0.,0.));
#7983=DIRECTION('',(0.,-0.998145253259033,-0.0608773635800825));
#7984=DIRECTION('',(-1.,0.,0.));
#7985=DIRECTION('',(0.,-0.998145253259033,-0.0608773635800825));
#7986=DIRECTION('',(-1.,0.,0.));
#7987=DIRECTION('',(0.,-0.998145253259033,-0.0608773635800825));
#7988=DIRECTION('',(-1.,0.,0.));
#7989=DIRECTION('',(0.,-0.998145253259033,-0.0608773635800825));
#7990=DIRECTION('',(-1.,0.,0.));
#7991=DIRECTION('',(0.,-0.998145253259033,-0.0608773635800825));
#7992=DIRECTION('',(-1.,0.,0.));
#7993=DIRECTION('',(0.,-0.998145253259033,-0.0608773635800825));
#7994=DIRECTION('',(-1.,0.,0.));
#7995=DIRECTION('',(0.,-0.998145253259033,-0.0608773635800825));
#7996=DIRECTION('',(-1.,0.,0.));
#7997=DIRECTION('',(0.,-0.998145253259033,-0.0608773635800825));
#7998=DIRECTION('',(-1.,0.,0.));
#7999=DIRECTION('',(0.,-0.998145253259033,-0.0608773635800825));
#8000=DIRECTION('',(-1.,0.,0.));
#8001=DIRECTION('',(5.42101086242752E-17,-0.998145253259033,-0.0608773635800825));
#8002=DIRECTION('',(-1.,0.,0.));
#8003=DIRECTION('',(1.0842021724855E-16,-0.998145253259033,-0.0608773635800825));
#8004=DIRECTION('',(-1.,0.,0.));
#8005=DIRECTION('',(0.,-0.998145253259033,-0.0608773635800825));
#8006=DIRECTION('',(-1.,0.,0.));
#8007=DIRECTION('',(0.,-0.998145253259033,-0.0608773635800825));
#8008=DIRECTION('',(-1.,0.,0.));
#8009=DIRECTION('',(0.,-0.998145253259033,-0.0608773635800825));
#8010=DIRECTION('',(-1.,0.,0.));
#8011=DIRECTION('',(0.,-0.998145253259033,-0.0608773635800825));
#8012=DIRECTION('',(-1.,0.,0.));
#8013=DIRECTION('',(0.,-0.998145253259033,-0.0608773635800825));
#8014=DIRECTION('',(-1.,0.,0.));
#8015=DIRECTION('',(0.,-0.998145253259033,-0.0608773635800825));
#8016=DIRECTION('',(-1.,0.,0.));
#8017=DIRECTION('',(0.,-0.998145253259033,-0.0608773635800825));
#8018=DIRECTION('',(-1.,0.,0.));
#8019=DIRECTION('',(0.,-0.998145253259033,-0.0608773635800825));
#8020=DIRECTION('',(-1.,0.,0.));
#8021=DIRECTION('',(0.,-0.998145253259033,-0.0608773635800825));
#8022=DIRECTION('',(-1.,0.,0.));
#8023=DIRECTION('',(0.,-0.998145253259033,-0.0608773635800825));
#8024=DIRECTION('',(-1.,0.,0.));
#8025=DIRECTION('',(0.,-0.998145253259033,-0.0608773635800825));
#8026=DIRECTION('',(-1.,0.,0.));
#8027=DIRECTION('',(0.,-0.998145253259033,-0.0608773635800825));
#8028=DIRECTION('',(-1.,0.,0.));
#8029=DIRECTION('',(0.,-0.998145253259033,-0.0608773635800825));
#8030=DIRECTION('',(-1.,0.,0.));
#8031=DIRECTION('',(0.,-0.998145253259033,-0.0608773635800825));
#8032=DIRECTION('',(-1.,0.,0.));
#8033=DIRECTION('',(0.,-0.998145253259033,-0.0608773635800825));
#8034=DIRECTION('',(-1.,0.,0.));
#8035=DIRECTION('',(0.,-0.998145253259033,-0.0608773635800825));
#8036=DIRECTION('',(-1.,0.,0.));
#8037=DIRECTION('',(0.,-0.998145253259033,-0.0608773635800825));
#8038=DIRECTION('',(-1.,0.,0.));
#8039=DIRECTION('',(0.,-0.998145253259033,-0.0608773635800825));
#8040=DIRECTION('',(-1.,0.,0.));
#8041=DIRECTION('',(0.,-0.998145253259033,-0.0608773635800825));
#8042=DIRECTION('',(-1.,8.64147249073371E-16,5.27047602508765E-17));
#8043=DIRECTION('',(1.0842021724855E-16,-0.998145253259033,-0.0608773635800825));
#8044=DIRECTION('',(-1.,0.,0.));
#8045=DIRECTION('',(0.,-0.998145253259033,-0.0608773635800825));
#8046=DIRECTION('',(-1.,0.,0.));
#8047=DIRECTION('',(0.,-0.998145253259033,-0.0608773635800825));
#8048=DIRECTION('',(-1.,0.,0.));
#8049=DIRECTION('',(0.,-0.998145253259033,-0.0608773635800825));
#8050=DIRECTION('',(-1.,0.,0.));
#8051=DIRECTION('',(0.,-0.998145253259033,-0.0608773635800825));
#8052=DIRECTION('',(-1.,0.,0.));
#8053=DIRECTION('',(0.,-0.998145253259033,-0.0608773635800825));
#8054=DIRECTION('',(-1.,0.,0.));
#8055=DIRECTION('',(0.,-0.998145253259033,-0.0608773635800825));
#8056=DIRECTION('',(-1.,0.,0.));
#8057=DIRECTION('',(0.,-0.998145253259033,-0.0608773635800825));
#8058=DIRECTION('',(-1.,0.,0.));
#8059=DIRECTION('',(0.,-0.998145253259033,-0.0608773635800825));
#8060=DIRECTION('',(-1.,0.,0.));
#8061=DIRECTION('',(0.,-0.998145253259033,-0.0608773635800825));
#8062=DIRECTION('',(-1.,1.73488259317811E-15,1.05811331616132E-16));
#8063=DIRECTION('',(0.,-0.998145253259033,-0.0608773635800825));
#8064=DIRECTION('',(-1.,0.,0.));
#8065=DIRECTION('',(0.,-0.998145253259033,-0.0608773635800825));
#8066=DIRECTION('',(-1.,0.,0.));
#8067=DIRECTION('',(0.,-0.998145253259033,-0.0608773635800825));
#8068=DIRECTION('',(-1.,0.,0.));
#8069=DIRECTION('',(0.,-0.998145253259033,-0.0608773635800825));
#8070=DIRECTION('',(-1.,0.,0.));
#8071=DIRECTION('',(0.,-0.998145253259033,-0.0608773635800825));
#8072=DIRECTION('',(-1.,0.,0.));
#8073=DIRECTION('',(0.,-0.998145253259033,-0.0608773635800825));
#8074=DIRECTION('',(0.,-0.998145253259033,-0.0608773635800825));
#8075=DIRECTION('',(1.,0.,0.));
#8076=DIRECTION('',(0.,-0.998145253259033,-0.0608773635800825));
#8077=DIRECTION('',(1.,0.,0.));
#8078=DIRECTION('',(0.,-0.998145253259033,-0.0608773635800825));
#8079=DIRECTION('',(1.,0.,0.));
#8080=DIRECTION('',(0.,-0.998145253259033,-0.0608773635800825));
#8081=DIRECTION('',(1.,0.,0.));
#8082=DIRECTION('',(-1.,0.,0.));
#8083=DIRECTION('',(0.,-0.998145253259033,-0.0608773635800825));
#8084=DIRECTION('',(-1.,0.,0.));
#8085=DIRECTION('',(5.42101086242752E-17,-0.998145253259033,-0.0608773635800825));
#8086=DIRECTION('',(-1.,0.,0.));
#8087=DIRECTION('',(0.,-0.998145253259033,-0.0608773635800825));
#8088=DIRECTION('',(-1.,0.,0.));
#8089=DIRECTION('',(0.,-0.998145253259033,-0.0608773635800825));
#8090=DIRECTION('',(-1.,0.,0.));
#8091=DIRECTION('',(0.,-0.998145253259033,-0.0608773635800825));
#8092=DIRECTION('',(-1.,0.,0.));
#8093=DIRECTION('',(0.,-0.998145253259033,-0.0608773635800825));
#8094=DIRECTION('',(-1.,0.,0.));
#8095=DIRECTION('',(0.,-0.998145253259033,-0.0608773635800825));
#8096=DIRECTION('',(-1.,0.,0.));
#8097=DIRECTION('',(0.,-0.998145253259033,-0.0608773635800825));
#8098=DIRECTION('',(-1.,0.,0.));
#8099=DIRECTION('',(0.,-0.998145253259033,-0.0608773635800825));
#8100=DIRECTION('',(-1.,0.,0.));
#8101=DIRECTION('',(0.,-0.998145253259033,-0.0608773635800825));
#8102=DIRECTION('',(0.,-0.998145253259033,-0.0608773635800825));
#8103=DIRECTION('',(-1.,0.,0.));
#8104=DIRECTION('',(0.,-0.998145253259033,-0.0608773635800825));
#8105=DIRECTION('',(1.,0.,0.));
#8106=DIRECTION('',(0.,-0.998145253259033,-0.0608773635800825));
#8107=DIRECTION('',(1.,0.,0.));
#8108=DIRECTION('',(0.,-0.998145253259033,-0.0608773635800825));
#8109=DIRECTION('',(1.,0.,0.));
#8110=DIRECTION('',(0.,-0.998145253259033,-0.0608773635800825));
#8111=DIRECTION('',(-1.,0.,0.));
#8112=DIRECTION('',(0.,-0.998145253259033,-0.0608773635800825));
#8113=DIRECTION('',(1.,0.,0.));
#8114=DIRECTION('',(0.,-0.998145253259033,-0.0608773635800825));
#8115=DIRECTION('',(1.,0.,0.));
#8116=DIRECTION('',(0.,-0.998145253259033,-0.0608773635800825));
#8117=DIRECTION('',(1.,0.,0.));
#8118=DIRECTION('',(0.,-0.998145253259033,-0.0608773635800825));
#8119=DIRECTION('',(-1.,0.,0.));
#8120=DIRECTION('',(0.,-0.998145253259033,-0.0608773635800825));
#8121=DIRECTION('',(1.,0.,0.));
#8122=DIRECTION('',(0.,-0.998145253259033,-0.0608773635800825));
#8123=DIRECTION('',(1.,0.,0.));
#8124=DIRECTION('',(0.,-0.998145253259033,-0.0608773635800825));
#8125=DIRECTION('',(-1.,0.,0.));
#8126=DIRECTION('',(0.,-0.998145253259033,-0.0608773635800825));
#8127=DIRECTION('',(1.,0.,0.));
#8128=DIRECTION('',(0.,-0.998145253259033,-0.0608773635800825));
#8129=DIRECTION('',(1.,0.,0.));
#8130=DIRECTION('',(0.,0.998145253259033,0.0608773635800825));
#8131=DIRECTION('',(-1.,0.,0.));
#8132=DIRECTION('',(0.,0.998145253259033,0.0608773635800825));
#8133=DIRECTION('',(-1.,0.,0.));
#8134=DIRECTION('',(0.,-0.998145253259033,-0.0608773635800825));
#8135=DIRECTION('',(-1.,-2.20215575519446E-16,-1.34310548621277E-17));
#8136=DIRECTION('',(0.,-0.998145253259033,-0.0608773635800825));
#8137=DIRECTION('',(1.,0.,0.));
#8138=DIRECTION('',(0.,-0.998145253259033,-0.0608773635800825));
#8139=DIRECTION('',(1.,0.,0.));
#8140=DIRECTION('',(0.,-0.998145253259033,-0.0608773635800825));
#8141=DIRECTION('',(-1.,-3.30323363279168E-16,-2.01465822931915E-17));
#8142=DIRECTION('',(0.,-0.998145253259033,-0.0608773635800825));
#8143=DIRECTION('',(1.,0.,0.));
#8144=DIRECTION('',(0.,-0.998145253259033,-0.0608773635800825));
#8145=DIRECTION('',(1.,0.,0.));
#8146=DIRECTION('',(0.,-0.0608773635800825,0.998145253259033));
#8147=DIRECTION('',(0.,-0.998145253259033,-0.0608773635800825));
#8148=DIRECTION('',(0.,-0.0608773635800825,0.998145253259033));
#8149=DIRECTION('',(0.,-0.998145253259033,-0.0608773635800825));
#8150=DIRECTION('',(0.,-0.998145253259033,-0.0608773635800825));
#8151=DIRECTION('',(0.,-0.0608773635800825,0.998145253259033));
#8152=DIRECTION('',(0.,-0.998145253259033,-0.0608773635800825));
#8153=DIRECTION('',(0.,0.998145253259033,0.0608773635800825));
#8154=DIRECTION('',(0.,-0.0608773635800825,0.998145253259033));
#8155=DIRECTION('',(0.,-0.998145253259033,-0.0608773635800825));
#8156=DIRECTION('',(1.,0.,0.));
#8157=DIRECTION('',(0.,-0.0608773635800825,0.998145253259033));
#8158=DIRECTION('',(0.,-0.998145253259033,-0.0608773635800825));
#8159=DIRECTION('',(0.,-0.998145253259033,-0.0608773635800825));
#8160=DIRECTION('',(0.,-0.0608773635800825,0.998145253259033));
#8161=DIRECTION('',(0.,-0.998145253259033,-0.0608773635800825));
#8162=DIRECTION('',(-1.,0.,0.));
#8163=DIRECTION('',(0.,-0.998145253259033,-0.0608773635800825));
#8164=DIRECTION('',(-1.,-9.77070807224201E-17,-5.95920228851062E-18));
#8165=DIRECTION('',(0.,-0.0608773635800825,0.998145253259033));
#8166=DIRECTION('',(0.,-0.998145253259033,-0.0608773635800825));
#8167=DIRECTION('',(0.,0.998145253259033,0.0608773635800825));
#8168=DIRECTION('',(0.,-0.0608773635800825,0.998145253259033));
#8169=DIRECTION('',(0.,-0.998145253259033,-0.0608773635800825));
#8170=DIRECTION('',(-1.,0.,0.));
#8171=DIRECTION('',(0.,-0.0608773635800825,0.998145253259033));
#8172=DIRECTION('',(0.,-0.998145253259033,-0.0608773635800825));
#8173=DIRECTION('',(0.,0.998145253259033,0.0608773635800825));
#8174=DIRECTION('',(0.,-0.0608773635800825,0.998145253259033));
#8175=DIRECTION('',(0.,-0.998145253259033,-0.0608773635800825));
#8176=DIRECTION('',(-1.,-9.77070807224201E-17,-5.95920228851062E-18));
#8177=DIRECTION('',(9.78886393572457E-17,-0.998145253259033,-0.0608773635800825));
#8178=DIRECTION('',(0.,0.0608773635800825,-0.998145253259033));
#8179=DIRECTION('',(9.78886393572457E-17,-0.998145253259033,-0.0608773635800825));
#8180=DIRECTION('',(1.6049821309014E-15,0.0608773635800825,-0.998145253259033));
#8181=DIRECTION('',(0.,0.0608773635800825,-0.998145253259033));
#8182=DIRECTION('',(0.,0.0608773635800825,-0.998145253259033));
#8183=DIRECTION('',(-1.,-9.77070807224201E-17,-5.95920228851062E-18));
#8184=DIRECTION('',(0.,-0.998145253259033,-0.0608773635800825));
#8185=DIRECTION('',(0.,0.0608773635800825,-0.998145253259033));
#8186=DIRECTION('',(0.,-0.998145253259033,-0.0608773635800825));
#8187=DIRECTION('',(0.,0.0608773635800825,-0.998145253259033));
#8188=DIRECTION('',(0.,0.0608773635800825,-0.998145253259033));
#8189=DIRECTION('',(0.,0.0608773635800825,-0.998145253259033));
#8190=DIRECTION('',(-1.,0.,0.));
#8191=DIRECTION('',(1.,0.,0.));
#8192=DIRECTION('',(0.,0.,-1.));
#8193=DIRECTION('',(0.,0.0608773635800825,-0.998145253259033));
#8194=DIRECTION('',(0.,-0.998145253259033,-0.0608773635800825));
#8195=DIRECTION('',(0.,0.0608773635800825,-0.998145253259033));
#8196=DIRECTION('',(0.,0.998145253259033,0.0608773635800825));
#8197=DIRECTION('',(0.,-0.0608773635800825,0.998145253259033));
#8198=DIRECTION('',(0.,0.0608773635800825,-0.998145253259033));
#8199=DIRECTION('',(1.,0.,0.));
#8200=DIRECTION('',(0.,0.0608773635800825,-0.998145253259033));
#8201=DIRECTION('',(0.,0.998145253259033,0.0608773635800825));
#8202=DIRECTION('',(0.,-0.0608773635800825,0.998145253259033));
#8203=DIRECTION('',(1.,0.,0.));
#8204=DIRECTION('',(0.,0.0608773635800825,-0.998145253259033));
#8205=DIRECTION('',(1.,0.,0.));
#8206=DIRECTION('',(0.,0.0608773635800825,-0.998145253259033));
#8207=DIRECTION('',(-1.,0.,0.));
#8208=DIRECTION('',(0.,0.,1.));
#8209=DIRECTION('',(0.,0.998145253259033,0.0608773635800825));
#8210=DIRECTION('',(0.,0.0608773635800825,-0.998145253259033));
#8211=DIRECTION('',(0.,0.998145253259033,0.0608773635800825));
#8212=DIRECTION('',(0.,0.998145253259033,0.0608773635800825));
#8213=DIRECTION('',(0.,-0.0608773635800825,0.998145253259033));
#8214=DIRECTION('',(1.,0.,0.));
#8215=DIRECTION('',(0.,0.998145253259033,0.0608773635800825));
#8216=DIRECTION('',(0.,0.0608773635800825,-0.998145253259033));
#8217=DIRECTION('',(1.,0.,0.));
#8218=DIRECTION('',(0.,0.998145253259033,0.0608773635800825));
#8219=DIRECTION('',(0.,0.0608773635800825,-0.998145253259033));
#8220=DIRECTION('',(1.,0.,0.));
#8221=DIRECTION('',(0.,0.0608773635800825,-0.998145253259033));
#8222=DIRECTION('',(1.,0.,0.));
#8223=DIRECTION('',(-1.,0.,0.));
#8224=DIRECTION('',(0.,0.,1.));
#8225=DIRECTION('',(0.,0.998145253259033,0.0608773635800825));
#8226=DIRECTION('',(0.,0.998145253259033,0.0608773635800825));
#8227=DIRECTION('',(-1.,0.,0.));
#8228=DIRECTION('',(0.,0.,1.));
#8229=DIRECTION('',(0.,0.0608773635800825,-0.998145253259033));
#8230=DIRECTION('',(0.,0.998145253259033,0.0608773635800825));
#8231=DIRECTION('',(0.,0.0608773635800825,-0.998145253259033));
#8232=DIRECTION('',(0.,-0.0608773635800825,0.998145253259033));
#8233=DIRECTION('',(1.,0.,0.));
#8234=DIRECTION('',(0.,-0.0608773635800825,0.998145253259033));
#8235=DIRECTION('',(0.,-0.998145253259033,-0.0608773635800825));
#8236=DIRECTION('',(1.,0.,0.));
#8237=DIRECTION('',(0.,-0.0608773635800825,0.998145253259033));
#8238=DIRECTION('',(0.,-0.998145253259033,-0.0608773635800825));
#8239=DIRECTION('',(0.,0.998145253259033,0.0608773635800825));
#8240=DIRECTION('',(0.,-0.0608773635800825,0.998145253259033));
#8241=DIRECTION('',(0.,-0.998145253259033,-0.0608773635800825));
#8242=DIRECTION('',(-1.,0.,0.));
#8243=DIRECTION('',(0.,-0.0608773635800825,0.998145253259033));
#8244=DIRECTION('',(0.,-0.998145253259033,-0.0608773635800825));
#8245=DIRECTION('',(0.,-0.998145253259033,-0.0608773635800825));
#8246=DIRECTION('',(0.,-0.998145253259033,-0.0608773635800825));
#8247=DIRECTION('',(0.,0.0608773635800825,-0.998145253259033));
#8248=DIRECTION('',(0.,0.0608773635800825,-0.998145253259033));
#8249=DIRECTION('',(-1.,0.,0.));
#8250=DIRECTION('',(0.,0.0608773635800825,-0.998145253259033));
#8251=DIRECTION('',(1.,0.,0.));
#8252=DIRECTION('',(0.,0.,-1.));
#8253=DIRECTION('',(0.,0.0608773635800825,-0.998145253259033));
#8254=DIRECTION('',(0.,-0.998145253259033,-0.0608773635800825));
#8255=DIRECTION('',(0.,-0.998145253259033,-0.0608773635800825));
#8256=DIRECTION('',(0.,0.0608773635800825,-0.998145253259033));
#8257=DIRECTION('',(0.,0.0608773635800825,-0.998145253259033));
#8258=DIRECTION('',(-1.,0.,0.));
#8259=DIRECTION('',(0.,-0.998145253259033,-0.0608773635800825));
#8260=DIRECTION('',(0.,0.0608773635800825,-0.998145253259033));
#8261=DIRECTION('',(0.,0.0608773635800825,-0.998145253259033));
#8262=DIRECTION('',(-1.,0.,0.));
#8263=DIRECTION('',(0.,0.0608773635800825,-0.998145253259033));
#8264=DIRECTION('',(1.,0.,0.));
#8265=DIRECTION('',(0.,0.,-1.));
#8266=DIRECTION('',(0.,0.0608773635800825,-0.998145253259033));
#8267=DIRECTION('',(0.,-0.998145253259033,-0.0608773635800825));
#8268=DIRECTION('',(-1.6232868780593E-16,-0.998145253259033,-0.0608773635800825));
#8269=DIRECTION('',(0.,0.0608773635800825,-0.998145253259033));
#8270=DIRECTION('',(0.,0.0608773635800825,-0.998145253259033));
#8271=DIRECTION('',(-1.,1.62027609201257E-16,9.88214254703934E-18));
#8272=DIRECTION('',(0.,-0.998145253259033,-0.0608773635800825));
#8273=DIRECTION('',(0.,0.0608773635800825,-0.998145253259033));
#8274=DIRECTION('',(0.,0.0608773635800825,-0.998145253259033));
#8275=DIRECTION('',(-1.,0.,0.));
#8276=DIRECTION('',(0.,0.0608773635800825,-0.998145253259033));
#8277=DIRECTION('',(1.,0.,0.));
#8278=DIRECTION('',(0.,0.,-1.));
#8279=DIRECTION('',(0.,0.0608773635800825,-0.998145253259033));
#8280=DIRECTION('',(0.,-0.998145253259033,-0.0608773635800825));
#8281=DIRECTION('',(-1.08219125203954E-16,-0.998145253259033,-0.0608773635800825));
#8282=DIRECTION('',(0.,0.0608773635800825,-0.998145253259033));
#8283=DIRECTION('',(0.,0.0608773635800825,-0.998145253259033));
#8284=DIRECTION('',(-1.,1.08018406134171E-16,6.58809503135956E-18));
#8285=DIRECTION('',(4.32876500815815E-16,-0.998145253259033,-0.0608773635800825));
#8286=DIRECTION('',(0.,0.0608773635800825,-0.998145253259033));
#8287=DIRECTION('',(0.,0.0608773635800825,-0.998145253259033));
#8288=DIRECTION('',(-1.,-4.32073624536685E-16,-2.63523801254382E-17));
#8289=DIRECTION('',(0.,0.0608773635800825,-0.998145253259033));
#8290=DIRECTION('',(1.,0.,0.));
#8291=DIRECTION('',(0.,0.,-1.));
#8292=DIRECTION('',(0.,0.0608773635800825,-0.998145253259033));
#8293=DIRECTION('',(0.,-0.998145253259033,-0.0608773635800825));
#8294=DIRECTION('',(3.24657375611861E-16,-0.998145253259033,-0.0608773635800825));
#8295=DIRECTION('',(0.,0.0608773635800825,-0.998145253259033));
#8296=DIRECTION('',(0.,0.0608773635800825,-0.998145253259033));
#8297=DIRECTION('',(-1.,-3.24055218402514E-16,-1.97642850940787E-17));
#8298=DIRECTION('',(0.,-0.998145253259033,-0.0608773635800825));
#8299=DIRECTION('',(0.,0.0608773635800825,-0.998145253259033));
#8300=DIRECTION('',(0.,0.0608773635800825,-0.998145253259033));
#8301=DIRECTION('',(-1.,0.,0.));
#8302=DIRECTION('',(0.,0.0608773635800825,-0.998145253259033));
#8303=DIRECTION('',(1.,0.,0.));
#8304=DIRECTION('',(0.,0.,-1.));
#8305=DIRECTION('',(0.,0.0608773635800825,-0.998145253259033));
#8306=DIRECTION('',(0.,-0.998145253259033,-0.0608773635800825));
#8307=DIRECTION('',(1.08219125203954E-16,-0.998145253259033,-0.0608773635800825));
#8308=DIRECTION('',(0.,0.0608773635800825,-0.998145253259033));
#8309=DIRECTION('',(0.,0.0608773635800825,-0.998145253259033));
#8310=DIRECTION('',(-1.,-1.08018406134171E-16,-6.58809503135956E-18));
#8311=DIRECTION('',(4.32876500815814E-16,-0.998145253259033,-0.0608773635800825));
#8312=DIRECTION('',(0.,0.0608773635800825,-0.998145253259033));
#8313=DIRECTION('',(0.,0.0608773635800825,-0.998145253259033));
#8314=DIRECTION('',(-1.,-4.32073624536685E-16,-2.63523801254382E-17));
#8315=DIRECTION('',(0.,0.0608773635800825,-0.998145253259033));
#8316=DIRECTION('',(1.,0.,0.));
#8317=DIRECTION('',(0.,0.,-1.));
#8318=DIRECTION('',(0.,0.0608773635800825,-0.998145253259033));
#8319=DIRECTION('',(0.,-0.998145253259033,-0.0608773635800825));
#8320=DIRECTION('',(3.24657375611861E-16,-0.998145253259033,-0.0608773635800825));
#8321=DIRECTION('',(0.,0.0608773635800825,-0.998145253259033));
#8322=DIRECTION('',(0.,0.0608773635800825,-0.998145253259033));
#8323=DIRECTION('',(-1.,-3.24055218402514E-16,-1.97642850940787E-17));
#8324=DIRECTION('',(0.,-0.998145253259033,-0.0608773635800825));
#8325=DIRECTION('',(0.,0.0608773635800825,-0.998145253259033));
#8326=DIRECTION('',(0.,0.0608773635800825,-0.998145253259033));
#8327=DIRECTION('',(-1.,0.,0.));
#8328=DIRECTION('',(0.,0.0608773635800825,-0.998145253259033));
#8329=DIRECTION('',(1.,0.,0.));
#8330=DIRECTION('',(0.,0.,-1.));
#8331=DIRECTION('',(0.,0.0608773635800825,-0.998145253259033));
#8332=DIRECTION('',(0.,-0.998145253259033,-0.0608773635800825));
#8333=DIRECTION('',(1.08219125203954E-16,-0.998145253259033,-0.0608773635800825));
#8334=DIRECTION('',(0.,0.0608773635800825,-0.998145253259033));
#8335=DIRECTION('',(0.,0.0608773635800825,-0.998145253259033));
#8336=DIRECTION('',(-1.,-1.08018406134171E-16,-6.58809503135956E-18));
#8337=DIRECTION('',(4.32876500815814E-16,-0.998145253259033,-0.0608773635800825));
#8338=DIRECTION('',(0.,0.0608773635800825,-0.998145253259033));
#8339=DIRECTION('',(0.,0.0608773635800825,-0.998145253259033));
#8340=DIRECTION('',(-1.,-4.32073624536685E-16,-2.63523801254382E-17));
#8341=DIRECTION('',(0.,0.0608773635800825,-0.998145253259033));
#8342=DIRECTION('',(1.,2.70547813009884E-16,1.65008424621788E-17));
#8343=DIRECTION('',(-2.70547813009884E-16,1.,0.));
#8344=DIRECTION('',(0.,0.0608773635800825,-0.998145253259033));
#8345=DIRECTION('',(2.71050543121376E-16,-0.998145253259033,-0.0608773635800825));
#8346=DIRECTION('',(3.24657375611861E-16,-0.998145253259033,-0.0608773635800825));
#8347=DIRECTION('',(0.,0.0608773635800825,-0.998145253259033));
#8348=DIRECTION('',(0.,0.0608773635800825,-0.998145253259033));
#8349=DIRECTION('',(-1.,-3.24055218402514E-16,-1.97642850940787E-17));
#8350=DIRECTION('',(0.,-0.998145253259033,-0.0608773635800825));
#8351=DIRECTION('',(0.,0.0608773635800825,-0.998145253259033));
#8352=DIRECTION('',(0.,0.0608773635800825,-0.998145253259033));
#8353=DIRECTION('',(-1.,0.,0.));
#8354=DIRECTION('',(0.,0.0608773635800825,-0.998145253259033));
#8355=DIRECTION('',(1.,0.,0.));
#8356=DIRECTION('',(0.,0.,-1.));
#8357=DIRECTION('',(0.,0.0608773635800825,-0.998145253259033));
#8358=DIRECTION('',(0.,-0.998145253259033,-0.0608773635800825));
#8359=DIRECTION('',(1.08219125203954E-16,-0.998145253259033,-0.0608773635800825));
#8360=DIRECTION('',(0.,0.0608773635800825,-0.998145253259033));
#8361=DIRECTION('',(0.,0.0608773635800825,-0.998145253259033));
#8362=DIRECTION('',(-1.,-1.08018406134171E-16,-6.58809503135956E-18));
#8363=DIRECTION('',(2.16438250407907E-16,-0.998145253259033,-0.0608773635800825));
#8364=DIRECTION('',(0.,0.0608773635800825,-0.998145253259033));
#8365=DIRECTION('',(0.,0.0608773635800825,-0.998145253259033));
#8366=DIRECTION('',(-1.,-2.16036812268343E-16,-1.31761900627191E-17));
#8367=DIRECTION('',(0.,0.0608773635800825,-0.998145253259033));
#8368=DIRECTION('',(1.,4.32876500815814E-16,2.64013479394861E-17));
#8369=DIRECTION('',(-4.32876500815814E-16,1.,0.));
#8370=DIRECTION('',(0.,0.0608773635800825,-0.998145253259033));
#8371=DIRECTION('',(4.33680868994201E-16,-0.998145253259033,-0.0608773635800825));
#8372=DIRECTION('',(3.24657375611861E-16,-0.998145253259033,-0.0608773635800825));
#8373=DIRECTION('',(0.,0.0608773635800825,-0.998145253259033));
#8374=DIRECTION('',(0.,0.0608773635800825,-0.998145253259033));
#8375=DIRECTION('',(-1.,-3.24055218402514E-16,-1.97642850940787E-17));
#8376=DIRECTION('',(0.,-0.998145253259033,-0.0608773635800825));
#8377=DIRECTION('',(0.,0.0608773635800825,-0.998145253259033));
#8378=DIRECTION('',(0.,0.0608773635800825,-0.998145253259033));
#8379=DIRECTION('',(-1.,0.,0.));
#8380=DIRECTION('',(0.,0.0608773635800825,-0.998145253259033));
#8381=DIRECTION('',(1.,0.,0.));
#8382=DIRECTION('',(0.,0.,-1.));
#8383=DIRECTION('',(0.,0.0608773635800825,-0.998145253259033));
#8384=DIRECTION('',(0.,-0.998145253259033,-0.0608773635800825));
#8385=DIRECTION('',(1.08219125203954E-16,-0.998145253259033,-0.0608773635800825));
#8386=DIRECTION('',(0.,0.0608773635800825,-0.998145253259033));
#8387=DIRECTION('',(0.,0.0608773635800825,-0.998145253259033));
#8388=DIRECTION('',(-1.,-1.08018406134171E-16,-6.58809503135956E-18));
#8389=DIRECTION('',(0.,-0.998145253259033,-0.0608773635800825));
#8390=DIRECTION('',(0.,0.0608773635800825,-0.998145253259033));
#8391=DIRECTION('',(0.,0.0608773635800825,-0.998145253259033));
#8392=DIRECTION('',(-1.,0.,0.));
#8393=DIRECTION('',(0.,0.0608773635800825,-0.998145253259033));
#8394=DIRECTION('',(1.,0.,0.));
#8395=DIRECTION('',(0.,0.,-1.));
#8396=DIRECTION('',(0.,0.0608773635800825,-0.998145253259033));
#8397=DIRECTION('',(0.,-0.998145253259033,-0.0608773635800825));
#8398=DIRECTION('',(1.08219125203954E-16,-0.998145253259033,-0.0608773635800825));
#8399=DIRECTION('',(0.,0.0608773635800825,-0.998145253259033));
#8400=DIRECTION('',(0.,0.0608773635800825,-0.998145253259033));
#8401=DIRECTION('',(-1.,-1.08018406134171E-16,-6.58809503135956E-18));
#8402=DIRECTION('',(0.,-0.998145253259033,-0.0608773635800825));
#8403=DIRECTION('',(0.,0.0608773635800825,-0.998145253259033));
#8404=DIRECTION('',(0.,0.0608773635800825,-0.998145253259033));
#8405=DIRECTION('',(-1.,0.,0.));
#8406=DIRECTION('',(0.,0.0608773635800825,-0.998145253259033));
#8407=DIRECTION('',(1.,0.,0.));
#8408=DIRECTION('',(0.,0.,-1.));
#8409=DIRECTION('',(0.,0.0608773635800825,-0.998145253259033));
#8410=DIRECTION('',(0.,-0.998145253259033,-0.0608773635800825));
#8411=DIRECTION('',(1.08219125203954E-16,-0.998145253259033,-0.0608773635800825));
#8412=DIRECTION('',(0.,0.0608773635800825,-0.998145253259033));
#8413=DIRECTION('',(0.,0.0608773635800825,-0.998145253259033));
#8414=DIRECTION('',(-1.,-1.08018406134171E-16,-6.58809503135956E-18));
#8415=DIRECTION('',(-1.52521329584323E-15,-0.998145253259033,-0.0608773635800825));
#8416=DIRECTION('',(0.,0.0608773635800825,-0.998145253259033));
#8417=DIRECTION('',(0.,0.0608773635800825,-0.998145253259033));
#8418=DIRECTION('',(-1.,1.52238441145348E-15,9.28509643482238E-17));
#8419=DIRECTION('',(0.,0.0608773635800825,-0.998145253259033));
#8420=DIRECTION('',(1.,0.,0.));
#8421=DIRECTION('',(0.,0.,-1.));
#8422=DIRECTION('',(0.,0.0608773635800825,-0.998145253259033));
#8423=DIRECTION('',(0.,-0.998145253259033,-0.0608773635800825));
#8424=DIRECTION('',(0.,-0.998145253259033,-0.0608773635800825));
#8425=DIRECTION('',(0.,0.0608773635800825,-0.998145253259033));
#8426=DIRECTION('',(0.,0.0608773635800825,-0.998145253259033));
#8427=DIRECTION('',(-1.,0.,0.));
#8428=DIRECTION('',(1.21746515854448E-16,-0.998145253259033,-0.0608773635800825));
#8429=DIRECTION('',(0.,0.0608773635800825,-0.998145253259033));
#8430=DIRECTION('',(0.,0.0608773635800825,-0.998145253259033));
#8431=DIRECTION('',(-1.,-1.21520706900943E-16,-7.41160691027951E-18));
#8432=DIRECTION('',(0.,0.0608773635800825,-0.998145253259033));
#8433=DIRECTION('',(1.,0.,0.));
#8434=DIRECTION('',(0.,0.,-1.));
#8435=DIRECTION('',(0.,0.0608773635800825,-0.998145253259033));
#8436=DIRECTION('',(0.,-0.998145253259033,-0.0608773635800825));
#8437=DIRECTION('',(0.,-0.998145253259033,-0.0608773635800825));
#8438=DIRECTION('',(0.,0.0608773635800825,-0.998145253259033));
#8439=DIRECTION('',(0.,0.0608773635800825,-0.998145253259033));
#8440=DIRECTION('',(-1.,0.,0.));
#8441=DIRECTION('',(1.21746515854448E-16,-0.998145253259033,-0.0608773635800825));
#8442=DIRECTION('',(0.,0.0608773635800825,-0.998145253259033));
#8443=DIRECTION('',(0.,0.0608773635800825,-0.998145253259033));
#8444=DIRECTION('',(-1.,-1.21520706900943E-16,-7.4116069102795E-18));
#8445=DIRECTION('',(0.,0.0608773635800825,-0.998145253259033));
#8446=DIRECTION('',(1.,0.,0.));
#8447=DIRECTION('',(0.,0.,-1.));
#8448=DIRECTION('',(0.,0.0608773635800825,-0.998145253259033));
#8449=DIRECTION('',(0.,-0.998145253259033,-0.0608773635800825));
#8450=DIRECTION('',(0.,-0.998145253259033,-0.0608773635800825));
#8451=DIRECTION('',(0.,0.0608773635800825,-0.998145253259033));
#8452=DIRECTION('',(0.,0.0608773635800825,-0.998145253259033));
#8453=DIRECTION('',(-1.,0.,0.));
#8454=DIRECTION('',(1.21746515854448E-16,-0.998145253259033,-0.0608773635800825));
#8455=DIRECTION('',(0.,0.0608773635800825,-0.998145253259033));
#8456=DIRECTION('',(0.,0.0608773635800825,-0.998145253259033));
#8457=DIRECTION('',(-1.,-1.21520706900943E-16,-7.41160691027951E-18));
#8458=DIRECTION('',(0.,0.0608773635800825,-0.998145253259033));
#8459=DIRECTION('',(1.,0.,0.));
#8460=DIRECTION('',(0.,0.,-1.));
#8461=DIRECTION('',(0.,0.0608773635800825,-0.998145253259033));
#8462=DIRECTION('',(0.,-0.998145253259033,-0.0608773635800825));
#8463=DIRECTION('',(0.,-0.998145253259033,-0.0608773635800825));
#8464=DIRECTION('',(0.,0.0608773635800825,-0.998145253259033));
#8465=DIRECTION('',(0.,0.0608773635800825,-0.998145253259033));
#8466=DIRECTION('',(-1.,0.,0.));
#8467=DIRECTION('',(1.21746515854448E-16,-0.998145253259033,-0.0608773635800825));
#8468=DIRECTION('',(0.,0.0608773635800825,-0.998145253259033));
#8469=DIRECTION('',(0.,0.0608773635800825,-0.998145253259033));
#8470=DIRECTION('',(-1.,-1.21520706900943E-16,-7.4116069102795E-18));
#8471=DIRECTION('',(0.,0.0608773635800825,-0.998145253259033));
#8472=DIRECTION('',(1.,0.,0.));
#8473=DIRECTION('',(0.,0.,-1.));
#8474=DIRECTION('',(0.,0.0608773635800825,-0.998145253259033));
#8475=DIRECTION('',(0.,-0.998145253259033,-0.0608773635800825));
#8476=DIRECTION('',(0.,-0.998145253259033,-0.0608773635800825));
#8477=DIRECTION('',(0.,0.0608773635800825,-0.998145253259033));
#8478=DIRECTION('',(0.,0.0608773635800825,-0.998145253259033));
#8479=DIRECTION('',(-1.,0.,0.));
#8480=DIRECTION('',(1.21746515854448E-16,-0.998145253259033,-0.0608773635800825));
#8481=DIRECTION('',(0.,0.0608773635800825,-0.998145253259033));
#8482=DIRECTION('',(0.,0.0608773635800825,-0.998145253259033));
#8483=DIRECTION('',(-1.,-1.21520706900943E-16,-7.41160691027951E-18));
#8484=DIRECTION('',(0.,0.0608773635800825,-0.998145253259033));
#8485=DIRECTION('',(1.,0.,0.));
#8486=DIRECTION('',(0.,0.,-1.));
#8487=DIRECTION('',(0.,0.0608773635800825,-0.998145253259033));
#8488=DIRECTION('',(0.,-0.998145253259033,-0.0608773635800825));
#8489=DIRECTION('',(0.,-0.998145253259033,-0.0608773635800825));
#8490=DIRECTION('',(0.,0.0608773635800825,-0.998145253259033));
#8491=DIRECTION('',(0.,0.0608773635800825,-0.998145253259033));
#8492=DIRECTION('',(-1.,0.,0.));
#8493=DIRECTION('',(1.21746515854448E-16,-0.998145253259033,-0.0608773635800825));
#8494=DIRECTION('',(0.,0.0608773635800825,-0.998145253259033));
#8495=DIRECTION('',(0.,0.0608773635800825,-0.998145253259033));
#8496=DIRECTION('',(-1.,-1.21520706900943E-16,-7.41160691027951E-18));
#8497=DIRECTION('',(0.,0.0608773635800825,-0.998145253259033));
#8498=DIRECTION('',(1.,5.41095626019769E-17,3.30016849243576E-18));
#8499=DIRECTION('',(-5.41095626019769E-17,1.,0.));
#8500=DIRECTION('',(0.,0.0608773635800825,-0.998145253259033));
#8501=DIRECTION('',(5.42101086242752E-17,-0.998145253259033,-0.0608773635800825));
#8502=DIRECTION('',(0.,-0.998145253259033,-0.0608773635800825));
#8503=DIRECTION('',(0.,0.0608773635800825,-0.998145253259033));
#8504=DIRECTION('',(0.,0.0608773635800825,-0.998145253259033));
#8505=DIRECTION('',(-1.,0.,0.));
#8506=DIRECTION('',(1.21746515854448E-16,-0.998145253259033,-0.0608773635800825));
#8507=DIRECTION('',(0.,0.0608773635800825,-0.998145253259033));
#8508=DIRECTION('',(0.,0.0608773635800825,-0.998145253259033));
#8509=DIRECTION('',(-1.,-1.21520706900943E-16,-7.4116069102795E-18));
#8510=DIRECTION('',(0.,0.0608773635800825,-0.998145253259033));
#8511=DIRECTION('',(1.,0.,0.));
#8512=DIRECTION('',(0.,0.,-1.));
#8513=DIRECTION('',(0.,0.0608773635800825,-0.998145253259033));
#8514=DIRECTION('',(0.,-0.998145253259033,-0.0608773635800825));
#8515=DIRECTION('',(0.,-0.998145253259033,-0.0608773635800825));
#8516=DIRECTION('',(0.,0.0608773635800825,-0.998145253259033));
#8517=DIRECTION('',(0.,0.0608773635800825,-0.998145253259033));
#8518=DIRECTION('',(-1.,0.,0.));
#8519=DIRECTION('',(1.2343743968576E-16,-0.998145253259033,-0.0608773635800825));
#8520=DIRECTION('',(0.,0.0608773635800825,-0.998145253259033));
#8521=DIRECTION('',(0.,0.0608773635800825,-0.998145253259033));
#8522=DIRECTION('',(-1.,-1.23208494496789E-16,-7.5145458951445E-18));
#8523=DIRECTION('',(0.,0.0608773635800825,-0.998145253259033));
#8524=DIRECTION('',(1.,0.,0.));
#8525=DIRECTION('',(0.,0.,-1.));
#8526=DIRECTION('',(0.,0.0608773635800825,-0.998145253259033));
#8527=DIRECTION('',(0.,-0.998145253259033,-0.0608773635800825));
#8528=DIRECTION('',(0.,-0.998145253259033,-0.0608773635800825));
#8529=DIRECTION('',(0.,0.0608773635800825,-0.998145253259033));
#8530=DIRECTION('',(0.,0.0608773635800825,-0.998145253259033));
#8531=DIRECTION('',(-1.,0.,0.));
#8532=DIRECTION('',(1.21746515854448E-16,-0.998145253259033,-0.0608773635800825));
#8533=DIRECTION('',(0.,0.0608773635800825,-0.998145253259033));
#8534=DIRECTION('',(0.,0.0608773635800825,-0.998145253259033));
#8535=DIRECTION('',(-1.,-1.21520706900943E-16,-7.41160691027951E-18));
#8536=DIRECTION('',(0.,0.0608773635800825,-0.998145253259033));
#8537=DIRECTION('',(1.,0.,0.));
#8538=DIRECTION('',(0.,0.,-1.));
#8539=DIRECTION('',(0.,0.0608773635800825,-0.998145253259033));
#8540=DIRECTION('',(0.,-0.998145253259033,-0.0608773635800825));
#8541=DIRECTION('',(0.,-0.998145253259033,-0.0608773635800825));
#8542=DIRECTION('',(0.,0.0608773635800825,-0.998145253259033));
#8543=DIRECTION('',(0.,0.0608773635800825,-0.998145253259033));
#8544=DIRECTION('',(-1.,0.,0.));
#8545=DIRECTION('',(1.21746515854448E-16,-0.998145253259033,-0.0608773635800825));
#8546=DIRECTION('',(0.,0.0608773635800825,-0.998145253259033));
#8547=DIRECTION('',(0.,0.0608773635800825,-0.998145253259033));
#8548=DIRECTION('',(-1.,-1.21520706900943E-16,-7.41160691027951E-18));
#8549=DIRECTION('',(0.,0.0608773635800825,-0.998145253259033));
#8550=DIRECTION('',(1.,0.,0.));
#8551=DIRECTION('',(0.,0.,-1.));
#8552=DIRECTION('',(0.,0.0608773635800825,-0.998145253259033));
#8553=DIRECTION('',(0.,-0.998145253259033,-0.0608773635800825));
#8554=DIRECTION('',(0.,-0.998145253259033,-0.0608773635800825));
#8555=DIRECTION('',(0.,0.0608773635800825,-0.998145253259033));
#8556=DIRECTION('',(0.,0.0608773635800825,-0.998145253259033));
#8557=DIRECTION('',(-1.,0.,0.));
#8558=DIRECTION('',(1.21746515854448E-16,-0.998145253259033,-0.0608773635800825));
#8559=DIRECTION('',(0.,0.0608773635800825,-0.998145253259033));
#8560=DIRECTION('',(0.,0.0608773635800825,-0.998145253259033));
#8561=DIRECTION('',(-1.,-1.21520706900943E-16,-7.4116069102795E-18));
#8562=DIRECTION('',(0.,0.0608773635800825,-0.998145253259033));
#8563=DIRECTION('',(1.,0.,0.));
#8564=DIRECTION('',(0.,0.,-1.));
#8565=DIRECTION('',(0.,0.0608773635800825,-0.998145253259033));
#8566=DIRECTION('',(0.,-0.998145253259033,-0.0608773635800825));
#8567=DIRECTION('',(0.,-0.998145253259033,-0.0608773635800825));
#8568=DIRECTION('',(0.,0.0608773635800825,-0.998145253259033));
#8569=DIRECTION('',(0.,0.0608773635800825,-0.998145253259033));
#8570=DIRECTION('',(-1.,0.,0.));
#8571=DIRECTION('',(1.21746515854448E-16,-0.998145253259033,-0.0608773635800825));
#8572=DIRECTION('',(0.,0.0608773635800825,-0.998145253259033));
#8573=DIRECTION('',(0.,0.0608773635800825,-0.998145253259033));
#8574=DIRECTION('',(-1.,-1.21520706900943E-16,-7.41160691027951E-18));
#8575=DIRECTION('',(0.,0.0608773635800825,-0.998145253259033));
#8576=DIRECTION('',(1.,0.,0.));
#8577=DIRECTION('',(0.,0.,-1.));
#8578=DIRECTION('',(0.,0.0608773635800825,-0.998145253259033));
#8579=DIRECTION('',(0.,-0.998145253259033,-0.0608773635800825));
#8580=DIRECTION('',(0.,-0.998145253259033,-0.0608773635800825));
#8581=DIRECTION('',(0.,0.0608773635800825,-0.998145253259033));
#8582=DIRECTION('',(0.,0.0608773635800825,-0.998145253259033));
#8583=DIRECTION('',(-1.,0.,0.));
#8584=DIRECTION('',(1.21746515854448E-16,-0.998145253259033,-0.0608773635800825));
#8585=DIRECTION('',(0.,0.0608773635800825,-0.998145253259033));
#8586=DIRECTION('',(0.,0.0608773635800825,-0.998145253259033));
#8587=DIRECTION('',(-1.,-1.21520706900943E-16,-7.4116069102795E-18));
#8588=DIRECTION('',(0.,0.0608773635800825,-0.998145253259033));
#8589=DIRECTION('',(1.,0.,0.));
#8590=DIRECTION('',(0.,0.,-1.));
#8591=DIRECTION('',(0.,0.0608773635800825,-0.998145253259033));
#8592=DIRECTION('',(0.,-0.998145253259033,-0.0608773635800825));
#8593=DIRECTION('',(0.,-0.998145253259033,-0.0608773635800825));
#8594=DIRECTION('',(0.,0.0608773635800825,-0.998145253259033));
#8595=DIRECTION('',(0.,0.0608773635800825,-0.998145253259033));
#8596=DIRECTION('',(-1.,0.,0.));
#8597=DIRECTION('',(0.,-0.998145253259033,-0.0608773635800825));
#8598=DIRECTION('',(0.,0.0608773635800825,-0.998145253259033));
#8599=DIRECTION('',(0.,0.0608773635800825,-0.998145253259033));
#8600=DIRECTION('',(-1.,0.,0.));
#8601=DIRECTION('',(0.,0.0608773635800825,-0.998145253259033));
#8602=DIRECTION('',(1.,0.,0.));
#8603=DIRECTION('',(0.,0.,-1.));
#8604=DIRECTION('',(0.,0.0608773635800825,-0.998145253259033));
#8605=DIRECTION('',(0.,-0.998145253259033,-0.0608773635800825));
#8606=DIRECTION('',(0.,-0.998145253259033,-0.0608773635800825));
#8607=DIRECTION('',(0.,0.0608773635800825,-0.998145253259033));
#8608=DIRECTION('',(0.,0.0608773635800825,-0.998145253259033));
#8609=DIRECTION('',(-1.,0.,0.));
#8610=DIRECTION('',(0.,-0.998145253259033,-0.0608773635800825));
#8611=DIRECTION('',(0.,0.0608773635800825,-0.998145253259033));
#8612=DIRECTION('',(0.,0.0608773635800825,-0.998145253259033));
#8613=DIRECTION('',(-1.,0.,0.));
#8614=DIRECTION('',(0.,0.0608773635800825,-0.998145253259033));
#8615=DIRECTION('',(1.,0.,0.));
#8616=DIRECTION('',(0.,0.,-1.));
#8617=DIRECTION('',(0.,0.0608773635800825,-0.998145253259033));
#8618=DIRECTION('',(0.,-0.998145253259033,-0.0608773635800825));
#8619=DIRECTION('',(0.,-0.998145253259033,-0.0608773635800825));
#8620=DIRECTION('',(0.,0.0608773635800825,-0.998145253259033));
#8621=DIRECTION('',(0.,0.0608773635800825,-0.998145253259033));
#8622=DIRECTION('',(-1.,0.,0.));
#8623=DIRECTION('',(0.,-0.998145253259033,-0.0608773635800825));
#8624=DIRECTION('',(0.,0.0608773635800825,-0.998145253259033));
#8625=DIRECTION('',(0.,0.0608773635800825,-0.998145253259033));
#8626=DIRECTION('',(-1.,0.,0.));
#8627=DIRECTION('',(0.,0.0608773635800825,-0.998145253259033));
#8628=DIRECTION('',(1.,0.,0.));
#8629=DIRECTION('',(0.,0.,-1.));
#8630=DIRECTION('',(0.,0.0608773635800825,-0.998145253259033));
#8631=DIRECTION('',(0.,-0.998145253259033,-0.0608773635800825));
#8632=DIRECTION('',(0.,-0.998145253259033,-0.0608773635800825));
#8633=DIRECTION('',(0.,0.0608773635800825,-0.998145253259033));
#8634=DIRECTION('',(0.,0.0608773635800825,-0.998145253259033));
#8635=DIRECTION('',(-1.,0.,0.));
#8636=DIRECTION('',(0.,-0.998145253259033,-0.0608773635800825));
#8637=DIRECTION('',(0.,0.0608773635800825,-0.998145253259033));
#8638=DIRECTION('',(0.,0.0608773635800825,-0.998145253259033));
#8639=DIRECTION('',(-1.,0.,0.));
#8640=DIRECTION('',(0.,0.0608773635800825,-0.998145253259033));
#8641=DIRECTION('',(1.,0.,0.));
#8642=DIRECTION('',(0.,0.,-1.));
#8643=DIRECTION('',(0.,0.0608773635800825,-0.998145253259033));
#8644=DIRECTION('',(0.,-0.998145253259033,-0.0608773635800825));
#8645=DIRECTION('',(0.,-0.998145253259033,-0.0608773635800825));
#8646=DIRECTION('',(0.,0.0608773635800825,-0.998145253259033));
#8647=DIRECTION('',(0.,0.0608773635800825,-0.998145253259033));
#8648=DIRECTION('',(-1.,0.,0.));
#8649=DIRECTION('',(0.,-0.998145253259033,-0.0608773635800825));
#8650=DIRECTION('',(0.,0.0608773635800825,-0.998145253259033));
#8651=DIRECTION('',(0.,0.0608773635800825,-0.998145253259033));
#8652=DIRECTION('',(-1.,0.,0.));
#8653=DIRECTION('',(0.,0.0608773635800825,-0.998145253259033));
#8654=DIRECTION('',(1.,0.,0.));
#8655=DIRECTION('',(0.,0.,-1.));
#8656=DIRECTION('',(0.,0.0608773635800825,-0.998145253259033));
#8657=DIRECTION('',(0.,-0.998145253259033,-0.0608773635800825));
#8658=DIRECTION('',(0.,-0.998145253259033,-0.0608773635800825));
#8659=DIRECTION('',(0.,0.0608773635800825,-0.998145253259033));
#8660=DIRECTION('',(0.,0.0608773635800825,-0.998145253259033));
#8661=DIRECTION('',(-1.,0.,0.));
#8662=DIRECTION('',(0.,-0.998145253259033,-0.0608773635800825));
#8663=DIRECTION('',(0.,0.0608773635800825,-0.998145253259033));
#8664=DIRECTION('',(0.,0.0608773635800825,-0.998145253259033));
#8665=DIRECTION('',(-1.,0.,0.));
#8666=DIRECTION('',(0.,0.0608773635800825,-0.998145253259033));
#8667=DIRECTION('',(1.,5.41095626019769E-17,3.30016849243576E-18));
#8668=DIRECTION('',(-5.41095626019769E-17,1.,0.));
#8669=DIRECTION('',(0.,0.0608773635800825,-0.998145253259033));
#8670=DIRECTION('',(5.42101086242752E-17,-0.998145253259033,-0.0608773635800825));
#8671=DIRECTION('',(0.,-0.998145253259033,-0.0608773635800825));
#8672=DIRECTION('',(0.,0.0608773635800825,-0.998145253259033));
#8673=DIRECTION('',(0.,0.0608773635800825,-0.998145253259033));
#8674=DIRECTION('',(-1.,0.,0.));
#8675=DIRECTION('',(0.,-0.998145253259033,-0.0608773635800825));
#8676=DIRECTION('',(0.,0.0608773635800825,-0.998145253259033));
#8677=DIRECTION('',(0.,0.0608773635800825,-0.998145253259033));
#8678=DIRECTION('',(-1.,0.,0.));
#8679=DIRECTION('',(0.,0.0608773635800825,-0.998145253259033));
#8680=DIRECTION('',(1.,0.,0.));
#8681=DIRECTION('',(0.,0.,-1.));
#8682=DIRECTION('',(0.,0.0608773635800825,-0.998145253259033));
#8683=DIRECTION('',(0.,-0.998145253259033,-0.0608773635800825));
#8684=DIRECTION('',(0.,-0.998145253259033,-0.0608773635800825));
#8685=DIRECTION('',(0.,0.0608773635800825,-0.998145253259033));
#8686=DIRECTION('',(0.,0.0608773635800825,-0.998145253259033));
#8687=DIRECTION('',(-1.,0.,0.));
#8688=DIRECTION('',(0.,-0.998145253259033,-0.0608773635800825));
#8689=DIRECTION('',(0.,0.0608773635800825,-0.998145253259033));
#8690=DIRECTION('',(0.,0.0608773635800825,-0.998145253259033));
#8691=DIRECTION('',(-1.,0.,0.));
#8692=DIRECTION('',(0.,0.0608773635800825,-0.998145253259033));
#8693=DIRECTION('',(1.,0.,0.));
#8694=DIRECTION('',(0.,0.,-1.));
#8695=DIRECTION('',(0.,0.0608773635800825,-0.998145253259033));
#8696=DIRECTION('',(0.,-0.998145253259033,-0.0608773635800825));
#8697=DIRECTION('',(0.,-0.998145253259033,-0.0608773635800825));
#8698=DIRECTION('',(0.,0.0608773635800825,-0.998145253259033));
#8699=DIRECTION('',(0.,0.0608773635800825,-0.998145253259033));
#8700=DIRECTION('',(-1.,0.,0.));
#8701=DIRECTION('',(0.,-0.998145253259033,-0.0608773635800825));
#8702=DIRECTION('',(0.,0.0608773635800825,-0.998145253259033));
#8703=DIRECTION('',(0.,0.0608773635800825,-0.998145253259033));
#8704=DIRECTION('',(-1.,0.,0.));
#8705=DIRECTION('',(0.,0.0608773635800825,-0.998145253259033));
#8706=DIRECTION('',(1.,0.,0.));
#8707=DIRECTION('',(0.,0.,-1.));
#8708=DIRECTION('',(0.,0.0608773635800825,-0.998145253259033));
#8709=DIRECTION('',(0.,-0.998145253259033,-0.0608773635800825));
#8710=DIRECTION('',(0.,-0.998145253259033,-0.0608773635800825));
#8711=DIRECTION('',(0.,0.0608773635800825,-0.998145253259033));
#8712=DIRECTION('',(0.,0.0608773635800825,-0.998145253259033));
#8713=DIRECTION('',(-1.,0.,0.));
#8714=DIRECTION('',(0.,-0.998145253259033,-0.0608773635800825));
#8715=DIRECTION('',(0.,0.0608773635800825,-0.998145253259033));
#8716=DIRECTION('',(0.,0.0608773635800825,-0.998145253259033));
#8717=DIRECTION('',(-1.,0.,0.));
#8718=DIRECTION('',(0.,0.0608773635800825,-0.998145253259033));
#8719=DIRECTION('',(1.,0.,0.));
#8720=DIRECTION('',(0.,0.,-1.));
#8721=DIRECTION('',(0.,0.0608773635800825,-0.998145253259033));
#8722=DIRECTION('',(0.,-0.998145253259033,-0.0608773635800825));
#8723=DIRECTION('',(0.,-0.998145253259033,-0.0608773635800825));
#8724=DIRECTION('',(0.,0.0608773635800825,-0.998145253259033));
#8725=DIRECTION('',(0.,0.0608773635800825,-0.998145253259033));
#8726=DIRECTION('',(-1.,0.,0.));
#8727=DIRECTION('',(0.,-0.998145253259033,-0.0608773635800825));
#8728=DIRECTION('',(0.,0.0608773635800825,-0.998145253259033));
#8729=DIRECTION('',(0.,0.0608773635800825,-0.998145253259033));
#8730=DIRECTION('',(-1.,0.,0.));
#8731=DIRECTION('',(0.,0.0608773635800825,-0.998145253259033));
#8732=DIRECTION('',(1.,0.,0.));
#8733=DIRECTION('',(0.,0.,-1.));
#8734=DIRECTION('',(0.,0.0608773635800825,-0.998145253259033));
#8735=DIRECTION('',(0.,-0.998145253259033,-0.0608773635800825));
#8736=DIRECTION('',(0.,-0.998145253259033,-0.0608773635800825));
#8737=DIRECTION('',(0.,0.0608773635800825,-0.998145253259033));
#8738=DIRECTION('',(0.,0.0608773635800825,-0.998145253259033));
#8739=DIRECTION('',(-1.,0.,0.));
#8740=DIRECTION('',(0.,-0.998145253259033,-0.0608773635800825));
#8741=DIRECTION('',(0.,0.0608773635800825,-0.998145253259033));
#8742=DIRECTION('',(0.,0.0608773635800825,-0.998145253259033));
#8743=DIRECTION('',(-1.,0.,0.));
#8744=DIRECTION('',(0.,0.0608773635800825,-0.998145253259033));
#8745=DIRECTION('',(1.,0.,0.));
#8746=DIRECTION('',(0.,0.,-1.));
#8747=DIRECTION('',(0.,0.0608773635800825,-0.998145253259033));
#8748=DIRECTION('',(0.,-0.998145253259033,-0.0608773635800825));
#8749=DIRECTION('',(0.,-0.998145253259033,-0.0608773635800825));
#8750=DIRECTION('',(0.,0.0608773635800825,-0.998145253259033));
#8751=DIRECTION('',(0.,0.0608773635800825,-0.998145253259033));
#8752=DIRECTION('',(-1.,0.,0.));
#8753=DIRECTION('',(0.,-0.998145253259033,-0.0608773635800825));
#8754=DIRECTION('',(0.,0.0608773635800825,-0.998145253259033));
#8755=DIRECTION('',(0.,0.0608773635800825,-0.998145253259033));
#8756=DIRECTION('',(-1.,0.,0.));
#8757=DIRECTION('',(0.,0.0608773635800825,-0.998145253259033));
#8758=DIRECTION('',(1.,0.,0.));
#8759=DIRECTION('',(0.,0.,-1.));
#8760=DIRECTION('',(0.,0.0608773635800825,-0.998145253259033));
#8761=DIRECTION('',(0.,-0.998145253259033,-0.0608773635800825));
#8762=DIRECTION('',(0.,-0.998145253259033,-0.0608773635800825));
#8763=DIRECTION('',(0.,0.0608773635800825,-0.998145253259033));
#8764=DIRECTION('',(0.,0.0608773635800825,-0.998145253259033));
#8765=DIRECTION('',(-1.,0.,0.));
#8766=DIRECTION('',(0.,-0.998145253259033,-0.0608773635800825));
#8767=DIRECTION('',(0.,0.0608773635800825,-0.998145253259033));
#8768=DIRECTION('',(0.,0.0608773635800825,-0.998145253259033));
#8769=DIRECTION('',(-1.,0.,0.));
#8770=DIRECTION('',(0.,0.0608773635800825,-0.998145253259033));
#8771=DIRECTION('',(1.,0.,0.));
#8772=DIRECTION('',(0.,0.,-1.));
#8773=DIRECTION('',(0.,0.0608773635800825,-0.998145253259033));
#8774=DIRECTION('',(0.,-0.998145253259033,-0.0608773635800825));
#8775=DIRECTION('',(0.,-0.998145253259033,-0.0608773635800825));
#8776=DIRECTION('',(0.,0.0608773635800825,-0.998145253259033));
#8777=DIRECTION('',(0.,0.0608773635800825,-0.998145253259033));
#8778=DIRECTION('',(-1.,0.,0.));
#8779=DIRECTION('',(0.,-0.998145253259033,-0.0608773635800825));
#8780=DIRECTION('',(0.,0.0608773635800825,-0.998145253259033));
#8781=DIRECTION('',(0.,0.0608773635800825,-0.998145253259033));
#8782=DIRECTION('',(-1.,0.,0.));
#8783=DIRECTION('',(0.,0.0608773635800825,-0.998145253259033));
#8784=DIRECTION('',(1.,0.,0.));
#8785=DIRECTION('',(0.,0.,-1.));
#8786=DIRECTION('',(0.,0.0608773635800825,-0.998145253259033));
#8787=DIRECTION('',(0.,-0.998145253259033,-0.0608773635800825));
#8788=DIRECTION('',(0.,-0.998145253259033,-0.0608773635800825));
#8789=DIRECTION('',(0.,0.0608773635800825,-0.998145253259033));
#8790=DIRECTION('',(0.,0.0608773635800825,-0.998145253259033));
#8791=DIRECTION('',(-1.,0.,0.));
#8792=DIRECTION('',(0.,-0.998145253259033,-0.0608773635800825));
#8793=DIRECTION('',(0.,0.0608773635800825,-0.998145253259033));
#8794=DIRECTION('',(0.,0.0608773635800825,-0.998145253259033));
#8795=DIRECTION('',(-1.,0.,0.));
#8796=DIRECTION('',(0.,0.0608773635800825,-0.998145253259033));
#8797=DIRECTION('',(1.,0.,0.));
#8798=DIRECTION('',(0.,0.,-1.));
#8799=DIRECTION('',(0.,0.0608773635800825,-0.998145253259033));
#8800=DIRECTION('',(0.,-0.998145253259033,-0.0608773635800825));
#8801=DIRECTION('',(0.,-0.998145253259033,-0.0608773635800825));
#8802=DIRECTION('',(0.,0.0608773635800825,-0.998145253259033));
#8803=DIRECTION('',(0.,0.0608773635800825,-0.998145253259033));
#8804=DIRECTION('',(-1.,0.,0.));
#8805=DIRECTION('',(-8.6575300163163E-16,-0.998145253259033,-0.0608773635800825));
#8806=DIRECTION('',(0.,0.0608773635800825,-0.998145253259033));
#8807=DIRECTION('',(0.,0.0608773635800825,-0.998145253259033));
#8808=DIRECTION('',(-1.,8.64147249073371E-16,5.27047602508765E-17));
#8809=DIRECTION('',(0.,0.0608773635800825,-0.998145253259033));
#8810=DIRECTION('',(1.,0.,0.));
#8811=DIRECTION('',(0.,0.,-1.));
#8812=DIRECTION('',(0.,0.0608773635800825,-0.998145253259033));
#8813=DIRECTION('',(0.,-0.998145253259033,-0.0608773635800825));
#8814=DIRECTION('',(0.,-0.998145253259033,-0.0608773635800825));
#8815=DIRECTION('',(0.,0.0608773635800825,-0.998145253259033));
#8816=DIRECTION('',(0.,0.0608773635800825,-0.998145253259033));
#8817=DIRECTION('',(-1.,0.,0.));
#8818=DIRECTION('',(0.,-0.998145253259033,-0.0608773635800825));
#8819=DIRECTION('',(0.,0.0608773635800825,-0.998145253259033));
#8820=DIRECTION('',(0.,0.0608773635800825,-0.998145253259033));
#8821=DIRECTION('',(-1.,0.,0.));
#8822=DIRECTION('',(0.,0.0608773635800825,-0.998145253259033));
#8823=DIRECTION('',(1.,0.,0.));
#8824=DIRECTION('',(0.,0.,-1.));
#8825=DIRECTION('',(0.,0.0608773635800825,-0.998145253259033));
#8826=DIRECTION('',(0.,-0.998145253259033,-0.0608773635800825));
#8827=DIRECTION('',(0.,-0.998145253259033,-0.0608773635800825));
#8828=DIRECTION('',(0.,0.0608773635800825,-0.998145253259033));
#8829=DIRECTION('',(0.,0.0608773635800825,-0.998145253259033));
#8830=DIRECTION('',(-1.,0.,0.));
#8831=DIRECTION('',(0.,-0.998145253259033,-0.0608773635800825));
#8832=DIRECTION('',(0.,0.0608773635800825,-0.998145253259033));
#8833=DIRECTION('',(0.,0.0608773635800825,-0.998145253259033));
#8834=DIRECTION('',(-1.,0.,0.));
#8835=DIRECTION('',(0.,0.0608773635800825,-0.998145253259033));
#8836=DIRECTION('',(1.,0.,0.));
#8837=DIRECTION('',(0.,0.,-1.));
#8838=DIRECTION('',(0.,0.0608773635800825,-0.998145253259033));
#8839=DIRECTION('',(0.,-0.998145253259033,-0.0608773635800825));
#8840=DIRECTION('',(0.,-0.998145253259033,-0.0608773635800825));
#8841=DIRECTION('',(0.,0.0608773635800825,-0.998145253259033));
#8842=DIRECTION('',(0.,0.0608773635800825,-0.998145253259033));
#8843=DIRECTION('',(-1.,0.,0.));
#8844=DIRECTION('',(0.,-0.998145253259033,-0.0608773635800825));
#8845=DIRECTION('',(0.,0.0608773635800825,-0.998145253259033));
#8846=DIRECTION('',(0.,0.0608773635800825,-0.998145253259033));
#8847=DIRECTION('',(-1.,0.,0.));
#8848=DIRECTION('',(0.,0.0608773635800825,-0.998145253259033));
#8849=DIRECTION('',(1.,0.,0.));
#8850=DIRECTION('',(0.,0.,-1.));
#8851=DIRECTION('',(0.,0.0608773635800825,-0.998145253259033));
#8852=DIRECTION('',(0.,-0.998145253259033,-0.0608773635800825));
#8853=DIRECTION('',(0.,-0.998145253259033,-0.0608773635800825));
#8854=DIRECTION('',(0.,0.0608773635800825,-0.998145253259033));
#8855=DIRECTION('',(0.,0.0608773635800825,-0.998145253259033));
#8856=DIRECTION('',(-1.,0.,0.));
#8857=DIRECTION('',(0.,-0.998145253259033,-0.0608773635800825));
#8858=DIRECTION('',(0.,0.0608773635800825,-0.998145253259033));
#8859=DIRECTION('',(0.,0.0608773635800825,-0.998145253259033));
#8860=DIRECTION('',(-1.,0.,0.));
#8861=DIRECTION('',(0.,0.0608773635800825,-0.998145253259033));
#8862=DIRECTION('',(1.,0.,0.));
#8863=DIRECTION('',(0.,0.,-1.));
#8864=DIRECTION('',(0.,0.0608773635800825,-0.998145253259033));
#8865=DIRECTION('',(0.,-0.998145253259033,-0.0608773635800825));
#8866=DIRECTION('',(0.,-0.998145253259033,-0.0608773635800825));
#8867=DIRECTION('',(0.,0.0608773635800825,-0.998145253259033));
#8868=DIRECTION('',(0.,0.0608773635800825,-0.998145253259033));
#8869=DIRECTION('',(-1.,0.,0.));
#8870=DIRECTION('',(-1.73810634024814E-15,-0.998145253259033,-0.0608773635800825));
#8871=DIRECTION('',(0.,0.0608773635800825,-0.998145253259033));
#8872=DIRECTION('',(0.,0.0608773635800825,-0.998145253259033));
#8873=DIRECTION('',(-1.,1.73488259317811E-15,1.05811331616132E-16));
#8874=DIRECTION('',(0.,0.0608773635800825,-0.998145253259033));
#8875=DIRECTION('',(1.,0.,0.));
#8876=DIRECTION('',(0.,0.,-1.));
#8877=DIRECTION('',(0.,0.0608773635800825,-0.998145253259033));
#8878=DIRECTION('',(0.,-0.998145253259033,-0.0608773635800825));
#8879=DIRECTION('',(0.,-0.998145253259033,-0.0608773635800825));
#8880=DIRECTION('',(0.,0.0608773635800825,-0.998145253259033));
#8881=DIRECTION('',(0.,0.0608773635800825,-0.998145253259033));
#8882=DIRECTION('',(-1.,0.,0.));
#8883=DIRECTION('',(0.,-0.998145253259033,-0.0608773635800825));
#8884=DIRECTION('',(0.,0.0608773635800825,-0.998145253259033));
#8885=DIRECTION('',(0.,0.0608773635800825,-0.998145253259033));
#8886=DIRECTION('',(-1.,0.,0.));
#8887=DIRECTION('',(0.,0.0608773635800825,-0.998145253259033));
#8888=DIRECTION('',(1.,0.,0.));
#8889=DIRECTION('',(0.,0.,-1.));
#8890=DIRECTION('',(0.,0.0608773635800825,-0.998145253259033));
#8891=DIRECTION('',(0.,-0.998145253259033,-0.0608773635800825));
#8892=DIRECTION('',(0.,-0.998145253259033,-0.0608773635800825));
#8893=DIRECTION('',(0.,0.0608773635800825,-0.998145253259033));
#8894=DIRECTION('',(0.,0.0608773635800825,-0.998145253259033));
#8895=DIRECTION('',(-1.,0.,0.));
#8896=DIRECTION('',(0.,-0.998145253259033,-0.0608773635800825));
#8897=DIRECTION('',(0.,0.0608773635800825,-0.998145253259033));
#8898=DIRECTION('',(0.,0.0608773635800825,-0.998145253259033));
#8899=DIRECTION('',(-1.,0.,0.));
#8900=DIRECTION('',(0.,0.0608773635800825,-0.998145253259033));
#8901=DIRECTION('',(1.,0.,0.));
#8902=DIRECTION('',(0.,0.,-1.));
#8903=DIRECTION('',(0.,0.0608773635800825,-0.998145253259033));
#8904=DIRECTION('',(0.,-0.998145253259033,-0.0608773635800825));
#8905=DIRECTION('',(0.,-0.998145253259033,-0.0608773635800825));
#8906=DIRECTION('',(0.,0.0608773635800825,-0.998145253259033));
#8907=DIRECTION('',(0.,0.0608773635800825,-0.998145253259033));
#8908=DIRECTION('',(-1.,0.,0.));
#8909=DIRECTION('',(1.,0.,0.));
#8910=DIRECTION('',(0.,0.,-1.));
#8911=DIRECTION('',(0.,0.0608773635800825,-0.998145253259033));
#8912=DIRECTION('',(0.,-0.998145253259033,-0.0608773635800825));
#8913=DIRECTION('',(0.,0.0608773635800825,-0.998145253259033));
#8914=DIRECTION('',(0.,0.998145253259033,0.0608773635800825));
#8915=DIRECTION('',(0.,-0.0608773635800825,0.998145253259033));
#8916=DIRECTION('',(0.,0.0608773635800825,-0.998145253259033));
#8917=DIRECTION('',(1.,0.,0.));
#8918=DIRECTION('',(1.,0.,0.));
#8919=DIRECTION('',(0.,0.,-1.));
#8920=DIRECTION('',(0.,0.0608773635800825,-0.998145253259033));
#8921=DIRECTION('',(0.,-0.998145253259033,-0.0608773635800825));
#8922=DIRECTION('',(1.,0.,0.));
#8923=DIRECTION('',(0.,0.,-1.));
#8924=DIRECTION('',(0.,0.0608773635800825,-0.998145253259033));
#8925=DIRECTION('',(0.,-0.998145253259033,-0.0608773635800825));
#8926=DIRECTION('',(0.,0.0608773635800825,-0.998145253259033));
#8927=DIRECTION('',(0.,0.998145253259033,0.0608773635800825));
#8928=DIRECTION('',(0.,-0.0608773635800825,0.998145253259033));
#8929=DIRECTION('',(0.,0.0608773635800825,-0.998145253259033));
#8930=DIRECTION('',(1.,0.,0.));
#8931=DIRECTION('',(1.,0.,0.));
#8932=DIRECTION('',(0.,0.,-1.));
#8933=DIRECTION('',(0.,0.0608773635800825,-0.998145253259033));
#8934=DIRECTION('',(0.,-0.998145253259033,-0.0608773635800825));
#8935=DIRECTION('',(0.,-0.998145253259033,-0.0608773635800825));
#8936=DIRECTION('',(0.,0.0608773635800825,-0.998145253259033));
#8937=DIRECTION('',(0.,0.0608773635800825,-0.998145253259033));
#8938=DIRECTION('',(-1.,0.,0.));
#8939=DIRECTION('',(0.,0.0608773635800825,-0.998145253259033));
#8940=DIRECTION('',(1.,5.41095626019769E-17,3.30016849243577E-18));
#8941=DIRECTION('',(-5.41095626019769E-17,1.,0.));
#8942=DIRECTION('',(0.,0.0608773635800825,-0.998145253259033));
#8943=DIRECTION('',(5.42101086242752E-17,-0.998145253259033,-0.0608773635800825));
#8944=DIRECTION('',(0.,-0.998145253259033,-0.0608773635800825));
#8945=DIRECTION('',(0.,0.0608773635800825,-0.998145253259033));
#8946=DIRECTION('',(0.,0.0608773635800825,-0.998145253259033));
#8947=DIRECTION('',(-1.,0.,0.));
#8948=DIRECTION('',(0.,-0.998145253259033,-0.0608773635800825));
#8949=DIRECTION('',(0.,0.0608773635800825,-0.998145253259033));
#8950=DIRECTION('',(0.,0.0608773635800825,-0.998145253259033));
#8951=DIRECTION('',(-1.,0.,0.));
#8952=DIRECTION('',(0.,0.0608773635800825,-0.998145253259033));
#8953=DIRECTION('',(1.,0.,0.));
#8954=DIRECTION('',(0.,0.,-1.));
#8955=DIRECTION('',(0.,0.0608773635800825,-0.998145253259033));
#8956=DIRECTION('',(0.,-0.998145253259033,-0.0608773635800825));
#8957=DIRECTION('',(0.,-0.998145253259033,-0.0608773635800825));
#8958=DIRECTION('',(0.,0.0608773635800825,-0.998145253259033));
#8959=DIRECTION('',(0.,0.0608773635800825,-0.998145253259033));
#8960=DIRECTION('',(-1.,0.,0.));
#8961=DIRECTION('',(0.,-0.998145253259033,-0.0608773635800825));
#8962=DIRECTION('',(0.,0.0608773635800825,-0.998145253259033));
#8963=DIRECTION('',(0.,0.0608773635800825,-0.998145253259033));
#8964=DIRECTION('',(-1.,0.,0.));
#8965=DIRECTION('',(0.,0.0608773635800825,-0.998145253259033));
#8966=DIRECTION('',(1.,0.,0.));
#8967=DIRECTION('',(0.,0.,-1.));
#8968=DIRECTION('',(0.,0.0608773635800825,-0.998145253259033));
#8969=DIRECTION('',(0.,-0.998145253259033,-0.0608773635800825));
#8970=DIRECTION('',(0.,-0.998145253259033,-0.0608773635800825));
#8971=DIRECTION('',(0.,0.0608773635800825,-0.998145253259033));
#8972=DIRECTION('',(0.,0.0608773635800825,-0.998145253259033));
#8973=DIRECTION('',(-1.,0.,0.));
#8974=DIRECTION('',(0.,-0.998145253259033,-0.0608773635800825));
#8975=DIRECTION('',(0.,0.0608773635800825,-0.998145253259033));
#8976=DIRECTION('',(0.,0.0608773635800825,-0.998145253259033));
#8977=DIRECTION('',(-1.,0.,0.));
#8978=DIRECTION('',(0.,0.0608773635800825,-0.998145253259033));
#8979=DIRECTION('',(1.,0.,0.));
#8980=DIRECTION('',(0.,0.,-1.));
#8981=DIRECTION('',(0.,0.0608773635800825,-0.998145253259033));
#8982=DIRECTION('',(0.,-0.998145253259033,-0.0608773635800825));
#8983=DIRECTION('',(0.,-0.998145253259033,-0.0608773635800825));
#8984=DIRECTION('',(0.,0.0608773635800825,-0.998145253259033));
#8985=DIRECTION('',(0.,0.0608773635800825,-0.998145253259033));
#8986=DIRECTION('',(-1.,0.,0.));
#8987=DIRECTION('',(0.,-0.998145253259033,-0.0608773635800825));
#8988=DIRECTION('',(0.,0.0608773635800825,-0.998145253259033));
#8989=DIRECTION('',(0.,0.0608773635800825,-0.998145253259033));
#8990=DIRECTION('',(-1.,0.,0.));
#8991=DIRECTION('',(0.,0.0608773635800825,-0.998145253259033));
#8992=DIRECTION('',(1.,0.,0.));
#8993=DIRECTION('',(0.,0.,-1.));
#8994=DIRECTION('',(0.,0.0608773635800825,-0.998145253259033));
#8995=DIRECTION('',(0.,-0.998145253259033,-0.0608773635800825));
#8996=DIRECTION('',(0.,-0.998145253259033,-0.0608773635800825));
#8997=DIRECTION('',(0.,0.0608773635800825,-0.998145253259033));
#8998=DIRECTION('',(0.,0.0608773635800825,-0.998145253259033));
#8999=DIRECTION('',(-1.,0.,0.));
#9000=DIRECTION('',(0.,0.0608773635800825,-0.998145253259033));
#9001=DIRECTION('',(0.,0.998145253259033,0.0608773635800825));
#9002=DIRECTION('',(0.,0.0608773635800825,-0.998145253259033));
#9003=DIRECTION('',(0.,-0.0608773635800825,0.998145253259033));
#9004=DIRECTION('',(0.,-0.998145253259033,-0.0608773635800825));
#9005=DIRECTION('',(0.,0.0608773635800825,-0.998145253259033));
#9006=DIRECTION('',(0.,-0.998145253259033,-0.0608773635800825));
#9007=DIRECTION('',(0.,0.0608773635800825,-0.998145253259033));
#9008=DIRECTION('',(0.,0.0608773635800825,-0.998145253259033));
#9009=DIRECTION('',(-1.,0.,0.));
#9010=DIRECTION('',(0.,0.0608773635800825,-0.998145253259033));
#9011=DIRECTION('',(0.,0.998145253259033,0.0608773635800825));
#9012=DIRECTION('',(0.,0.0608773635800825,-0.998145253259033));
#9013=DIRECTION('',(0.,-0.0608773635800825,0.998145253259033));
#9014=DIRECTION('',(0.,-0.998145253259033,-0.0608773635800825));
#9015=DIRECTION('',(-1.,0.,0.));
#9016=DIRECTION('',(0.,0.,1.));
#9017=DIRECTION('',(0.,0.0608773635800825,-0.998145253259033));
#9018=DIRECTION('',(0.,0.998145253259033,0.0608773635800825));
#9019=DIRECTION('',(0.,0.0608773635800825,-0.998145253259033));
#9020=DIRECTION('',(0.,0.998145253259033,0.0608773635800825));
#9021=DIRECTION('',(0.,0.0608773635800825,-0.998145253259033));
#9022=DIRECTION('',(0.,-0.0608773635800825,0.998145253259033));
#9023=DIRECTION('',(0.,-0.998145253259033,-0.0608773635800825));
#9024=DIRECTION('',(9.78886393572457E-17,-0.998145253259033,-0.0608773635800825));
#9025=DIRECTION('',(0.,0.0608773635800825,-0.998145253259033));
#9026=DIRECTION('',(0.,0.0608773635800825,-0.998145253259033));
#9027=DIRECTION('',(9.78886393572457E-17,-0.998145253259033,-0.0608773635800825));
#9028=DIRECTION('',(1.6049821309014E-15,0.0608773635800825,-0.998145253259033));
#9029=DIRECTION('',(-1.,-9.77070807224201E-17,-5.95920228851062E-18));
#9030=DIRECTION('',(0.,0.0608773635800825,-0.998145253259033));
#9031=DIRECTION('',(0.,0.998145253259033,0.0608773635800825));
#9032=DIRECTION('',(0.,0.0608773635800825,-0.998145253259033));
#9033=DIRECTION('',(0.,-0.0608773635800825,0.998145253259033));
#9034=DIRECTION('',(0.,-0.998145253259033,-0.0608773635800825));
#9035=DIRECTION('',(1.,0.,0.));
#9036=DIRECTION('',(0.,0.,-1.));
#9037=DIRECTION('',(0.,0.0608773635800825,-0.998145253259033));
#9038=DIRECTION('',(0.,-0.998145253259033,-0.0608773635800825));
#9039=DIRECTION('',(0.,0.0608773635800825,-0.998145253259033));
#9040=DIRECTION('',(0.,0.998145253259033,0.0608773635800825));
#9041=DIRECTION('',(0.,-0.0608773635800825,0.998145253259033));
#9042=DIRECTION('',(0.,0.0608773635800825,-0.998145253259033));
#9043=DIRECTION('',(1.,0.,0.));
#9044=DIRECTION('',(1.,0.,0.));
#9045=DIRECTION('',(0.,0.,-1.));
#9046=DIRECTION('',(0.,0.0608773635800825,-0.998145253259033));
#9047=DIRECTION('',(0.,-0.998145253259033,-0.0608773635800825));
#9048=DIRECTION('',(0.,0.998145253259033,0.0608773635800825));
#9049=DIRECTION('',(0.,-0.0608773635800825,0.998145253259033));
#9050=DIRECTION('',(0.,0.0608773635800825,-0.998145253259033));
#9051=DIRECTION('',(1.,0.,0.));
#9052=DIRECTION('',(1.,0.,0.));
#9053=DIRECTION('',(0.,0.,-1.));
#9054=DIRECTION('',(0.,0.0608773635800825,-0.998145253259033));
#9055=DIRECTION('',(0.,-0.998145253259033,-0.0608773635800825));
#9056=DIRECTION('',(0.,0.998145253259033,0.0608773635800825));
#9057=DIRECTION('',(0.,-0.0608773635800825,0.998145253259033));
#9058=DIRECTION('',(0.,0.0608773635800825,-0.998145253259033));
#9059=DIRECTION('',(1.,0.,0.));
#9060=DIRECTION('',(1.,0.,0.));
#9061=DIRECTION('',(0.,0.,-1.));
#9062=DIRECTION('',(0.,0.0608773635800825,-0.998145253259033));
#9063=DIRECTION('',(0.,-0.998145253259033,-0.0608773635800825));
#9064=DIRECTION('',(0.,-0.998145253259033,-0.0608773635800825));
#9065=DIRECTION('',(0.,0.0608773635800825,-0.998145253259033));
#9066=DIRECTION('',(0.,0.0608773635800825,-0.998145253259033));
#9067=DIRECTION('',(-1.,0.,0.));
#9068=DIRECTION('',(1.,0.,0.));
#9069=DIRECTION('',(0.,0.,-1.));
#9070=DIRECTION('',(0.,0.0608773635800825,-0.998145253259033));
#9071=DIRECTION('',(0.,-0.998145253259033,-0.0608773635800825));
#9072=DIRECTION('',(0.,0.998145253259033,0.0608773635800825));
#9073=DIRECTION('',(0.,-0.0608773635800825,0.998145253259033));
#9074=DIRECTION('',(0.,0.0608773635800825,-0.998145253259033));
#9075=DIRECTION('',(1.,0.,0.));
#9076=DIRECTION('',(1.,0.,0.));
#9077=DIRECTION('',(0.,0.,-1.));
#9078=DIRECTION('',(0.,0.0608773635800825,-0.998145253259033));
#9079=DIRECTION('',(0.,-0.998145253259033,-0.0608773635800825));
#9080=DIRECTION('',(0.,0.998145253259033,0.0608773635800825));
#9081=DIRECTION('',(0.,-0.0608773635800825,0.998145253259033));
#9082=DIRECTION('',(0.,0.0608773635800825,-0.998145253259033));
#9083=DIRECTION('',(1.,0.,0.));
#9084=DIRECTION('',(1.,0.,0.));
#9085=DIRECTION('',(0.,0.,-1.));
#9086=DIRECTION('',(0.,0.0608773635800825,-0.998145253259033));
#9087=DIRECTION('',(0.,-0.998145253259033,-0.0608773635800825));
#9088=DIRECTION('',(0.,0.998145253259033,0.0608773635800825));
#9089=DIRECTION('',(0.,-0.0608773635800825,0.998145253259033));
#9090=DIRECTION('',(0.,0.0608773635800825,-0.998145253259033));
#9091=DIRECTION('',(1.,0.,0.));
#9092=DIRECTION('',(1.,0.,0.));
#9093=DIRECTION('',(0.,0.,-1.));
#9094=DIRECTION('',(0.,0.0608773635800825,-0.998145253259033));
#9095=DIRECTION('',(0.,-0.998145253259033,-0.0608773635800825));
#9096=DIRECTION('',(1.,0.,0.));
#9097=DIRECTION('',(0.,0.,-1.));
#9098=DIRECTION('',(0.,0.0608773635800825,-0.998145253259033));
#9099=DIRECTION('',(0.,-0.998145253259033,-0.0608773635800825));
#9100=DIRECTION('',(0.,0.0608773635800825,-0.998145253259033));
#9101=DIRECTION('',(0.,0.998145253259033,0.0608773635800825));
#9102=DIRECTION('',(0.,-0.0608773635800825,0.998145253259033));
#9103=DIRECTION('',(0.,0.0608773635800825,-0.998145253259033));
#9104=DIRECTION('',(1.,0.,0.));
#9105=DIRECTION('',(1.,0.,0.));
#9106=DIRECTION('',(0.,0.,-1.));
#9107=DIRECTION('',(0.,0.0608773635800825,-0.998145253259033));
#9108=DIRECTION('',(0.,-0.998145253259033,-0.0608773635800825));
#9109=DIRECTION('',(0.,0.998145253259033,0.0608773635800825));
#9110=DIRECTION('',(0.,-0.0608773635800825,0.998145253259033));
#9111=DIRECTION('',(0.,0.0608773635800825,-0.998145253259033));
#9112=DIRECTION('',(1.,0.,0.));
#9113=DIRECTION('',(1.,0.,0.));
#9114=DIRECTION('',(0.,0.,-1.));
#9115=DIRECTION('',(0.,0.0608773635800825,-0.998145253259033));
#9116=DIRECTION('',(0.,-0.998145253259033,-0.0608773635800825));
#9117=DIRECTION('',(0.,-0.998145253259033,-0.0608773635800825));
#9118=DIRECTION('',(0.,0.0608773635800825,-0.998145253259033));
#9119=DIRECTION('',(0.,0.0608773635800825,-0.998145253259033));
#9120=DIRECTION('',(-1.,0.,0.));
#9121=DIRECTION('',(1.,0.,0.));
#9122=DIRECTION('',(0.,0.,-1.));
#9123=DIRECTION('',(0.,0.0608773635800825,-0.998145253259033));
#9124=DIRECTION('',(0.,-0.998145253259033,-0.0608773635800825));
#9125=DIRECTION('',(0.,0.998145253259033,0.0608773635800825));
#9126=DIRECTION('',(0.,-0.0608773635800825,0.998145253259033));
#9127=DIRECTION('',(0.,0.0608773635800825,-0.998145253259033));
#9128=DIRECTION('',(1.,0.,0.));
#9129=DIRECTION('',(1.,0.,0.));
#9130=DIRECTION('',(0.,0.,-1.));
#9131=DIRECTION('',(0.,0.0608773635800825,-0.998145253259033));
#9132=DIRECTION('',(0.,-0.998145253259033,-0.0608773635800825));
#9133=DIRECTION('',(0.,0.998145253259033,0.0608773635800825));
#9134=DIRECTION('',(0.,-0.0608773635800825,0.998145253259033));
#9135=DIRECTION('',(0.,0.0608773635800825,-0.998145253259033));
#9136=DIRECTION('',(1.,0.,0.));
#9137=DIRECTION('',(1.,0.,0.));
#9138=DIRECTION('',(0.,0.,-1.));
#9139=DIRECTION('',(0.,0.0608773635800825,-0.998145253259033));
#9140=DIRECTION('',(0.,-0.998145253259033,-0.0608773635800825));
#9141=DIRECTION('',(-1.,0.,0.));
#9142=DIRECTION('',(0.,0.,1.));
#9143=DIRECTION('',(0.,0.0608773635800825,-0.998145253259033));
#9144=DIRECTION('',(0.,0.998145253259033,0.0608773635800825));
#9145=DIRECTION('',(0.,0.0608773635800825,-0.998145253259033));
#9146=DIRECTION('',(0.,-0.998145253259033,-0.0608773635800825));
#9147=DIRECTION('',(0.,0.0608773635800825,-0.998145253259033));
#9148=DIRECTION('',(0.,0.0608773635800825,-0.998145253259033));
#9149=DIRECTION('',(-1.,0.,0.));
#9150=DIRECTION('',(-1.,0.,0.));
#9151=DIRECTION('',(0.,0.,1.));
#9152=DIRECTION('',(0.,0.0608773635800825,-0.998145253259033));
#9153=DIRECTION('',(0.,0.998145253259033,0.0608773635800825));
#9154=DIRECTION('',(1.,0.,0.));
#9155=DIRECTION('',(0.,0.,-1.));
#9156=DIRECTION('',(0.,0.0608773635800825,-0.998145253259033));
#9157=DIRECTION('',(0.,-0.998145253259033,-0.0608773635800825));
#9158=DIRECTION('',(0.,0.0608773635800825,-0.998145253259033));
#9159=DIRECTION('',(0.,0.998145253259033,0.0608773635800825));
#9160=DIRECTION('',(0.,-0.0608773635800825,0.998145253259033));
#9161=DIRECTION('',(0.,0.0608773635800825,-0.998145253259033));
#9162=DIRECTION('',(1.,0.,0.));
#9163=DIRECTION('',(1.,0.,0.));
#9164=DIRECTION('',(0.,0.,-1.));
#9165=DIRECTION('',(0.,0.0608773635800825,-0.998145253259033));
#9166=DIRECTION('',(0.,-0.998145253259033,-0.0608773635800825));
#9167=DIRECTION('',(0.,0.998145253259033,0.0608773635800825));
#9168=DIRECTION('',(0.,-0.0608773635800825,0.998145253259033));
#9169=DIRECTION('',(0.,0.0608773635800825,-0.998145253259033));
#9170=DIRECTION('',(1.,0.,0.));
#9171=DIRECTION('',(1.,0.,0.));
#9172=DIRECTION('',(0.,0.,-1.));
#9173=DIRECTION('',(0.,0.0608773635800825,-0.998145253259033));
#9174=DIRECTION('',(0.,-0.998145253259033,-0.0608773635800825));
#9175=DIRECTION('',(3.30937167912819E-16,-0.998145253259033,-0.0608773635800825));
#9176=DIRECTION('',(0.,0.0608773635800825,-0.998145253259033));
#9177=DIRECTION('',(0.,0.0608773635800825,-0.998145253259033));
#9178=DIRECTION('',(-1.,-3.30323363279168E-16,-2.01465822931915E-17));
#9179=DIRECTION('',(1.,0.,0.));
#9180=DIRECTION('',(0.,0.,-1.));
#9181=DIRECTION('',(0.,0.0608773635800825,-0.998145253259033));
#9182=DIRECTION('',(0.,-0.998145253259033,-0.0608773635800825));
#9183=DIRECTION('',(0.,0.998145253259033,0.0608773635800825));
#9184=DIRECTION('',(0.,-0.0608773635800825,0.998145253259033));
#9185=DIRECTION('',(0.,0.0608773635800825,-0.998145253259033));
#9186=DIRECTION('',(1.,0.,0.));
#9187=DIRECTION('',(1.,0.,0.));
#9188=DIRECTION('',(0.,0.,-1.));
#9189=DIRECTION('',(0.,0.0608773635800825,-0.998145253259033));
#9190=DIRECTION('',(0.,-0.998145253259033,-0.0608773635800825));
#9191=DIRECTION('',(0.,0.998145253259033,0.0608773635800825));
#9192=DIRECTION('',(0.,-0.0608773635800825,0.998145253259033));
#9193=DIRECTION('',(0.,0.0608773635800825,-0.998145253259033));
#9194=DIRECTION('',(1.,0.,0.));
#9195=DIRECTION('',(1.,0.,0.));
#9196=DIRECTION('',(0.,0.,-1.));
#9197=DIRECTION('',(0.,0.0608773635800825,-0.998145253259033));
#9198=DIRECTION('',(0.,-0.998145253259033,-0.0608773635800825));
#9199=DIRECTION('',(1.,0.,0.));
#9200=DIRECTION('',(0.,0.,-1.));
#9201=DIRECTION('',(0.,-0.998145253259033,-0.0608773635800825));
#9202=DIRECTION('',(1.,0.,0.));
#9203=DIRECTION('',(0.,0.,-1.));
#9204=DIRECTION('',(0.,-0.998145253259033,-0.0608773635800825));
#9205=DIRECTION('',(1.,0.,0.));
#9206=DIRECTION('',(0.,0.,-1.));
#9207=DIRECTION('',(0.,-0.998145253259033,-0.0608773635800825));
#9208=DIRECTION('',(1.,0.,0.));
#9209=DIRECTION('',(0.,0.,-1.));
#9210=DIRECTION('',(0.,-0.998145253259033,-0.0608773635800825));
#9211=DIRECTION('',(1.,0.,0.));
#9212=DIRECTION('',(0.,0.,-1.));
#9213=DIRECTION('',(0.,-0.998145253259033,-0.0608773635800825));
#9214=DIRECTION('',(1.,0.,0.));
#9215=DIRECTION('',(0.,0.,-1.));
#9216=DIRECTION('',(0.,-0.998145253259033,-0.0608773635800825));
#9217=DIRECTION('',(1.,2.16438250407907E-16,1.3200673969743E-17));
#9218=DIRECTION('',(-2.16438250407907E-16,1.,0.));
#9219=DIRECTION('',(2.16840434497101E-16,-0.998145253259033,-0.0608773635800825));
#9220=DIRECTION('',(1.,0.,0.));
#9221=DIRECTION('',(0.,0.,-1.));
#9222=DIRECTION('',(0.,-0.998145253259033,-0.0608773635800825));
#9223=DIRECTION('',(1.,2.16438250407907E-16,1.3200673969743E-17));
#9224=DIRECTION('',(-2.16438250407907E-16,1.,0.));
#9225=DIRECTION('',(2.16840434497101E-16,-0.998145253259033,-0.0608773635800825));
#9226=DIRECTION('',(1.,0.,0.));
#9227=DIRECTION('',(0.,0.,-1.));
#9228=DIRECTION('',(0.,-0.998145253259033,-0.0608773635800825));
#9229=DIRECTION('',(1.,0.,0.));
#9230=DIRECTION('',(0.,0.,-1.));
#9231=DIRECTION('',(0.,-0.998145253259033,-0.0608773635800825));
#9232=DIRECTION('',(1.,0.,0.));
#9233=DIRECTION('',(0.,0.,-1.));
#9234=DIRECTION('',(0.,-0.998145253259033,-0.0608773635800825));
#9235=DIRECTION('',(1.,0.,0.));
#9236=DIRECTION('',(0.,0.,-1.));
#9237=DIRECTION('',(0.,-0.998145253259033,-0.0608773635800825));
#9238=DIRECTION('',(1.,0.,0.));
#9239=DIRECTION('',(0.,0.,-1.));
#9240=DIRECTION('',(0.,-0.998145253259033,-0.0608773635800825));
#9241=DIRECTION('',(1.,0.,0.));
#9242=DIRECTION('',(0.,0.,-1.));
#9243=DIRECTION('',(0.,-0.998145253259033,-0.0608773635800825));
#9244=DIRECTION('',(1.,0.,0.));
#9245=DIRECTION('',(0.,0.,-1.));
#9246=DIRECTION('',(0.,-0.998145253259033,-0.0608773635800825));
#9247=DIRECTION('',(1.,0.,0.));
#9248=DIRECTION('',(0.,0.,-1.));
#9249=DIRECTION('',(0.,-0.998145253259033,-0.0608773635800825));
#9250=DIRECTION('',(1.,0.,0.));
#9251=DIRECTION('',(0.,0.,-1.));
#9252=DIRECTION('',(0.,-0.998145253259033,-0.0608773635800825));
#9253=DIRECTION('',(1.,0.,0.));
#9254=DIRECTION('',(0.,0.,-1.));
#9255=DIRECTION('',(0.,-0.998145253259033,-0.0608773635800825));
#9256=DIRECTION('',(1.,6.7636953252471E-17,4.12521061554471E-18));
#9257=DIRECTION('',(-6.7636953252471E-17,1.,0.));
#9258=DIRECTION('',(6.7762635780344E-17,-0.998145253259033,-0.0608773635800825));
#9259=DIRECTION('',(1.,0.,0.));
#9260=DIRECTION('',(0.,0.,-1.));
#9261=DIRECTION('',(0.,-0.998145253259033,-0.0608773635800825));
#9262=DIRECTION('',(1.,0.,0.));
#9263=DIRECTION('',(0.,0.,-1.));
#9264=DIRECTION('',(0.,-0.998145253259033,-0.0608773635800825));
#9265=DIRECTION('',(1.,0.,0.));
#9266=DIRECTION('',(0.,0.,-1.));
#9267=DIRECTION('',(0.,-0.998145253259033,-0.0608773635800825));
#9268=DIRECTION('',(1.,0.,0.));
#9269=DIRECTION('',(0.,0.,-1.));
#9270=DIRECTION('',(0.,-0.998145253259033,-0.0608773635800825));
#9271=DIRECTION('',(1.,0.,0.));
#9272=DIRECTION('',(0.,0.,-1.));
#9273=DIRECTION('',(0.,-0.998145253259033,-0.0608773635800825));
#9274=DIRECTION('',(1.,0.,0.));
#9275=DIRECTION('',(0.,0.,-1.));
#9276=DIRECTION('',(0.,-0.998145253259033,-0.0608773635800825));
#9277=DIRECTION('',(1.,0.,0.));
#9278=DIRECTION('',(0.,0.,-1.));
#9279=DIRECTION('',(0.,-0.998145253259033,-0.0608773635800825));
#9280=DIRECTION('',(1.,0.,0.));
#9281=DIRECTION('',(0.,0.,-1.));
#9282=DIRECTION('',(0.,-0.998145253259033,-0.0608773635800825));
#9283=DIRECTION('',(1.,0.,0.));
#9284=DIRECTION('',(0.,0.,-1.));
#9285=DIRECTION('',(0.,-0.998145253259033,-0.0608773635800825));
#9286=DIRECTION('',(1.,0.,0.));
#9287=DIRECTION('',(0.,0.,-1.));
#9288=DIRECTION('',(0.,-0.998145253259033,-0.0608773635800825));
#9289=DIRECTION('',(1.,0.,0.));
#9290=DIRECTION('',(0.,0.,-1.));
#9291=DIRECTION('',(0.,-0.998145253259033,-0.0608773635800825));
#9292=DIRECTION('',(1.,0.,0.));
#9293=DIRECTION('',(0.,0.,-1.));
#9294=DIRECTION('',(0.,-0.998145253259033,-0.0608773635800825));
#9295=DIRECTION('',(1.,1.08219125203954E-16,6.60033698487153E-18));
#9296=DIRECTION('',(-1.08219125203954E-16,1.,0.));
#9297=DIRECTION('',(1.0842021724855E-16,-0.998145253259033,-0.0608773635800825));
#9298=DIRECTION('',(1.,0.,0.));
#9299=DIRECTION('',(0.,0.,-1.));
#9300=DIRECTION('',(0.,-0.998145253259033,-0.0608773635800825));
#9301=DIRECTION('',(1.,0.,0.));
#9302=DIRECTION('',(0.,0.,-1.));
#9303=DIRECTION('',(0.,-0.998145253259033,-0.0608773635800825));
#9304=DIRECTION('',(1.,0.,0.));
#9305=DIRECTION('',(0.,0.,-1.));
#9306=DIRECTION('',(0.,-0.998145253259033,-0.0608773635800825));
#9307=DIRECTION('',(1.,0.,0.));
#9308=DIRECTION('',(0.,0.,-1.));
#9309=DIRECTION('',(0.,-0.998145253259033,-0.0608773635800825));
#9310=DIRECTION('',(1.,0.,0.));
#9311=DIRECTION('',(0.,0.,-1.));
#9312=DIRECTION('',(0.,-0.998145253259033,-0.0608773635800825));
#9313=DIRECTION('',(1.,0.,0.));
#9314=DIRECTION('',(0.,0.,-1.));
#9315=DIRECTION('',(0.,-0.998145253259033,-0.0608773635800825));
#9316=DIRECTION('',(1.,0.,0.));
#9317=DIRECTION('',(0.,0.,-1.));
#9318=DIRECTION('',(0.,-0.998145253259033,-0.0608773635800825));
#9319=DIRECTION('',(1.,0.,0.));
#9320=DIRECTION('',(0.,0.,-1.));
#9321=DIRECTION('',(0.,-0.998145253259033,-0.0608773635800825));
#9322=DIRECTION('',(1.,0.,0.));
#9323=DIRECTION('',(0.,0.,-1.));
#9324=DIRECTION('',(0.,-0.998145253259033,-0.0608773635800825));
#9325=DIRECTION('',(1.,1.08219125203954E-16,6.60033698487153E-18));
#9326=DIRECTION('',(-1.08219125203954E-16,1.,0.));
#9327=DIRECTION('',(1.0842021724855E-16,-0.998145253259033,-0.0608773635800825));
#9328=DIRECTION('',(1.,0.,0.));
#9329=DIRECTION('',(0.,0.,-1.));
#9330=DIRECTION('',(0.,-0.998145253259033,-0.0608773635800825));
#9331=DIRECTION('',(1.,0.,0.));
#9332=DIRECTION('',(0.,0.,-1.));
#9333=DIRECTION('',(0.,-0.998145253259033,-0.0608773635800825));
#9334=DIRECTION('',(1.,0.,0.));
#9335=DIRECTION('',(0.,0.,-1.));
#9336=DIRECTION('',(0.,-0.998145253259033,-0.0608773635800825));
#9337=DIRECTION('',(1.,0.,0.));
#9338=DIRECTION('',(0.,0.,-1.));
#9339=DIRECTION('',(0.,-0.998145253259033,-0.0608773635800825));
#9340=DIRECTION('',(1.,0.,0.));
#9341=DIRECTION('',(0.,0.,-1.));
#9342=DIRECTION('',(0.,-0.998145253259033,-0.0608773635800825));
#9343=DIRECTION('',(1.,0.,0.));
#9344=DIRECTION('',(0.,0.,-1.));
#9345=DIRECTION('',(0.,-0.998145253259033,-0.0608773635800825));
#9346=DIRECTION('',(1.,0.,0.));
#9347=DIRECTION('',(0.,0.,-1.));
#9348=DIRECTION('',(0.,-0.998145253259033,-0.0608773635800825));
#9349=DIRECTION('',(0.,0.998145253259033,0.0608773635800825));
#9350=DIRECTION('',(0.,-0.0608773635800825,0.998145253259033));
#9351=DIRECTION('',(1.,0.,0.));
#9352=DIRECTION('',(0.,0.998145253259033,0.0608773635800825));
#9353=DIRECTION('',(0.,-0.0608773635800825,0.998145253259033));
#9354=DIRECTION('',(1.,0.,0.));
#9355=DIRECTION('',(1.,0.,0.));
#9356=DIRECTION('',(0.,0.,-1.));
#9357=DIRECTION('',(0.,-0.998145253259033,-0.0608773635800825));
#9358=DIRECTION('',(1.,0.,0.));
#9359=DIRECTION('',(0.,0.,-1.));
#9360=DIRECTION('',(0.,-0.998145253259033,-0.0608773635800825));
#9361=DIRECTION('',(1.,0.,0.));
#9362=DIRECTION('',(0.,0.,-1.));
#9363=DIRECTION('',(0.,-0.998145253259033,-0.0608773635800825));
#9364=DIRECTION('',(1.,0.,0.));
#9365=DIRECTION('',(0.,0.,-1.));
#9366=DIRECTION('',(0.,-0.998145253259033,-0.0608773635800825));
#9367=DIRECTION('',(1.,0.,0.));
#9368=DIRECTION('',(0.,0.,-1.));
#9369=DIRECTION('',(0.,-0.998145253259033,-0.0608773635800825));
#9370=DIRECTION('',(-1.,0.,0.));
#9371=DIRECTION('',(0.,0.,1.));
#9372=DIRECTION('',(0.,0.998145253259033,0.0608773635800825));
#9373=DIRECTION('',(0.,-0.998145253259033,-0.0608773635800825));
#9374=DIRECTION('',(0.,0.0608773635800825,-0.998145253259033));
#9375=DIRECTION('',(-1.,0.,0.));
#9376=DIRECTION('',(0.,-0.998145253259033,-0.0608773635800825));
#9377=DIRECTION('',(0.,0.0608773635800825,-0.998145253259033));
#9378=DIRECTION('',(-1.,0.,0.));
#9379=DIRECTION('',(0.,-0.998145253259033,-0.0608773635800825));
#9380=DIRECTION('',(0.,0.0608773635800825,-0.998145253259033));
#9381=DIRECTION('',(-1.,0.,0.));
#9382=DIRECTION('',(2.20624778608546E-16,-0.998145253259033,-0.0608773635800825));
#9383=DIRECTION('',(0.,0.0608773635800825,-0.998145253259033));
#9384=DIRECTION('',(-1.,-2.20215575519446E-16,-1.34310548621277E-17));
#9385=DIRECTION('',(1.,0.,0.));
#9386=DIRECTION('',(0.,0.,-1.));
#9387=DIRECTION('',(0.,-0.998145253259033,-0.0608773635800825));
#9388=DIRECTION('',(0.,-0.0608773635800825,0.998145253259033));
#9389=DIRECTION('',(1.,0.,0.));
#9390=DIRECTION('',(0.,-0.0608773635800825,0.998145253259033));
#9391=DIRECTION('',(0.,0.998145253259033,0.0608773635800825));
#9392=DIRECTION('',(0.,-0.0608773635800825,0.998145253259033));
#9393=DIRECTION('',(0.,0.998145253259033,0.0608773635800825));
#9394=DIRECTION('',(0.,-0.0608773635800825,0.998145253259033));
#9395=DIRECTION('',(0.,-0.998145253259033,-0.0608773635800825));
#9396=DIRECTION('',(0.,-0.0608773635800825,0.998145253259033));
#9397=DIRECTION('',(0.,-0.998145253259033,-0.0608773635800825));
#9398=DIRECTION('',(0.,0.0608773635800825,-0.998145253259033));
#9399=DIRECTION('',(0.,0.998145253259033,0.0608773635800825));
#9400=DIRECTION('',(0.,0.0608773635800825,-0.998145253259033));
#9401=DIRECTION('',(0.,0.998145253259033,0.0608773635800825));
#9402=DIRECTION('',(0.,0.0608773635800825,-0.998145253259033));
#9403=DIRECTION('',(0.,0.998145253259033,0.0608773635800825));
#9404=DIRECTION('',(0.,-0.0608773635800825,0.998145253259033));
#9405=DIRECTION('',(0.,-0.998145253259033,-0.0608773635800825));
#9406=DIRECTION('',(0.,0.0608773635800825,-0.998145253259033));
#9407=DIRECTION('',(0.,0.998145253259033,0.0608773635800825));
#9408=DIRECTION('',(0.,-0.0608773635800825,0.998145253259033));
#9409=DIRECTION('',(0.,-0.998145253259033,-0.0608773635800825));
#9410=DIRECTION('',(0.,0.0608773635800825,-0.998145253259033));
#9411=DIRECTION('',(0.,0.998145253259033,0.0608773635800825));
#9412=DIRECTION('',(0.,-0.0608773635800825,0.998145253259033));
#9413=DIRECTION('',(0.,-0.998145253259033,-0.0608773635800825));
#9414=DIRECTION('',(0.,0.0608773635800825,-0.998145253259033));
#9415=DIRECTION('',(0.,0.998145253259033,0.0608773635800825));
#9416=DIRECTION('',(0.,-0.0608773635800825,0.998145253259033));
#9417=DIRECTION('',(0.,-0.998145253259033,-0.0608773635800825));
#9418=DIRECTION('',(1.,0.,0.));
#9419=DIRECTION('',(0.,0.,-1.));
#9420=DIRECTION('',(-1.,0.,0.));
#9421=DIRECTION('',(0.,0.,1.));
#9422=DIRECTION('',(1.,0.,0.));
#9423=DIRECTION('',(0.,0.,-1.));
#9424=DIRECTION('',(1.,0.,0.));
#9425=DIRECTION('',(0.,-0.0608773635800825,0.998145253259033));
#9426=DIRECTION('',(0.,-0.998145253259033,-0.0608773635800825));
#9427=DIRECTION('',(7.04035945052975E-17,-0.998145253259033,-0.0608773635800835));
#9428=DIRECTION('',(0.,0.0608773635800835,-0.998145253259033));
#9429=DIRECTION('',(0.,-0.0608773635800825,0.998145253259033));
#9430=DIRECTION('',(0.,-0.998145253259033,-0.0608773635800825));
#9431=DIRECTION('',(0.,-0.998145253259033,-0.0608773635800835));
#9432=DIRECTION('',(0.,0.0608773635800835,-0.998145253259033));
#9433=DIRECTION('',(0.,0.998145253259033,0.0608773635800825));
#9434=DIRECTION('',(0.,-0.0608773635800825,0.998145253259033));
#9435=DIRECTION('',(0.,-0.998145253259033,-0.0608773635800835));
#9436=DIRECTION('',(0.,0.0608773635800835,-0.998145253259033));
#9437=DIRECTION('',(0.,-0.998145253259033,-0.0608773635800825));
#9438=DIRECTION('',(0.,0.0608773635800825,-0.998145253259033));
#9439=DIRECTION('',(0.,-0.998145253259033,-0.0608773635800835));
#9440=DIRECTION('',(0.,0.0608773635800835,-0.998145253259033));
#9441=DIRECTION('',(0.,-0.0608773635800825,0.998145253259033));
#9442=DIRECTION('',(0.,-0.998145253259033,-0.0608773635800825));
#9443=DIRECTION('',(1.,0.,0.));
#9444=DIRECTION('',(0.,0.,-1.));
#9445=DIRECTION('',(0.,-0.0608773635800825,0.998145253259033));
#9446=DIRECTION('',(0.,-0.998145253259033,-0.0608773635800825));
#9447=DIRECTION('',(-1.,0.,0.));
#9448=DIRECTION('',(0.,0.,1.));
#9449=DIRECTION('',(-1.,0.,0.));
#9450=DIRECTION('',(0.,0.,1.));
#9451=DIRECTION('',(-1.,0.,0.));
#9452=DIRECTION('',(0.,0.,1.));
#9453=DIRECTION('',(0.,1.,0.));
#9454=DIRECTION('',(-1.,0.,0.));
#9455=DIRECTION('',(0.,0.,1.));
#9456=DIRECTION('',(0.,1.,0.));
#9457=DIRECTION('',(0.,1.,0.));
#9458=DIRECTION('',(0.,0.,1.));
#9459=DIRECTION('',(0.,1.,0.));
#9460=DIRECTION('',(0.,0.,1.));
#9461=DIRECTION('',(1.,0.,0.));
#9462=DIRECTION('',(0.,1.,0.));
#9463=DIRECTION('',(0.,1.,0.));
#9464=DIRECTION('',(0.,0.,1.));
#9465=DIRECTION('',(0.,0.,1.));
#9466=DIRECTION('',(1.,0.,0.));
#9467=DIRECTION('',(0.,0.0608773635800825,-0.998145253259033));
#9468=DIRECTION('',(0.,0.998145253259033,0.0608773635800825));
#9469=DIRECTION('',(0.,0.998145253259033,0.0608773635800825));
#9470=DIRECTION('',(1.,0.,0.));
#9471=DIRECTION('',(0.,0.998145253259033,0.0608773635800825));
#9472=DIRECTION('',(1.,0.,0.));
#9473=DIRECTION('',(0.,0.998145253259033,0.0608773635800825));
#9474=DIRECTION('',(1.,0.,0.));
#9475=DIRECTION('',(0.,0.998145253259033,0.0608773635800825));
#9476=DIRECTION('',(-1.,0.,0.));
#9477=DIRECTION('',(0.,0.0608773635800825,-0.998145253259033));
#9478=DIRECTION('',(0.,-0.998145253259033,-0.0608773635800825));
#9479=DIRECTION('',(0.,-0.998145253259033,-0.0608773635800825));
#9480=DIRECTION('',(0.,0.0608773635800825,-0.998145253259033));
#9481=DIRECTION('',(0.,0.998145253259033,0.0608773635800825));
#9482=DIRECTION('',(1.,0.,0.));
#9483=DIRECTION('',(0.,0.0608773635800825,-0.998145253259033));
#9484=DIRECTION('',(0.,-0.998145253259033,-0.0608773635800825));
#9485=DIRECTION('',(0.,0.998145253259033,0.0608773635800825));
#9486=DIRECTION('',(0.,0.0608773635800825,-0.998145253259033));
#9487=DIRECTION('',(0.,0.998145253259033,0.0608773635800825));
#9488=DIRECTION('',(-1.,0.,0.));
#9489=DIRECTION('',(0.,-1.,0.));
#9490=DIRECTION('',(0.,0.,-1.));
#9491=DIRECTION('',(0.,0.,-1.));
#9492=DIRECTION('',(0.,-1.,0.));
#9493=DIRECTION('',(0.,0.,-1.));
#9494=DIRECTION('',(-1.,0.,0.));
#9495=DIRECTION('',(0.,-1.,0.));
#9496=DIRECTION('',(0.,0.,-1.));
#9497=DIRECTION('',(0.,0.,-1.));
#9498=DIRECTION('',(0.,0.,-1.));
#9499=DIRECTION('',(-1.,0.,0.));
#9500=DIRECTION('',(0.,0.,-1.));
#9501=DIRECTION('',(1.,0.,0.));
#9502=DIRECTION('',(0.,0.,-1.));
#9503=DIRECTION('',(0.,-1.,0.));
#9504=DIRECTION('',(0.,0.,-1.));
#9505=DIRECTION('',(0.,0.,-1.));
#9506=DIRECTION('',(0.,0.,1.));
#9507=DIRECTION('',(1.,0.,0.));
#9508=DIRECTION('',(0.,0.,1.));
#9509=DIRECTION('',(0.,1.,0.));
#9510=DIRECTION('',(0.,0.,1.));
#9511=DIRECTION('',(0.,1.,0.));
#9512=DIRECTION('',(-1.,0.,0.));
#9513=DIRECTION('',(0.,0.,1.));
#9514=DIRECTION('',(1.,0.,0.));
#9515=DIRECTION('',(0.,0.,1.));
#9516=DIRECTION('',(1.,0.,0.));
#9517=DIRECTION('',(-1.,0.,0.));
#9518=DIRECTION('',(0.,0.,1.));
#9519=DIRECTION('',(1.,0.,0.));
#9520=DIRECTION('',(0.,-1.,0.));
#9521=DIRECTION('',(0.,0.,1.));
#9522=DIRECTION('',(1.,0.,0.));
#9523=DIRECTION('',(0.,-1.,0.));
#9524=DIRECTION('',(0.,0.,-1.));
#9525=DIRECTION('',(0.,1.,0.));
#9526=DIRECTION('',(0.,0.,1.));
#9527=DIRECTION('',(0.,0.,1.));
#9528=DIRECTION('',(0.,0.,-1.));
#9529=DIRECTION('',(0.,0.,-1.));
#9530=DIRECTION('',(0.,0.,1.));
#9531=DIRECTION('',(0.,1.,0.));
#9532=DIRECTION('',(0.,0.,1.));
#9533=DIRECTION('',(1.,0.,0.));
#9534=DIRECTION('',(0.,-1.,0.));
#9535=DIRECTION('',(0.,0.,-1.));
#9536=DIRECTION('',(0.,0.,-1.));
#9537=DIRECTION('',(0.,0.,-1.));
#9538=DIRECTION('',(1.,0.,0.));
#9539=DIRECTION('',(0.,0.,-1.));
#9540=DIRECTION('',(0.,0.,-1.));
#9541=DIRECTION('',(0.,0.,-1.));
#9542=DIRECTION('',(0.,-1.,0.));
#9543=DIRECTION('',(0.,0.,-1.));
#9544=DIRECTION('',(0.,0.,-1.));
#9545=DIRECTION('',(-1.,0.,0.));
#9546=DIRECTION('',(0.,0.,-1.));
#9547=DIRECTION('',(1.,0.,0.));
#9548=DIRECTION('',(0.,0.,-1.));
#9549=DIRECTION('',(0.,-0.998145253259033,-0.0608773635800825));
#9550=DIRECTION('',(1.,0.,0.));
#9551=DIRECTION('',(0.,0.,-1.));
#9552=DIRECTION('',(0.,-0.998145253259033,-0.0608773635800825));
#9553=DIRECTION('',(0.,-0.0608773635800825,0.998145253259033));
#9554=DIRECTION('',(1.,0.,0.));
#9555=DIRECTION('',(0.,-0.0608773635800825,0.998145253259033));
#9556=DIRECTION('',(0.,-0.998145253259033,-0.0608773635800825));
#9557=DIRECTION('',(0.,-0.0608773635800825,0.998145253259033));
#9558=DIRECTION('',(0.,-0.998145253259033,-0.0608773635800825));
#9559=DIRECTION('',(0.,-0.998145253259033,-0.0608773635800825));
#9560=DIRECTION('',(-1.,0.,0.));
#9561=DIRECTION('',(0.,-0.998145253259033,-0.0608773635800825));
#9562=DIRECTION('',(-1.,-9.8577310656429E-17,-6.01227803466876E-18));
#9563=DIRECTION('',(-1.,0.,0.));
#9564=DIRECTION('',(0.,0.,1.));
#9565=DIRECTION('',(0.,-0.998145253259033,-0.0608773635800825));
#9566=DIRECTION('',(0.,-1.,0.));
#9567=DIRECTION('',(0.,-0.0608773635800825,0.998145253259033));
#9568=DIRECTION('',(0.,-0.0608773635800825,0.998145253259033));
#9569=DIRECTION('',(0.,0.998145253259033,0.0608773635800825));
#9570=DIRECTION('',(0.,-0.0608773635800825,0.998145253259033));
#9571=DIRECTION('',(-1.,0.,0.));
#9572=DIRECTION('',(0.,-0.0608773635800825,0.998145253259033));
#9573=DIRECTION('',(-1.,0.,0.));
#9574=DIRECTION('',(0.,0.,1.));
#9575=DIRECTION('',(0.,-1.,0.));
#9576=DIRECTION('',(0.,-0.998145253259033,-0.0608773635800825));
#9577=DIRECTION('',(0.,-0.0608773635800825,0.998145253259033));
#9578=DIRECTION('',(-9.87604863466167E-17,0.998145253259033,0.0608773635800825));
#9579=DIRECTION('',(0.,-0.0608773635800825,0.998145253259033));
#9580=DIRECTION('',(-1.,-9.8577310656429E-17,-6.01227803466876E-18));
#9581=DIRECTION('',(0.,-0.0608773635800825,0.998145253259033));
#9582=DIRECTION('',(1.,0.,0.));
#9583=DIRECTION('',(0.,-0.0608773635800825,0.998145253259033));
#9584=DIRECTION('',(0.,-0.998145253259033,-0.0608773635800825));
#9585=DIRECTION('',(0.,-0.0608773635800825,0.998145253259033));
#9586=DIRECTION('',(0.,-0.998145253259033,-0.0608773635800825));
#9587=DIRECTION('',(1.,0.,0.));
#9588=DIRECTION('',(0.,-0.998145253259033,-0.0608773635800825));
#9589=DIRECTION('',(-1.,0.,0.));
#9590=DIRECTION('',(0.,-0.998145253259033,-0.0608773635800825));
#9591=DIRECTION('',(1.,0.,0.));
#9592=DIRECTION('',(1.,0.,0.));
#9593=DIRECTION('',(0.,0.,-1.));
#9594=DIRECTION('',(0.,0.,-1.));
#9595=DIRECTION('',(0.,-1.,0.));
#9596=DIRECTION('',(0.,-1.,0.));
#9597=DIRECTION('',(0.,0.,-1.));
#9598=DIRECTION('',(0.,0.,-1.));
#9599=DIRECTION('',(-1.,0.,0.));
#9600=DIRECTION('',(1.,0.,0.));
#9601=DIRECTION('',(0.,0.,-1.));
#9602=DIRECTION('',(0.,-1.,0.));
#9603=DIRECTION('',(0.,0.,1.));
#9604=DIRECTION('',(1.,0.,0.));
#9605=DIRECTION('',(0.,0.,1.));
#9606=DIRECTION('',(0.,1.,0.));
#9607=DIRECTION('',(0.,0.,1.));
#9608=DIRECTION('',(0.,1.,0.));
#9609=DIRECTION('',(0.,0.0608773635800825,-0.998145253259033));
#9610=DIRECTION('',(0.,0.998145253259033,0.0608773635800825));
#9611=DIRECTION('',(0.,0.0608773635800825,-0.998145253259033));
#9612=DIRECTION('',(0.,0.998145253259033,0.0608773635800825));
#9613=DIRECTION('',(0.,0.0608773635800825,-0.998145253259033));
#9614=DIRECTION('',(0.,0.998145253259033,0.0608773635800825));
#9615=DIRECTION('',(0.,0.0608773635800825,-0.998145253259033));
#9616=DIRECTION('',(0.,0.998145253259033,0.0608773635800825));
#9617=DIRECTION('',(0.,0.,1.));
#9618=DIRECTION('',(1.,0.,0.));
#9619=DIRECTION('',(0.,0.,-1.));
#9620=DIRECTION('',(-1.,0.,0.));
#9621=DIRECTION('',(0.,0.,1.));
#9622=DIRECTION('',(1.,0.,0.));
#9623=DIRECTION('',(0.,0.,-1.));
#9624=DIRECTION('',(-1.,0.,0.));
#9625=DIRECTION('',(-1.,0.,0.));
#9626=DIRECTION('',(0.,0.,1.));
#9627=DIRECTION('',(0.,1.,0.));
#9628=DIRECTION('',(-1.,0.,0.));
#9629=DIRECTION('',(0.,0.,1.));
#9630=DIRECTION('',(0.,1.,0.));
#9631=DIRECTION('',(0.,1.,0.));
#9632=DIRECTION('',(0.,0.,1.));
#9633=DIRECTION('',(0.,1.,0.));
#9634=DIRECTION('',(0.,0.,1.));
#9635=DIRECTION('',(1.,0.,0.));
#9636=DIRECTION('',(0.,1.,0.));
#9637=DIRECTION('',(0.,1.,0.));
#9638=DIRECTION('',(0.,0.,1.));
#9639=CARTESIAN_POINT('',(0.,0.,0.));
#9640=CARTESIAN_POINT('',(0.,0.0817364905456797,0.0239925810130361));
#9641=CARTESIAN_POINT('',(-0.126448402249927,0.0817364905456797,0.0239925810130361));
#9642=CARTESIAN_POINT('',(-0.126448402249927,0.0819790690636133,0.0200152636329968));
#9643=CARTESIAN_POINT('',(-0.126448402249927,0.08198,0.02));
#9644=CARTESIAN_POINT('',(-0.129104037168537,0.0819790690636133,0.0200152636329968));
#9645=CARTESIAN_POINT('',(-0.126636986187813,0.0819191226364199,0.020998145253259));
#9646=CARTESIAN_POINT('',(0.14396736,0.0819191226364199,0.020998145253259));
#9647=CARTESIAN_POINT('',(0.14396736,0.0819191226364199,0.020998145253259));
#9648=CARTESIAN_POINT('',(0.14396736,0.0817364905456797,0.0239925810130361));
#9649=CARTESIAN_POINT('',(0.14396736,0.08198,0.02));
#9650=CARTESIAN_POINT('',(0.,0.08198,0.02));
#9651=CARTESIAN_POINT('',(0.,-2.59124319224035E-17,0.015));
#9652=CARTESIAN_POINT('',(-0.13586950302124,0.0193589649209172,0.0161807126689996));
#9653=CARTESIAN_POINT('',(-0.12786950302124,0.0193589649209172,0.0161807126689996));
#9654=CARTESIAN_POINT('',(-0.14386950302124,0.0193589649209172,0.0161807126689996));
#9655=CARTESIAN_POINT('',(-0.14386950302124,0.0113738028948449,0.0156936937603589));
#9656=CARTESIAN_POINT('',(-0.14386950302124,0.00338864086877265,0.0152066748517183));
#9657=CARTESIAN_POINT('',(-0.13586950302124,0.00338864086877265,0.0152066748517183));
#9658=CARTESIAN_POINT('',(-0.12786950302124,0.00338864086877265,0.0152066748517183));
#9659=CARTESIAN_POINT('',(-0.12786950302124,0.0113738028948449,0.0156936937603589));
#9660=CARTESIAN_POINT('',(-0.11681950302124,0.0192904800974704,0.0161765357463692));
#9661=CARTESIAN_POINT('',(-0.10881950302124,0.0192904800974704,0.0161765357463692));
#9662=CARTESIAN_POINT('',(-0.12481950302124,0.0192904800974704,0.0161765357463692));
#9663=CARTESIAN_POINT('',(-0.12481950302124,0.0113053180713981,0.0156895168377286));
#9664=CARTESIAN_POINT('',(-0.12481950302124,0.00332015604532586,0.0152024979290879));
#9665=CARTESIAN_POINT('',(-0.11681950302124,0.00332015604532585,0.0152024979290879));
#9666=CARTESIAN_POINT('',(-0.10881950302124,0.00332015604532585,0.0152024979290879));
#9667=CARTESIAN_POINT('',(-0.10881950302124,0.0113053180713981,0.0156895168377286));
#9668=CARTESIAN_POINT('',(-0.0974683612585068,0.0192904800974704,0.0161765357463692));
#9669=CARTESIAN_POINT('',(-0.0894683612585068,0.0192904800974704,0.0161765357463692));
#9670=CARTESIAN_POINT('',(-0.105468361258507,0.0192904800974704,0.0161765357463692));
#9671=CARTESIAN_POINT('',(-0.105468361258507,0.0113053180713981,0.0156895168377286));
#9672=CARTESIAN_POINT('',(-0.105468361258507,0.00332015604532585,0.0152024979290879));
#9673=CARTESIAN_POINT('',(-0.0974683612585068,0.00332015604532584,0.0152024979290879));
#9674=CARTESIAN_POINT('',(-0.0894683612585068,0.00332015604532584,0.0152024979290879));
#9675=CARTESIAN_POINT('',(-0.0894683612585068,0.0113053180713981,0.0156895168377286));
#9676=CARTESIAN_POINT('',(-0.0781213566660881,0.0192904800974704,0.0161765357463692));
#9677=CARTESIAN_POINT('',(-0.0701213566660881,0.0192904800974704,0.0161765357463692));
#9678=CARTESIAN_POINT('',(-0.0861213566660881,0.0192904800974704,0.0161765357463692));
#9679=CARTESIAN_POINT('',(-0.0861213566660881,0.0113053180713981,0.0156895168377286));
#9680=CARTESIAN_POINT('',(-0.0861213566660881,0.00332015604532585,0.0152024979290879));
#9681=CARTESIAN_POINT('',(-0.0781213566660881,0.00332015604532586,0.0152024979290879));
#9682=CARTESIAN_POINT('',(-0.0701213566660881,0.00332015604532586,0.0152024979290879));
#9683=CARTESIAN_POINT('',(-0.0701213566660881,0.0113053180713981,0.0156895168377286));
#9684=CARTESIAN_POINT('',(-0.0590045042335987,0.0192904800974704,0.0161765357463692));
#9685=CARTESIAN_POINT('',(-0.0510045042335987,0.0192904800974704,0.0161765357463692));
#9686=CARTESIAN_POINT('',(-0.0670045042335987,0.0192904800974704,0.0161765357463692));
#9687=CARTESIAN_POINT('',(-0.0670045042335987,0.0113053180713981,0.0156895168377286));
#9688=CARTESIAN_POINT('',(-0.0670045042335987,0.00332015604532583,0.0152024979290879));
#9689=CARTESIAN_POINT('',(-0.0590045042335987,0.00332015604532586,0.0152024979290879));
#9690=CARTESIAN_POINT('',(-0.0510045042335987,0.00332015604532586,0.0152024979290879));
#9691=CARTESIAN_POINT('',(-0.0510045042335987,0.0113053180713981,0.0156895168377286));
#9692=CARTESIAN_POINT('',(-0.0396557822823525,0.0192904800974704,0.0161765357463692));
#9693=CARTESIAN_POINT('',(-0.0316557822823525,0.0192904800974704,0.0161765357463692));
#9694=CARTESIAN_POINT('',(-0.0476557822823525,0.0192904800974704,0.0161765357463692));
#9695=CARTESIAN_POINT('',(-0.0476557822823525,0.0113053180713981,0.0156895168377286));
#9696=CARTESIAN_POINT('',(-0.0476557822823525,0.00332015604532584,0.0152024979290879));
#9697=CARTESIAN_POINT('',(-0.0396557822823525,0.00332015604532586,0.0152024979290879));
#9698=CARTESIAN_POINT('',(-0.0316557822823525,0.00332015604532586,0.0152024979290879));
#9699=CARTESIAN_POINT('',(-0.0316557822823525,0.0113053180713981,0.0156895168377286));
#9700=CARTESIAN_POINT('',(-0.0202933140099049,0.0192904800974704,0.0161765357463692));
#9701=CARTESIAN_POINT('',(-0.0122933140099049,0.0192904800974704,0.0161765357463692));
#9702=CARTESIAN_POINT('',(-0.0282933140099049,0.0192904800974704,0.0161765357463692));
#9703=CARTESIAN_POINT('',(-0.0282933140099049,0.0113053180713981,0.0156895168377286));
#9704=CARTESIAN_POINT('',(-0.0282933140099049,0.00332015604532589,0.0152024979290879));
#9705=CARTESIAN_POINT('',(-0.0202933140099049,0.00332015604532586,0.0152024979290879));
#9706=CARTESIAN_POINT('',(-0.0122933140099049,0.00332015604532586,0.0152024979290879));
#9707=CARTESIAN_POINT('',(-0.0122933140099049,0.0113053180713981,0.0156895168377286));
#9708=CARTESIAN_POINT('',(-0.0011421610834077,0.0192904800974704,0.0161765357463692));
#9709=CARTESIAN_POINT('',(0.0068578389165923,0.0192904800974704,0.0161765357463692));
#9710=CARTESIAN_POINT('',(-0.0091421610834077,0.0192904800974704,0.0161765357463692));
#9711=CARTESIAN_POINT('',(-0.0091421610834077,0.0113053180713981,0.0156895168377286));
#9712=CARTESIAN_POINT('',(-0.0091421610834077,0.00332015604532584,0.0152024979290879));
#9713=CARTESIAN_POINT('',(-0.0011421610834077,0.00332015604532586,0.0152024979290879));
#9714=CARTESIAN_POINT('',(0.0068578389165923,0.00332015604532587,0.0152024979290879));
#9715=CARTESIAN_POINT('',(0.0068578389165923,0.0113053180713981,0.0156895168377286));
#9716=CARTESIAN_POINT('',(0.0182530377060175,0.0192904800974704,0.0161765357463692));
#9717=CARTESIAN_POINT('',(0.0262530377060175,0.0192904800974704,0.0161765357463692));
#9718=CARTESIAN_POINT('',(0.0102530377060175,0.0192904800974704,0.0161765357463692));
#9719=CARTESIAN_POINT('',(0.0102530377060175,0.0113053180713981,0.0156895168377286));
#9720=CARTESIAN_POINT('',(0.0102530377060175,0.00332015604532586,0.0152024979290879));
#9721=CARTESIAN_POINT('',(0.0182530377060175,0.00332015604532586,0.0152024979290879));
#9722=CARTESIAN_POINT('',(0.0262530377060175,0.00332015604532587,0.0152024979290879));
#9723=CARTESIAN_POINT('',(0.0262530377060175,0.0113053180713981,0.0156895168377286));
#9724=CARTESIAN_POINT('',(0.0373527146875859,0.0192904800974704,0.0161765357463692));
#9725=CARTESIAN_POINT('',(0.0453527146875858,0.0192904800974704,0.0161765357463692));
#9726=CARTESIAN_POINT('',(0.0293527146875858,0.0192904800974704,0.0161765357463692));
#9727=CARTESIAN_POINT('',(0.0293527146875858,0.0113053180713981,0.0156895168377286));
#9728=CARTESIAN_POINT('',(0.0293527146875858,0.00332015604532586,0.0152024979290879));
#9729=CARTESIAN_POINT('',(0.0373527146875859,0.00332015604532587,0.0152024979290879));
#9730=CARTESIAN_POINT('',(0.0453527146875858,0.00332015604532587,0.0152024979290879));
#9731=CARTESIAN_POINT('',(0.0453527146875858,0.0113053180713981,0.0156895168377286));
#9732=CARTESIAN_POINT('',(0.0566525161266327,0.0192904800974704,0.0161765357463692));
#9733=CARTESIAN_POINT('',(0.0646525161266327,0.0192904800974704,0.0161765357463692));
#9734=CARTESIAN_POINT('',(0.0486525161266327,0.0192904800974704,0.0161765357463692));
#9735=CARTESIAN_POINT('',(0.0486525161266327,0.0113053180713981,0.0156895168377286));
#9736=CARTESIAN_POINT('',(0.0486525161266327,0.00332015604532586,0.0152024979290879));
#9737=CARTESIAN_POINT('',(0.0566525161266327,0.00332015604532586,0.0152024979290879));
#9738=CARTESIAN_POINT('',(0.0646525161266327,0.00332015604532586,0.0152024979290879));
#9739=CARTESIAN_POINT('',(0.0646525161266327,0.0113053180713981,0.0156895168377286));
#9740=CARTESIAN_POINT('',(0.0759715139865875,0.0192904800974704,0.0161765357463692));
#9741=CARTESIAN_POINT('',(0.0839715139865875,0.0192904800974704,0.0161765357463692));
#9742=CARTESIAN_POINT('',(0.0679715139865875,0.0192904800974704,0.0161765357463692));
#9743=CARTESIAN_POINT('',(0.0679715139865875,0.0113053180713981,0.0156895168377286));
#9744=CARTESIAN_POINT('',(0.0679715139865875,0.00332015604532586,0.0152024979290879));
#9745=CARTESIAN_POINT('',(0.0759715139865875,0.00332015604532586,0.0152024979290879));
#9746=CARTESIAN_POINT('',(0.0839715139865875,0.00332015604532587,0.0152024979290879));
#9747=CARTESIAN_POINT('',(0.0839715139865875,0.0113053180713981,0.0156895168377286));
#9748=CARTESIAN_POINT('',(0.095293901860714,0.0192904800974704,0.0161765357463692));
#9749=CARTESIAN_POINT('',(0.103293901860714,0.0192904800974704,0.0161765357463692));
#9750=CARTESIAN_POINT('',(0.087293901860714,0.0192904800974704,0.0161765357463692));
#9751=CARTESIAN_POINT('',(0.087293901860714,0.0113053180713981,0.0156895168377286));
#9752=CARTESIAN_POINT('',(0.087293901860714,0.00332015604532587,0.0152024979290879));
#9753=CARTESIAN_POINT('',(0.095293901860714,0.00332015604532587,0.0152024979290879));
#9754=CARTESIAN_POINT('',(0.103293901860714,0.00332015604532587,0.0152024979290879));
#9755=CARTESIAN_POINT('',(0.103293901860714,0.0113053180713981,0.0156895168377286));
#9756=CARTESIAN_POINT('',(-0.131107702851295,-0.000221663514287265,0.0149864806346495));
#9757=CARTESIAN_POINT('',(-0.123107702851295,-0.000221663514287277,0.0149864806346495));
#9758=CARTESIAN_POINT('',(-0.139107702851295,-0.000221663514287269,0.0149864806346495));
#9759=CARTESIAN_POINT('',(-0.139107702851295,-0.00820682554035952,0.0144994617260088));
#9760=CARTESIAN_POINT('',(-0.139107702851295,-0.0161919875664318,0.0140124428173682));
#9761=CARTESIAN_POINT('',(-0.131107702851295,-0.0161919875664318,0.0140124428173682));
#9762=CARTESIAN_POINT('',(-0.123107702851295,-0.0161919875664318,0.0140124428173682));
#9763=CARTESIAN_POINT('',(-0.123107702851295,-0.00820682554035959,0.0144994617260088));
#9764=CARTESIAN_POINT('',(-0.1069296002388,-0.000221663514287262,0.0149864806346495));
#9765=CARTESIAN_POINT('',(-0.0989296002388001,-0.000221663514287261,0.0149864806346495));
#9766=CARTESIAN_POINT('',(-0.1149296002388,-0.000221663514287257,0.0149864806346495));
#9767=CARTESIAN_POINT('',(-0.1149296002388,-0.00820682554035953,0.0144994617260088));
#9768=CARTESIAN_POINT('',(-0.1149296002388,-0.0161919875664318,0.0140124428173682));
#9769=CARTESIAN_POINT('',(-0.1069296002388,-0.0161919875664318,0.0140124428173682));
#9770=CARTESIAN_POINT('',(-0.0989296002388001,-0.0161919875664318,0.0140124428173682));
#9771=CARTESIAN_POINT('',(-0.0989296002388001,-0.00820682554035952,0.0144994617260088));
#9772=CARTESIAN_POINT('',(-0.0874525606632233,-0.000221663514287264,0.0149864806346495));
#9773=CARTESIAN_POINT('',(-0.0794525606632233,-0.000221663514287262,0.0149864806346495));
#9774=CARTESIAN_POINT('',(-0.0954525606632233,-0.000221663514287256,0.0149864806346495));
#9775=CARTESIAN_POINT('',(-0.0954525606632233,-0.00820682554035951,0.0144994617260088));
#9776=CARTESIAN_POINT('',(-0.0954525606632233,-0.0161919875664318,0.0140124428173682));
#9777=CARTESIAN_POINT('',(-0.0874525606632233,-0.0161919875664318,0.0140124428173682));
#9778=CARTESIAN_POINT('',(-0.0794525606632233,-0.0161919875664318,0.0140124428173682));
#9779=CARTESIAN_POINT('',(-0.0794525606632233,-0.00820682554035951,0.0144994617260088));
#9780=CARTESIAN_POINT('',(-0.0681789070367813,-0.000221663514287261,0.0149864806346495));
#9781=CARTESIAN_POINT('',(-0.0601789070367813,-0.00022166351428726,0.0149864806346495));
#9782=CARTESIAN_POINT('',(-0.0761789070367813,-0.000221663514287245,0.0149864806346495));
#9783=CARTESIAN_POINT('',(-0.0761789070367813,-0.00820682554035951,0.0144994617260088));
#9784=CARTESIAN_POINT('',(-0.0761789070367813,-0.0161919875664318,0.0140124428173682));
#9785=CARTESIAN_POINT('',(-0.0681789070367813,-0.0161919875664318,0.0140124428173682));
#9786=CARTESIAN_POINT('',(-0.0601789070367813,-0.0161919875664318,0.0140124428173682));
#9787=CARTESIAN_POINT('',(-0.0601789070367813,-0.00820682554035951,0.0144994617260088));
#9788=CARTESIAN_POINT('',(-0.0487424768507481,-0.000221663514287261,0.0149864806346495));
#9789=CARTESIAN_POINT('',(-0.0407424768507481,-0.00022166351428726,0.0149864806346495));
#9790=CARTESIAN_POINT('',(-0.0567424768507481,-0.000221663514287255,0.0149864806346495));
#9791=CARTESIAN_POINT('',(-0.0567424768507481,-0.00820682554035952,0.0144994617260088));
#9792=CARTESIAN_POINT('',(-0.0567424768507481,-0.0161919875664318,0.0140124428173682));
#9793=CARTESIAN_POINT('',(-0.0487424768507481,-0.0161919875664318,0.0140124428173682));
#9794=CARTESIAN_POINT('',(-0.0407424768507481,-0.0161919875664318,0.0140124428173682));
#9795=CARTESIAN_POINT('',(-0.0407424768507481,-0.00820682554035952,0.0144994617260088));
#9796=CARTESIAN_POINT('',(-0.0292103849351406,-0.000221663514287262,0.0149864806346495));
#9797=CARTESIAN_POINT('',(-0.0212103849351406,-0.000221663514287261,0.0149864806346495));
#9798=CARTESIAN_POINT('',(-0.0372103849351406,-0.000221663514287247,0.0149864806346495));
#9799=CARTESIAN_POINT('',(-0.0372103849351406,-0.00820682554035951,0.0144994617260088));
#9800=CARTESIAN_POINT('',(-0.0372103849351406,-0.0161919875664318,0.0140124428173682));
#9801=CARTESIAN_POINT('',(-0.0292103849351406,-0.0161919875664318,0.0140124428173682));
#9802=CARTESIAN_POINT('',(-0.0212103849351406,-0.0161919875664318,0.0140124428173682));
#9803=CARTESIAN_POINT('',(-0.0212103849351406,-0.00820682554035951,0.0144994617260088));
#9804=CARTESIAN_POINT('',(-0.00975607987493277,-0.000221663514287263,0.0149864806346495));
#9805=CARTESIAN_POINT('',(-0.00175607987493277,-0.000221663514287262,0.0149864806346495));
#9806=CARTESIAN_POINT('',(-0.0177560798749327,-0.000221663514287255,0.0149864806346495));
#9807=CARTESIAN_POINT('',(-0.0177560798749327,-0.00820682554035952,0.0144994617260088));
#9808=CARTESIAN_POINT('',(-0.0177560798749327,-0.0161919875664318,0.0140124428173682));
#9809=CARTESIAN_POINT('',(-0.00975607987493277,-0.0161919875664318,0.0140124428173682));
#9810=CARTESIAN_POINT('',(-0.00175607987493277,-0.0161919875664318,0.0140124428173682));
#9811=CARTESIAN_POINT('',(-0.00175607987493277,-0.00820682554035952,0.0144994617260088));
#9812=CARTESIAN_POINT('',(0.00955819897353649,-0.000221663514287264,0.0149864806346495));
#9813=CARTESIAN_POINT('',(0.0175581989735365,-0.000221663514287263,0.0149864806346495));
#9814=CARTESIAN_POINT('',(0.00155819897353649,-0.000221663514287252,0.0149864806346495));
#9815=CARTESIAN_POINT('',(0.00155819897353649,-0.00820682554035952,0.0144994617260088));
#9816=CARTESIAN_POINT('',(0.00155819897353649,-0.0161919875664318,0.0140124428173682));
#9817=CARTESIAN_POINT('',(0.00955819897353649,-0.0161919875664318,0.0140124428173682));
#9818=CARTESIAN_POINT('',(0.0175581989735365,-0.0161919875664318,0.0140124428173682));
#9819=CARTESIAN_POINT('',(0.0175581989735365,-0.00820682554035952,0.0144994617260088));
#9820=CARTESIAN_POINT('',(0.0290017370134592,-0.000221663514287262,0.0149864806346495));
#9821=CARTESIAN_POINT('',(0.0370017370134592,-0.000221663514287261,0.0149864806346495));
#9822=CARTESIAN_POINT('',(0.0210017370134592,-0.000221663514287247,0.0149864806346495));
#9823=CARTESIAN_POINT('',(0.0210017370134592,-0.00820682554035952,0.0144994617260088));
#9824=CARTESIAN_POINT('',(0.0210017370134592,-0.0161919875664318,0.0140124428173682));
#9825=CARTESIAN_POINT('',(0.0290017370134592,-0.0161919875664318,0.0140124428173682));
#9826=CARTESIAN_POINT('',(0.0370017370134592,-0.0161919875664318,0.0140124428173682));
#9827=CARTESIAN_POINT('',(0.0370017370134592,-0.00820682554035952,0.0144994617260088));
#9828=CARTESIAN_POINT('',(0.0482996739447117,-0.000221663514287261,0.0149864806346495));
#9829=CARTESIAN_POINT('',(0.0562996739447117,-0.00022166351428726,0.0149864806346495));
#9830=CARTESIAN_POINT('',(0.0402996739447117,-0.000221663514287252,0.0149864806346495));
#9831=CARTESIAN_POINT('',(0.0402996739447117,-0.00820682554035952,0.0144994617260088));
#9832=CARTESIAN_POINT('',(0.0402996739447117,-0.0161919875664318,0.0140124428173682));
#9833=CARTESIAN_POINT('',(0.0482996739447117,-0.0161919875664318,0.0140124428173682));
#9834=CARTESIAN_POINT('',(0.0562996739447117,-0.0161919875664318,0.0140124428173682));
#9835=CARTESIAN_POINT('',(0.0562996739447117,-0.00820682554035952,0.0144994617260088));
#9836=CARTESIAN_POINT('',(0.0674515813589096,-0.000221663514287262,0.0149864806346495));
#9837=CARTESIAN_POINT('',(0.0754515813589096,-0.000221663514287261,0.0149864806346495));
#9838=CARTESIAN_POINT('',(0.0594515813589096,-0.000221663514287252,0.0149864806346495));
#9839=CARTESIAN_POINT('',(0.0594515813589096,-0.00820682554035952,0.0144994617260088));
#9840=CARTESIAN_POINT('',(0.0594515813589096,-0.0161919875664318,0.0140124428173682));
#9841=CARTESIAN_POINT('',(0.0674515813589096,-0.0161919875664318,0.0140124428173682));
#9842=CARTESIAN_POINT('',(0.0754515813589096,-0.0161919875664318,0.0140124428173682));
#9843=CARTESIAN_POINT('',(0.0754515813589096,-0.00820682554035952,0.0144994617260088));
#9844=CARTESIAN_POINT('',(0.0867341905832291,-0.000221663514287263,0.0149864806346495));
#9845=CARTESIAN_POINT('',(0.0947341905832291,-0.000221663514287262,0.0149864806346495));
#9846=CARTESIAN_POINT('',(0.0787341905832291,-0.000221663514287245,0.0149864806346495));
#9847=CARTESIAN_POINT('',(0.0787341905832291,-0.00820682554035952,0.0144994617260088));
#9848=CARTESIAN_POINT('',(0.0787341905832291,-0.0161919875664318,0.0140124428173682));
#9849=CARTESIAN_POINT('',(0.0867341905832291,-0.0161919875664318,0.0140124428173682));
#9850=CARTESIAN_POINT('',(0.0947341905832291,-0.0161919875664318,0.0140124428173682));
#9851=CARTESIAN_POINT('',(0.0947341905832291,-0.00820682554035952,0.0144994617260088));
#9852=CARTESIAN_POINT('',(0.106273382902145,-0.00022166351428726,0.0149864806346495));
#9853=CARTESIAN_POINT('',(0.114273382902145,-0.000221663514287259,0.0149864806346495));
#9854=CARTESIAN_POINT('',(0.0982733829021454,-0.000221663514287248,0.0149864806346495));
#9855=CARTESIAN_POINT('',(0.0982733829021454,-0.00820682554035952,0.0144994617260088));
#9856=CARTESIAN_POINT('',(0.0982733829021454,-0.0161919875664318,0.0140124428173682));
#9857=CARTESIAN_POINT('',(0.106273382902145,-0.0161919875664318,0.0140124428173682));
#9858=CARTESIAN_POINT('',(0.114273382902145,-0.0161919875664318,0.0140124428173682));
#9859=CARTESIAN_POINT('',(0.114273382902145,-0.00820682554035952,0.0144994617260088));
#9860=CARTESIAN_POINT('',(0.130324706435204,-0.000221663514287267,0.0149864806346495));
#9861=CARTESIAN_POINT('',(0.138324706435204,-0.000221663514287266,0.0149864806346495));
#9862=CARTESIAN_POINT('',(0.122324706435204,-0.000221663514287255,0.0149864806346495));
#9863=CARTESIAN_POINT('',(0.122324706435204,-0.00820682554035953,0.0144994617260088));
#9864=CARTESIAN_POINT('',(0.122324706435204,-0.0161919875664318,0.0140124428173682));
#9865=CARTESIAN_POINT('',(0.130324706435204,-0.0161919875664318,0.0140124428173682));
#9866=CARTESIAN_POINT('',(0.138324706435204,-0.0161919875664318,0.0140124428173682));
#9867=CARTESIAN_POINT('',(0.138324706435204,-0.00820682554035952,0.0144994617260088));
#9868=CARTESIAN_POINT('',(-0.128664493560791,-0.0191578169318908,0.0138315554445053));
#9869=CARTESIAN_POINT('',(-0.120664493560791,-0.0191578169318908,0.0138315554445053));
#9870=CARTESIAN_POINT('',(-0.136664493560791,-0.0191578169318907,0.0138315554445053));
#9871=CARTESIAN_POINT('',(-0.136664493560791,-0.0271429789579631,0.0133445365358647));
#9872=CARTESIAN_POINT('',(-0.136664493560791,-0.0351281409840353,0.012857517627224));
#9873=CARTESIAN_POINT('',(-0.128664493560791,-0.0351281409840353,0.012857517627224));
#9874=CARTESIAN_POINT('',(-0.120664493560791,-0.0351281409840353,0.012857517627224));
#9875=CARTESIAN_POINT('',(-0.120664493560791,-0.0271429789579631,0.0133445365358647));
#9876=CARTESIAN_POINT('',(-0.102621532976627,-0.0191578169318908,0.0138315554445053));
#9877=CARTESIAN_POINT('',(-0.0946215329766274,-0.0191578169318908,0.0138315554445053));
#9878=CARTESIAN_POINT('',(-0.110621532976627,-0.0191578169318907,0.0138315554445053));
#9879=CARTESIAN_POINT('',(-0.110621532976627,-0.0271429789579631,0.0133445365358647));
#9880=CARTESIAN_POINT('',(-0.110621532976627,-0.0351281409840353,0.012857517627224));
#9881=CARTESIAN_POINT('',(-0.102621532976627,-0.0351281409840353,0.012857517627224));
#9882=CARTESIAN_POINT('',(-0.0946215329766274,-0.0351281409840353,0.012857517627224));
#9883=CARTESIAN_POINT('',(-0.0946215329766274,-0.0271429789579631,0.0133445365358647));
#9884=CARTESIAN_POINT('',(-0.0833299532532692,-0.0191578169318908,0.0138315554445053));
#9885=CARTESIAN_POINT('',(-0.0753299532532692,-0.0191578169318908,0.0138315554445053));
#9886=CARTESIAN_POINT('',(-0.0913299532532692,-0.0191578169318907,0.0138315554445053));
#9887=CARTESIAN_POINT('',(-0.0913299532532692,-0.0271429789579631,0.0133445365358647));
#9888=CARTESIAN_POINT('',(-0.0913299532532692,-0.0351281409840353,0.012857517627224));
#9889=CARTESIAN_POINT('',(-0.0833299532532692,-0.0351281409840353,0.012857517627224));
#9890=CARTESIAN_POINT('',(-0.0753299532532692,-0.0351281409840353,0.012857517627224));
#9891=CARTESIAN_POINT('',(-0.0753299532532692,-0.0271429789579631,0.0133445365358647));
#9892=CARTESIAN_POINT('',(-0.0448855161666871,-0.0191578169318907,0.0138315554445053));
#9893=CARTESIAN_POINT('',(-0.0368855161666871,-0.0191578169318907,0.0138315554445053));
#9894=CARTESIAN_POINT('',(-0.052885516166687,-0.0191578169318907,0.0138315554445053));
#9895=CARTESIAN_POINT('',(-0.052885516166687,-0.0271429789579631,0.0133445365358647));
#9896=CARTESIAN_POINT('',(-0.052885516166687,-0.0351281409840353,0.012857517627224));
#9897=CARTESIAN_POINT('',(-0.0448855161666871,-0.0351281409840353,0.012857517627224));
#9898=CARTESIAN_POINT('',(-0.0368855161666871,-0.0351281409840353,0.012857517627224));
#9899=CARTESIAN_POINT('',(-0.0368855161666871,-0.0271429789579631,0.0133445365358647));
#9900=CARTESIAN_POINT('',(-0.0257799942046404,-0.0191578169318907,0.0138315554445053));
#9901=CARTESIAN_POINT('',(-0.0177799942046404,-0.0191578169318907,0.0138315554445053));
#9902=CARTESIAN_POINT('',(-0.0337799942046404,-0.0191578169318907,0.0138315554445053));
#9903=CARTESIAN_POINT('',(-0.0337799942046404,-0.027142978957963,0.0133445365358647));
#9904=CARTESIAN_POINT('',(-0.0337799942046404,-0.0351281409840353,0.012857517627224));
#9905=CARTESIAN_POINT('',(-0.0257799942046404,-0.0351281409840353,0.012857517627224));
#9906=CARTESIAN_POINT('',(-0.0177799942046404,-0.0351281409840353,0.012857517627224));
#9907=CARTESIAN_POINT('',(-0.0177799942046404,-0.027142978957963,0.0133445365358647));
#9908=CARTESIAN_POINT('',(-0.00649108644574883,-0.0191578169318907,0.0138315554445053));
#9909=CARTESIAN_POINT('',(0.00150891355425117,-0.0191578169318907,0.0138315554445053));
#9910=CARTESIAN_POINT('',(-0.0144910864457488,-0.0191578169318907,0.0138315554445053));
#9911=CARTESIAN_POINT('',(-0.0144910864457488,-0.0271429789579631,0.0133445365358647));
#9912=CARTESIAN_POINT('',(-0.0144910864457488,-0.0351281409840353,0.012857517627224));
#9913=CARTESIAN_POINT('',(-0.00649108644574883,-0.0351281409840353,0.012857517627224));
#9914=CARTESIAN_POINT('',(0.00150891355425117,-0.0351281409840353,0.012857517627224));
#9915=CARTESIAN_POINT('',(0.00150891355425117,-0.0271429789579631,0.0133445365358647));
#9916=CARTESIAN_POINT('',(0.0128851812332868,-0.0191578169318907,0.0138315554445053));
#9917=CARTESIAN_POINT('',(0.0208851812332869,-0.0191578169318907,0.0138315554445053));
#9918=CARTESIAN_POINT('',(0.00488518123328684,-0.0191578169318907,0.0138315554445053));
#9919=CARTESIAN_POINT('',(0.00488518123328684,-0.027142978957963,0.0133445365358647));
#9920=CARTESIAN_POINT('',(0.00488518123328685,-0.0351281409840353,0.012857517627224));
#9921=CARTESIAN_POINT('',(0.0128851812332868,-0.0351281409840353,0.012857517627224));
#9922=CARTESIAN_POINT('',(0.0208851812332869,-0.0351281409840353,0.012857517627224));
#9923=CARTESIAN_POINT('',(0.0208851812332869,-0.027142978957963,0.0133445365358647));
#9924=CARTESIAN_POINT('',(0.0320171006023884,-0.0191578169318907,0.0138315554445053));
#9925=CARTESIAN_POINT('',(0.0400171006023884,-0.0191578169318907,0.0138315554445053));
#9926=CARTESIAN_POINT('',(0.0240171006023884,-0.0191578169318907,0.0138315554445053));
#9927=CARTESIAN_POINT('',(0.0240171006023884,-0.0271429789579631,0.0133445365358647));
#9928=CARTESIAN_POINT('',(0.0240171006023884,-0.0351281409840353,0.012857517627224));
#9929=CARTESIAN_POINT('',(0.0320171006023884,-0.0351281409840353,0.012857517627224));
#9930=CARTESIAN_POINT('',(0.0400171006023884,-0.0351281409840353,0.012857517627224));
#9931=CARTESIAN_POINT('',(0.0400171006023884,-0.0271429789579631,0.0133445365358647));
#9932=CARTESIAN_POINT('',(0.0512195080518723,-0.0191578169318907,0.0138315554445053));
#9933=CARTESIAN_POINT('',(0.0592195080518723,-0.0191578169318907,0.0138315554445053));
#9934=CARTESIAN_POINT('',(0.0432195080518722,-0.0191578169318907,0.0138315554445053));
#9935=CARTESIAN_POINT('',(0.0432195080518722,-0.0271429789579631,0.0133445365358647));
#9936=CARTESIAN_POINT('',(0.0432195080518722,-0.0351281409840353,0.012857517627224));
#9937=CARTESIAN_POINT('',(0.0512195080518723,-0.0351281409840353,0.012857517627224));
#9938=CARTESIAN_POINT('',(0.0592195080518723,-0.0351281409840353,0.012857517627224));
#9939=CARTESIAN_POINT('',(0.0592195080518723,-0.0271429789579631,0.0133445365358647));
#9940=CARTESIAN_POINT('',(0.0703911930322647,-0.0191578169318907,0.0138315554445053));
#9941=CARTESIAN_POINT('',(0.0783911930322647,-0.0191578169318907,0.0138315554445053));
#9942=CARTESIAN_POINT('',(0.0623911930322647,-0.0191578169318907,0.0138315554445053));
#9943=CARTESIAN_POINT('',(0.0623911930322647,-0.0271429789579631,0.0133445365358647));
#9944=CARTESIAN_POINT('',(0.0623911930322647,-0.0351281409840353,0.012857517627224));
#9945=CARTESIAN_POINT('',(0.0703911930322647,-0.0351281409840353,0.012857517627224));
#9946=CARTESIAN_POINT('',(0.0783911930322647,-0.0351281409840353,0.012857517627224));
#9947=CARTESIAN_POINT('',(0.0783911930322647,-0.0271429789579631,0.0133445365358647));
#9948=CARTESIAN_POINT('',(0.0895992442965508,-0.0191578169318907,0.0138315554445053));
#9949=CARTESIAN_POINT('',(0.0975992442965508,-0.0191578169318907,0.0138315554445053));
#9950=CARTESIAN_POINT('',(0.0815992442965508,-0.0191578169318907,0.0138315554445053));
#9951=CARTESIAN_POINT('',(0.0815992442965508,-0.027142978957963,0.0133445365358647));
#9952=CARTESIAN_POINT('',(0.0815992442965508,-0.0351281409840353,0.012857517627224));
#9953=CARTESIAN_POINT('',(0.0895992442965508,-0.0351281409840353,0.012857517627224));
#9954=CARTESIAN_POINT('',(0.0975992442965508,-0.0351281409840353,0.012857517627224));
#9955=CARTESIAN_POINT('',(0.0975992442965508,-0.0271429789579631,0.0133445365358647));
#9956=CARTESIAN_POINT('',(-0.0929346457123757,-0.0386258068848971,0.0126441932858687));
#9957=CARTESIAN_POINT('',(-0.0849346457123757,-0.0386258068848971,0.0126441932858687));
#9958=CARTESIAN_POINT('',(-0.100934645712376,-0.0386258068848971,0.0126441932858687));
#9959=CARTESIAN_POINT('',(-0.100934645712376,-0.0466109689109693,0.012157174377228));
#9960=CARTESIAN_POINT('',(-0.100934645712376,-0.0545961309370416,0.0116701554685874));
#9961=CARTESIAN_POINT('',(-0.0929346457123757,-0.0545961309370416,0.0116701554685874));
#9962=CARTESIAN_POINT('',(-0.0849346457123757,-0.0545961309370416,0.0116701554685874));
#9963=CARTESIAN_POINT('',(-0.0849346457123757,-0.0466109689109693,0.012157174377228));
#9964=CARTESIAN_POINT('',(-0.0736910477280617,-0.0386258068848971,0.0126441932858687));
#9965=CARTESIAN_POINT('',(-0.0656910477280617,-0.0386258068848971,0.0126441932858687));
#9966=CARTESIAN_POINT('',(-0.0816910477280617,-0.0386258068848971,0.0126441932858687));
#9967=CARTESIAN_POINT('',(-0.0816910477280617,-0.0466109689109693,0.012157174377228));
#9968=CARTESIAN_POINT('',(-0.0816910477280617,-0.0545961309370416,0.0116701554685874));
#9969=CARTESIAN_POINT('',(-0.0736910477280617,-0.0545961309370416,0.0116701554685874));
#9970=CARTESIAN_POINT('',(-0.0656910477280617,-0.0545961309370416,0.0116701554685874));
#9971=CARTESIAN_POINT('',(-0.0656910477280617,-0.0466109689109693,0.012157174377228));
#9972=CARTESIAN_POINT('',(-0.0544789806008339,-0.0386258068848971,0.0126441932858687));
#9973=CARTESIAN_POINT('',(-0.0464789806008339,-0.0386258068848971,0.0126441932858687));
#9974=CARTESIAN_POINT('',(-0.0624789806008339,-0.0386258068848971,0.0126441932858687));
#9975=CARTESIAN_POINT('',(-0.0624789806008339,-0.0466109689109693,0.012157174377228));
#9976=CARTESIAN_POINT('',(-0.0624789806008339,-0.0545961309370416,0.0116701554685874));
#9977=CARTESIAN_POINT('',(-0.0544789806008339,-0.0545961309370416,0.0116701554685874));
#9978=CARTESIAN_POINT('',(-0.0464789806008339,-0.0545961309370416,0.0116701554685874));
#9979=CARTESIAN_POINT('',(-0.0464789806008339,-0.0466109689109693,0.012157174377228));
#9980=CARTESIAN_POINT('',(-0.0353286191821098,-0.0386258068848971,0.0126441932858687));
#9981=CARTESIAN_POINT('',(-0.0273286191821098,-0.0386258068848971,0.0126441932858687));
#9982=CARTESIAN_POINT('',(-0.0433286191821098,-0.0386258068848971,0.0126441932858687));
#9983=CARTESIAN_POINT('',(-0.0433286191821098,-0.0466109689109693,0.012157174377228));
#9984=CARTESIAN_POINT('',(-0.0433286191821098,-0.0545961309370416,0.0116701554685874));
#9985=CARTESIAN_POINT('',(-0.0353286191821098,-0.0545961309370416,0.0116701554685874));
#9986=CARTESIAN_POINT('',(-0.0273286191821098,-0.0545961309370416,0.0116701554685874));
#9987=CARTESIAN_POINT('',(-0.0273286191821098,-0.0466109689109693,0.012157174377228));
#9988=CARTESIAN_POINT('',(-0.0161493625491857,-0.0386258068848971,0.0126441932858687));
#9989=CARTESIAN_POINT('',(-0.00814936254918577,-0.0386258068848971,0.0126441932858687));
#9990=CARTESIAN_POINT('',(-0.0241493625491857,-0.0386258068848971,0.0126441932858687));
#9991=CARTESIAN_POINT('',(-0.0241493625491857,-0.0466109689109693,0.012157174377228));
#9992=CARTESIAN_POINT('',(-0.0241493625491857,-0.0545961309370416,0.0116701554685874));
#9993=CARTESIAN_POINT('',(-0.0161493625491857,-0.0545961309370416,0.0116701554685874));
#9994=CARTESIAN_POINT('',(-0.00814936254918576,-0.0545961309370416,0.0116701554685874));
#9995=CARTESIAN_POINT('',(-0.00814936254918577,-0.0466109689109693,0.012157174377228));
#9996=CARTESIAN_POINT('',(0.00302575202658772,-0.0386258068848971,0.0126441932858687));
#9997=CARTESIAN_POINT('',(0.0110257520265877,-0.0386258068848971,0.0126441932858687));
#9998=CARTESIAN_POINT('',(-0.00497424797341229,-0.0386258068848971,0.0126441932858687));
#9999=CARTESIAN_POINT('',(-0.00497424797341229,-0.0466109689109693,0.012157174377228));
#10000=CARTESIAN_POINT('',(-0.00497424797341229,-0.0545961309370416,0.0116701554685874));
#10001=CARTESIAN_POINT('',(0.00302575202658771,-0.0545961309370416,0.0116701554685874));
#10002=CARTESIAN_POINT('',(0.0110257520265877,-0.0545961309370416,0.0116701554685874));
#10003=CARTESIAN_POINT('',(0.0110257520265877,-0.0466109689109693,0.012157174377228));
#10004=CARTESIAN_POINT('',(0.022187190130353,-0.0386258068848971,0.0126441932858687));
#10005=CARTESIAN_POINT('',(0.030187190130353,-0.0386258068848971,0.0126441932858687));
#10006=CARTESIAN_POINT('',(0.014187190130353,-0.0386258068848971,0.0126441932858687));
#10007=CARTESIAN_POINT('',(0.014187190130353,-0.0466109689109693,0.012157174377228));
#10008=CARTESIAN_POINT('',(0.014187190130353,-0.0545961309370416,0.0116701554685874));
#10009=CARTESIAN_POINT('',(0.022187190130353,-0.0545961309370416,0.0116701554685874));
#10010=CARTESIAN_POINT('',(0.030187190130353,-0.0545961309370416,0.0116701554685874));
#10011=CARTESIAN_POINT('',(0.030187190130353,-0.0466109689109693,0.012157174377228));
#10012=CARTESIAN_POINT('',(0.0413842238485813,-0.0386258068848971,0.0126441932858687));
#10013=CARTESIAN_POINT('',(0.0493842238485813,-0.0386258068848971,0.0126441932858687));
#10014=CARTESIAN_POINT('',(0.0333842238485813,-0.0386258068848971,0.0126441932858687));
#10015=CARTESIAN_POINT('',(0.0333842238485813,-0.0466109689109693,0.012157174377228));
#10016=CARTESIAN_POINT('',(0.0333842238485813,-0.0545961309370416,0.0116701554685874));
#10017=CARTESIAN_POINT('',(0.0413842238485813,-0.0545961309370416,0.0116701554685874));
#10018=CARTESIAN_POINT('',(0.0493842238485813,-0.0545961309370416,0.0116701554685874));
#10019=CARTESIAN_POINT('',(0.0493842238485813,-0.0466109689109693,0.012157174377228));
#10020=CARTESIAN_POINT('',(0.0606396496295929,-0.0386258068848971,0.0126441932858687));
#10021=CARTESIAN_POINT('',(0.0686396496295929,-0.0386258068848971,0.0126441932858687));
#10022=CARTESIAN_POINT('',(0.0526396496295929,-0.0386258068848971,0.0126441932858687));
#10023=CARTESIAN_POINT('',(0.0526396496295929,-0.0466109689109693,0.012157174377228));
#10024=CARTESIAN_POINT('',(0.0526396496295929,-0.0545961309370416,0.0116701554685874));
#10025=CARTESIAN_POINT('',(0.0606396496295929,-0.0545961309370416,0.0116701554685874));
#10026=CARTESIAN_POINT('',(0.0686396496295929,-0.0545961309370416,0.0116701554685874));
#10027=CARTESIAN_POINT('',(0.0686396496295929,-0.0466109689109693,0.012157174377228));
#10028=CARTESIAN_POINT('',(0.0797537490725517,-0.0386258068848971,0.0126441932858687));
#10029=CARTESIAN_POINT('',(0.0877537490725517,-0.0386258068848971,0.0126441932858687));
#10030=CARTESIAN_POINT('',(0.0717537490725517,-0.0386258068848971,0.0126441932858687));
#10031=CARTESIAN_POINT('',(0.0717537490725517,-0.0466109689109693,0.012157174377228));
#10032=CARTESIAN_POINT('',(0.0717537490725517,-0.0545961309370416,0.0116701554685874));
#10033=CARTESIAN_POINT('',(0.0797537490725517,-0.0545961309370416,0.0116701554685874));
#10034=CARTESIAN_POINT('',(0.0877537490725517,-0.0545961309370416,0.0116701554685874));
#10035=CARTESIAN_POINT('',(0.0877537490725517,-0.0466109689109693,0.012157174377228));
#10036=CARTESIAN_POINT('',(-0.13340125977993,-0.0577460940776535,0.0114780376873839));
#10037=CARTESIAN_POINT('',(-0.12540125977993,-0.0577460940776535,0.0114780376873839));
#10038=CARTESIAN_POINT('',(-0.14140125977993,-0.0577460940776535,0.0114780376873839));
#10039=CARTESIAN_POINT('',(-0.14140125977993,-0.0657312561037257,0.0109910187787432));
#10040=CARTESIAN_POINT('',(-0.14140125977993,-0.073716418129798,0.0105039998701026));
#10041=CARTESIAN_POINT('',(-0.13340125977993,-0.073716418129798,0.0105039998701026));
#10042=CARTESIAN_POINT('',(-0.12540125977993,-0.073716418129798,0.0105039998701026));
#10043=CARTESIAN_POINT('',(-0.12540125977993,-0.0657312561037257,0.0109910187787432));
#10044=CARTESIAN_POINT('',(-0.10958343744278,-0.0577460940776535,0.0114780376873839));
#10045=CARTESIAN_POINT('',(-0.10158343744278,-0.0577460940776535,0.0114780376873839));
#10046=CARTESIAN_POINT('',(-0.11758343744278,-0.0577460940776535,0.0114780376873839));
#10047=CARTESIAN_POINT('',(-0.11758343744278,-0.0657312561037257,0.0109910187787432));
#10048=CARTESIAN_POINT('',(-0.11758343744278,-0.073716418129798,0.0105039998701026));
#10049=CARTESIAN_POINT('',(-0.10958343744278,-0.073716418129798,0.0105039998701026));
#10050=CARTESIAN_POINT('',(-0.10158343744278,-0.073716418129798,0.0105039998701026));
#10051=CARTESIAN_POINT('',(-0.10158343744278,-0.0657312561037257,0.0109910187787432));
#10052=CARTESIAN_POINT('',(-0.0857423469424248,-0.0577460940776535,0.0114780376873839));
#10053=CARTESIAN_POINT('',(-0.0777423469424248,-0.0577460940776535,0.0114780376873839));
#10054=CARTESIAN_POINT('',(-0.0937423469424248,-0.0577460940776535,0.0114780376873839));
#10055=CARTESIAN_POINT('',(-0.0937423469424248,-0.0657312561037257,0.0109910187787432));
#10056=CARTESIAN_POINT('',(-0.0937423469424248,-0.073716418129798,0.0105039998701026));
#10057=CARTESIAN_POINT('',(-0.0857423469424248,-0.073716418129798,0.0105039998701026));
#10058=CARTESIAN_POINT('',(-0.0777423469424248,-0.073716418129798,0.0105039998701026));
#10059=CARTESIAN_POINT('',(-0.0777423469424248,-0.0657312561037257,0.0109910187787432));
#10060=CARTESIAN_POINT('',(-0.0682283714413643,-0.0664643301239621,0.0109463082383531));
#10061=CARTESIAN_POINT('',(-0.0682283714413643,-0.0562115074333377,0.0115716328718384));
#10062=CARTESIAN_POINT('',(-0.0682283714413643,-0.0767171528145865,0.0103209836048679));
#10063=CARTESIAN_POINT('',(-0.0641803108155728,-0.0767171528145865,0.0103209836048679));
#10064=CARTESIAN_POINT('',(-0.0601322501897812,-0.0767171528145865,0.0103209836048679));
#10065=CARTESIAN_POINT('',(-0.0601322501897812,-0.0664643301239621,0.0109463082383531));
#10066=CARTESIAN_POINT('',(-0.0601322501897812,-0.0562115074333377,0.0115716328718384));
#10067=CARTESIAN_POINT('',(-0.0641803108155728,-0.0562115074333377,0.0115716328718384));
#10068=CARTESIAN_POINT('',(0.0316171006023884,-0.0660333087944258,0.0109725964384956));
#10069=CARTESIAN_POINT('',(0.0316171006023884,-0.0557804861038015,0.0115979210719809));
#10070=CARTESIAN_POINT('',(0.0316171006023884,-0.0762861314850502,0.0103472718050104));
#10071=CARTESIAN_POINT('',(0.0356651612281799,-0.0762861314850502,0.0103472718050104));
#10072=CARTESIAN_POINT('',(0.0397132218539714,-0.0762861314850502,0.0103472718050104));
#10073=CARTESIAN_POINT('',(0.0397132218539714,-0.0660333087944258,0.0109725964384956));
#10074=CARTESIAN_POINT('',(0.0397132218539714,-0.0557804861038015,0.0115979210719809));
#10075=CARTESIAN_POINT('',(0.0356651612281799,-0.0557804861038015,0.0115979210719809));
#10076=CARTESIAN_POINT('',(-0.014308849349618,-0.0577460940776535,0.0114780376873839));
#10077=CARTESIAN_POINT('',(-0.00630884934961795,-0.0577460940776535,0.0114780376873839));
#10078=CARTESIAN_POINT('',(-0.0223088493496179,-0.0577460940776535,0.0114780376873839));
#10079=CARTESIAN_POINT('',(-0.0223088493496179,-0.0657312561037257,0.0109910187787432));
#10080=CARTESIAN_POINT('',(-0.0223088493496179,-0.073716418129798,0.0105039998701026));
#10081=CARTESIAN_POINT('',(-0.014308849349618,-0.073716418129798,0.0105039998701026));
#10082=CARTESIAN_POINT('',(-0.00630884934961795,-0.073716418129798,0.0105039998701026));
#10083=CARTESIAN_POINT('',(-0.00630884934961795,-0.0657312561037257,0.0109910187787432));
#10084=CARTESIAN_POINT('',(0.0573167018592358,-0.0577460940776535,0.0114780376873839));
#10085=CARTESIAN_POINT('',(0.0653167018592358,-0.0577460940776535,0.0114780376873839));
#10086=CARTESIAN_POINT('',(0.0493167018592358,-0.0577460940776535,0.0114780376873839));
#10087=CARTESIAN_POINT('',(0.0493167018592358,-0.0657312561037257,0.0109910187787432));
#10088=CARTESIAN_POINT('',(0.0493167018592358,-0.073716418129798,0.0105039998701026));
#10089=CARTESIAN_POINT('',(0.0573167018592358,-0.073716418129798,0.0105039998701026));
#10090=CARTESIAN_POINT('',(0.0653167018592358,-0.073716418129798,0.0105039998701026));
#10091=CARTESIAN_POINT('',(0.0653167018592358,-0.0657312561037257,0.0109910187787432));
#10092=CARTESIAN_POINT('',(0.081152468919754,-0.0577460940776535,0.0114780376873839));
#10093=CARTESIAN_POINT('',(0.089152468919754,-0.0577460940776535,0.0114780376873839));
#10094=CARTESIAN_POINT('',(0.073152468919754,-0.0577460940776535,0.0114780376873839));
#10095=CARTESIAN_POINT('',(0.073152468919754,-0.0657312561037257,0.0109910187787432));
#10096=CARTESIAN_POINT('',(0.073152468919754,-0.073716418129798,0.0105039998701026));
#10097=CARTESIAN_POINT('',(0.081152468919754,-0.073716418129798,0.0105039998701026));
#10098=CARTESIAN_POINT('',(0.089152468919754,-0.073716418129798,0.0105039998701026));
#10099=CARTESIAN_POINT('',(0.089152468919754,-0.0657312561037257,0.0109910187787432));
#10100=CARTESIAN_POINT('',(0.105160921812057,-0.0577460940776535,0.0114780376873839));
#10101=CARTESIAN_POINT('',(0.113160921812057,-0.0577460940776535,0.0114780376873839));
#10102=CARTESIAN_POINT('',(0.0971609218120575,-0.0577460940776535,0.0114780376873839));
#10103=CARTESIAN_POINT('',(0.0971609218120575,-0.0657312561037257,0.0109910187787432));
#10104=CARTESIAN_POINT('',(0.0971609218120575,-0.073716418129798,0.0105039998701026));
#10105=CARTESIAN_POINT('',(0.105160921812057,-0.073716418129798,0.0105039998701026));
#10106=CARTESIAN_POINT('',(0.113160921812057,-0.073716418129798,0.0105039998701026));
#10107=CARTESIAN_POINT('',(0.113160921812057,-0.0657312561037257,0.0109910187787432));
#10108=CARTESIAN_POINT('',(0.128980159759521,-0.0577460940776535,0.0114780376873839));
#10109=CARTESIAN_POINT('',(0.136980159759521,-0.0577460940776535,0.0114780376873839));
#10110=CARTESIAN_POINT('',(0.120980159759521,-0.0577460940776535,0.0114780376873839));
#10111=CARTESIAN_POINT('',(0.120980159759521,-0.0657312561037257,0.0109910187787432));
#10112=CARTESIAN_POINT('',(0.120980159759521,-0.073716418129798,0.0105039998701026));
#10113=CARTESIAN_POINT('',(0.128980159759521,-0.073716418129798,0.0105039998701026));
#10114=CARTESIAN_POINT('',(0.136980159759521,-0.073716418129798,0.0105039998701026));
#10115=CARTESIAN_POINT('',(0.136980159759521,-0.0657312561037257,0.0109910187787432));
#10116=CARTESIAN_POINT('',(0.128664253845215,-0.0186954320918887,0.0138597565203776));
#10117=CARTESIAN_POINT('',(0.128664253845215,-0.0182330472518867,0.0138879575962499));
#10118=CARTESIAN_POINT('',(0.128664253845215,-0.0191578169318907,0.0138315554445053));
#10119=CARTESIAN_POINT('',(0.120608373820782,-0.0191578169318907,0.0138315554445053));
#10120=CARTESIAN_POINT('',(0.112644270062447,-0.0191578169318907,0.0138315554445053));
#10121=CARTESIAN_POINT('',(0.112644270062447,-0.0186954320918887,0.0138597565203776));
#10122=CARTESIAN_POINT('',(0.112644270062447,-0.0182330472518867,0.0138879575962499));
#10123=CARTESIAN_POINT('',(0.1087879948318,-0.0182330472518867,0.0138879575962499));
#10124=CARTESIAN_POINT('',(0.104931719601154,-0.0182330472518867,0.0138879575962499));
#10125=CARTESIAN_POINT('',(0.104931719601154,-0.0274977558405062,0.0133228985215598));
#10126=CARTESIAN_POINT('',(0.104931719601154,-0.0367624644291256,0.0127578394468696));
#10127=CARTESIAN_POINT('',(0.102371457964182,-0.0367624644291256,0.0127578394468696));
#10128=CARTESIAN_POINT('',(0.0998111963272095,-0.0367624644291256,0.0127578394468696));
#10129=CARTESIAN_POINT('',(0.0998111963272095,-0.0470653632801177,0.0121294606440524));
#10130=CARTESIAN_POINT('',(0.0998111963272095,-0.0573682621311098,0.0115010818412351));
#10131=CARTESIAN_POINT('',(0.103915438055992,-0.0573682621311098,0.0115010818412351));
#10132=CARTESIAN_POINT('',(0.108019679784775,-0.0573682621311098,0.0115010818412351));
#10133=CARTESIAN_POINT('',(0.108019679784775,-0.0559821965340757,0.0115856186549112));
#10134=CARTESIAN_POINT('',(0.108019679784775,-0.0545961309370416,0.0116701554685874));
#10135=CARTESIAN_POINT('',(0.115751334092617,-0.0545961309370416,0.0116701554685874));
#10136=CARTESIAN_POINT('',(0.123482988400459,-0.0545961309370416,0.0116701554685874));
#10137=CARTESIAN_POINT('',(0.123482988400459,-0.0559821965340759,0.0115856186549112));
#10138=CARTESIAN_POINT('',(0.123482988400459,-0.0573682621311103,0.011501081841235));
#10139=CARTESIAN_POINT('',(0.127587230129242,-0.0573682621311103,0.011501081841235));
#10140=CARTESIAN_POINT('',(0.131691471858025,-0.0573682621311103,0.011501081841235));
#10141=CARTESIAN_POINT('',(0.131691471858025,-0.0477439974766973,0.0120880704149367));
#10142=CARTESIAN_POINT('',(0.131691471858025,-0.0381197328222843,0.0126750589886384));
#10143=CARTESIAN_POINT('',(0.134034138082266,-0.0381197328222843,0.0126750589886384));
#10144=CARTESIAN_POINT('',(0.136376804306507,-0.0381197328222843,0.0126750589886384));
#10145=CARTESIAN_POINT('',(0.136376804306507,-0.0281763900370855,0.0132815082924442));
#10146=CARTESIAN_POINT('',(0.136376804306507,-0.0182330472518867,0.0138879575962499));
#10147=CARTESIAN_POINT('',(0.132520529075861,-0.0182330472518867,0.0138879575962499));
#10148=CARTESIAN_POINT('',(-0.1160296002388,-0.0378157163403363,0.0126936011014677));
#10149=CARTESIAN_POINT('',(-0.1160296002388,-0.0371445847028604,0.0127345337458612));
#10150=CARTESIAN_POINT('',(-0.1160296002388,-0.0384868479778122,0.0126526684570742));
#10151=CARTESIAN_POINT('',(-0.123824914264679,-0.0384868479778122,0.0126526684570742));
#10152=CARTESIAN_POINT('',(-0.131620228290558,-0.0384868479778122,0.0126526684570742));
#10153=CARTESIAN_POINT('',(-0.131620228290558,-0.0378157163403363,0.0126936011014677));
#10154=CARTESIAN_POINT('',(-0.131620228290558,-0.0371445847028604,0.0127345337458612));
#10155=CARTESIAN_POINT('',(-0.135690495371819,-0.0371445847028604,0.0127345337458612));
#10156=CARTESIAN_POINT('',(-0.139760762453079,-0.0371445847028604,0.0127345337458612));
#10157=CARTESIAN_POINT('',(-0.139760762453079,-0.0472172439029126,0.0121201973711324));
#10158=CARTESIAN_POINT('',(-0.139760762453079,-0.0572899031029647,0.0115058609964037));
#10159=CARTESIAN_POINT('',(-0.135690495371819,-0.0572899031029647,0.0115058609964037));
#10160=CARTESIAN_POINT('',(-0.131620228290558,-0.0572899031029647,0.0115058609964037));
#10161=CARTESIAN_POINT('',(-0.131620228290558,-0.0558735375664607,0.0115922458180983));
#10162=CARTESIAN_POINT('',(-0.131620228290558,-0.0544571720299567,0.0116786306397928));
#10163=CARTESIAN_POINT('',(-0.123824914264679,-0.0544571720299567,0.0116786306397928));
#10164=CARTESIAN_POINT('',(-0.1160296002388,-0.0544571720299567,0.0116786306397928));
#10165=CARTESIAN_POINT('',(-0.1160296002388,-0.0558735375664607,0.0115922458180983));
#10166=CARTESIAN_POINT('',(-0.1160296002388,-0.0572899031029647,0.0115058609964037));
#10167=CARTESIAN_POINT('',(-0.111959333157539,-0.0572899031029647,0.0115058609964037));
#10168=CARTESIAN_POINT('',(-0.107889066076279,-0.0572899031029647,0.0115058609964037));
#10169=CARTESIAN_POINT('',(-0.107889066076279,-0.0472172439029126,0.0121201973711324));
#10170=CARTESIAN_POINT('',(-0.107889066076279,-0.0371445847028604,0.0127345337458612));
#10171=CARTESIAN_POINT('',(-0.111959333157539,-0.0371445847028604,0.0127345337458612));
#10172=CARTESIAN_POINT('',(-0.0560279352664948,-0.027142978957963,0.0133445365358647));
#10173=CARTESIAN_POINT('',(-0.0560279352664948,-0.0351281409840353,0.012857517627224));
#10174=CARTESIAN_POINT('',(-0.0560279352664948,-0.0191578169318908,0.0138315554445053));
#10175=CARTESIAN_POINT('',(-0.0640279352664948,-0.0191578169318908,0.0138315554445053));
#10176=CARTESIAN_POINT('',(-0.0720279352664948,-0.0191578169318907,0.0138315554445053));
#10177=CARTESIAN_POINT('',(-0.0720279352664948,-0.027142978957963,0.0133445365358647));
#10178=CARTESIAN_POINT('',(-0.0720279352664948,-0.0351281409840353,0.012857517627224));
#10179=CARTESIAN_POINT('',(-0.0640279352664948,-0.0351281409840353,0.012857517627224));
#10180=CARTESIAN_POINT('',(0.13209833548665,0.0200864764936767,0.0162250839530176));
#10181=CARTESIAN_POINT('',(0.13209833548665,0.0208824728898829,0.016273632159666));
#10182=CARTESIAN_POINT('',(0.13209833548665,0.0192904800974704,0.0161765357463692));
#10183=CARTESIAN_POINT('',(0.124250141760707,0.0192904800974704,0.0161765357463692));
#10184=CARTESIAN_POINT('',(0.116401948034763,0.0192904800974704,0.0161765357463692));
#10185=CARTESIAN_POINT('',(0.116401948034763,0.0200259288311528,0.0162213911216854));
#10186=CARTESIAN_POINT('',(0.116401948034763,0.020761377564835,0.0162662464970014));
#10187=CARTESIAN_POINT('',(0.112363565713167,0.020761377564835,0.0162662464970014));
#10188=CARTESIAN_POINT('',(0.108325183391571,0.0207613775648351,0.0162662464970014));
#10189=CARTESIAN_POINT('',(0.108325183391571,0.0106230720218815,0.0156479063199489));
#10190=CARTESIAN_POINT('',(0.108325183391571,0.000484766478927974,0.0150295661428963));
#10191=CARTESIAN_POINT('',(0.112363565713167,0.000484766478927974,0.0150295661428963));
#10192=CARTESIAN_POINT('',(0.116401948034763,0.000484766478927961,0.0150295661428963));
#10193=CARTESIAN_POINT('',(0.116401948034763,0.00190246126212691,0.0151160320359921));
#10194=CARTESIAN_POINT('',(0.116401948034763,0.00332015604532586,0.0152024979290879));
#10195=CARTESIAN_POINT('',(0.124250141760707,0.00332015604532587,0.0152024979290879));
#10196=CARTESIAN_POINT('',(0.13209833548665,0.00332015604532588,0.0152024979290879));
#10197=CARTESIAN_POINT('',(0.13209833548665,0.00190246126212692,0.0151160320359921));
#10198=CARTESIAN_POINT('',(0.13209833548665,0.000484766478927961,0.0150295661428963));
#10199=CARTESIAN_POINT('',(0.136136717808246,0.000484766478927974,0.0150295661428963));
#10200=CARTESIAN_POINT('',(0.140175100129843,0.000484766478927974,0.0150295661428963));
#10201=CARTESIAN_POINT('',(0.140175100129843,0.0106836196844054,0.0156515991512811));
#10202=CARTESIAN_POINT('',(0.140175100129843,0.0208824728898829,0.016273632159666));
#10203=CARTESIAN_POINT('',(0.136136717808246,0.0208824728898829,0.016273632159666));
#10204=CARTESIAN_POINT('',(0.14411,-0.024463528663817,0.0135079575101356));
#10205=CARTESIAN_POINT('',(0.14411,-0.025461673917076,0.0134470801465555));
#10206=CARTESIAN_POINT('',(-0.14411,-0.024463528663817,0.0135079575101356));
#10207=CARTESIAN_POINT('',(-0.14411,-0.025461673917076,0.0134470801465555));
#10208=CARTESIAN_POINT('',(-0.126448402249927,-2.59124319224035E-17,0.015));
#10209=CARTESIAN_POINT('',(-0.126448402249927,0.076174011172005,0.0196458899226644));
#10210=CARTESIAN_POINT('',(0.14396736,0.074750793262936,0.0195590871714404));
#10211=CARTESIAN_POINT('',(0.15121,0.074750793262936,0.0195590871714404));
#10212=CARTESIAN_POINT('',(0.15121,-1.38777878078145E-17,0.015));
#10213=CARTESIAN_POINT('',(0.15121,-0.074750793262936,0.0104409128285596));
#10214=CARTESIAN_POINT('',(0.14396736,-0.074750793262936,0.0104409128285597));
#10215=CARTESIAN_POINT('',(0.14396736,-0.08198,0.01));
#10216=CARTESIAN_POINT('',(-0.151212,-0.08198,0.01));
#10217=CARTESIAN_POINT('',(-0.14396736,-0.08198,0.01));
#10218=CARTESIAN_POINT('',(-0.14396736,-0.074750793262936,0.0104409128285597));
#10219=CARTESIAN_POINT('',(-0.15121,-0.074750793262936,0.0104409128285596));
#10220=CARTESIAN_POINT('',(-0.15121,-1.38777878078145E-17,0.015));
#10221=CARTESIAN_POINT('',(-0.15121,0.074750793262936,0.0195590871714404));
#10222=CARTESIAN_POINT('',(-0.14396736,0.074750793262936,0.0195590871714404));
#10223=CARTESIAN_POINT('',(-0.14396736,0.08198,0.02));
#10224=CARTESIAN_POINT('',(0.,0.08198,0.02));
#10225=CARTESIAN_POINT('',(-0.137808818853234,0.08198,0.02));
#10226=CARTESIAN_POINT('',(-0.137808818853234,-2.59124319224035E-17,0.015));
#10227=CARTESIAN_POINT('',(-0.137808818853234,0.076174011172005,0.0196458899226644));
#10228=CARTESIAN_POINT('',(0.000198229321207444,0.076174011172005,0.0196458899226644));
#10229=CARTESIAN_POINT('',(-0.14131,0.076174011172005,0.0196458899226644));
#10230=CARTESIAN_POINT('',(-0.14131,0.0726805027855984,0.0194328191501341));
#10231=CARTESIAN_POINT('',(-0.14481,0.0726805027855984,0.0194328191501341));
#10232=CARTESIAN_POINT('',(-0.14481,0.0488468673324676,0.0179791941529927));
#10233=CARTESIAN_POINT('',(-0.14481,0.0250132318793369,0.0165255691558512));
#10234=CARTESIAN_POINT('',(-0.14131,0.0250132318793369,0.0165255691558512));
#10235=CARTESIAN_POINT('',(-0.14131,0.0215197234929303,0.0163124983833209));
#10236=CARTESIAN_POINT('',(0.000198229321207444,0.0215197234929303,0.0163124983833209));
#10237=CARTESIAN_POINT('',(0.141706458642415,0.0215197234929303,0.0163124983833209));
#10238=CARTESIAN_POINT('',(0.141706458642415,0.0250132318793369,0.0165255691558512));
#10239=CARTESIAN_POINT('',(0.145206458642415,0.0250132318793369,0.0165255691558512));
#10240=CARTESIAN_POINT('',(0.145206458642415,0.0488468673324676,0.0179791941529927));
#10241=CARTESIAN_POINT('',(0.145206458642415,0.0726805027855984,0.0194328191501341));
#10242=CARTESIAN_POINT('',(0.141706458642415,0.0726805027855984,0.0194328191501341));
#10243=CARTESIAN_POINT('',(0.141706458642415,0.076174011172005,0.0196458899226644));
#10244=CARTESIAN_POINT('',(0.000198229321207444,0.076174011172005,0.0196458899226644));
#10245=CARTESIAN_POINT('',(0.000198229321207444,0.0760522564448448,0.0216421804291825));
#10246=CARTESIAN_POINT('',(-0.129104037168537,0.0761514828900867,0.0200152636329968));
#10247=CARTESIAN_POINT('',(-0.126448402249927,0.0761514828900867,0.0200152636329968));
#10248=CARTESIAN_POINT('',(-0.127005099685135,0.0760522564448448,0.0216421804291825));
#10249=CARTESIAN_POINT('',(-0.126448402249927,0.0760522564448448,0.0216421804291825));
#10250=CARTESIAN_POINT('',(0.141706458642415,0.0760522564448448,0.0216421804291825));
#10251=CARTESIAN_POINT('',(0.141706458642415,0.0760522564448448,0.0216421804291825));
#10252=CARTESIAN_POINT('',(0.000198229321207444,0.0760522564448448,0.0216421804291825));
#10253=CARTESIAN_POINT('',(0.,0.0817364905456797,0.0239925810130361));
#10254=CARTESIAN_POINT('',(-0.135153183934623,0.0819790690636133,0.0200152636329968));
#10255=CARTESIAN_POINT('',(-0.137620234915348,0.0819191226364199,0.020998145253259));
#10256=CARTESIAN_POINT('',(-0.137808818853234,0.0819790690636133,0.0200152636329968));
#10257=CARTESIAN_POINT('',(-0.137808818853234,0.0817364905456797,0.0239925810130361));
#10258=CARTESIAN_POINT('',(-0.14396736,0.0817364905456797,0.0239925810130361));
#10259=CARTESIAN_POINT('',(-0.14396736,0.0819191226364199,0.020998145253259));
#10260=CARTESIAN_POINT('',(0.14396736,0.0819191226364199,0.020998145253259));
#10261=CARTESIAN_POINT('',(-0.15121,-0.000243509454320344,0.0189925810130361));
#10262=CARTESIAN_POINT('',(-0.15121,-0.0749943027172564,0.0144334938415958));
#10263=CARTESIAN_POINT('',(-0.15121,-0.0748116706265161,0.0114390580818187));
#10264=CARTESIAN_POINT('',(-0.15121,0.074689915899356,0.0205572324246994));
#10265=CARTESIAN_POINT('',(-0.15121,0.0746899158993559,0.0205572324246994));
#10266=CARTESIAN_POINT('',(-0.15121,0.0745072838086157,0.0235516681844765));
#10267=CARTESIAN_POINT('',(-0.151212,-0.0822235094543204,0.0139925810130361));
#10268=CARTESIAN_POINT('',(0.14396736,-0.0822235094543204,0.0139925810130361));
#10269=CARTESIAN_POINT('',(0.14396736,-0.0820408773635801,0.010998145253259));
#10270=CARTESIAN_POINT('',(-0.14396736,-0.0820408773635801,0.010998145253259));
#10271=CARTESIAN_POINT('',(-0.14396736,-0.0820408773635801,0.010998145253259));
#10272=CARTESIAN_POINT('',(-0.14396736,-0.0822235094543204,0.0139925810130361));
#10273=CARTESIAN_POINT('',(0.,-0.0772235094543203,0.0142975334404575));
#10274=CARTESIAN_POINT('',(0.,-0.0771017547271602,0.0123012429339394));
#10275=CARTESIAN_POINT('',(-0.14621,-0.0771017547271602,0.0123012429339394));
#10276=CARTESIAN_POINT('',(0.14621,-0.0771017547271602,0.0123012429339394));
#10277=CARTESIAN_POINT('',(-0.14621,-0.0772235094543203,0.0142975334404575));
#10278=CARTESIAN_POINT('',(-0.14621,-0.0772235094543203,0.0142975334404575));
#10279=CARTESIAN_POINT('',(0.,-0.0772235094543203,0.0142975334404575));
#10280=CARTESIAN_POINT('',(0.14621,-0.0772235094543203,0.0142975334404575));
#10281=CARTESIAN_POINT('',(0.14621,-0.0772235094543203,0.0142975334404575));
#10282=CARTESIAN_POINT('',(-0.14621,6.03128031215883E-5,0.0190111112800185));
#10283=CARTESIAN_POINT('',(-0.14621,0.000182067530281754,0.0170148207735004));
#10284=CARTESIAN_POINT('',(-0.14621,0.0768582452728398,0.0216913380790968));
#10285=CARTESIAN_POINT('',(-0.14621,0.0767364905456796,0.0236876285856148));
#10286=CARTESIAN_POINT('',(-0.14621,0.0767364905456796,0.0236876285856148));
#10287=CARTESIAN_POINT('',(-0.14621,6.03128031215883E-5,0.0190111112800185));
#10288=CARTESIAN_POINT('',(0.,0.0767364905456797,0.0236876285856148));
#10289=CARTESIAN_POINT('',(0.,0.0768582452728398,0.0216913380790968));
#10290=CARTESIAN_POINT('',(-0.137213079871818,0.0768582452728398,0.0216913380790968));
#10291=CARTESIAN_POINT('',(-0.135153183934623,0.0769604698670152,0.0200152636329968));
#10292=CARTESIAN_POINT('',(-0.135153183934623,0.0767985014040602,0.0226708985516072));
#10293=CARTESIAN_POINT('',(0.,0.0767985014040602,0.0226708985516072));
#10294=CARTESIAN_POINT('',(-0.129104037168537,0.0767985014040602,0.0226708985516072));
#10295=CARTESIAN_POINT('',(-0.129104037168537,0.0769604698670152,0.0200152636329968));
#10296=CARTESIAN_POINT('',(-0.127044141231342,0.0768582452728398,0.0216913380790968));
#10297=CARTESIAN_POINT('',(0.,0.0768582452728398,0.0216913380790968));
#10298=CARTESIAN_POINT('',(0.14621,0.0768582452728398,0.0216913380790968));
#10299=CARTESIAN_POINT('',(0.14621,0.0767364905456797,0.0236876285856148));
#10300=CARTESIAN_POINT('',(0.14621,0.0767364905456797,0.0236876285856148));
#10301=CARTESIAN_POINT('',(0.,0.0767364905456797,0.0236876285856148));
#10302=CARTESIAN_POINT('',(0.14621,6.03128031215745E-5,0.0190111112800185));
#10303=CARTESIAN_POINT('',(0.14621,0.00018206753028174,0.0170148207735004));
#10304=CARTESIAN_POINT('',(0.14621,6.03128031215745E-5,0.0190111112800185));
#10305=CARTESIAN_POINT('',(0.15121,-0.000243509454320344,0.0189925810130361));
#10306=CARTESIAN_POINT('',(0.15121,0.0745072838086157,0.0235516681844765));
#10307=CARTESIAN_POINT('',(0.15121,0.0746899158993559,0.0205572324246994));
#10308=CARTESIAN_POINT('',(0.15121,-0.0748116706265161,0.0114390580818187));
#10309=CARTESIAN_POINT('',(0.15121,-0.0748116706265161,0.0114390580818187));
#10310=CARTESIAN_POINT('',(0.15121,-0.0749943027172564,0.0144334938415958));
#10311=CARTESIAN_POINT('',(0.,-0.000243509454320356,0.0189925810130361));
#10312=CARTESIAN_POINT('',(-0.14396736,-0.0749943027172564,0.0144334938415958));
#10313=CARTESIAN_POINT('',(-0.14821,-0.0749943027172564,0.0144334938415958));
#10314=CARTESIAN_POINT('',(-0.14396736,-0.0792290736945433,0.0141752131037764));
#10315=CARTESIAN_POINT('',(0.14396736,-0.0792290736945433,0.0141752131037764));
#10316=CARTESIAN_POINT('',(0.14396736,-0.0792290736945433,0.0141752131037764));
#10317=CARTESIAN_POINT('',(0.14396736,-0.0749943027172564,0.0144334938415958));
#10318=CARTESIAN_POINT('',(0.14821,-0.0749943027172564,0.0144334938415958));
#10319=CARTESIAN_POINT('',(0.14821,0.0745072838086157,0.0235516681844765));
#10320=CARTESIAN_POINT('',(0.14821,0.0745072838086157,0.0235516681844765));
#10321=CARTESIAN_POINT('',(0.14396736,0.0745072838086157,0.0235516681844765));
#10322=CARTESIAN_POINT('',(0.14396736,0.0787420547859026,0.0238099489222959));
#10323=CARTESIAN_POINT('',(-0.14396736,0.0787420547859026,0.0238099489222959));
#10324=CARTESIAN_POINT('',(-0.14396736,0.0787420547859026,0.0238099489222959));
#10325=CARTESIAN_POINT('',(-0.14396736,0.0745072838086157,0.0235516681844765));
#10326=CARTESIAN_POINT('',(-0.14821,0.0745072838086157,0.0235516681844765));
#10327=CARTESIAN_POINT('',(-0.14821,-0.0749943027172564,0.0144334938415958));
#10328=CARTESIAN_POINT('',(-0.13586950302124,0.019237210193757,0.0181770031755176));
#10329=CARTESIAN_POINT('',(-0.12786950302124,0.019237210193757,0.0181770031755176));
#10330=CARTESIAN_POINT('',(-0.12786950302124,0.019237210193757,0.0181770031755176));
#10331=CARTESIAN_POINT('',(-0.13586950302124,0.019237210193757,0.0181770031755176));
#10332=CARTESIAN_POINT('',(-0.14386950302124,0.019237210193757,0.0181770031755176));
#10333=CARTESIAN_POINT('',(-0.14386950302124,0.019237210193757,0.0181770031755176));
#10334=CARTESIAN_POINT('',(-0.12786950302124,0.0112520481676847,0.017689984266877));
#10335=CARTESIAN_POINT('',(-0.12786950302124,0.00326688614161248,0.0172029653582363));
#10336=CARTESIAN_POINT('',(-0.12786950302124,0.00326688614161248,0.0172029653582363));
#10337=CARTESIAN_POINT('',(-0.12786950302124,0.0112520481676847,0.017689984266877));
#10338=CARTESIAN_POINT('',(-0.13586950302124,0.00326688614161248,0.0172029653582363));
#10339=CARTESIAN_POINT('',(-0.14386950302124,0.00326688614161248,0.0172029653582363));
#10340=CARTESIAN_POINT('',(-0.14386950302124,0.00326688614161248,0.0172029653582363));
#10341=CARTESIAN_POINT('',(-0.13586950302124,0.00326688614161248,0.0172029653582363));
#10342=CARTESIAN_POINT('',(-0.11681950302124,0.0191687253703102,0.0181728262528873));
#10343=CARTESIAN_POINT('',(-0.10881950302124,0.0191687253703102,0.0181728262528873));
#10344=CARTESIAN_POINT('',(-0.10881950302124,0.0191687253703102,0.0181728262528873));
#10345=CARTESIAN_POINT('',(-0.11681950302124,0.0191687253703102,0.0181728262528873));
#10346=CARTESIAN_POINT('',(-0.12481950302124,0.0191687253703102,0.0181728262528873));
#10347=CARTESIAN_POINT('',(-0.12481950302124,0.0191687253703102,0.0181728262528873));
#10348=CARTESIAN_POINT('',(-0.10881950302124,0.011183563344238,0.0176858073442467));
#10349=CARTESIAN_POINT('',(-0.10881950302124,0.00319840131816569,0.017198788435606));
#10350=CARTESIAN_POINT('',(-0.10881950302124,0.00319840131816569,0.017198788435606));
#10351=CARTESIAN_POINT('',(-0.10881950302124,0.011183563344238,0.0176858073442467));
#10352=CARTESIAN_POINT('',(-0.11681950302124,0.00319840131816569,0.017198788435606));
#10353=CARTESIAN_POINT('',(-0.12481950302124,0.0031984013181657,0.017198788435606));
#10354=CARTESIAN_POINT('',(-0.12481950302124,0.0031984013181657,0.017198788435606));
#10355=CARTESIAN_POINT('',(-0.11681950302124,0.00319840131816569,0.017198788435606));
#10356=CARTESIAN_POINT('',(-0.0974683612585068,0.0191687253703102,0.0181728262528873));
#10357=CARTESIAN_POINT('',(-0.0894683612585068,0.0191687253703102,0.0181728262528873));
#10358=CARTESIAN_POINT('',(-0.0894683612585068,0.0191687253703102,0.0181728262528873));
#10359=CARTESIAN_POINT('',(-0.0974683612585068,0.0191687253703102,0.0181728262528873));
#10360=CARTESIAN_POINT('',(-0.105468361258507,0.0191687253703102,0.0181728262528873));
#10361=CARTESIAN_POINT('',(-0.105468361258507,0.0191687253703102,0.0181728262528873));
#10362=CARTESIAN_POINT('',(-0.0894683612585068,0.0111835633442379,0.0176858073442467));
#10363=CARTESIAN_POINT('',(-0.0894683612585068,0.00319840131816568,0.017198788435606));
#10364=CARTESIAN_POINT('',(-0.0894683612585068,0.00319840131816568,0.017198788435606));
#10365=CARTESIAN_POINT('',(-0.0894683612585068,0.0111835633442379,0.0176858073442467));
#10366=CARTESIAN_POINT('',(-0.0974683612585068,0.00319840131816568,0.017198788435606));
#10367=CARTESIAN_POINT('',(-0.105468361258507,0.00319840131816569,0.017198788435606));
#10368=CARTESIAN_POINT('',(-0.105468361258507,0.00319840131816569,0.017198788435606));
#10369=CARTESIAN_POINT('',(-0.0974683612585068,0.00319840131816568,0.017198788435606));
#10370=CARTESIAN_POINT('',(-0.0781213566660881,0.0191687253703102,0.0181728262528873));
#10371=CARTESIAN_POINT('',(-0.0701213566660881,0.0191687253703102,0.0181728262528873));
#10372=CARTESIAN_POINT('',(-0.0701213566660881,0.0191687253703102,0.0181728262528873));
#10373=CARTESIAN_POINT('',(-0.0781213566660881,0.0191687253703102,0.0181728262528873));
#10374=CARTESIAN_POINT('',(-0.0861213566660881,0.0191687253703102,0.0181728262528873));
#10375=CARTESIAN_POINT('',(-0.0861213566660881,0.0191687253703102,0.0181728262528873));
#10376=CARTESIAN_POINT('',(-0.0701213566660881,0.011183563344238,0.0176858073442467));
#10377=CARTESIAN_POINT('',(-0.0701213566660881,0.00319840131816569,0.017198788435606));
#10378=CARTESIAN_POINT('',(-0.0701213566660881,0.00319840131816569,0.017198788435606));
#10379=CARTESIAN_POINT('',(-0.0701213566660881,0.011183563344238,0.0176858073442467));
#10380=CARTESIAN_POINT('',(-0.0781213566660881,0.00319840131816569,0.017198788435606));
#10381=CARTESIAN_POINT('',(-0.0861213566660881,0.00319840131816569,0.017198788435606));
#10382=CARTESIAN_POINT('',(-0.0861213566660881,0.00319840131816569,0.017198788435606));
#10383=CARTESIAN_POINT('',(-0.0781213566660881,0.00319840131816569,0.017198788435606));
#10384=CARTESIAN_POINT('',(-0.0590045042335987,0.0191687253703102,0.0181728262528873));
#10385=CARTESIAN_POINT('',(-0.0510045042335987,0.0191687253703102,0.0181728262528873));
#10386=CARTESIAN_POINT('',(-0.0510045042335987,0.0191687253703102,0.0181728262528873));
#10387=CARTESIAN_POINT('',(-0.0590045042335987,0.0191687253703102,0.0181728262528873));
#10388=CARTESIAN_POINT('',(-0.0670045042335987,0.0191687253703102,0.0181728262528873));
#10389=CARTESIAN_POINT('',(-0.0670045042335987,0.0191687253703102,0.0181728262528873));
#10390=CARTESIAN_POINT('',(-0.0510045042335987,0.0111835633442379,0.0176858073442467));
#10391=CARTESIAN_POINT('',(-0.0510045042335987,0.00319840131816569,0.017198788435606));
#10392=CARTESIAN_POINT('',(-0.0510045042335987,0.00319840131816569,0.017198788435606));
#10393=CARTESIAN_POINT('',(-0.0510045042335987,0.0111835633442379,0.0176858073442467));
#10394=CARTESIAN_POINT('',(-0.0590045042335987,0.00319840131816569,0.017198788435606));
#10395=CARTESIAN_POINT('',(-0.0670045042335987,0.00319840131816567,0.017198788435606));
#10396=CARTESIAN_POINT('',(-0.0670045042335987,0.00319840131816567,0.017198788435606));
#10397=CARTESIAN_POINT('',(-0.0590045042335987,0.00319840131816569,0.017198788435606));
#10398=CARTESIAN_POINT('',(-0.0396557822823525,0.0191687253703102,0.0181728262528873));
#10399=CARTESIAN_POINT('',(-0.0316557822823525,0.0191687253703102,0.0181728262528873));
#10400=CARTESIAN_POINT('',(-0.0316557822823525,0.0191687253703102,0.0181728262528873));
#10401=CARTESIAN_POINT('',(-0.0396557822823525,0.0191687253703102,0.0181728262528873));
#10402=CARTESIAN_POINT('',(-0.0476557822823525,0.0191687253703102,0.0181728262528873));
#10403=CARTESIAN_POINT('',(-0.0476557822823525,0.0191687253703102,0.0181728262528873));
#10404=CARTESIAN_POINT('',(-0.0316557822823525,0.0111835633442379,0.0176858073442467));
#10405=CARTESIAN_POINT('',(-0.0316557822823525,0.00319840131816569,0.017198788435606));
#10406=CARTESIAN_POINT('',(-0.0316557822823525,0.00319840131816569,0.017198788435606));
#10407=CARTESIAN_POINT('',(-0.0316557822823525,0.0111835633442379,0.0176858073442467));
#10408=CARTESIAN_POINT('',(-0.0396557822823525,0.00319840131816569,0.017198788435606));
#10409=CARTESIAN_POINT('',(-0.0476557822823525,0.00319840131816568,0.017198788435606));
#10410=CARTESIAN_POINT('',(-0.0476557822823525,0.00319840131816568,0.017198788435606));
#10411=CARTESIAN_POINT('',(-0.0396557822823525,0.00319840131816569,0.017198788435606));
#10412=CARTESIAN_POINT('',(-0.0202933140099049,0.0191687253703102,0.0181728262528873));
#10413=CARTESIAN_POINT('',(-0.0122933140099049,0.0191687253703102,0.0181728262528873));
#10414=CARTESIAN_POINT('',(-0.0122933140099049,0.0191687253703102,0.0181728262528873));
#10415=CARTESIAN_POINT('',(-0.0202933140099049,0.0191687253703102,0.0181728262528873));
#10416=CARTESIAN_POINT('',(-0.0282933140099049,0.0191687253703102,0.0181728262528873));
#10417=CARTESIAN_POINT('',(-0.0282933140099049,0.0191687253703102,0.0181728262528873));
#10418=CARTESIAN_POINT('',(-0.0122933140099049,0.011183563344238,0.0176858073442467));
#10419=CARTESIAN_POINT('',(-0.0122933140099049,0.0031984013181657,0.017198788435606));
#10420=CARTESIAN_POINT('',(-0.0122933140099049,0.0031984013181657,0.017198788435606));
#10421=CARTESIAN_POINT('',(-0.0122933140099049,0.011183563344238,0.0176858073442467));
#10422=CARTESIAN_POINT('',(-0.0202933140099049,0.0031984013181657,0.017198788435606));
#10423=CARTESIAN_POINT('',(-0.0282933140099049,0.00319840131816573,0.017198788435606));
#10424=CARTESIAN_POINT('',(-0.0282933140099049,0.00319840131816573,0.017198788435606));
#10425=CARTESIAN_POINT('',(-0.0202933140099049,0.0031984013181657,0.017198788435606));
#10426=CARTESIAN_POINT('',(-0.0011421610834077,0.0191687253703102,0.0181728262528873));
#10427=CARTESIAN_POINT('',(0.0068578389165923,0.0191687253703102,0.0181728262528873));
#10428=CARTESIAN_POINT('',(0.0068578389165923,0.0191687253703102,0.0181728262528873));
#10429=CARTESIAN_POINT('',(-0.0011421610834077,0.0191687253703102,0.0181728262528873));
#10430=CARTESIAN_POINT('',(-0.0091421610834077,0.0191687253703102,0.0181728262528873));
#10431=CARTESIAN_POINT('',(-0.0091421610834077,0.0191687253703102,0.0181728262528873));
#10432=CARTESIAN_POINT('',(0.0068578389165923,0.0111835633442379,0.0176858073442467));
#10433=CARTESIAN_POINT('',(0.0068578389165923,0.0031984013181657,0.017198788435606));
#10434=CARTESIAN_POINT('',(0.0068578389165923,0.0031984013181657,0.017198788435606));
#10435=CARTESIAN_POINT('',(0.0068578389165923,0.0111835633442379,0.0176858073442467));
#10436=CARTESIAN_POINT('',(-0.0011421610834077,0.0031984013181657,0.017198788435606));
#10437=CARTESIAN_POINT('',(-0.0091421610834077,0.00319840131816568,0.017198788435606));
#10438=CARTESIAN_POINT('',(-0.0091421610834077,0.00319840131816568,0.017198788435606));
#10439=CARTESIAN_POINT('',(-0.0011421610834077,0.0031984013181657,0.017198788435606));
#10440=CARTESIAN_POINT('',(0.0182530377060175,0.0191687253703102,0.0181728262528873));
#10441=CARTESIAN_POINT('',(0.0262530377060175,0.0191687253703102,0.0181728262528873));
#10442=CARTESIAN_POINT('',(0.0262530377060175,0.0191687253703102,0.0181728262528873));
#10443=CARTESIAN_POINT('',(0.0182530377060175,0.0191687253703102,0.0181728262528873));
#10444=CARTESIAN_POINT('',(0.0102530377060175,0.0191687253703102,0.0181728262528873));
#10445=CARTESIAN_POINT('',(0.0102530377060175,0.0191687253703102,0.0181728262528873));
#10446=CARTESIAN_POINT('',(0.0262530377060175,0.011183563344238,0.0176858073442467));
#10447=CARTESIAN_POINT('',(0.0262530377060175,0.0031984013181657,0.017198788435606));
#10448=CARTESIAN_POINT('',(0.0262530377060175,0.0031984013181657,0.017198788435606));
#10449=CARTESIAN_POINT('',(0.0262530377060175,0.011183563344238,0.0176858073442467));
#10450=CARTESIAN_POINT('',(0.0182530377060175,0.0031984013181657,0.017198788435606));
#10451=CARTESIAN_POINT('',(0.0102530377060175,0.00319840131816569,0.017198788435606));
#10452=CARTESIAN_POINT('',(0.0102530377060175,0.00319840131816569,0.017198788435606));
#10453=CARTESIAN_POINT('',(0.0182530377060175,0.0031984013181657,0.017198788435606));
#10454=CARTESIAN_POINT('',(0.0373527146875859,0.0191687253703102,0.0181728262528873));
#10455=CARTESIAN_POINT('',(0.0453527146875858,0.0191687253703102,0.0181728262528873));
#10456=CARTESIAN_POINT('',(0.0453527146875858,0.0191687253703102,0.0181728262528873));
#10457=CARTESIAN_POINT('',(0.0373527146875859,0.0191687253703102,0.0181728262528873));
#10458=CARTESIAN_POINT('',(0.0293527146875858,0.0191687253703102,0.0181728262528873));
#10459=CARTESIAN_POINT('',(0.0293527146875858,0.0191687253703102,0.0181728262528873));
#10460=CARTESIAN_POINT('',(0.0453527146875858,0.011183563344238,0.0176858073442467));
#10461=CARTESIAN_POINT('',(0.0453527146875858,0.00319840131816571,0.017198788435606));
#10462=CARTESIAN_POINT('',(0.0453527146875858,0.00319840131816571,0.017198788435606));
#10463=CARTESIAN_POINT('',(0.0453527146875858,0.011183563344238,0.0176858073442467));
#10464=CARTESIAN_POINT('',(0.0373527146875859,0.0031984013181657,0.017198788435606));
#10465=CARTESIAN_POINT('',(0.0293527146875858,0.0031984013181657,0.017198788435606));
#10466=CARTESIAN_POINT('',(0.0293527146875858,0.0031984013181657,0.017198788435606));
#10467=CARTESIAN_POINT('',(0.0373527146875859,0.0031984013181657,0.017198788435606));
#10468=CARTESIAN_POINT('',(0.0566525161266327,0.0191687253703102,0.0181728262528873));
#10469=CARTESIAN_POINT('',(0.0646525161266327,0.0191687253703102,0.0181728262528873));
#10470=CARTESIAN_POINT('',(0.0646525161266327,0.0191687253703102,0.0181728262528873));
#10471=CARTESIAN_POINT('',(0.0566525161266327,0.0191687253703102,0.0181728262528873));
#10472=CARTESIAN_POINT('',(0.0486525161266327,0.0191687253703102,0.0181728262528873));
#10473=CARTESIAN_POINT('',(0.0486525161266327,0.0191687253703102,0.0181728262528873));
#10474=CARTESIAN_POINT('',(0.0646525161266327,0.011183563344238,0.0176858073442467));
#10475=CARTESIAN_POINT('',(0.0646525161266327,0.0031984013181657,0.017198788435606));
#10476=CARTESIAN_POINT('',(0.0646525161266327,0.0031984013181657,0.017198788435606));
#10477=CARTESIAN_POINT('',(0.0646525161266327,0.011183563344238,0.0176858073442467));
#10478=CARTESIAN_POINT('',(0.0566525161266327,0.0031984013181657,0.017198788435606));
#10479=CARTESIAN_POINT('',(0.0486525161266327,0.00319840131816569,0.017198788435606));
#10480=CARTESIAN_POINT('',(0.0486525161266327,0.00319840131816569,0.017198788435606));
#10481=CARTESIAN_POINT('',(0.0566525161266327,0.0031984013181657,0.017198788435606));
#10482=CARTESIAN_POINT('',(0.0759715139865875,0.0191687253703102,0.0181728262528873));
#10483=CARTESIAN_POINT('',(0.0839715139865875,0.0191687253703102,0.0181728262528873));
#10484=CARTESIAN_POINT('',(0.0839715139865875,0.0191687253703102,0.0181728262528873));
#10485=CARTESIAN_POINT('',(0.0759715139865875,0.0191687253703102,0.0181728262528873));
#10486=CARTESIAN_POINT('',(0.0679715139865875,0.0191687253703102,0.0181728262528873));
#10487=CARTESIAN_POINT('',(0.0679715139865875,0.0191687253703102,0.0181728262528873));
#10488=CARTESIAN_POINT('',(0.0839715139865875,0.011183563344238,0.0176858073442467));
#10489=CARTESIAN_POINT('',(0.0839715139865875,0.0031984013181657,0.017198788435606));
#10490=CARTESIAN_POINT('',(0.0839715139865875,0.0031984013181657,0.017198788435606));
#10491=CARTESIAN_POINT('',(0.0839715139865875,0.011183563344238,0.0176858073442467));
#10492=CARTESIAN_POINT('',(0.0759715139865875,0.0031984013181657,0.017198788435606));
#10493=CARTESIAN_POINT('',(0.0679715139865875,0.0031984013181657,0.017198788435606));
#10494=CARTESIAN_POINT('',(0.0679715139865875,0.0031984013181657,0.017198788435606));
#10495=CARTESIAN_POINT('',(0.0759715139865875,0.0031984013181657,0.017198788435606));
#10496=CARTESIAN_POINT('',(0.095293901860714,0.0191687253703102,0.0181728262528873));
#10497=CARTESIAN_POINT('',(0.103293901860714,0.0191687253703102,0.0181728262528873));
#10498=CARTESIAN_POINT('',(0.103293901860714,0.0191687253703102,0.0181728262528873));
#10499=CARTESIAN_POINT('',(0.095293901860714,0.0191687253703102,0.0181728262528873));
#10500=CARTESIAN_POINT('',(0.087293901860714,0.0191687253703102,0.0181728262528873));
#10501=CARTESIAN_POINT('',(0.087293901860714,0.0191687253703102,0.0181728262528873));
#10502=CARTESIAN_POINT('',(0.103293901860714,0.011183563344238,0.0176858073442467));
#10503=CARTESIAN_POINT('',(0.103293901860714,0.00319840131816571,0.017198788435606));
#10504=CARTESIAN_POINT('',(0.103293901860714,0.00319840131816571,0.017198788435606));
#10505=CARTESIAN_POINT('',(0.103293901860714,0.011183563344238,0.0176858073442467));
#10506=CARTESIAN_POINT('',(0.095293901860714,0.00319840131816571,0.017198788435606));
#10507=CARTESIAN_POINT('',(0.087293901860714,0.0031984013181657,0.017198788435606));
#10508=CARTESIAN_POINT('',(0.087293901860714,0.0031984013181657,0.017198788435606));
#10509=CARTESIAN_POINT('',(0.095293901860714,0.00319840131816571,0.017198788435606));
#10510=CARTESIAN_POINT('',(-0.131107702851295,-0.000343418241447431,0.0169827711411675));
#10511=CARTESIAN_POINT('',(-0.123107702851295,-0.000343418241447443,0.0169827711411675));
#10512=CARTESIAN_POINT('',(-0.123107702851295,-0.000343418241447443,0.0169827711411675));
#10513=CARTESIAN_POINT('',(-0.131107702851295,-0.000343418241447431,0.0169827711411675));
#10514=CARTESIAN_POINT('',(-0.139107702851295,-0.000343418241447435,0.0169827711411675));
#10515=CARTESIAN_POINT('',(-0.139107702851295,-0.000343418241447435,0.0169827711411675));
#10516=CARTESIAN_POINT('',(-0.123107702851295,-0.00832858026751975,0.0164957522325269));
#10517=CARTESIAN_POINT('',(-0.123107702851295,-0.0163137422935919,0.0160087333238862));
#10518=CARTESIAN_POINT('',(-0.123107702851295,-0.0163137422935919,0.0160087333238862));
#10519=CARTESIAN_POINT('',(-0.123107702851295,-0.00832858026751975,0.0164957522325269));
#10520=CARTESIAN_POINT('',(-0.131107702851295,-0.0163137422935919,0.0160087333238862));
#10521=CARTESIAN_POINT('',(-0.139107702851295,-0.0163137422935919,0.0160087333238862));
#10522=CARTESIAN_POINT('',(-0.139107702851295,-0.0163137422935919,0.0160087333238862));
#10523=CARTESIAN_POINT('',(-0.131107702851295,-0.0163137422935919,0.0160087333238862));
#10524=CARTESIAN_POINT('',(-0.1069296002388,-0.000343418241447427,0.0169827711411675));
#10525=CARTESIAN_POINT('',(-0.0989296002388001,-0.000343418241447426,0.0169827711411675));
#10526=CARTESIAN_POINT('',(-0.0989296002388001,-0.000343418241447426,0.0169827711411675));
#10527=CARTESIAN_POINT('',(-0.1069296002388,-0.000343418241447427,0.0169827711411675));
#10528=CARTESIAN_POINT('',(-0.1149296002388,-0.000343418241447422,0.0169827711411675));
#10529=CARTESIAN_POINT('',(-0.1149296002388,-0.000343418241447422,0.0169827711411675));
#10530=CARTESIAN_POINT('',(-0.0989296002388001,-0.00832858026751969,0.0164957522325269));
#10531=CARTESIAN_POINT('',(-0.0989296002388001,-0.0163137422935919,0.0160087333238862));
#10532=CARTESIAN_POINT('',(-0.0989296002388001,-0.0163137422935919,0.0160087333238862));
#10533=CARTESIAN_POINT('',(-0.0989296002388001,-0.00832858026751969,0.0164957522325269));
#10534=CARTESIAN_POINT('',(-0.1069296002388,-0.0163137422935919,0.0160087333238862));
#10535=CARTESIAN_POINT('',(-0.1149296002388,-0.0163137422935919,0.0160087333238862));
#10536=CARTESIAN_POINT('',(-0.1149296002388,-0.0163137422935919,0.0160087333238862));
#10537=CARTESIAN_POINT('',(-0.1069296002388,-0.0163137422935919,0.0160087333238862));
#10538=CARTESIAN_POINT('',(-0.0874525606632233,-0.000343418241447429,0.0169827711411675));
#10539=CARTESIAN_POINT('',(-0.0794525606632233,-0.000343418241447428,0.0169827711411675));
#10540=CARTESIAN_POINT('',(-0.0794525606632233,-0.000343418241447428,0.0169827711411675));
#10541=CARTESIAN_POINT('',(-0.0874525606632233,-0.000343418241447429,0.0169827711411675));
#10542=CARTESIAN_POINT('',(-0.0954525606632233,-0.000343418241447422,0.0169827711411675));
#10543=CARTESIAN_POINT('',(-0.0954525606632233,-0.000343418241447422,0.0169827711411675));
#10544=CARTESIAN_POINT('',(-0.0794525606632233,-0.00832858026751967,0.0164957522325269));
#10545=CARTESIAN_POINT('',(-0.0794525606632233,-0.0163137422935919,0.0160087333238862));
#10546=CARTESIAN_POINT('',(-0.0794525606632233,-0.0163137422935919,0.0160087333238862));
#10547=CARTESIAN_POINT('',(-0.0794525606632233,-0.00832858026751967,0.0164957522325269));
#10548=CARTESIAN_POINT('',(-0.0874525606632233,-0.0163137422935919,0.0160087333238862));
#10549=CARTESIAN_POINT('',(-0.0954525606632233,-0.0163137422935919,0.0160087333238862));
#10550=CARTESIAN_POINT('',(-0.0954525606632233,-0.0163137422935919,0.0160087333238862));
#10551=CARTESIAN_POINT('',(-0.0874525606632233,-0.0163137422935919,0.0160087333238862));
#10552=CARTESIAN_POINT('',(-0.0681789070367813,-0.000343418241447427,0.0169827711411675));
#10553=CARTESIAN_POINT('',(-0.0601789070367813,-0.000343418241447426,0.0169827711411675));
#10554=CARTESIAN_POINT('',(-0.0601789070367813,-0.000343418241447426,0.0169827711411675));
#10555=CARTESIAN_POINT('',(-0.0681789070367813,-0.000343418241447427,0.0169827711411675));
#10556=CARTESIAN_POINT('',(-0.0761789070367813,-0.00034341824144741,0.0169827711411675));
#10557=CARTESIAN_POINT('',(-0.0761789070367813,-0.00034341824144741,0.0169827711411675));
#10558=CARTESIAN_POINT('',(-0.0601789070367813,-0.00832858026751968,0.0164957522325269));
#10559=CARTESIAN_POINT('',(-0.0601789070367813,-0.0163137422935919,0.0160087333238862));
#10560=CARTESIAN_POINT('',(-0.0601789070367813,-0.0163137422935919,0.0160087333238862));
#10561=CARTESIAN_POINT('',(-0.0601789070367813,-0.00832858026751968,0.0164957522325269));
#10562=CARTESIAN_POINT('',(-0.0681789070367813,-0.0163137422935919,0.0160087333238862));
#10563=CARTESIAN_POINT('',(-0.0761789070367813,-0.0163137422935919,0.0160087333238862));
#10564=CARTESIAN_POINT('',(-0.0761789070367813,-0.0163137422935919,0.0160087333238862));
#10565=CARTESIAN_POINT('',(-0.0681789070367813,-0.0163137422935919,0.0160087333238862));
#10566=CARTESIAN_POINT('',(-0.0487424768507481,-0.000343418241447427,0.0169827711411675));
#10567=CARTESIAN_POINT('',(-0.0407424768507481,-0.000343418241447426,0.0169827711411675));
#10568=CARTESIAN_POINT('',(-0.0407424768507481,-0.000343418241447426,0.0169827711411675));
#10569=CARTESIAN_POINT('',(-0.0487424768507481,-0.000343418241447427,0.0169827711411675));
#10570=CARTESIAN_POINT('',(-0.0567424768507481,-0.00034341824144742,0.0169827711411675));
#10571=CARTESIAN_POINT('',(-0.0567424768507481,-0.00034341824144742,0.0169827711411675));
#10572=CARTESIAN_POINT('',(-0.0407424768507481,-0.00832858026751968,0.0164957522325269));
#10573=CARTESIAN_POINT('',(-0.0407424768507481,-0.0163137422935919,0.0160087333238862));
#10574=CARTESIAN_POINT('',(-0.0407424768507481,-0.0163137422935919,0.0160087333238862));
#10575=CARTESIAN_POINT('',(-0.0407424768507481,-0.00832858026751968,0.0164957522325269));
#10576=CARTESIAN_POINT('',(-0.0487424768507481,-0.0163137422935919,0.0160087333238862));
#10577=CARTESIAN_POINT('',(-0.0567424768507481,-0.0163137422935919,0.0160087333238862));
#10578=CARTESIAN_POINT('',(-0.0567424768507481,-0.0163137422935919,0.0160087333238862));
#10579=CARTESIAN_POINT('',(-0.0487424768507481,-0.0163137422935919,0.0160087333238862));
#10580=CARTESIAN_POINT('',(-0.0292103849351406,-0.000343418241447427,0.0169827711411675));
#10581=CARTESIAN_POINT('',(-0.0212103849351406,-0.000343418241447426,0.0169827711411675));
#10582=CARTESIAN_POINT('',(-0.0212103849351406,-0.000343418241447426,0.0169827711411675));
#10583=CARTESIAN_POINT('',(-0.0292103849351406,-0.000343418241447427,0.0169827711411675));
#10584=CARTESIAN_POINT('',(-0.0372103849351406,-0.000343418241447412,0.0169827711411675));
#10585=CARTESIAN_POINT('',(-0.0372103849351406,-0.000343418241447412,0.0169827711411675));
#10586=CARTESIAN_POINT('',(-0.0212103849351406,-0.00832858026751967,0.0164957522325269));
#10587=CARTESIAN_POINT('',(-0.0212103849351406,-0.0163137422935919,0.0160087333238862));
#10588=CARTESIAN_POINT('',(-0.0212103849351406,-0.0163137422935919,0.0160087333238862));
#10589=CARTESIAN_POINT('',(-0.0212103849351406,-0.00832858026751967,0.0164957522325269));
#10590=CARTESIAN_POINT('',(-0.0292103849351406,-0.0163137422935919,0.0160087333238862));
#10591=CARTESIAN_POINT('',(-0.0372103849351406,-0.0163137422935919,0.0160087333238862));
#10592=CARTESIAN_POINT('',(-0.0372103849351406,-0.0163137422935919,0.0160087333238862));
#10593=CARTESIAN_POINT('',(-0.0292103849351406,-0.0163137422935919,0.0160087333238862));
#10594=CARTESIAN_POINT('',(-0.00975607987493277,-0.000343418241447428,0.0169827711411675));
#10595=CARTESIAN_POINT('',(-0.00175607987493277,-0.000343418241447427,0.0169827711411675));
#10596=CARTESIAN_POINT('',(-0.00175607987493277,-0.000343418241447427,0.0169827711411675));
#10597=CARTESIAN_POINT('',(-0.00975607987493277,-0.000343418241447428,0.0169827711411675));
#10598=CARTESIAN_POINT('',(-0.0177560798749327,-0.00034341824144742,0.0169827711411675));
#10599=CARTESIAN_POINT('',(-0.0177560798749327,-0.00034341824144742,0.0169827711411675));
#10600=CARTESIAN_POINT('',(-0.00175607987493277,-0.00832858026751968,0.0164957522325269));
#10601=CARTESIAN_POINT('',(-0.00175607987493277,-0.0163137422935919,0.0160087333238862));
#10602=CARTESIAN_POINT('',(-0.00175607987493277,-0.0163137422935919,0.0160087333238862));
#10603=CARTESIAN_POINT('',(-0.00175607987493277,-0.00832858026751968,0.0164957522325269));
#10604=CARTESIAN_POINT('',(-0.00975607987493277,-0.0163137422935919,0.0160087333238862));
#10605=CARTESIAN_POINT('',(-0.0177560798749327,-0.0163137422935919,0.0160087333238862));
#10606=CARTESIAN_POINT('',(-0.0177560798749327,-0.0163137422935919,0.0160087333238862));
#10607=CARTESIAN_POINT('',(-0.00975607987493277,-0.0163137422935919,0.0160087333238862));
#10608=CARTESIAN_POINT('',(0.00955819897353649,-0.000343418241447429,0.0169827711411675));
#10609=CARTESIAN_POINT('',(0.0175581989735365,-0.000343418241447428,0.0169827711411675));
#10610=CARTESIAN_POINT('',(0.0175581989735365,-0.000343418241447428,0.0169827711411675));
#10611=CARTESIAN_POINT('',(0.00955819897353649,-0.000343418241447429,0.0169827711411675));
#10612=CARTESIAN_POINT('',(0.00155819897353649,-0.000343418241447417,0.0169827711411675));
#10613=CARTESIAN_POINT('',(0.00155819897353649,-0.000343418241447417,0.0169827711411675));
#10614=CARTESIAN_POINT('',(0.0175581989735365,-0.00832858026751968,0.0164957522325269));
#10615=CARTESIAN_POINT('',(0.0175581989735365,-0.0163137422935919,0.0160087333238862));
#10616=CARTESIAN_POINT('',(0.0175581989735365,-0.0163137422935919,0.0160087333238862));
#10617=CARTESIAN_POINT('',(0.0175581989735365,-0.00832858026751968,0.0164957522325269));
#10618=CARTESIAN_POINT('',(0.00955819897353649,-0.0163137422935919,0.0160087333238862));
#10619=CARTESIAN_POINT('',(0.00155819897353649,-0.0163137422935919,0.0160087333238862));
#10620=CARTESIAN_POINT('',(0.00155819897353649,-0.0163137422935919,0.0160087333238862));
#10621=CARTESIAN_POINT('',(0.00955819897353649,-0.0163137422935919,0.0160087333238862));
#10622=CARTESIAN_POINT('',(0.0290017370134592,-0.000343418241447428,0.0169827711411675));
#10623=CARTESIAN_POINT('',(0.0370017370134592,-0.000343418241447427,0.0169827711411675));
#10624=CARTESIAN_POINT('',(0.0370017370134592,-0.000343418241447427,0.0169827711411675));
#10625=CARTESIAN_POINT('',(0.0290017370134592,-0.000343418241447428,0.0169827711411675));
#10626=CARTESIAN_POINT('',(0.0210017370134592,-0.000343418241447412,0.0169827711411675));
#10627=CARTESIAN_POINT('',(0.0210017370134592,-0.000343418241447412,0.0169827711411675));
#10628=CARTESIAN_POINT('',(0.0370017370134592,-0.00832858026751968,0.0164957522325269));
#10629=CARTESIAN_POINT('',(0.0370017370134592,-0.0163137422935919,0.0160087333238862));
#10630=CARTESIAN_POINT('',(0.0370017370134592,-0.0163137422935919,0.0160087333238862));
#10631=CARTESIAN_POINT('',(0.0370017370134592,-0.00832858026751968,0.0164957522325269));
#10632=CARTESIAN_POINT('',(0.0290017370134592,-0.0163137422935919,0.0160087333238862));
#10633=CARTESIAN_POINT('',(0.0210017370134592,-0.0163137422935919,0.0160087333238862));
#10634=CARTESIAN_POINT('',(0.0210017370134592,-0.0163137422935919,0.0160087333238862));
#10635=CARTESIAN_POINT('',(0.0290017370134592,-0.0163137422935919,0.0160087333238862));
#10636=CARTESIAN_POINT('',(0.0482996739447117,-0.000343418241447426,0.0169827711411675));
#10637=CARTESIAN_POINT('',(0.0562996739447117,-0.000343418241447425,0.0169827711411675));
#10638=CARTESIAN_POINT('',(0.0562996739447117,-0.000343418241447425,0.0169827711411675));
#10639=CARTESIAN_POINT('',(0.0482996739447117,-0.000343418241447426,0.0169827711411675));
#10640=CARTESIAN_POINT('',(0.0402996739447117,-0.000343418241447417,0.0169827711411675));
#10641=CARTESIAN_POINT('',(0.0402996739447117,-0.000343418241447417,0.0169827711411675));
#10642=CARTESIAN_POINT('',(0.0562996739447117,-0.00832858026751968,0.0164957522325269));
#10643=CARTESIAN_POINT('',(0.0562996739447117,-0.0163137422935919,0.0160087333238862));
#10644=CARTESIAN_POINT('',(0.0562996739447117,-0.0163137422935919,0.0160087333238862));
#10645=CARTESIAN_POINT('',(0.0562996739447117,-0.00832858026751968,0.0164957522325269));
#10646=CARTESIAN_POINT('',(0.0482996739447117,-0.0163137422935919,0.0160087333238862));
#10647=CARTESIAN_POINT('',(0.0402996739447117,-0.0163137422935919,0.0160087333238862));
#10648=CARTESIAN_POINT('',(0.0402996739447117,-0.0163137422935919,0.0160087333238862));
#10649=CARTESIAN_POINT('',(0.0482996739447117,-0.0163137422935919,0.0160087333238862));
#10650=CARTESIAN_POINT('',(0.0674515813589096,-0.000343418241447427,0.0169827711411675));
#10651=CARTESIAN_POINT('',(0.0754515813589096,-0.000343418241447426,0.0169827711411675));
#10652=CARTESIAN_POINT('',(0.0754515813589096,-0.000343418241447426,0.0169827711411675));
#10653=CARTESIAN_POINT('',(0.0674515813589096,-0.000343418241447427,0.0169827711411675));
#10654=CARTESIAN_POINT('',(0.0594515813589096,-0.000343418241447417,0.0169827711411675));
#10655=CARTESIAN_POINT('',(0.0594515813589096,-0.000343418241447417,0.0169827711411675));
#10656=CARTESIAN_POINT('',(0.0754515813589096,-0.00832858026751968,0.0164957522325269));
#10657=CARTESIAN_POINT('',(0.0754515813589096,-0.0163137422935919,0.0160087333238862));
#10658=CARTESIAN_POINT('',(0.0754515813589096,-0.0163137422935919,0.0160087333238862));
#10659=CARTESIAN_POINT('',(0.0754515813589096,-0.00832858026751968,0.0164957522325269));
#10660=CARTESIAN_POINT('',(0.0674515813589096,-0.0163137422935919,0.0160087333238862));
#10661=CARTESIAN_POINT('',(0.0594515813589096,-0.0163137422935919,0.0160087333238862));
#10662=CARTESIAN_POINT('',(0.0594515813589096,-0.0163137422935919,0.0160087333238862));
#10663=CARTESIAN_POINT('',(0.0674515813589096,-0.0163137422935919,0.0160087333238862));
#10664=CARTESIAN_POINT('',(0.0867341905832291,-0.000343418241447428,0.0169827711411675));
#10665=CARTESIAN_POINT('',(0.0947341905832291,-0.000343418241447427,0.0169827711411675));
#10666=CARTESIAN_POINT('',(0.0947341905832291,-0.000343418241447427,0.0169827711411675));
#10667=CARTESIAN_POINT('',(0.0867341905832291,-0.000343418241447428,0.0169827711411675));
#10668=CARTESIAN_POINT('',(0.0787341905832291,-0.00034341824144741,0.0169827711411675));
#10669=CARTESIAN_POINT('',(0.0787341905832291,-0.00034341824144741,0.0169827711411675));
#10670=CARTESIAN_POINT('',(0.0947341905832291,-0.00832858026751968,0.0164957522325269));
#10671=CARTESIAN_POINT('',(0.0947341905832291,-0.0163137422935919,0.0160087333238862));
#10672=CARTESIAN_POINT('',(0.0947341905832291,-0.0163137422935919,0.0160087333238862));
#10673=CARTESIAN_POINT('',(0.0947341905832291,-0.00832858026751968,0.0164957522325269));
#10674=CARTESIAN_POINT('',(0.0867341905832291,-0.0163137422935919,0.0160087333238862));
#10675=CARTESIAN_POINT('',(0.0787341905832291,-0.0163137422935919,0.0160087333238862));
#10676=CARTESIAN_POINT('',(0.0787341905832291,-0.0163137422935919,0.0160087333238862));
#10677=CARTESIAN_POINT('',(0.0867341905832291,-0.0163137422935919,0.0160087333238862));
#10678=CARTESIAN_POINT('',(0.106273382902145,-0.000343418241447426,0.0169827711411675));
#10679=CARTESIAN_POINT('',(0.114273382902145,-0.000343418241447425,0.0169827711411675));
#10680=CARTESIAN_POINT('',(0.114273382902145,-0.000343418241447425,0.0169827711411675));
#10681=CARTESIAN_POINT('',(0.106273382902145,-0.000343418241447426,0.0169827711411675));
#10682=CARTESIAN_POINT('',(0.0982733829021454,-0.000343418241447414,0.0169827711411675));
#10683=CARTESIAN_POINT('',(0.0982733829021454,-0.000343418241447414,0.0169827711411675));
#10684=CARTESIAN_POINT('',(0.114273382902145,-0.00832858026751968,0.0164957522325269));
#10685=CARTESIAN_POINT('',(0.114273382902145,-0.0163137422935919,0.0160087333238862));
#10686=CARTESIAN_POINT('',(0.114273382902145,-0.0163137422935919,0.0160087333238862));
#10687=CARTESIAN_POINT('',(0.114273382902145,-0.00832858026751968,0.0164957522325269));
#10688=CARTESIAN_POINT('',(0.106273382902145,-0.0163137422935919,0.0160087333238862));
#10689=CARTESIAN_POINT('',(0.0982733829021454,-0.0163137422935919,0.0160087333238862));
#10690=CARTESIAN_POINT('',(0.0982733829021454,-0.0163137422935919,0.0160087333238862));
#10691=CARTESIAN_POINT('',(0.106273382902145,-0.0163137422935919,0.0160087333238862));
#10692=CARTESIAN_POINT('',(0.130324706435204,-0.000343418241447432,0.0169827711411675));
#10693=CARTESIAN_POINT('',(0.138324706435204,-0.000343418241447431,0.0169827711411675));
#10694=CARTESIAN_POINT('',(0.138324706435204,-0.000343418241447431,0.0169827711411675));
#10695=CARTESIAN_POINT('',(0.130324706435204,-0.000343418241447432,0.0169827711411675));
#10696=CARTESIAN_POINT('',(0.122324706435204,-0.00034341824144742,0.0169827711411675));
#10697=CARTESIAN_POINT('',(0.122324706435204,-0.00034341824144742,0.0169827711411675));
#10698=CARTESIAN_POINT('',(0.138324706435204,-0.00832858026751969,0.0164957522325269));
#10699=CARTESIAN_POINT('',(0.138324706435204,-0.0163137422935919,0.0160087333238862));
#10700=CARTESIAN_POINT('',(0.138324706435204,-0.0163137422935919,0.0160087333238862));
#10701=CARTESIAN_POINT('',(0.138324706435204,-0.00832858026751969,0.0164957522325269));
#10702=CARTESIAN_POINT('',(0.130324706435204,-0.0163137422935919,0.0160087333238862));
#10703=CARTESIAN_POINT('',(0.122324706435204,-0.0163137422935919,0.0160087333238862));
#10704=CARTESIAN_POINT('',(0.122324706435204,-0.0163137422935919,0.0160087333238862));
#10705=CARTESIAN_POINT('',(0.130324706435204,-0.0163137422935919,0.0160087333238862));
#10706=CARTESIAN_POINT('',(-0.128664493560791,-0.019279571659051,0.0158278459510234));
#10707=CARTESIAN_POINT('',(-0.120664493560791,-0.019279571659051,0.0158278459510234));
#10708=CARTESIAN_POINT('',(-0.120664493560791,-0.019279571659051,0.0158278459510234));
#10709=CARTESIAN_POINT('',(-0.128664493560791,-0.019279571659051,0.0158278459510234));
#10710=CARTESIAN_POINT('',(-0.136664493560791,-0.019279571659051,0.0158278459510234));
#10711=CARTESIAN_POINT('',(-0.136664493560791,-0.019279571659051,0.0158278459510234));
#10712=CARTESIAN_POINT('',(-0.120664493560791,-0.0272647336851232,0.0153408270423827));
#10713=CARTESIAN_POINT('',(-0.120664493560791,-0.0352498957111954,0.0148538081337421));
#10714=CARTESIAN_POINT('',(-0.120664493560791,-0.0352498957111954,0.0148538081337421));
#10715=CARTESIAN_POINT('',(-0.120664493560791,-0.0272647336851232,0.0153408270423827));
#10716=CARTESIAN_POINT('',(-0.128664493560791,-0.0352498957111954,0.0148538081337421));
#10717=CARTESIAN_POINT('',(-0.136664493560791,-0.0352498957111955,0.0148538081337421));
#10718=CARTESIAN_POINT('',(-0.136664493560791,-0.0352498957111955,0.0148538081337421));
#10719=CARTESIAN_POINT('',(-0.128664493560791,-0.0352498957111954,0.0148538081337421));
#10720=CARTESIAN_POINT('',(-0.102621532976627,-0.019279571659051,0.0158278459510234));
#10721=CARTESIAN_POINT('',(-0.0946215329766274,-0.019279571659051,0.0158278459510234));
#10722=CARTESIAN_POINT('',(-0.0946215329766274,-0.019279571659051,0.0158278459510234));
#10723=CARTESIAN_POINT('',(-0.102621532976627,-0.019279571659051,0.0158278459510234));
#10724=CARTESIAN_POINT('',(-0.110621532976627,-0.019279571659051,0.0158278459510234));
#10725=CARTESIAN_POINT('',(-0.110621532976627,-0.019279571659051,0.0158278459510234));
#10726=CARTESIAN_POINT('',(-0.0946215329766274,-0.0272647336851232,0.0153408270423827));
#10727=CARTESIAN_POINT('',(-0.0946215329766274,-0.0352498957111954,0.0148538081337421));
#10728=CARTESIAN_POINT('',(-0.0946215329766274,-0.0352498957111954,0.0148538081337421));
#10729=CARTESIAN_POINT('',(-0.0946215329766274,-0.0272647336851232,0.0153408270423827));
#10730=CARTESIAN_POINT('',(-0.102621532976627,-0.0352498957111954,0.0148538081337421));
#10731=CARTESIAN_POINT('',(-0.110621532976627,-0.0352498957111955,0.0148538081337421));
#10732=CARTESIAN_POINT('',(-0.110621532976627,-0.0352498957111955,0.0148538081337421));
#10733=CARTESIAN_POINT('',(-0.102621532976627,-0.0352498957111954,0.0148538081337421));
#10734=CARTESIAN_POINT('',(-0.0833299532532692,-0.019279571659051,0.0158278459510234));
#10735=CARTESIAN_POINT('',(-0.0753299532532692,-0.019279571659051,0.0158278459510234));
#10736=CARTESIAN_POINT('',(-0.0753299532532692,-0.019279571659051,0.0158278459510234));
#10737=CARTESIAN_POINT('',(-0.0833299532532692,-0.019279571659051,0.0158278459510234));
#10738=CARTESIAN_POINT('',(-0.0913299532532692,-0.019279571659051,0.0158278459510234));
#10739=CARTESIAN_POINT('',(-0.0913299532532692,-0.019279571659051,0.0158278459510234));
#10740=CARTESIAN_POINT('',(-0.0753299532532692,-0.0272647336851232,0.0153408270423827));
#10741=CARTESIAN_POINT('',(-0.0753299532532692,-0.0352498957111954,0.0148538081337421));
#10742=CARTESIAN_POINT('',(-0.0753299532532692,-0.0352498957111954,0.0148538081337421));
#10743=CARTESIAN_POINT('',(-0.0753299532532692,-0.0272647336851232,0.0153408270423827));
#10744=CARTESIAN_POINT('',(-0.0833299532532692,-0.0352498957111954,0.0148538081337421));
#10745=CARTESIAN_POINT('',(-0.0913299532532692,-0.0352498957111955,0.0148538081337421));
#10746=CARTESIAN_POINT('',(-0.0913299532532692,-0.0352498957111955,0.0148538081337421));
#10747=CARTESIAN_POINT('',(-0.0833299532532692,-0.0352498957111954,0.0148538081337421));
#10748=CARTESIAN_POINT('',(-0.0448855161666871,-0.019279571659051,0.0158278459510234));
#10749=CARTESIAN_POINT('',(-0.0368855161666871,-0.019279571659051,0.0158278459510234));
#10750=CARTESIAN_POINT('',(-0.0368855161666871,-0.019279571659051,0.0158278459510234));
#10751=CARTESIAN_POINT('',(-0.0448855161666871,-0.019279571659051,0.0158278459510234));
#10752=CARTESIAN_POINT('',(-0.052885516166687,-0.0192795716590509,0.0158278459510234));
#10753=CARTESIAN_POINT('',(-0.052885516166687,-0.0192795716590509,0.0158278459510234));
#10754=CARTESIAN_POINT('',(-0.0368855161666871,-0.0272647336851232,0.0153408270423827));
#10755=CARTESIAN_POINT('',(-0.0368855161666871,-0.0352498957111954,0.0148538081337421));
#10756=CARTESIAN_POINT('',(-0.0368855161666871,-0.0352498957111954,0.0148538081337421));
#10757=CARTESIAN_POINT('',(-0.0368855161666871,-0.0272647336851232,0.0153408270423827));
#10758=CARTESIAN_POINT('',(-0.0448855161666871,-0.0352498957111954,0.0148538081337421));
#10759=CARTESIAN_POINT('',(-0.052885516166687,-0.0352498957111954,0.0148538081337421));
#10760=CARTESIAN_POINT('',(-0.052885516166687,-0.0352498957111954,0.0148538081337421));
#10761=CARTESIAN_POINT('',(-0.0448855161666871,-0.0352498957111954,0.0148538081337421));
#10762=CARTESIAN_POINT('',(-0.0257799942046404,-0.019279571659051,0.0158278459510234));
#10763=CARTESIAN_POINT('',(-0.0177799942046404,-0.019279571659051,0.0158278459510234));
#10764=CARTESIAN_POINT('',(-0.0177799942046404,-0.019279571659051,0.0158278459510234));
#10765=CARTESIAN_POINT('',(-0.0257799942046404,-0.019279571659051,0.0158278459510234));
#10766=CARTESIAN_POINT('',(-0.0337799942046404,-0.0192795716590509,0.0158278459510234));
#10767=CARTESIAN_POINT('',(-0.0337799942046404,-0.0192795716590509,0.0158278459510234));
#10768=CARTESIAN_POINT('',(-0.0177799942046404,-0.0272647336851232,0.0153408270423827));
#10769=CARTESIAN_POINT('',(-0.0177799942046404,-0.0352498957111954,0.0148538081337421));
#10770=CARTESIAN_POINT('',(-0.0177799942046404,-0.0352498957111954,0.0148538081337421));
#10771=CARTESIAN_POINT('',(-0.0177799942046404,-0.0272647336851232,0.0153408270423827));
#10772=CARTESIAN_POINT('',(-0.0257799942046404,-0.0352498957111954,0.0148538081337421));
#10773=CARTESIAN_POINT('',(-0.0337799942046404,-0.0352498957111954,0.0148538081337421));
#10774=CARTESIAN_POINT('',(-0.0337799942046404,-0.0352498957111954,0.0148538081337421));
#10775=CARTESIAN_POINT('',(-0.0257799942046404,-0.0352498957111954,0.0148538081337421));
#10776=CARTESIAN_POINT('',(-0.00649108644574883,-0.019279571659051,0.0158278459510234));
#10777=CARTESIAN_POINT('',(0.00150891355425117,-0.019279571659051,0.0158278459510234));
#10778=CARTESIAN_POINT('',(0.00150891355425117,-0.019279571659051,0.0158278459510234));
#10779=CARTESIAN_POINT('',(-0.00649108644574883,-0.019279571659051,0.0158278459510234));
#10780=CARTESIAN_POINT('',(-0.0144910864457488,-0.019279571659051,0.0158278459510234));
#10781=CARTESIAN_POINT('',(-0.0144910864457488,-0.019279571659051,0.0158278459510234));
#10782=CARTESIAN_POINT('',(0.00150891355425117,-0.0272647336851232,0.0153408270423827));
#10783=CARTESIAN_POINT('',(0.00150891355425117,-0.0352498957111954,0.0148538081337421));
#10784=CARTESIAN_POINT('',(0.00150891355425117,-0.0352498957111954,0.0148538081337421));
#10785=CARTESIAN_POINT('',(0.00150891355425117,-0.0272647336851232,0.0153408270423827));
#10786=CARTESIAN_POINT('',(-0.00649108644574883,-0.0352498957111954,0.0148538081337421));
#10787=CARTESIAN_POINT('',(-0.0144910864457488,-0.0352498957111954,0.0148538081337421));
#10788=CARTESIAN_POINT('',(-0.0144910864457488,-0.0352498957111954,0.0148538081337421));
#10789=CARTESIAN_POINT('',(-0.00649108644574883,-0.0352498957111954,0.0148538081337421));
#10790=CARTESIAN_POINT('',(0.0128851812332868,-0.019279571659051,0.0158278459510234));
#10791=CARTESIAN_POINT('',(0.0208851812332869,-0.019279571659051,0.0158278459510234));
#10792=CARTESIAN_POINT('',(0.0208851812332869,-0.019279571659051,0.0158278459510234));
#10793=CARTESIAN_POINT('',(0.0128851812332868,-0.019279571659051,0.0158278459510234));
#10794=CARTESIAN_POINT('',(0.00488518123328684,-0.0192795716590509,0.0158278459510234));
#10795=CARTESIAN_POINT('',(0.00488518123328684,-0.0192795716590509,0.0158278459510234));
#10796=CARTESIAN_POINT('',(0.0208851812332869,-0.0272647336851232,0.0153408270423827));
#10797=CARTESIAN_POINT('',(0.0208851812332869,-0.0352498957111954,0.0148538081337421));
#10798=CARTESIAN_POINT('',(0.0208851812332869,-0.0352498957111954,0.0148538081337421));
#10799=CARTESIAN_POINT('',(0.0208851812332869,-0.0272647336851232,0.0153408270423827));
#10800=CARTESIAN_POINT('',(0.0128851812332868,-0.0352498957111954,0.0148538081337421));
#10801=CARTESIAN_POINT('',(0.00488518123328685,-0.0352498957111954,0.0148538081337421));
#10802=CARTESIAN_POINT('',(0.00488518123328685,-0.0352498957111954,0.0148538081337421));
#10803=CARTESIAN_POINT('',(0.0128851812332868,-0.0352498957111954,0.0148538081337421));
#10804=CARTESIAN_POINT('',(0.0320171006023884,-0.019279571659051,0.0158278459510234));
#10805=CARTESIAN_POINT('',(0.0400171006023884,-0.019279571659051,0.0158278459510234));
#10806=CARTESIAN_POINT('',(0.0400171006023884,-0.019279571659051,0.0158278459510234));
#10807=CARTESIAN_POINT('',(0.0320171006023884,-0.019279571659051,0.0158278459510234));
#10808=CARTESIAN_POINT('',(0.0240171006023884,-0.019279571659051,0.0158278459510234));
#10809=CARTESIAN_POINT('',(0.0240171006023884,-0.019279571659051,0.0158278459510234));
#10810=CARTESIAN_POINT('',(0.0400171006023884,-0.0272647336851232,0.0153408270423827));
#10811=CARTESIAN_POINT('',(0.0400171006023884,-0.0352498957111954,0.0148538081337421));
#10812=CARTESIAN_POINT('',(0.0400171006023884,-0.0352498957111954,0.0148538081337421));
#10813=CARTESIAN_POINT('',(0.0400171006023884,-0.0272647336851232,0.0153408270423827));
#10814=CARTESIAN_POINT('',(0.0320171006023884,-0.0352498957111954,0.0148538081337421));
#10815=CARTESIAN_POINT('',(0.0240171006023884,-0.0352498957111954,0.0148538081337421));
#10816=CARTESIAN_POINT('',(0.0240171006023884,-0.0352498957111954,0.0148538081337421));
#10817=CARTESIAN_POINT('',(0.0320171006023884,-0.0352498957111954,0.0148538081337421));
#10818=CARTESIAN_POINT('',(0.0512195080518723,-0.019279571659051,0.0158278459510234));
#10819=CARTESIAN_POINT('',(0.0592195080518723,-0.019279571659051,0.0158278459510234));
#10820=CARTESIAN_POINT('',(0.0592195080518723,-0.019279571659051,0.0158278459510234));
#10821=CARTESIAN_POINT('',(0.0512195080518723,-0.019279571659051,0.0158278459510234));
#10822=CARTESIAN_POINT('',(0.0432195080518722,-0.0192795716590509,0.0158278459510234));
#10823=CARTESIAN_POINT('',(0.0432195080518722,-0.0192795716590509,0.0158278459510234));
#10824=CARTESIAN_POINT('',(0.0592195080518723,-0.0272647336851232,0.0153408270423827));
#10825=CARTESIAN_POINT('',(0.0592195080518723,-0.0352498957111954,0.0148538081337421));
#10826=CARTESIAN_POINT('',(0.0592195080518723,-0.0352498957111954,0.0148538081337421));
#10827=CARTESIAN_POINT('',(0.0592195080518723,-0.0272647336851232,0.0153408270423827));
#10828=CARTESIAN_POINT('',(0.0512195080518723,-0.0352498957111954,0.0148538081337421));
#10829=CARTESIAN_POINT('',(0.0432195080518722,-0.0352498957111954,0.0148538081337421));
#10830=CARTESIAN_POINT('',(0.0432195080518722,-0.0352498957111954,0.0148538081337421));
#10831=CARTESIAN_POINT('',(0.0512195080518723,-0.0352498957111954,0.0148538081337421));
#10832=CARTESIAN_POINT('',(0.0703911930322647,-0.019279571659051,0.0158278459510234));
#10833=CARTESIAN_POINT('',(0.0783911930322647,-0.019279571659051,0.0158278459510234));
#10834=CARTESIAN_POINT('',(0.0783911930322647,-0.019279571659051,0.0158278459510234));
#10835=CARTESIAN_POINT('',(0.0703911930322647,-0.019279571659051,0.0158278459510234));
#10836=CARTESIAN_POINT('',(0.0623911930322647,-0.019279571659051,0.0158278459510234));
#10837=CARTESIAN_POINT('',(0.0623911930322647,-0.019279571659051,0.0158278459510234));
#10838=CARTESIAN_POINT('',(0.0783911930322647,-0.0272647336851232,0.0153408270423827));
#10839=CARTESIAN_POINT('',(0.0783911930322647,-0.0352498957111954,0.0148538081337421));
#10840=CARTESIAN_POINT('',(0.0783911930322647,-0.0352498957111954,0.0148538081337421));
#10841=CARTESIAN_POINT('',(0.0783911930322647,-0.0272647336851232,0.0153408270423827));
#10842=CARTESIAN_POINT('',(0.0703911930322647,-0.0352498957111954,0.0148538081337421));
#10843=CARTESIAN_POINT('',(0.0623911930322647,-0.0352498957111954,0.0148538081337421));
#10844=CARTESIAN_POINT('',(0.0623911930322647,-0.0352498957111954,0.0148538081337421));
#10845=CARTESIAN_POINT('',(0.0703911930322647,-0.0352498957111954,0.0148538081337421));
#10846=CARTESIAN_POINT('',(0.0895992442965508,-0.0192795716590509,0.0158278459510234));
#10847=CARTESIAN_POINT('',(0.0975992442965508,-0.0192795716590509,0.0158278459510234));
#10848=CARTESIAN_POINT('',(0.0975992442965508,-0.0192795716590509,0.0158278459510234));
#10849=CARTESIAN_POINT('',(0.0895992442965508,-0.0192795716590509,0.0158278459510234));
#10850=CARTESIAN_POINT('',(0.0815992442965508,-0.0192795716590509,0.0158278459510234));
#10851=CARTESIAN_POINT('',(0.0815992442965508,-0.0192795716590509,0.0158278459510234));
#10852=CARTESIAN_POINT('',(0.0975992442965508,-0.0272647336851232,0.0153408270423827));
#10853=CARTESIAN_POINT('',(0.0975992442965508,-0.0352498957111954,0.0148538081337421));
#10854=CARTESIAN_POINT('',(0.0975992442965508,-0.0352498957111954,0.0148538081337421));
#10855=CARTESIAN_POINT('',(0.0975992442965508,-0.0272647336851232,0.0153408270423827));
#10856=CARTESIAN_POINT('',(0.0895992442965508,-0.0352498957111954,0.0148538081337421));
#10857=CARTESIAN_POINT('',(0.0815992442965508,-0.0352498957111954,0.0148538081337421));
#10858=CARTESIAN_POINT('',(0.0815992442965508,-0.0352498957111954,0.0148538081337421));
#10859=CARTESIAN_POINT('',(0.0895992442965508,-0.0352498957111954,0.0148538081337421));
#10860=CARTESIAN_POINT('',(-0.0929346457123757,-0.0387475616120572,0.0146404837923868));
#10861=CARTESIAN_POINT('',(-0.0849346457123757,-0.0387475616120572,0.0146404837923868));
#10862=CARTESIAN_POINT('',(-0.0849346457123757,-0.0387475616120572,0.0146404837923868));
#10863=CARTESIAN_POINT('',(-0.0929346457123757,-0.0387475616120572,0.0146404837923868));
#10864=CARTESIAN_POINT('',(-0.100934645712376,-0.0387475616120572,0.0146404837923868));
#10865=CARTESIAN_POINT('',(-0.100934645712376,-0.0387475616120572,0.0146404837923868));
#10866=CARTESIAN_POINT('',(-0.0849346457123757,-0.0467327236381295,0.0141534648837461));
#10867=CARTESIAN_POINT('',(-0.0849346457123757,-0.0547178856642017,0.0136664459751054));
#10868=CARTESIAN_POINT('',(-0.0849346457123757,-0.0547178856642017,0.0136664459751054));
#10869=CARTESIAN_POINT('',(-0.0849346457123757,-0.0467327236381295,0.0141534648837461));
#10870=CARTESIAN_POINT('',(-0.0929346457123757,-0.0547178856642017,0.0136664459751054));
#10871=CARTESIAN_POINT('',(-0.100934645712376,-0.0547178856642017,0.0136664459751054));
#10872=CARTESIAN_POINT('',(-0.100934645712376,-0.0547178856642017,0.0136664459751054));
#10873=CARTESIAN_POINT('',(-0.0929346457123757,-0.0547178856642017,0.0136664459751054));
#10874=CARTESIAN_POINT('',(-0.0736910477280617,-0.0387475616120572,0.0146404837923868));
#10875=CARTESIAN_POINT('',(-0.0656910477280617,-0.0387475616120572,0.0146404837923868));
#10876=CARTESIAN_POINT('',(-0.0656910477280617,-0.0387475616120572,0.0146404837923868));
#10877=CARTESIAN_POINT('',(-0.0736910477280617,-0.0387475616120572,0.0146404837923868));
#10878=CARTESIAN_POINT('',(-0.0816910477280617,-0.0387475616120572,0.0146404837923868));
#10879=CARTESIAN_POINT('',(-0.0816910477280617,-0.0387475616120572,0.0146404837923868));
#10880=CARTESIAN_POINT('',(-0.0656910477280617,-0.0467327236381295,0.0141534648837461));
#10881=CARTESIAN_POINT('',(-0.0656910477280617,-0.0547178856642017,0.0136664459751054));
#10882=CARTESIAN_POINT('',(-0.0656910477280617,-0.0547178856642017,0.0136664459751054));
#10883=CARTESIAN_POINT('',(-0.0656910477280617,-0.0467327236381295,0.0141534648837461));
#10884=CARTESIAN_POINT('',(-0.0736910477280617,-0.0547178856642017,0.0136664459751054));
#10885=CARTESIAN_POINT('',(-0.0816910477280617,-0.0547178856642017,0.0136664459751054));
#10886=CARTESIAN_POINT('',(-0.0816910477280617,-0.0547178856642017,0.0136664459751054));
#10887=CARTESIAN_POINT('',(-0.0736910477280617,-0.0547178856642017,0.0136664459751054));
#10888=CARTESIAN_POINT('',(-0.0544789806008339,-0.0387475616120572,0.0146404837923868));
#10889=CARTESIAN_POINT('',(-0.0464789806008339,-0.0387475616120572,0.0146404837923868));
#10890=CARTESIAN_POINT('',(-0.0464789806008339,-0.0387475616120572,0.0146404837923868));
#10891=CARTESIAN_POINT('',(-0.0544789806008339,-0.0387475616120572,0.0146404837923868));
#10892=CARTESIAN_POINT('',(-0.0624789806008339,-0.0387475616120572,0.0146404837923868));
#10893=CARTESIAN_POINT('',(-0.0624789806008339,-0.0387475616120572,0.0146404837923868));
#10894=CARTESIAN_POINT('',(-0.0464789806008339,-0.0467327236381295,0.0141534648837461));
#10895=CARTESIAN_POINT('',(-0.0464789806008339,-0.0547178856642017,0.0136664459751054));
#10896=CARTESIAN_POINT('',(-0.0464789806008339,-0.0547178856642017,0.0136664459751054));
#10897=CARTESIAN_POINT('',(-0.0464789806008339,-0.0467327236381295,0.0141534648837461));
#10898=CARTESIAN_POINT('',(-0.0544789806008339,-0.0547178856642017,0.0136664459751054));
#10899=CARTESIAN_POINT('',(-0.0624789806008339,-0.0547178856642017,0.0136664459751054));
#10900=CARTESIAN_POINT('',(-0.0624789806008339,-0.0547178856642017,0.0136664459751054));
#10901=CARTESIAN_POINT('',(-0.0544789806008339,-0.0547178856642017,0.0136664459751054));
#10902=CARTESIAN_POINT('',(-0.0353286191821098,-0.0387475616120572,0.0146404837923868));
#10903=CARTESIAN_POINT('',(-0.0273286191821098,-0.0387475616120572,0.0146404837923868));
#10904=CARTESIAN_POINT('',(-0.0273286191821098,-0.0387475616120572,0.0146404837923868));
#10905=CARTESIAN_POINT('',(-0.0353286191821098,-0.0387475616120572,0.0146404837923868));
#10906=CARTESIAN_POINT('',(-0.0433286191821098,-0.0387475616120572,0.0146404837923868));
#10907=CARTESIAN_POINT('',(-0.0433286191821098,-0.0387475616120572,0.0146404837923868));
#10908=CARTESIAN_POINT('',(-0.0273286191821098,-0.0467327236381295,0.0141534648837461));
#10909=CARTESIAN_POINT('',(-0.0273286191821098,-0.0547178856642017,0.0136664459751054));
#10910=CARTESIAN_POINT('',(-0.0273286191821098,-0.0547178856642017,0.0136664459751054));
#10911=CARTESIAN_POINT('',(-0.0273286191821098,-0.0467327236381295,0.0141534648837461));
#10912=CARTESIAN_POINT('',(-0.0353286191821098,-0.0547178856642017,0.0136664459751054));
#10913=CARTESIAN_POINT('',(-0.0433286191821098,-0.0547178856642017,0.0136664459751054));
#10914=CARTESIAN_POINT('',(-0.0433286191821098,-0.0547178856642017,0.0136664459751054));
#10915=CARTESIAN_POINT('',(-0.0353286191821098,-0.0547178856642017,0.0136664459751054));
#10916=CARTESIAN_POINT('',(-0.0161493625491857,-0.0387475616120572,0.0146404837923868));
#10917=CARTESIAN_POINT('',(-0.00814936254918577,-0.0387475616120572,0.0146404837923868));
#10918=CARTESIAN_POINT('',(-0.00814936254918577,-0.0387475616120572,0.0146404837923868));
#10919=CARTESIAN_POINT('',(-0.0161493625491857,-0.0387475616120572,0.0146404837923868));
#10920=CARTESIAN_POINT('',(-0.0241493625491857,-0.0387475616120572,0.0146404837923868));
#10921=CARTESIAN_POINT('',(-0.0241493625491857,-0.0387475616120572,0.0146404837923868));
#10922=CARTESIAN_POINT('',(-0.00814936254918577,-0.0467327236381295,0.0141534648837461));
#10923=CARTESIAN_POINT('',(-0.00814936254918576,-0.0547178856642017,0.0136664459751054));
#10924=CARTESIAN_POINT('',(-0.00814936254918576,-0.0547178856642017,0.0136664459751054));
#10925=CARTESIAN_POINT('',(-0.00814936254918577,-0.0467327236381295,0.0141534648837461));
#10926=CARTESIAN_POINT('',(-0.0161493625491857,-0.0547178856642017,0.0136664459751054));
#10927=CARTESIAN_POINT('',(-0.0241493625491857,-0.0547178856642017,0.0136664459751054));
#10928=CARTESIAN_POINT('',(-0.0241493625491857,-0.0547178856642017,0.0136664459751054));
#10929=CARTESIAN_POINT('',(-0.0161493625491857,-0.0547178856642017,0.0136664459751054));
#10930=CARTESIAN_POINT('',(0.00302575202658772,-0.0387475616120572,0.0146404837923868));
#10931=CARTESIAN_POINT('',(0.0110257520265877,-0.0387475616120572,0.0146404837923868));
#10932=CARTESIAN_POINT('',(0.0110257520265877,-0.0387475616120572,0.0146404837923868));
#10933=CARTESIAN_POINT('',(0.00302575202658772,-0.0387475616120572,0.0146404837923868));
#10934=CARTESIAN_POINT('',(-0.00497424797341229,-0.0387475616120572,0.0146404837923868));
#10935=CARTESIAN_POINT('',(-0.00497424797341229,-0.0387475616120572,0.0146404837923868));
#10936=CARTESIAN_POINT('',(0.0110257520265877,-0.0467327236381295,0.0141534648837461));
#10937=CARTESIAN_POINT('',(0.0110257520265877,-0.0547178856642017,0.0136664459751054));
#10938=CARTESIAN_POINT('',(0.0110257520265877,-0.0547178856642017,0.0136664459751054));
#10939=CARTESIAN_POINT('',(0.0110257520265877,-0.0467327236381295,0.0141534648837461));
#10940=CARTESIAN_POINT('',(0.00302575202658771,-0.0547178856642017,0.0136664459751054));
#10941=CARTESIAN_POINT('',(-0.00497424797341229,-0.0547178856642017,0.0136664459751054));
#10942=CARTESIAN_POINT('',(-0.00497424797341229,-0.0547178856642017,0.0136664459751054));
#10943=CARTESIAN_POINT('',(0.00302575202658771,-0.0547178856642017,0.0136664459751054));
#10944=CARTESIAN_POINT('',(0.022187190130353,-0.0387475616120572,0.0146404837923868));
#10945=CARTESIAN_POINT('',(0.030187190130353,-0.0387475616120572,0.0146404837923868));
#10946=CARTESIAN_POINT('',(0.030187190130353,-0.0387475616120572,0.0146404837923868));
#10947=CARTESIAN_POINT('',(0.022187190130353,-0.0387475616120572,0.0146404837923868));
#10948=CARTESIAN_POINT('',(0.014187190130353,-0.0387475616120572,0.0146404837923868));
#10949=CARTESIAN_POINT('',(0.014187190130353,-0.0387475616120572,0.0146404837923868));
#10950=CARTESIAN_POINT('',(0.030187190130353,-0.0467327236381295,0.0141534648837461));
#10951=CARTESIAN_POINT('',(0.030187190130353,-0.0547178856642017,0.0136664459751054));
#10952=CARTESIAN_POINT('',(0.030187190130353,-0.0547178856642017,0.0136664459751054));
#10953=CARTESIAN_POINT('',(0.030187190130353,-0.0467327236381295,0.0141534648837461));
#10954=CARTESIAN_POINT('',(0.022187190130353,-0.0547178856642017,0.0136664459751054));
#10955=CARTESIAN_POINT('',(0.014187190130353,-0.0547178856642017,0.0136664459751054));
#10956=CARTESIAN_POINT('',(0.014187190130353,-0.0547178856642017,0.0136664459751054));
#10957=CARTESIAN_POINT('',(0.022187190130353,-0.0547178856642017,0.0136664459751054));
#10958=CARTESIAN_POINT('',(0.0413842238485813,-0.0387475616120572,0.0146404837923868));
#10959=CARTESIAN_POINT('',(0.0493842238485813,-0.0387475616120572,0.0146404837923868));
#10960=CARTESIAN_POINT('',(0.0493842238485813,-0.0387475616120572,0.0146404837923868));
#10961=CARTESIAN_POINT('',(0.0413842238485813,-0.0387475616120572,0.0146404837923868));
#10962=CARTESIAN_POINT('',(0.0333842238485813,-0.0387475616120572,0.0146404837923868));
#10963=CARTESIAN_POINT('',(0.0333842238485813,-0.0387475616120572,0.0146404837923868));
#10964=CARTESIAN_POINT('',(0.0493842238485813,-0.0467327236381295,0.0141534648837461));
#10965=CARTESIAN_POINT('',(0.0493842238485813,-0.0547178856642017,0.0136664459751054));
#10966=CARTESIAN_POINT('',(0.0493842238485813,-0.0547178856642017,0.0136664459751054));
#10967=CARTESIAN_POINT('',(0.0493842238485813,-0.0467327236381295,0.0141534648837461));
#10968=CARTESIAN_POINT('',(0.0413842238485813,-0.0547178856642017,0.0136664459751054));
#10969=CARTESIAN_POINT('',(0.0333842238485813,-0.0547178856642017,0.0136664459751054));
#10970=CARTESIAN_POINT('',(0.0333842238485813,-0.0547178856642017,0.0136664459751054));
#10971=CARTESIAN_POINT('',(0.0413842238485813,-0.0547178856642017,0.0136664459751054));
#10972=CARTESIAN_POINT('',(0.0606396496295929,-0.0387475616120572,0.0146404837923868));
#10973=CARTESIAN_POINT('',(0.0686396496295929,-0.0387475616120572,0.0146404837923868));
#10974=CARTESIAN_POINT('',(0.0686396496295929,-0.0387475616120572,0.0146404837923868));
#10975=CARTESIAN_POINT('',(0.0606396496295929,-0.0387475616120572,0.0146404837923868));
#10976=CARTESIAN_POINT('',(0.0526396496295929,-0.0387475616120572,0.0146404837923868));
#10977=CARTESIAN_POINT('',(0.0526396496295929,-0.0387475616120572,0.0146404837923868));
#10978=CARTESIAN_POINT('',(0.0686396496295929,-0.0467327236381295,0.0141534648837461));
#10979=CARTESIAN_POINT('',(0.0686396496295929,-0.0547178856642017,0.0136664459751054));
#10980=CARTESIAN_POINT('',(0.0686396496295929,-0.0547178856642017,0.0136664459751054));
#10981=CARTESIAN_POINT('',(0.0686396496295929,-0.0467327236381295,0.0141534648837461));
#10982=CARTESIAN_POINT('',(0.0606396496295929,-0.0547178856642017,0.0136664459751054));
#10983=CARTESIAN_POINT('',(0.0526396496295929,-0.0547178856642017,0.0136664459751054));
#10984=CARTESIAN_POINT('',(0.0526396496295929,-0.0547178856642017,0.0136664459751054));
#10985=CARTESIAN_POINT('',(0.0606396496295929,-0.0547178856642017,0.0136664459751054));
#10986=CARTESIAN_POINT('',(0.0797537490725517,-0.0387475616120572,0.0146404837923868));
#10987=CARTESIAN_POINT('',(0.0877537490725517,-0.0387475616120572,0.0146404837923868));
#10988=CARTESIAN_POINT('',(0.0877537490725517,-0.0387475616120572,0.0146404837923868));
#10989=CARTESIAN_POINT('',(0.0797537490725517,-0.0387475616120572,0.0146404837923868));
#10990=CARTESIAN_POINT('',(0.0717537490725517,-0.0387475616120572,0.0146404837923868));
#10991=CARTESIAN_POINT('',(0.0717537490725517,-0.0387475616120572,0.0146404837923868));
#10992=CARTESIAN_POINT('',(0.0877537490725517,-0.0467327236381295,0.0141534648837461));
#10993=CARTESIAN_POINT('',(0.0877537490725517,-0.0547178856642017,0.0136664459751054));
#10994=CARTESIAN_POINT('',(0.0877537490725517,-0.0547178856642017,0.0136664459751054));
#10995=CARTESIAN_POINT('',(0.0877537490725517,-0.0467327236381295,0.0141534648837461));
#10996=CARTESIAN_POINT('',(0.0797537490725517,-0.0547178856642017,0.0136664459751054));
#10997=CARTESIAN_POINT('',(0.0717537490725517,-0.0547178856642017,0.0136664459751054));
#10998=CARTESIAN_POINT('',(0.0717537490725517,-0.0547178856642017,0.0136664459751054));
#10999=CARTESIAN_POINT('',(0.0797537490725517,-0.0547178856642017,0.0136664459751054));
#11000=CARTESIAN_POINT('',(-0.13340125977993,-0.0578678488048136,0.013474328193902));
#11001=CARTESIAN_POINT('',(-0.12540125977993,-0.0578678488048137,0.013474328193902));
#11002=CARTESIAN_POINT('',(-0.12540125977993,-0.0578678488048137,0.013474328193902));
#11003=CARTESIAN_POINT('',(-0.13340125977993,-0.0578678488048136,0.013474328193902));
#11004=CARTESIAN_POINT('',(-0.14140125977993,-0.0578678488048136,0.013474328193902));
#11005=CARTESIAN_POINT('',(-0.14140125977993,-0.0578678488048136,0.013474328193902));
#11006=CARTESIAN_POINT('',(-0.12540125977993,-0.0658530108308859,0.0129873092852613));
#11007=CARTESIAN_POINT('',(-0.12540125977993,-0.0738381728569582,0.0125002903766207));
#11008=CARTESIAN_POINT('',(-0.12540125977993,-0.0738381728569582,0.0125002903766207));
#11009=CARTESIAN_POINT('',(-0.12540125977993,-0.0658530108308859,0.0129873092852613));
#11010=CARTESIAN_POINT('',(-0.13340125977993,-0.0738381728569582,0.0125002903766207));
#11011=CARTESIAN_POINT('',(-0.14140125977993,-0.0738381728569582,0.0125002903766207));
#11012=CARTESIAN_POINT('',(-0.14140125977993,-0.0738381728569582,0.0125002903766207));
#11013=CARTESIAN_POINT('',(-0.13340125977993,-0.0738381728569582,0.0125002903766207));
#11014=CARTESIAN_POINT('',(-0.10958343744278,-0.0578678488048137,0.013474328193902));
#11015=CARTESIAN_POINT('',(-0.10158343744278,-0.0578678488048137,0.013474328193902));
#11016=CARTESIAN_POINT('',(-0.10158343744278,-0.0578678488048137,0.013474328193902));
#11017=CARTESIAN_POINT('',(-0.10958343744278,-0.0578678488048137,0.013474328193902));
#11018=CARTESIAN_POINT('',(-0.11758343744278,-0.0578678488048137,0.013474328193902));
#11019=CARTESIAN_POINT('',(-0.11758343744278,-0.0578678488048137,0.013474328193902));
#11020=CARTESIAN_POINT('',(-0.10158343744278,-0.0658530108308859,0.0129873092852613));
#11021=CARTESIAN_POINT('',(-0.10158343744278,-0.0738381728569582,0.0125002903766207));
#11022=CARTESIAN_POINT('',(-0.10158343744278,-0.0738381728569582,0.0125002903766207));
#11023=CARTESIAN_POINT('',(-0.10158343744278,-0.0658530108308859,0.0129873092852613));
#11024=CARTESIAN_POINT('',(-0.10958343744278,-0.0738381728569582,0.0125002903766207));
#11025=CARTESIAN_POINT('',(-0.11758343744278,-0.0738381728569582,0.0125002903766207));
#11026=CARTESIAN_POINT('',(-0.11758343744278,-0.0738381728569582,0.0125002903766207));
#11027=CARTESIAN_POINT('',(-0.10958343744278,-0.0738381728569582,0.0125002903766207));
#11028=CARTESIAN_POINT('',(-0.0857423469424248,-0.0578678488048137,0.013474328193902));
#11029=CARTESIAN_POINT('',(-0.0777423469424248,-0.0578678488048137,0.013474328193902));
#11030=CARTESIAN_POINT('',(-0.0777423469424248,-0.0578678488048137,0.013474328193902));
#11031=CARTESIAN_POINT('',(-0.0857423469424248,-0.0578678488048137,0.013474328193902));
#11032=CARTESIAN_POINT('',(-0.0937423469424248,-0.0578678488048137,0.013474328193902));
#11033=CARTESIAN_POINT('',(-0.0937423469424248,-0.0578678488048137,0.013474328193902));
#11034=CARTESIAN_POINT('',(-0.0777423469424248,-0.0658530108308859,0.0129873092852613));
#11035=CARTESIAN_POINT('',(-0.0777423469424248,-0.0738381728569582,0.0125002903766207));
#11036=CARTESIAN_POINT('',(-0.0777423469424248,-0.0738381728569582,0.0125002903766207));
#11037=CARTESIAN_POINT('',(-0.0777423469424248,-0.0658530108308859,0.0129873092852613));
#11038=CARTESIAN_POINT('',(-0.0857423469424248,-0.0738381728569582,0.0125002903766207));
#11039=CARTESIAN_POINT('',(-0.0937423469424248,-0.0738381728569582,0.0125002903766207));
#11040=CARTESIAN_POINT('',(-0.0937423469424248,-0.0738381728569582,0.0125002903766207));
#11041=CARTESIAN_POINT('',(-0.0857423469424248,-0.0738381728569582,0.0125002903766207));
#11042=CARTESIAN_POINT('',(-0.0682283714413643,-0.0665860848511223,0.0129425987448712));
#11043=CARTESIAN_POINT('',(-0.0682283714413643,-0.0563332621604979,0.0135679233783565));
#11044=CARTESIAN_POINT('',(-0.0682283714413643,-0.0563332621604979,0.0135679233783565));
#11045=CARTESIAN_POINT('',(-0.0682283714413643,-0.0665860848511223,0.0129425987448712));
#11046=CARTESIAN_POINT('',(-0.0682283714413643,-0.0768389075417466,0.0123172741113859));
#11047=CARTESIAN_POINT('',(-0.0682283714413643,-0.0768389075417466,0.0123172741113859));
#11048=CARTESIAN_POINT('',(-0.0641803108155728,-0.0563332621604979,0.0135679233783565));
#11049=CARTESIAN_POINT('',(-0.0601322501897812,-0.0563332621604979,0.0135679233783565));
#11050=CARTESIAN_POINT('',(-0.0601322501897812,-0.0563332621604979,0.0135679233783565));
#11051=CARTESIAN_POINT('',(-0.0641803108155728,-0.0563332621604979,0.0135679233783565));
#11052=CARTESIAN_POINT('',(-0.0601322501897812,-0.0665860848511223,0.0129425987448712));
#11053=CARTESIAN_POINT('',(-0.0601322501897812,-0.0768389075417466,0.0123172741113859));
#11054=CARTESIAN_POINT('',(-0.0601322501897812,-0.0768389075417466,0.0123172741113859));
#11055=CARTESIAN_POINT('',(-0.0601322501897812,-0.0665860848511223,0.0129425987448712));
#11056=CARTESIAN_POINT('',(0.0316171006023884,-0.066155063521586,0.0129688869450137));
#11057=CARTESIAN_POINT('',(0.0316171006023884,-0.0559022408309616,0.0135942115784989));
#11058=CARTESIAN_POINT('',(0.0316171006023884,-0.0559022408309616,0.0135942115784989));
#11059=CARTESIAN_POINT('',(0.0316171006023884,-0.066155063521586,0.0129688869450137));
#11060=CARTESIAN_POINT('',(0.0316171006023884,-0.0764078862122104,0.0123435623115284));
#11061=CARTESIAN_POINT('',(0.0316171006023884,-0.0764078862122104,0.0123435623115284));
#11062=CARTESIAN_POINT('',(0.0356651612281799,-0.0559022408309616,0.0135942115784989));
#11063=CARTESIAN_POINT('',(0.0397132218539714,-0.0559022408309616,0.0135942115784989));
#11064=CARTESIAN_POINT('',(0.0397132218539714,-0.0559022408309616,0.0135942115784989));
#11065=CARTESIAN_POINT('',(0.0356651612281799,-0.0559022408309616,0.0135942115784989));
#11066=CARTESIAN_POINT('',(0.0397132218539714,-0.066155063521586,0.0129688869450137));
#11067=CARTESIAN_POINT('',(0.0397132218539714,-0.0764078862122104,0.0123435623115284));
#11068=CARTESIAN_POINT('',(0.0397132218539714,-0.0764078862122104,0.0123435623115284));
#11069=CARTESIAN_POINT('',(0.0397132218539714,-0.066155063521586,0.0129688869450137));
#11070=CARTESIAN_POINT('',(-0.014308849349618,-0.0578678488048137,0.013474328193902));
#11071=CARTESIAN_POINT('',(-0.00630884934961795,-0.0578678488048137,0.013474328193902));
#11072=CARTESIAN_POINT('',(-0.00630884934961795,-0.0578678488048137,0.013474328193902));
#11073=CARTESIAN_POINT('',(-0.014308849349618,-0.0578678488048137,0.013474328193902));
#11074=CARTESIAN_POINT('',(-0.0223088493496179,-0.0578678488048137,0.013474328193902));
#11075=CARTESIAN_POINT('',(-0.0223088493496179,-0.0578678488048137,0.013474328193902));
#11076=CARTESIAN_POINT('',(-0.00630884934961795,-0.0658530108308859,0.0129873092852613));
#11077=CARTESIAN_POINT('',(-0.00630884934961795,-0.0738381728569582,0.0125002903766207));
#11078=CARTESIAN_POINT('',(-0.00630884934961795,-0.0738381728569582,0.0125002903766207));
#11079=CARTESIAN_POINT('',(-0.00630884934961795,-0.0658530108308859,0.0129873092852613));
#11080=CARTESIAN_POINT('',(-0.014308849349618,-0.0738381728569582,0.0125002903766207));
#11081=CARTESIAN_POINT('',(-0.0223088493496179,-0.0738381728569582,0.0125002903766207));
#11082=CARTESIAN_POINT('',(-0.0223088493496179,-0.0738381728569582,0.0125002903766207));
#11083=CARTESIAN_POINT('',(-0.014308849349618,-0.0738381728569582,0.0125002903766207));
#11084=CARTESIAN_POINT('',(0.0573167018592358,-0.0578678488048136,0.013474328193902));
#11085=CARTESIAN_POINT('',(0.0653167018592358,-0.0578678488048136,0.013474328193902));
#11086=CARTESIAN_POINT('',(0.0653167018592358,-0.0578678488048136,0.013474328193902));
#11087=CARTESIAN_POINT('',(0.0573167018592358,-0.0578678488048136,0.013474328193902));
#11088=CARTESIAN_POINT('',(0.0493167018592358,-0.0578678488048136,0.013474328193902));
#11089=CARTESIAN_POINT('',(0.0493167018592358,-0.0578678488048136,0.013474328193902));
#11090=CARTESIAN_POINT('',(0.0653167018592358,-0.0658530108308859,0.0129873092852613));
#11091=CARTESIAN_POINT('',(0.0653167018592358,-0.0738381728569582,0.0125002903766207));
#11092=CARTESIAN_POINT('',(0.0653167018592358,-0.0738381728569582,0.0125002903766207));
#11093=CARTESIAN_POINT('',(0.0653167018592358,-0.0658530108308859,0.0129873092852613));
#11094=CARTESIAN_POINT('',(0.0573167018592358,-0.0738381728569582,0.0125002903766207));
#11095=CARTESIAN_POINT('',(0.0493167018592358,-0.0738381728569582,0.0125002903766207));
#11096=CARTESIAN_POINT('',(0.0493167018592358,-0.0738381728569582,0.0125002903766207));
#11097=CARTESIAN_POINT('',(0.0573167018592358,-0.0738381728569582,0.0125002903766207));
#11098=CARTESIAN_POINT('',(0.081152468919754,-0.0578678488048136,0.013474328193902));
#11099=CARTESIAN_POINT('',(0.089152468919754,-0.0578678488048136,0.013474328193902));
#11100=CARTESIAN_POINT('',(0.089152468919754,-0.0578678488048136,0.013474328193902));
#11101=CARTESIAN_POINT('',(0.081152468919754,-0.0578678488048136,0.013474328193902));
#11102=CARTESIAN_POINT('',(0.073152468919754,-0.0578678488048136,0.013474328193902));
#11103=CARTESIAN_POINT('',(0.073152468919754,-0.0578678488048136,0.013474328193902));
#11104=CARTESIAN_POINT('',(0.089152468919754,-0.0658530108308859,0.0129873092852613));
#11105=CARTESIAN_POINT('',(0.089152468919754,-0.0738381728569582,0.0125002903766207));
#11106=CARTESIAN_POINT('',(0.089152468919754,-0.0738381728569582,0.0125002903766207));
#11107=CARTESIAN_POINT('',(0.089152468919754,-0.0658530108308859,0.0129873092852613));
#11108=CARTESIAN_POINT('',(0.081152468919754,-0.0738381728569582,0.0125002903766207));
#11109=CARTESIAN_POINT('',(0.073152468919754,-0.0738381728569582,0.0125002903766207));
#11110=CARTESIAN_POINT('',(0.073152468919754,-0.0738381728569582,0.0125002903766207));
#11111=CARTESIAN_POINT('',(0.081152468919754,-0.0738381728569582,0.0125002903766207));
#11112=CARTESIAN_POINT('',(0.105160921812057,-0.0578678488048137,0.013474328193902));
#11113=CARTESIAN_POINT('',(0.113160921812057,-0.0578678488048137,0.013474328193902));
#11114=CARTESIAN_POINT('',(0.113160921812057,-0.0578678488048137,0.013474328193902));
#11115=CARTESIAN_POINT('',(0.105160921812057,-0.0578678488048137,0.013474328193902));
#11116=CARTESIAN_POINT('',(0.0971609218120575,-0.0578678488048137,0.013474328193902));
#11117=CARTESIAN_POINT('',(0.0971609218120575,-0.0578678488048137,0.013474328193902));
#11118=CARTESIAN_POINT('',(0.113160921812057,-0.0658530108308859,0.0129873092852613));
#11119=CARTESIAN_POINT('',(0.113160921812057,-0.0738381728569582,0.0125002903766207));
#11120=CARTESIAN_POINT('',(0.113160921812057,-0.0738381728569582,0.0125002903766207));
#11121=CARTESIAN_POINT('',(0.113160921812057,-0.0658530108308859,0.0129873092852613));
#11122=CARTESIAN_POINT('',(0.105160921812057,-0.0738381728569582,0.0125002903766207));
#11123=CARTESIAN_POINT('',(0.0971609218120575,-0.0738381728569582,0.0125002903766207));
#11124=CARTESIAN_POINT('',(0.0971609218120575,-0.0738381728569582,0.0125002903766207));
#11125=CARTESIAN_POINT('',(0.105160921812057,-0.0738381728569582,0.0125002903766207));
#11126=CARTESIAN_POINT('',(0.128980159759521,-0.0578678488048136,0.013474328193902));
#11127=CARTESIAN_POINT('',(0.136980159759521,-0.0578678488048136,0.013474328193902));
#11128=CARTESIAN_POINT('',(0.136980159759521,-0.0578678488048136,0.013474328193902));
#11129=CARTESIAN_POINT('',(0.128980159759521,-0.0578678488048136,0.013474328193902));
#11130=CARTESIAN_POINT('',(0.120980159759521,-0.0578678488048136,0.013474328193902));
#11131=CARTESIAN_POINT('',(0.120980159759521,-0.0578678488048136,0.013474328193902));
#11132=CARTESIAN_POINT('',(0.136980159759521,-0.0658530108308859,0.0129873092852613));
#11133=CARTESIAN_POINT('',(0.136980159759521,-0.0738381728569582,0.0125002903766207));
#11134=CARTESIAN_POINT('',(0.136980159759521,-0.0738381728569582,0.0125002903766207));
#11135=CARTESIAN_POINT('',(0.136980159759521,-0.0658530108308859,0.0129873092852613));
#11136=CARTESIAN_POINT('',(0.128980159759521,-0.0738381728569582,0.0125002903766207));
#11137=CARTESIAN_POINT('',(0.120980159759521,-0.0738381728569582,0.0125002903766207));
#11138=CARTESIAN_POINT('',(0.120980159759521,-0.0738381728569582,0.0125002903766207));
#11139=CARTESIAN_POINT('',(0.128980159759521,-0.0738381728569582,0.0125002903766207));
#11140=CARTESIAN_POINT('',(0.141706458642415,0.0248914771521767,0.0185218596623693));
#11141=CARTESIAN_POINT('',(0.141706458642415,0.0213979687657701,0.018308788889839));
#11142=CARTESIAN_POINT('',(0.141706458642415,0.0213979687657701,0.018308788889839));
#11143=CARTESIAN_POINT('',(0.141706458642415,0.0248914771521767,0.0185218596623693));
#11144=CARTESIAN_POINT('',(0.145206458642415,0.0248914771521767,0.0185218596623693));
#11145=CARTESIAN_POINT('',(0.145206458642415,0.0248914771521767,0.0185218596623693));
#11146=CARTESIAN_POINT('',(0.000198229321207444,0.0213979687657701,0.018308788889839));
#11147=CARTESIAN_POINT('',(-0.14131,0.0213979687657701,0.018308788889839));
#11148=CARTESIAN_POINT('',(-0.14131,0.0213979687657701,0.018308788889839));
#11149=CARTESIAN_POINT('',(0.000198229321207444,0.0213979687657701,0.018308788889839));
#11150=CARTESIAN_POINT('',(-0.14131,0.0248914771521767,0.0185218596623693));
#11151=CARTESIAN_POINT('',(-0.14481,0.0248914771521767,0.0185218596623693));
#11152=CARTESIAN_POINT('',(-0.14481,0.0248914771521767,0.0185218596623693));
#11153=CARTESIAN_POINT('',(-0.14131,0.0248914771521767,0.0185218596623693));
#11154=CARTESIAN_POINT('',(-0.14481,0.0487251126053075,0.0199754846595107));
#11155=CARTESIAN_POINT('',(-0.14481,0.0725587480584382,0.0214291096566522));
#11156=CARTESIAN_POINT('',(-0.14481,0.0725587480584382,0.0214291096566522));
#11157=CARTESIAN_POINT('',(-0.14481,0.0487251126053075,0.0199754846595107));
#11158=CARTESIAN_POINT('',(-0.14131,0.0725587480584382,0.0214291096566522));
#11159=CARTESIAN_POINT('',(-0.14131,0.0760522564448448,0.0216421804291825));
#11160=CARTESIAN_POINT('',(-0.14131,0.0760522564448448,0.0216421804291825));
#11161=CARTESIAN_POINT('',(-0.14131,0.0725587480584382,0.0214291096566522));
#11162=CARTESIAN_POINT('',(0.000198229321207444,0.0760522564448448,0.0216421804291825));
#11163=CARTESIAN_POINT('',(-0.137808818853234,0.0760522564448448,0.0216421804291825));
#11164=CARTESIAN_POINT('',(-0.137808818853234,0.0761514828900867,0.0200152636329968));
#11165=CARTESIAN_POINT('',(-0.135153183934623,0.0761514828900867,0.0200152636329968));
#11166=CARTESIAN_POINT('',(-0.137252121418026,0.0760522564448448,0.0216421804291825));
#11167=CARTESIAN_POINT('',(0.000198229321207444,0.0760522564448448,0.0216421804291825));
#11168=CARTESIAN_POINT('',(0.141706458642415,0.0725587480584382,0.0214291096566522));
#11169=CARTESIAN_POINT('',(0.145206458642415,0.0725587480584382,0.0214291096566522));
#11170=CARTESIAN_POINT('',(0.145206458642415,0.0725587480584382,0.0214291096566522));
#11171=CARTESIAN_POINT('',(0.141706458642415,0.0725587480584382,0.0214291096566522));
#11172=CARTESIAN_POINT('',(0.128664253845215,-0.0188171868190489,0.0158560470268957));
#11173=CARTESIAN_POINT('',(0.128664253845215,-0.018354801979047,0.015884248102768));
#11174=CARTESIAN_POINT('',(0.128664253845215,-0.018354801979047,0.015884248102768));
#11175=CARTESIAN_POINT('',(0.128664253845215,-0.0188171868190489,0.0158560470268957));
#11176=CARTESIAN_POINT('',(0.128664253845215,-0.0192795716590509,0.0158278459510234));
#11177=CARTESIAN_POINT('',(0.128664253845215,-0.0192795716590509,0.0158278459510234));
#11178=CARTESIAN_POINT('',(0.132520529075861,-0.018354801979047,0.015884248102768));
#11179=CARTESIAN_POINT('',(0.136376804306507,-0.0183548019790469,0.015884248102768));
#11180=CARTESIAN_POINT('',(0.136376804306507,-0.0183548019790469,0.015884248102768));
#11181=CARTESIAN_POINT('',(0.132520529075861,-0.018354801979047,0.015884248102768));
#11182=CARTESIAN_POINT('',(0.136376804306507,-0.0282981447642457,0.0152777987989622));
#11183=CARTESIAN_POINT('',(0.136376804306507,-0.0382414875494444,0.0146713494951565));
#11184=CARTESIAN_POINT('',(0.136376804306507,-0.0382414875494444,0.0146713494951565));
#11185=CARTESIAN_POINT('',(0.136376804306507,-0.0282981447642457,0.0152777987989622));
#11186=CARTESIAN_POINT('',(0.134034138082266,-0.0382414875494444,0.0146713494951565));
#11187=CARTESIAN_POINT('',(0.131691471858025,-0.0382414875494444,0.0146713494951565));
#11188=CARTESIAN_POINT('',(0.131691471858025,-0.0382414875494444,0.0146713494951565));
#11189=CARTESIAN_POINT('',(0.134034138082266,-0.0382414875494444,0.0146713494951565));
#11190=CARTESIAN_POINT('',(0.131691471858025,-0.0478657522038574,0.0140843609214548));
#11191=CARTESIAN_POINT('',(0.131691471858025,-0.0574900168582705,0.0134973723477531));
#11192=CARTESIAN_POINT('',(0.131691471858025,-0.0574900168582705,0.0134973723477531));
#11193=CARTESIAN_POINT('',(0.131691471858025,-0.0478657522038574,0.0140843609214548));
#11194=CARTESIAN_POINT('',(0.127587230129242,-0.0574900168582705,0.0134973723477531));
#11195=CARTESIAN_POINT('',(0.123482988400459,-0.0574900168582705,0.0134973723477531));
#11196=CARTESIAN_POINT('',(0.123482988400459,-0.0574900168582705,0.0134973723477531));
#11197=CARTESIAN_POINT('',(0.127587230129242,-0.0574900168582705,0.0134973723477531));
#11198=CARTESIAN_POINT('',(0.123482988400459,-0.0561039512612361,0.0135819091614293));
#11199=CARTESIAN_POINT('',(0.123482988400459,-0.0547178856642017,0.0136664459751054));
#11200=CARTESIAN_POINT('',(0.123482988400459,-0.0547178856642017,0.0136664459751054));
#11201=CARTESIAN_POINT('',(0.123482988400459,-0.0561039512612361,0.0135819091614293));
#11202=CARTESIAN_POINT('',(0.115751334092617,-0.0547178856642017,0.0136664459751054));
#11203=CARTESIAN_POINT('',(0.108019679784775,-0.0547178856642017,0.0136664459751054));
#11204=CARTESIAN_POINT('',(0.108019679784775,-0.0547178856642017,0.0136664459751054));
#11205=CARTESIAN_POINT('',(0.115751334092617,-0.0547178856642017,0.0136664459751054));
#11206=CARTESIAN_POINT('',(0.108019679784775,-0.0561039512612358,0.0135819091614293));
#11207=CARTESIAN_POINT('',(0.108019679784775,-0.0574900168582699,0.0134973723477531));
#11208=CARTESIAN_POINT('',(0.108019679784775,-0.0574900168582699,0.0134973723477531));
#11209=CARTESIAN_POINT('',(0.108019679784775,-0.0561039512612358,0.0135819091614293));
#11210=CARTESIAN_POINT('',(0.103915438055992,-0.0574900168582699,0.0134973723477531));
#11211=CARTESIAN_POINT('',(0.0998111963272095,-0.0574900168582699,0.0134973723477531));
#11212=CARTESIAN_POINT('',(0.0998111963272095,-0.0574900168582699,0.0134973723477531));
#11213=CARTESIAN_POINT('',(0.103915438055992,-0.0574900168582699,0.0134973723477531));
#11214=CARTESIAN_POINT('',(0.0998111963272095,-0.0471871180072779,0.0141257511505704));
#11215=CARTESIAN_POINT('',(0.0998111963272095,-0.0368842191562857,0.0147541299533877));
#11216=CARTESIAN_POINT('',(0.0998111963272095,-0.0368842191562857,0.0147541299533877));
#11217=CARTESIAN_POINT('',(0.0998111963272095,-0.0471871180072779,0.0141257511505704));
#11218=CARTESIAN_POINT('',(0.102371457964182,-0.0368842191562857,0.0147541299533877));
#11219=CARTESIAN_POINT('',(0.104931719601154,-0.0368842191562857,0.0147541299533877));
#11220=CARTESIAN_POINT('',(0.104931719601154,-0.0368842191562857,0.0147541299533877));
#11221=CARTESIAN_POINT('',(0.102371457964182,-0.0368842191562857,0.0147541299533877));
#11222=CARTESIAN_POINT('',(0.104931719601154,-0.0276195105676664,0.0153191890280778));
#11223=CARTESIAN_POINT('',(0.104931719601154,-0.0183548019790469,0.015884248102768));
#11224=CARTESIAN_POINT('',(0.104931719601154,-0.0183548019790469,0.015884248102768));
#11225=CARTESIAN_POINT('',(0.104931719601154,-0.0276195105676664,0.0153191890280778));
#11226=CARTESIAN_POINT('',(0.1087879948318,-0.018354801979047,0.015884248102768));
#11227=CARTESIAN_POINT('',(0.112644270062447,-0.018354801979047,0.015884248102768));
#11228=CARTESIAN_POINT('',(0.112644270062447,-0.018354801979047,0.015884248102768));
#11229=CARTESIAN_POINT('',(0.1087879948318,-0.018354801979047,0.015884248102768));
#11230=CARTESIAN_POINT('',(0.112644270062447,-0.0188171868190489,0.0158560470268957));
#11231=CARTESIAN_POINT('',(0.112644270062447,-0.0192795716590509,0.0158278459510234));
#11232=CARTESIAN_POINT('',(0.112644270062447,-0.0192795716590509,0.0158278459510234));
#11233=CARTESIAN_POINT('',(0.112644270062447,-0.0188171868190489,0.0158560470268957));
#11234=CARTESIAN_POINT('',(-0.1160296002388,-0.0379374710674965,0.0146898916079857));
#11235=CARTESIAN_POINT('',(-0.1160296002388,-0.0372663394300206,0.0147308242523792));
#11236=CARTESIAN_POINT('',(-0.1160296002388,-0.0372663394300206,0.0147308242523792));
#11237=CARTESIAN_POINT('',(-0.1160296002388,-0.0379374710674965,0.0146898916079857));
#11238=CARTESIAN_POINT('',(-0.1160296002388,-0.0386086027049724,0.0146489589635922));
#11239=CARTESIAN_POINT('',(-0.1160296002388,-0.0386086027049724,0.0146489589635922));
#11240=CARTESIAN_POINT('',(-0.111959333157539,-0.0372663394300206,0.0147308242523792));
#11241=CARTESIAN_POINT('',(-0.107889066076279,-0.0372663394300206,0.0147308242523792));
#11242=CARTESIAN_POINT('',(-0.107889066076279,-0.0372663394300206,0.0147308242523792));
#11243=CARTESIAN_POINT('',(-0.111959333157539,-0.0372663394300206,0.0147308242523792));
#11244=CARTESIAN_POINT('',(-0.107889066076279,-0.0473389986300727,0.0141164878776505));
#11245=CARTESIAN_POINT('',(-0.107889066076279,-0.0574116578301249,0.0135021515029218));
#11246=CARTESIAN_POINT('',(-0.107889066076279,-0.0574116578301249,0.0135021515029218));
#11247=CARTESIAN_POINT('',(-0.107889066076279,-0.0473389986300727,0.0141164878776505));
#11248=CARTESIAN_POINT('',(-0.111959333157539,-0.0574116578301249,0.0135021515029218));
#11249=CARTESIAN_POINT('',(-0.1160296002388,-0.0574116578301249,0.0135021515029218));
#11250=CARTESIAN_POINT('',(-0.1160296002388,-0.0574116578301249,0.0135021515029218));
#11251=CARTESIAN_POINT('',(-0.111959333157539,-0.0574116578301249,0.0135021515029218));
#11252=CARTESIAN_POINT('',(-0.1160296002388,-0.0559952922936209,0.0135885363246163));
#11253=CARTESIAN_POINT('',(-0.1160296002388,-0.0545789267571169,0.0136749211463109));
#11254=CARTESIAN_POINT('',(-0.1160296002388,-0.0545789267571169,0.0136749211463109));
#11255=CARTESIAN_POINT('',(-0.1160296002388,-0.0559952922936209,0.0135885363246163));
#11256=CARTESIAN_POINT('',(-0.123824914264679,-0.0545789267571169,0.0136749211463109));
#11257=CARTESIAN_POINT('',(-0.131620228290558,-0.0545789267571169,0.0136749211463109));
#11258=CARTESIAN_POINT('',(-0.131620228290558,-0.0545789267571169,0.0136749211463109));
#11259=CARTESIAN_POINT('',(-0.123824914264679,-0.0545789267571169,0.0136749211463109));
#11260=CARTESIAN_POINT('',(-0.131620228290558,-0.0559952922936209,0.0135885363246163));
#11261=CARTESIAN_POINT('',(-0.131620228290558,-0.0574116578301249,0.0135021515029218));
#11262=CARTESIAN_POINT('',(-0.131620228290558,-0.0574116578301249,0.0135021515029218));
#11263=CARTESIAN_POINT('',(-0.131620228290558,-0.0559952922936209,0.0135885363246163));
#11264=CARTESIAN_POINT('',(-0.135690495371819,-0.0574116578301249,0.0135021515029218));
#11265=CARTESIAN_POINT('',(-0.139760762453079,-0.0574116578301249,0.0135021515029218));
#11266=CARTESIAN_POINT('',(-0.139760762453079,-0.0574116578301249,0.0135021515029218));
#11267=CARTESIAN_POINT('',(-0.135690495371819,-0.0574116578301249,0.0135021515029218));
#11268=CARTESIAN_POINT('',(-0.139760762453079,-0.0473389986300727,0.0141164878776505));
#11269=CARTESIAN_POINT('',(-0.139760762453079,-0.0372663394300206,0.0147308242523792));
#11270=CARTESIAN_POINT('',(-0.139760762453079,-0.0372663394300206,0.0147308242523792));
#11271=CARTESIAN_POINT('',(-0.139760762453079,-0.0473389986300727,0.0141164878776505));
#11272=CARTESIAN_POINT('',(-0.135690495371819,-0.0372663394300206,0.0147308242523792));
#11273=CARTESIAN_POINT('',(-0.131620228290558,-0.0372663394300206,0.0147308242523792));
#11274=CARTESIAN_POINT('',(-0.131620228290558,-0.0372663394300206,0.0147308242523792));
#11275=CARTESIAN_POINT('',(-0.135690495371819,-0.0372663394300206,0.0147308242523792));
#11276=CARTESIAN_POINT('',(-0.131620228290558,-0.0379374710674965,0.0146898916079857));
#11277=CARTESIAN_POINT('',(-0.131620228290558,-0.0386086027049724,0.0146489589635922));
#11278=CARTESIAN_POINT('',(-0.131620228290558,-0.0386086027049724,0.0146489589635922));
#11279=CARTESIAN_POINT('',(-0.131620228290558,-0.0379374710674965,0.0146898916079857));
#11280=CARTESIAN_POINT('',(-0.0560279352664948,-0.0272647336851232,0.0153408270423827));
#11281=CARTESIAN_POINT('',(-0.0560279352664948,-0.0352498957111954,0.0148538081337421));
#11282=CARTESIAN_POINT('',(-0.0560279352664948,-0.0352498957111954,0.0148538081337421));
#11283=CARTESIAN_POINT('',(-0.0560279352664948,-0.0272647336851232,0.0153408270423827));
#11284=CARTESIAN_POINT('',(-0.0560279352664948,-0.019279571659051,0.0158278459510234));
#11285=CARTESIAN_POINT('',(-0.0560279352664948,-0.019279571659051,0.0158278459510234));
#11286=CARTESIAN_POINT('',(-0.0640279352664948,-0.0352498957111954,0.0148538081337421));
#11287=CARTESIAN_POINT('',(-0.0720279352664948,-0.0352498957111954,0.0148538081337421));
#11288=CARTESIAN_POINT('',(-0.0720279352664948,-0.0352498957111954,0.0148538081337421));
#11289=CARTESIAN_POINT('',(-0.0640279352664948,-0.0352498957111954,0.0148538081337421));
#11290=CARTESIAN_POINT('',(-0.0720279352664948,-0.0272647336851232,0.0153408270423827));
#11291=CARTESIAN_POINT('',(-0.0720279352664948,-0.0192795716590509,0.0158278459510234));
#11292=CARTESIAN_POINT('',(-0.0720279352664948,-0.0192795716590509,0.0158278459510234));
#11293=CARTESIAN_POINT('',(-0.0720279352664948,-0.0272647336851232,0.0153408270423827));
#11294=CARTESIAN_POINT('',(0.13209833548665,0.0199647217665165,0.0182213744595357));
#11295=CARTESIAN_POINT('',(0.13209833548665,0.0207607181627227,0.018269922666184));
#11296=CARTESIAN_POINT('',(0.13209833548665,0.0207607181627227,0.018269922666184));
#11297=CARTESIAN_POINT('',(0.13209833548665,0.0199647217665165,0.0182213744595357));
#11298=CARTESIAN_POINT('',(0.13209833548665,0.0191687253703102,0.0181728262528873));
#11299=CARTESIAN_POINT('',(0.13209833548665,0.0191687253703102,0.0181728262528873));
#11300=CARTESIAN_POINT('',(0.136136717808246,0.0207607181627227,0.018269922666184));
#11301=CARTESIAN_POINT('',(0.140175100129843,0.0207607181627227,0.018269922666184));
#11302=CARTESIAN_POINT('',(0.140175100129843,0.0207607181627227,0.018269922666184));
#11303=CARTESIAN_POINT('',(0.136136717808246,0.0207607181627227,0.018269922666184));
#11304=CARTESIAN_POINT('',(0.140175100129843,0.0105618649572452,0.0176478896577992));
#11305=CARTESIAN_POINT('',(0.140175100129843,0.000363011751767809,0.0170258566494144));
#11306=CARTESIAN_POINT('',(0.140175100129843,0.000363011751767809,0.0170258566494144));
#11307=CARTESIAN_POINT('',(0.140175100129843,0.0105618649572452,0.0176478896577992));
#11308=CARTESIAN_POINT('',(0.136136717808246,0.000363011751767809,0.0170258566494144));
#11309=CARTESIAN_POINT('',(0.13209833548665,0.000363011751767796,0.0170258566494144));
#11310=CARTESIAN_POINT('',(0.13209833548665,0.000363011751767796,0.0170258566494144));
#11311=CARTESIAN_POINT('',(0.136136717808246,0.000363011751767809,0.0170258566494144));
#11312=CARTESIAN_POINT('',(0.13209833548665,0.00178070653496675,0.0171123225425102));
#11313=CARTESIAN_POINT('',(0.13209833548665,0.00319840131816571,0.017198788435606));
#11314=CARTESIAN_POINT('',(0.13209833548665,0.00319840131816571,0.017198788435606));
#11315=CARTESIAN_POINT('',(0.13209833548665,0.00178070653496675,0.0171123225425102));
#11316=CARTESIAN_POINT('',(0.124250141760707,0.00319840131816571,0.017198788435606));
#11317=CARTESIAN_POINT('',(0.116401948034763,0.0031984013181657,0.017198788435606));
#11318=CARTESIAN_POINT('',(0.116401948034763,0.0031984013181657,0.017198788435606));
#11319=CARTESIAN_POINT('',(0.124250141760707,0.00319840131816571,0.017198788435606));
#11320=CARTESIAN_POINT('',(0.116401948034763,0.00178070653496674,0.0171123225425102));
#11321=CARTESIAN_POINT('',(0.116401948034763,0.000363011751767796,0.0170258566494144));
#11322=CARTESIAN_POINT('',(0.116401948034763,0.000363011751767796,0.0170258566494144));
#11323=CARTESIAN_POINT('',(0.116401948034763,0.00178070653496674,0.0171123225425102));
#11324=CARTESIAN_POINT('',(0.112363565713167,0.000363011751767809,0.0170258566494144));
#11325=CARTESIAN_POINT('',(0.108325183391571,0.000363011751767809,0.0170258566494144));
#11326=CARTESIAN_POINT('',(0.108325183391571,0.000363011751767809,0.0170258566494144));
#11327=CARTESIAN_POINT('',(0.112363565713167,0.000363011751767809,0.0170258566494144));
#11328=CARTESIAN_POINT('',(0.108325183391571,0.0105013172947214,0.0176441968264669));
#11329=CARTESIAN_POINT('',(0.108325183391571,0.0206396228376749,0.0182625370035195));
#11330=CARTESIAN_POINT('',(0.108325183391571,0.0206396228376749,0.0182625370035195));
#11331=CARTESIAN_POINT('',(0.108325183391571,0.0105013172947214,0.0176441968264669));
#11332=CARTESIAN_POINT('',(0.112363565713167,0.0206396228376749,0.0182625370035195));
#11333=CARTESIAN_POINT('',(0.116401948034763,0.0206396228376749,0.0182625370035195));
#11334=CARTESIAN_POINT('',(0.116401948034763,0.0206396228376749,0.0182625370035195));
#11335=CARTESIAN_POINT('',(0.112363565713167,0.0206396228376749,0.0182625370035195));
#11336=CARTESIAN_POINT('',(0.116401948034763,0.0199041741039926,0.0182176816282034));
#11337=CARTESIAN_POINT('',(0.116401948034763,0.0191687253703102,0.0181728262528873));
#11338=CARTESIAN_POINT('',(0.116401948034763,0.0191687253703102,0.0181728262528873));
#11339=CARTESIAN_POINT('',(0.116401948034763,0.0199041741039926,0.0182176816282034));
#11340=CARTESIAN_POINT('',(-0.12481950302124,0.011183563344238,0.0176858073442467));
#11341=CARTESIAN_POINT('',(-0.12481950302124,0.011183563344238,0.0176858073442467));
#11342=CARTESIAN_POINT('',(-0.105468361258507,0.0111835633442379,0.0176858073442467));
#11343=CARTESIAN_POINT('',(-0.105468361258507,0.0111835633442379,0.0176858073442467));
#11344=CARTESIAN_POINT('',(-0.0861213566660881,0.0111835633442379,0.0176858073442467));
#11345=CARTESIAN_POINT('',(-0.0861213566660881,0.0111835633442379,0.0176858073442467));
#11346=CARTESIAN_POINT('',(-0.0670045042335987,0.0111835633442379,0.0176858073442467));
#11347=CARTESIAN_POINT('',(-0.0670045042335987,0.0111835633442379,0.0176858073442467));
#11348=CARTESIAN_POINT('',(-0.0476557822823525,0.0111835633442379,0.0176858073442467));
#11349=CARTESIAN_POINT('',(-0.0476557822823525,0.0111835633442379,0.0176858073442467));
#11350=CARTESIAN_POINT('',(-0.0282933140099049,0.011183563344238,0.0176858073442467));
#11351=CARTESIAN_POINT('',(-0.0282933140099049,0.011183563344238,0.0176858073442467));
#11352=CARTESIAN_POINT('',(-0.0091421610834077,0.0111835633442379,0.0176858073442467));
#11353=CARTESIAN_POINT('',(-0.0091421610834077,0.0111835633442379,0.0176858073442467));
#11354=CARTESIAN_POINT('',(0.0102530377060175,0.011183563344238,0.0176858073442467));
#11355=CARTESIAN_POINT('',(0.0102530377060175,0.011183563344238,0.0176858073442467));
#11356=CARTESIAN_POINT('',(0.0293527146875858,0.011183563344238,0.0176858073442467));
#11357=CARTESIAN_POINT('',(0.0293527146875858,0.011183563344238,0.0176858073442467));
#11358=CARTESIAN_POINT('',(0.0486525161266327,0.011183563344238,0.0176858073442467));
#11359=CARTESIAN_POINT('',(0.0486525161266327,0.011183563344238,0.0176858073442467));
#11360=CARTESIAN_POINT('',(0.0679715139865875,0.011183563344238,0.0176858073442467));
#11361=CARTESIAN_POINT('',(0.0679715139865875,0.011183563344238,0.0176858073442467));
#11362=CARTESIAN_POINT('',(0.087293901860714,0.011183563344238,0.0176858073442467));
#11363=CARTESIAN_POINT('',(0.087293901860714,0.011183563344238,0.0176858073442467));
#11364=CARTESIAN_POINT('',(-0.139107702851295,-0.00832858026751969,0.0164957522325269));
#11365=CARTESIAN_POINT('',(-0.139107702851295,-0.00832858026751969,0.0164957522325269));
#11366=CARTESIAN_POINT('',(-0.1149296002388,-0.00832858026751969,0.0164957522325269));
#11367=CARTESIAN_POINT('',(-0.1149296002388,-0.00832858026751969,0.0164957522325269));
#11368=CARTESIAN_POINT('',(-0.0954525606632233,-0.00832858026751967,0.0164957522325269));
#11369=CARTESIAN_POINT('',(-0.0954525606632233,-0.00832858026751967,0.0164957522325269));
#11370=CARTESIAN_POINT('',(-0.0761789070367813,-0.00832858026751967,0.0164957522325269));
#11371=CARTESIAN_POINT('',(-0.0761789070367813,-0.00832858026751967,0.0164957522325269));
#11372=CARTESIAN_POINT('',(-0.0567424768507481,-0.00832858026751968,0.0164957522325269));
#11373=CARTESIAN_POINT('',(-0.0567424768507481,-0.00832858026751968,0.0164957522325269));
#11374=CARTESIAN_POINT('',(-0.0372103849351406,-0.00832858026751968,0.0164957522325269));
#11375=CARTESIAN_POINT('',(-0.0372103849351406,-0.00832858026751968,0.0164957522325269));
#11376=CARTESIAN_POINT('',(-0.0177560798749327,-0.00832858026751968,0.0164957522325269));
#11377=CARTESIAN_POINT('',(-0.0177560798749327,-0.00832858026751968,0.0164957522325269));
#11378=CARTESIAN_POINT('',(0.00155819897353649,-0.00832858026751969,0.0164957522325269));
#11379=CARTESIAN_POINT('',(0.00155819897353649,-0.00832858026751969,0.0164957522325269));
#11380=CARTESIAN_POINT('',(0.0210017370134592,-0.00832858026751968,0.0164957522325269));
#11381=CARTESIAN_POINT('',(0.0210017370134592,-0.00832858026751968,0.0164957522325269));
#11382=CARTESIAN_POINT('',(0.0402996739447117,-0.00832858026751968,0.0164957522325269));
#11383=CARTESIAN_POINT('',(0.0402996739447117,-0.00832858026751968,0.0164957522325269));
#11384=CARTESIAN_POINT('',(0.0594515813589096,-0.00832858026751969,0.0164957522325269));
#11385=CARTESIAN_POINT('',(0.0594515813589096,-0.00832858026751969,0.0164957522325269));
#11386=CARTESIAN_POINT('',(0.0787341905832291,-0.00832858026751968,0.0164957522325269));
#11387=CARTESIAN_POINT('',(0.0787341905832291,-0.00832858026751968,0.0164957522325269));
#11388=CARTESIAN_POINT('',(0.0982733829021454,-0.00832858026751968,0.0164957522325269));
#11389=CARTESIAN_POINT('',(0.0982733829021454,-0.00832858026751968,0.0164957522325269));
#11390=CARTESIAN_POINT('',(0.122324706435204,-0.00832858026751969,0.0164957522325269));
#11391=CARTESIAN_POINT('',(0.122324706435204,-0.00832858026751969,0.0164957522325269));
#11392=CARTESIAN_POINT('',(-0.136664493560791,-0.0272647336851232,0.0153408270423827));
#11393=CARTESIAN_POINT('',(-0.136664493560791,-0.0272647336851232,0.0153408270423827));
#11394=CARTESIAN_POINT('',(-0.110621532976627,-0.0272647336851232,0.0153408270423827));
#11395=CARTESIAN_POINT('',(-0.110621532976627,-0.0272647336851232,0.0153408270423827));
#11396=CARTESIAN_POINT('',(-0.0913299532532692,-0.0272647336851232,0.0153408270423827));
#11397=CARTESIAN_POINT('',(-0.0913299532532692,-0.0272647336851232,0.0153408270423827));
#11398=CARTESIAN_POINT('',(-0.052885516166687,-0.0272647336851232,0.0153408270423827));
#11399=CARTESIAN_POINT('',(-0.052885516166687,-0.0272647336851232,0.0153408270423827));
#11400=CARTESIAN_POINT('',(-0.0337799942046404,-0.0272647336851232,0.0153408270423827));
#11401=CARTESIAN_POINT('',(-0.0337799942046404,-0.0272647336851232,0.0153408270423827));
#11402=CARTESIAN_POINT('',(-0.0144910864457488,-0.0272647336851232,0.0153408270423827));
#11403=CARTESIAN_POINT('',(-0.0144910864457488,-0.0272647336851232,0.0153408270423827));
#11404=CARTESIAN_POINT('',(0.00488518123328684,-0.0272647336851232,0.0153408270423827));
#11405=CARTESIAN_POINT('',(0.00488518123328684,-0.0272647336851232,0.0153408270423827));
#11406=CARTESIAN_POINT('',(0.0240171006023884,-0.0272647336851232,0.0153408270423827));
#11407=CARTESIAN_POINT('',(0.0240171006023884,-0.0272647336851232,0.0153408270423827));
#11408=CARTESIAN_POINT('',(0.0432195080518722,-0.0272647336851232,0.0153408270423827));
#11409=CARTESIAN_POINT('',(0.0432195080518722,-0.0272647336851232,0.0153408270423827));
#11410=CARTESIAN_POINT('',(0.0623911930322647,-0.0272647336851232,0.0153408270423827));
#11411=CARTESIAN_POINT('',(0.0623911930322647,-0.0272647336851232,0.0153408270423827));
#11412=CARTESIAN_POINT('',(0.0815992442965508,-0.0272647336851232,0.0153408270423827));
#11413=CARTESIAN_POINT('',(0.0815992442965508,-0.0272647336851232,0.0153408270423827));
#11414=CARTESIAN_POINT('',(-0.100934645712376,-0.0467327236381295,0.0141534648837461));
#11415=CARTESIAN_POINT('',(-0.100934645712376,-0.0467327236381295,0.0141534648837461));
#11416=CARTESIAN_POINT('',(-0.0816910477280617,-0.0467327236381295,0.0141534648837461));
#11417=CARTESIAN_POINT('',(-0.0816910477280617,-0.0467327236381295,0.0141534648837461));
#11418=CARTESIAN_POINT('',(-0.0624789806008339,-0.0467327236381295,0.0141534648837461));
#11419=CARTESIAN_POINT('',(-0.0624789806008339,-0.0467327236381295,0.0141534648837461));
#11420=CARTESIAN_POINT('',(-0.0433286191821098,-0.0467327236381295,0.0141534648837461));
#11421=CARTESIAN_POINT('',(-0.0433286191821098,-0.0467327236381295,0.0141534648837461));
#11422=CARTESIAN_POINT('',(-0.0241493625491857,-0.0467327236381295,0.0141534648837461));
#11423=CARTESIAN_POINT('',(-0.0241493625491857,-0.0467327236381295,0.0141534648837461));
#11424=CARTESIAN_POINT('',(-0.00497424797341229,-0.0467327236381295,0.0141534648837461));
#11425=CARTESIAN_POINT('',(-0.00497424797341229,-0.0467327236381295,0.0141534648837461));
#11426=CARTESIAN_POINT('',(0.014187190130353,-0.0467327236381295,0.0141534648837461));
#11427=CARTESIAN_POINT('',(0.014187190130353,-0.0467327236381295,0.0141534648837461));
#11428=CARTESIAN_POINT('',(0.0333842238485813,-0.0467327236381295,0.0141534648837461));
#11429=CARTESIAN_POINT('',(0.0333842238485813,-0.0467327236381295,0.0141534648837461));
#11430=CARTESIAN_POINT('',(0.0526396496295929,-0.0467327236381295,0.0141534648837461));
#11431=CARTESIAN_POINT('',(0.0526396496295929,-0.0467327236381295,0.0141534648837461));
#11432=CARTESIAN_POINT('',(0.0717537490725517,-0.0467327236381295,0.0141534648837461));
#11433=CARTESIAN_POINT('',(0.0717537490725517,-0.0467327236381295,0.0141534648837461));
#11434=CARTESIAN_POINT('',(-0.14140125977993,-0.0658530108308859,0.0129873092852613));
#11435=CARTESIAN_POINT('',(-0.14140125977993,-0.0658530108308859,0.0129873092852613));
#11436=CARTESIAN_POINT('',(-0.11758343744278,-0.0658530108308859,0.0129873092852613));
#11437=CARTESIAN_POINT('',(-0.11758343744278,-0.0658530108308859,0.0129873092852613));
#11438=CARTESIAN_POINT('',(-0.0937423469424248,-0.0658530108308859,0.0129873092852613));
#11439=CARTESIAN_POINT('',(-0.0937423469424248,-0.0658530108308859,0.0129873092852613));
#11440=CARTESIAN_POINT('',(-0.0641803108155728,-0.0768389075417466,0.0123172741113859));
#11441=CARTESIAN_POINT('',(-0.0641803108155728,-0.0768389075417466,0.0123172741113859));
#11442=CARTESIAN_POINT('',(0.0356651612281799,-0.0764078862122104,0.0123435623115284));
#11443=CARTESIAN_POINT('',(0.0356651612281799,-0.0764078862122104,0.0123435623115284));
#11444=CARTESIAN_POINT('',(-0.0223088493496179,-0.0658530108308859,0.0129873092852613));
#11445=CARTESIAN_POINT('',(-0.0223088493496179,-0.0658530108308859,0.0129873092852613));
#11446=CARTESIAN_POINT('',(0.0493167018592358,-0.0658530108308859,0.0129873092852613));
#11447=CARTESIAN_POINT('',(0.0493167018592358,-0.0658530108308859,0.0129873092852613));
#11448=CARTESIAN_POINT('',(0.073152468919754,-0.0658530108308859,0.0129873092852613));
#11449=CARTESIAN_POINT('',(0.073152468919754,-0.0658530108308859,0.0129873092852613));
#11450=CARTESIAN_POINT('',(0.0971609218120575,-0.0658530108308859,0.0129873092852613));
#11451=CARTESIAN_POINT('',(0.0971609218120575,-0.0658530108308859,0.0129873092852613));
#11452=CARTESIAN_POINT('',(0.120980159759521,-0.0658530108308859,0.0129873092852613));
#11453=CARTESIAN_POINT('',(0.120980159759521,-0.0658530108308859,0.0129873092852613));
#11454=CARTESIAN_POINT('',(0.145206458642415,0.0487251126053075,0.0199754846595107));
#11455=CARTESIAN_POINT('',(0.145206458642415,0.0487251126053075,0.0199754846595107));
#11456=CARTESIAN_POINT('',(0.120608373820782,-0.0192795716590509,0.0158278459510234));
#11457=CARTESIAN_POINT('',(0.120608373820782,-0.0192795716590509,0.0158278459510234));
#11458=CARTESIAN_POINT('',(-0.123824914264679,-0.0386086027049724,0.0146489589635922));
#11459=CARTESIAN_POINT('',(-0.123824914264679,-0.0386086027049724,0.0146489589635922));
#11460=CARTESIAN_POINT('',(-0.0640279352664948,-0.019279571659051,0.0158278459510234));
#11461=CARTESIAN_POINT('',(-0.0640279352664948,-0.019279571659051,0.0158278459510234));
#11462=CARTESIAN_POINT('',(0.124250141760707,0.0191687253703102,0.0181728262528873));
#11463=CARTESIAN_POINT('',(0.124250141760707,0.0191687253703102,0.0181728262528873));
#11464=CARTESIAN_POINT('',(-0.14386950302124,0.0112520481676847,0.017689984266877));
#11465=CARTESIAN_POINT('',(-0.14386950302124,0.0112520481676847,0.017689984266877));
#11466=CARTESIAN_POINT('',(0.,-0.000121754727160191,0.0169962905065181));
#11467=CARTESIAN_POINT('',(-0.135153183934623,0.0493773286545852,0.0200152636329968));
#11468=CARTESIAN_POINT('',(-0.129104037168537,0.0493773286545852,0.0200152636329968));
#11469=CARTESIAN_POINT('',(-0.14411,-0.0245852833909771,0.0155042480166537));
#11470=CARTESIAN_POINT('',(-0.14411,-0.0255834286442361,0.0154433706530736));
#11471=CARTESIAN_POINT('',(0.14411,-0.0245852833909771,0.0155042480166537));
#11472=CARTESIAN_POINT('',(0.14411,-0.0255834286442361,0.0154433706530736));
#11473=CARTESIAN_POINT('',(0.14411,-0.0246583362272732,0.0167020223205645));
#11474=CARTESIAN_POINT('',(-0.14411,-0.0246583362272732,0.0167020223205645));
#11475=CARTESIAN_POINT('',(-0.14396736,-0.0749943027172564,0.0144334938415958));
#11476=CARTESIAN_POINT('',(-0.14396736,-0.0748116706265161,0.0114390580818187));
#11477=CARTESIAN_POINT('',(-0.14396736,0.0745072838086157,0.0235516681844765));
#11478=CARTESIAN_POINT('',(-0.14396736,0.0746899158993559,0.0205572324246994));
#11479=CARTESIAN_POINT('',(0.14396736,0.0745072838086157,0.0235516681844765));
#11480=CARTESIAN_POINT('',(0.14396736,0.0746899158993559,0.0205572324246994));
#11481=CARTESIAN_POINT('',(0.14396736,-0.0749943027172564,0.0144334938415958));
#11482=CARTESIAN_POINT('',(0.14396736,-0.0748116706265161,0.0114390580818187));
#11483=CARTESIAN_POINT('',(0.,0.0789246868766428,0.0208155131625188));
#11484=CARTESIAN_POINT('',(-0.137620234915348,0.0819191226364199,0.020998145253259));
#11485=CARTESIAN_POINT('',(-0.137217046824704,0.081857399683382,0.0220101547912687));
#11486=CARTESIAN_POINT('',(-0.136244548084955,0.0812821314800126,0.0226708985516072));
#11487=CARTESIAN_POINT('',(-0.135153183934623,0.0812821314800126,0.0226708985516072));
#11488=CARTESIAN_POINT('',(-0.135153183934623,0.0812821314800126,0.0226708985516072));
#11489=CARTESIAN_POINT('',(-0.14396736,0.0789246868766428,0.0208155131625188));
#11490=CARTESIAN_POINT('',(0.14396736,0.0789246868766428,0.0208155131625188));
#11491=CARTESIAN_POINT('',(-0.129104037168537,0.0812821314800126,0.0226708985516072));
#11492=CARTESIAN_POINT('',(-0.128012853588049,0.0812821314800126,0.0226708985516072));
#11493=CARTESIAN_POINT('',(-0.127039995056663,0.0818574271199523,0.0220097049412626));
#11494=CARTESIAN_POINT('',(-0.126636986187813,0.0819191226364199,0.020998145253259));
#11495=CARTESIAN_POINT('',(-0.129104037168537,0.0812821314800126,0.0226708985516072));
#11496=CARTESIAN_POINT('',(0.,0.0812821314800126,0.0226708985516072));
#11497=CARTESIAN_POINT('',(-0.14396736,0.0746899158993559,0.0205572324246994));
#11498=CARTESIAN_POINT('',(-0.14821,0.0746899158993559,0.0205572324246994));
#11499=CARTESIAN_POINT('',(0.14396736,0.0746899158993559,0.0205572324246994));
#11500=CARTESIAN_POINT('',(0.14821,0.0746899158993559,0.0205572324246994));
#11501=CARTESIAN_POINT('',(-0.14821,-6.08773635801083E-5,0.0159981452532591));
#11502=CARTESIAN_POINT('',(-0.14821,-0.0748116706265161,0.0114390580818187));
#11503=CARTESIAN_POINT('',(0.14821,-6.08773635801083E-5,0.0159981452532591));
#11504=CARTESIAN_POINT('',(0.14821,-0.0748116706265161,0.0114390580818187));
#11505=CARTESIAN_POINT('',(-0.14396736,-0.0748116706265161,0.0114390580818187));
#11506=CARTESIAN_POINT('',(-0.14396736,-0.079046441603803,0.0111807773439993));
#11507=CARTESIAN_POINT('',(0.14396736,-0.0748116706265161,0.0114390580818187));
#11508=CARTESIAN_POINT('',(0.14396736,-0.079046441603803,0.0111807773439993));
#11509=CARTESIAN_POINT('',(0.,-0.079046441603803,0.0111807773439993));
#11510=CARTESIAN_POINT('',(-0.126448402249927,0.0715082976257234,0.018894901665856));
#11511=CARTESIAN_POINT('',(-0.126448402249927,0.0715082976257234,0.0200152636329968));
#11512=CARTESIAN_POINT('',(-0.137808818853234,0.0715082976257234,0.018894901665856));
#11513=CARTESIAN_POINT('',(-0.137808818853234,0.0715082976257234,0.0200152636329968));
#11514=CARTESIAN_POINT('',(-0.135153183934623,0.0715082976257234,0.0200152636329968));
#11515=CARTESIAN_POINT('',(-0.135153183934623,0.0715082976257234,0.0226708985516072));
#11516=CARTESIAN_POINT('',(-0.13212861055158,0.0715082976257234,0.0226708985516072));
#11517=CARTESIAN_POINT('',(-0.129104037168537,0.0715082976257234,0.0226708985516072));
#11518=CARTESIAN_POINT('',(-0.129104037168537,0.0715082976257234,0.0200152636329968));
#11519=CARTESIAN_POINT('',(0.,0.,0.));
#11520=CARTESIAN_POINT('',(-0.151212,-1.38777878078145E-17,0.015));
#11521=CARTESIAN_POINT('',(-0.126448402249927,-1.38777878078145E-17,0.015));
#11522=CARTESIAN_POINT('',(-0.126448402249927,0.07698,0.0196950475725787));
#11523=CARTESIAN_POINT('',(-0.126448402249927,0.08198,0.02));
#11524=CARTESIAN_POINT('',(0.,0.07698,0.0196950475725787));
#11525=CARTESIAN_POINT('',(0.14621,0.07698,0.0196950475725787));
#11526=CARTESIAN_POINT('',(0.14621,0.000303822257441904,0.0150185302669823));
#11527=CARTESIAN_POINT('',(0.14621,-0.07698,0.0103049524274213));
#11528=CARTESIAN_POINT('',(0.,-0.07698,0.0103049524274213));
#11529=CARTESIAN_POINT('',(-0.14621,-0.07698,0.0103049524274213));
#11530=CARTESIAN_POINT('',(-0.14621,0.000303822257441918,0.0150185302669823));
#11531=CARTESIAN_POINT('',(-0.14621,0.07698,0.0196950475725786));
#11532=CARTESIAN_POINT('',(0.,0.07698,0.0196950475725787));
#11533=CARTESIAN_POINT('',(-0.137808818853234,0.07698,0.0196950475725787));
#11534=CARTESIAN_POINT('',(-0.137808818853234,-1.38777878078145E-17,0.015));
#11535=CARTESIAN_POINT('',(-0.137808818853234,0.08198,0.02));
#11536=CARTESIAN_POINT('',(0.,0.08198,0.02));
#11537=CARTESIAN_POINT('',(-0.14396736,0.08198,0.02));
#11538=CARTESIAN_POINT('',(-0.14396736,0.07473736,0.0195582678702123));
#11539=CARTESIAN_POINT('',(-0.15121,0.07473736,0.0195582678702123));
#11540=CARTESIAN_POINT('',(-0.15121,-1.38777878078145E-17,0.015));
#11541=CARTESIAN_POINT('',(-0.15121,-0.07473736,0.0104417321297877));
#11542=CARTESIAN_POINT('',(-0.14396736,-0.07473736,0.0104417321297877));
#11543=CARTESIAN_POINT('',(-0.14396736,-0.08198,0.01));
#11544=CARTESIAN_POINT('',(-0.151212,-0.08198,0.01));
#11545=CARTESIAN_POINT('',(0.14396736,-0.08198,0.01));
#11546=CARTESIAN_POINT('',(0.14396736,-0.07473736,0.0104417321297877));
#11547=CARTESIAN_POINT('',(0.15121,-0.07473736,0.0104417321297877));
#11548=CARTESIAN_POINT('',(0.15121,-1.38777878078145E-17,0.015));
#11549=CARTESIAN_POINT('',(0.15121,0.07473736,0.0195582678702123));
#11550=CARTESIAN_POINT('',(0.14396736,0.07473736,0.0195582678702123));
#11551=CARTESIAN_POINT('',(0.14396736,0.08198,0.02));
#11552=CARTESIAN_POINT('',(0.,0.08198,0.02));
#11553=CARTESIAN_POINT('',(0.,0.07698,0.02));
#11554=CARTESIAN_POINT('',(-0.126448402249927,0.07698,0.02));
#11555=CARTESIAN_POINT('',(-0.126448402249927,0.07698,0.0177745396987153));
#11556=CARTESIAN_POINT('',(-0.129104037168537,0.07698,0.0177745396987153));
#11557=CARTESIAN_POINT('',(-0.129104037168537,0.07698,0.0151189047801048));
#11558=CARTESIAN_POINT('',(0.,0.07698,0.0151189047801048));
#11559=CARTESIAN_POINT('',(-0.135153183934623,0.07698,0.0151189047801049));
#11560=CARTESIAN_POINT('',(-0.135153183934623,0.07698,0.0177745396987153));
#11561=CARTESIAN_POINT('',(-0.137808818853234,0.07698,0.0177745396987153));
#11562=CARTESIAN_POINT('',(-0.137808818853234,0.07698,0.02));
#11563=CARTESIAN_POINT('',(-0.14621,0.07698,0.02));
#11564=CARTESIAN_POINT('',(-0.14621,0.07698,0.013683898413266));
#11565=CARTESIAN_POINT('',(0.,0.07698,0.013683898413266));
#11566=CARTESIAN_POINT('',(0.14621,0.07698,0.013683898413266));
#11567=CARTESIAN_POINT('',(0.14621,0.07698,0.02));
#11568=CARTESIAN_POINT('',(-0.15121,0.,0.02));
#11569=CARTESIAN_POINT('',(-0.15121,0.,0.));
#11570=CARTESIAN_POINT('',(-0.15121,0.07473736,0.));
#11571=CARTESIAN_POINT('',(-0.15121,-0.07473736,0.));
#11572=CARTESIAN_POINT('',(-0.15121,-0.07473736,0.01));
#11573=CARTESIAN_POINT('',(-0.15121,0.07473736,0.02));
#11574=CARTESIAN_POINT('',(0.,0.,0.));
#11575=CARTESIAN_POINT('',(-0.14411,-0.0236396717773729,0.));
#11576=CARTESIAN_POINT('',(-0.14411,-0.0226378135841542,0.));
#11577=CARTESIAN_POINT('',(0.14411,-0.0236396717773729,0.));
#11578=CARTESIAN_POINT('',(0.14411,-0.0226378135841542,0.));
#11579=CARTESIAN_POINT('',(0.,-0.08198,0.));
#11580=CARTESIAN_POINT('',(0.14396736,-0.08198,0.));
#11581=CARTESIAN_POINT('',(-0.14396736,-0.08198,0.));
#11582=CARTESIAN_POINT('',(-0.14396736,-0.07473736,0.));
#11583=CARTESIAN_POINT('',(-0.14396736,0.07473736,0.));
#11584=CARTESIAN_POINT('',(-0.14396736,0.08198,0.));
#11585=CARTESIAN_POINT('',(0.,0.08198,0.));
#11586=CARTESIAN_POINT('',(0.14396736,0.08198,0.));
#11587=CARTESIAN_POINT('',(0.14396736,0.07473736,0.));
#11588=CARTESIAN_POINT('',(0.15121,0.07473736,0.));
#11589=CARTESIAN_POINT('',(0.15121,-1.38777878078145E-17,0.));
#11590=CARTESIAN_POINT('',(0.15121,-0.07473736,0.));
#11591=CARTESIAN_POINT('',(0.14396736,-0.07473736,0.));
#11592=CARTESIAN_POINT('',(0.,0.08198,0.02));
#11593=CARTESIAN_POINT('',(-0.129104037168537,0.08198,0.0177745396987153));
#11594=CARTESIAN_POINT('',(-0.126448402249927,0.08198,0.0177745396987153));
#11595=CARTESIAN_POINT('',(-0.129104037168537,0.08198,0.0151189047801048));
#11596=CARTESIAN_POINT('',(-0.126448402249927,0.08198,0.018894901665856));
#11597=CARTESIAN_POINT('',(0.14396736,0.08198,0.));
#11598=CARTESIAN_POINT('',(-0.14396736,0.08198,0.02));
#11599=CARTESIAN_POINT('',(-0.137808818853234,0.08198,0.018894901665856));
#11600=CARTESIAN_POINT('',(-0.137808818853234,0.08198,0.0177745396987153));
#11601=CARTESIAN_POINT('',(-0.135153183934623,0.08198,0.0177745396987153));
#11602=CARTESIAN_POINT('',(-0.135153183934623,0.08198,0.0151189047801049));
#11603=CARTESIAN_POINT('',(-0.13212861055158,0.08198,0.0151189047801048));
#11604=CARTESIAN_POINT('',(0.,-0.08198,0.02));
#11605=CARTESIAN_POINT('',(-0.14396736,-0.08198,0.));
#11606=CARTESIAN_POINT('',(0.14396736,-0.08198,0.02));
#11607=CARTESIAN_POINT('',(0.15121,-1.38777878078145E-17,0.02));
#11608=CARTESIAN_POINT('',(0.15121,0.07473736,0.02));
#11609=CARTESIAN_POINT('',(0.15121,-0.07473736,0.02));
#11610=CARTESIAN_POINT('',(0.,-0.07698,0.02));
#11611=CARTESIAN_POINT('',(0.14621,-0.07698,0.02));
#11612=CARTESIAN_POINT('',(0.14621,-0.07698,0.00429380326810863));
#11613=CARTESIAN_POINT('',(0.,-0.07698,0.00429380326810863));
#11614=CARTESIAN_POINT('',(-0.14621,-0.07698,0.00429380326810863));
#11615=CARTESIAN_POINT('',(-0.14621,-0.07698,0.02));
#11616=CARTESIAN_POINT('',(-0.14621,0.,0.02));
#11617=CARTESIAN_POINT('',(-0.14621,0.000669086438922413,0.00902965874742812));
#11618=CARTESIAN_POINT('',(0.14621,-1.38777878078145E-17,0.02));
#11619=CARTESIAN_POINT('',(0.14621,0.000669086438922399,0.00902965874742811));
#11620=CARTESIAN_POINT('',(0.,-0.00054620259084526,0.00895553767949889));
#11621=CARTESIAN_POINT('',(-0.14411,-0.0240982644823364,0.0075190859905814));
#11622=CARTESIAN_POINT('',(-0.14411,-0.0250964097355955,0.00745820862700132));
#11623=CARTESIAN_POINT('',(0.14411,-0.0240982644823364,0.0075190859905814));
#11624=CARTESIAN_POINT('',(0.14411,-0.0250964097355955,0.00745820862700132));
#11625=CARTESIAN_POINT('',(0.140259009838104,-0.00054620259084523,0.00895553767949889));
#11626=CARTESIAN_POINT('',(0.140259009838104,0.0720766587687177,0.0133848412510751));
#11627=CARTESIAN_POINT('',(0.140259009838104,-0.0731690639504082,0.00452623410792272));
#11628=CARTESIAN_POINT('',(0.,-0.0731690639504081,0.00452623410792272));
#11629=CARTESIAN_POINT('',(-0.140259009838104,-0.0731690639504082,0.00452623410792272));
#11630=CARTESIAN_POINT('',(-0.140259009838104,-0.000546202590845257,0.00895553767949889));
#11631=CARTESIAN_POINT('',(-0.140259009838104,0.0720766587687176,0.013384841251075));
#11632=CARTESIAN_POINT('',(0.,0.0720766587687176,0.013384841251075));
#11633=CARTESIAN_POINT('',(0.140259009838104,-0.000363570500104982,0.00596110191972179));
#11634=CARTESIAN_POINT('',(0.140259009838104,-0.000363570500104982,0.00596110191972179));
#11635=CARTESIAN_POINT('',(0.140259009838104,0.0722592908594579,0.010390405491298));
#11636=CARTESIAN_POINT('',(0.140259009838104,-0.0489137975758635,0.003));
#11637=CARTESIAN_POINT('',(0.140259009838104,0.,0.003));
#11638=CARTESIAN_POINT('',(0.140259009838104,-0.0730759781912033,0.003));
#11639=CARTESIAN_POINT('',(0.140259009838104,-0.0729864318596679,0.00153179834814562));
#11640=CARTESIAN_POINT('',(0.140259009838104,0.0722592908594579,0.010390405491298));
#11641=CARTESIAN_POINT('',(0.,-0.0729864318596678,0.00153179834814562));
#11642=CARTESIAN_POINT('',(0.,-0.0730759781912032,0.003));
#11643=CARTESIAN_POINT('',(-0.140259009838104,-0.0730759781912032,0.003));
#11644=CARTESIAN_POINT('',(-0.140259009838104,-0.0729864318596679,0.00153179834814562));
#11645=CARTESIAN_POINT('',(-0.140259009838104,-0.00036357050010501,0.00596110191972179));
#11646=CARTESIAN_POINT('',(-0.140259009838104,0.,0.003));
#11647=CARTESIAN_POINT('',(-0.140259009838104,-0.0489137975758635,0.003));
#11648=CARTESIAN_POINT('',(-0.140259009838104,-0.00036357050010501,0.00596110191972179));
#11649=CARTESIAN_POINT('',(-0.140259009838104,0.0722592908594578,0.010390405491298));
#11650=CARTESIAN_POINT('',(-0.140259009838104,0.0722592908594578,0.010390405491298));
#11651=CARTESIAN_POINT('',(0.,0.0722592908594578,0.010390405491298));
#11652=CARTESIAN_POINT('',(0.,0.0722592908594578,0.010390405491298));
#11653=CARTESIAN_POINT('',(0.,-0.000363570500105013,0.00596110191972179));
#11654=CARTESIAN_POINT('',(-0.14411,-0.0239156323915962,0.0045246502308043));
#11655=CARTESIAN_POINT('',(-0.14411,-0.0249137776448552,0.00446377286722422));
#11656=CARTESIAN_POINT('',(0.14411,-0.0239156323915962,0.0045246502308043));
#11657=CARTESIAN_POINT('',(0.14411,-0.0249137776448552,0.00446377286722422));
#11658=CARTESIAN_POINT('',(0.,-0.0489137975758635,0.003));
#11659=CARTESIAN_POINT('',(-0.14621,-0.0489137975758636,0.003));
#11660=CARTESIAN_POINT('',(-0.14621,0.00085171852966266,0.00603522298765102));
#11661=CARTESIAN_POINT('',(-0.14621,0.07698,0.0106783238336096));
#11662=CARTESIAN_POINT('',(0.,0.07698,0.0106783238336096));
#11663=CARTESIAN_POINT('',(0.14621,0.07698,0.0106783238336096));
#11664=CARTESIAN_POINT('',(0.14621,0.000851718529662647,0.00603522298765102));
#11665=CARTESIAN_POINT('',(0.14621,-0.0489137975758635,0.003));
#11666=CARTESIAN_POINT('',(0.,-0.0489137975758635,0.003));
#11667=CARTESIAN_POINT('',(0.14621,-1.38777878078145E-17,0.02));
#11668=CARTESIAN_POINT('',(0.14621,0.07698,0.02));
#11669=CARTESIAN_POINT('',(0.14621,0.07698,0.003));
#11670=CARTESIAN_POINT('',(0.14621,-1.38777878078145E-17,0.003));
#11671=CARTESIAN_POINT('',(0.,0.07698,0.02));
#11672=CARTESIAN_POINT('',(-0.14621,0.07698,0.02));
#11673=CARTESIAN_POINT('',(-0.14621,0.07698,0.003));
#11674=CARTESIAN_POINT('',(0.,0.07698,0.003));
#11675=CARTESIAN_POINT('',(-0.14621,0.,0.02));
#11676=CARTESIAN_POINT('',(-0.14621,0.,0.003));
#11677=CARTESIAN_POINT('',(0.,0.,0.003));
#11678=CARTESIAN_POINT('',(-0.14411,-0.0238226432338258,0.003));
#11679=CARTESIAN_POINT('',(-0.14411,-0.022820785040607,0.003));
#11680=CARTESIAN_POINT('',(0.14411,-0.0238226432338258,0.003));
#11681=CARTESIAN_POINT('',(0.14411,-0.022820785040607,0.003));
#11682=CARTESIAN_POINT('',(0.14411,-0.0246583362272732,0.0167020223205645));
#11683=CARTESIAN_POINT('',(-0.14411,-0.0246583362272732,0.0167020223205645));
#11684=CARTESIAN_POINT('',(0.14411,-0.0246583362272732,0.0167020223205645));
#11685=CARTESIAN_POINT('',(-0.14411,-0.0246583362272732,0.0167020223205645));
#11686=CARTESIAN_POINT('',(-0.14396736,-0.07473736,0.02));
#11687=CARTESIAN_POINT('',(-0.14396736,0.07473736,0.02));
#11688=CARTESIAN_POINT('',(0.14396736,0.07473736,0.02));
#11689=CARTESIAN_POINT('',(0.14396736,-0.07473736,0.02));
#11690=CARTESIAN_POINT('',(-0.126448402249927,0.0715082976257234,0.018894901665856));
#11691=CARTESIAN_POINT('',(-0.126448402249927,0.0715082976257234,0.0177745396987153));
#11692=CARTESIAN_POINT('',(-0.137808818853234,0.0715082976257234,0.018894901665856));
#11693=CARTESIAN_POINT('',(-0.137808818853234,0.0715082976257234,0.0177745396987153));
#11694=CARTESIAN_POINT('',(-0.135153183934623,0.0715082976257234,0.0177745396987153));
#11695=CARTESIAN_POINT('',(-0.135153183934623,0.0715082976257234,0.0151189047801049));
#11696=CARTESIAN_POINT('',(-0.13212861055158,0.0715082976257234,0.0151189047801048));
#11697=CARTESIAN_POINT('',(-0.129104037168537,0.0715082976257234,0.0151189047801048));
#11698=CARTESIAN_POINT('',(-0.129104037168537,0.0715082976257234,0.0177745396987153));
#11699=MECHANICAL_DESIGN_GEOMETRIC_PRESENTATION_REPRESENTATION('',(#7425),
#11701);
#11700=MECHANICAL_DESIGN_GEOMETRIC_PRESENTATION_REPRESENTATION('',(#7426),
#11702);
#11701=(
GEOMETRIC_REPRESENTATION_CONTEXT(3)
GLOBAL_UNCERTAINTY_ASSIGNED_CONTEXT((#11703))
GLOBAL_UNIT_ASSIGNED_CONTEXT((#11709,#11707,#11705))
REPRESENTATION_CONTEXT('Part 2','TOP_LEVEL_ASSEMBLY_PART')
);
#11702=(
GEOMETRIC_REPRESENTATION_CONTEXT(3)
GLOBAL_UNCERTAINTY_ASSIGNED_CONTEXT((#11704))
GLOBAL_UNIT_ASSIGNED_CONTEXT((#11710,#11708,#11706))
REPRESENTATION_CONTEXT('Part 1','TOP_LEVEL_ASSEMBLY_PART')
);
#11703=UNCERTAINTY_MEASURE_WITH_UNIT(LENGTH_MEASURE(2.E-5),#11709,
'DISTANCE_ACCURACY_VALUE','Maximum Tolerance applied to model');
#11704=UNCERTAINTY_MEASURE_WITH_UNIT(LENGTH_MEASURE(1.E-8),#11710,
'DISTANCE_ACCURACY_VALUE','Maximum Tolerance applied to model');
#11705=(
NAMED_UNIT(*)
SI_UNIT($,.STERADIAN.)
SOLID_ANGLE_UNIT()
);
#11706=(
NAMED_UNIT(*)
SI_UNIT($,.STERADIAN.)
SOLID_ANGLE_UNIT()
);
#11707=(
NAMED_UNIT(*)
PLANE_ANGLE_UNIT()
SI_UNIT($,.RADIAN.)
);
#11708=(
NAMED_UNIT(*)
PLANE_ANGLE_UNIT()
SI_UNIT($,.RADIAN.)
);
#11709=(
LENGTH_UNIT()
NAMED_UNIT(*)
SI_UNIT($,.METRE.)
);
#11710=(
LENGTH_UNIT()
NAMED_UNIT(*)
SI_UNIT($,.METRE.)
);
#11711=PRODUCT_DEFINITION_SHAPE('','',#11713);
#11712=PRODUCT_DEFINITION_SHAPE('','',#11714);
#11713=PRODUCT_DEFINITION('','',#11717,#11715);
#11714=PRODUCT_DEFINITION('','',#11718,#11716);
#11715=PRODUCT_DEFINITION_CONTEXT('',#11729,'design');
#11716=PRODUCT_DEFINITION_CONTEXT('',#11730,'design');
#11717=PRODUCT_DEFINITION_FORMATION_WITH_SPECIFIED_SOURCE('','',#11721,
 .NOT_KNOWN.);
#11718=PRODUCT_DEFINITION_FORMATION_WITH_SPECIFIED_SOURCE('','',#11722,
 .NOT_KNOWN.);
#11719=PRODUCT_RELATED_PRODUCT_CATEGORY('','',(#11721));
#11720=PRODUCT_RELATED_PRODUCT_CATEGORY('','',(#11722));
#11721=PRODUCT('Part 2','Part 2','Part 2',(#11725));
#11722=PRODUCT('Part 1','Part 1','Part 1',(#11726));
#11723=PRODUCT_CATEGORY('','');
#11724=PRODUCT_CATEGORY('','');
#11725=PRODUCT_CONTEXT('',#11729,'mechanical');
#11726=PRODUCT_CONTEXT('',#11730,'mechanical');
#11727=APPLICATION_PROTOCOL_DEFINITION('international standard',
'ap242_managed_model_based_3d_engineering',2020,#11729);
#11728=APPLICATION_PROTOCOL_DEFINITION('international standard',
'ap242_managed_model_based_3d_engineering',2020,#11730);
#11729=APPLICATION_CONTEXT('managed model based 3d engineering');
#11730=APPLICATION_CONTEXT('managed model based 3d engineering');
ENDSEC;
END-ISO-10303-21;
